frame,input.Throttle,input.bHoldingBoost,input.bActivateBoost,car.Location.X,car.Location.Y,car.Location.Z,car.LinearVelocity.X,car.LinearVelocity.Y,car.LinearVelocity.Z,car.Quaternion.X,car.Quaternion.Y,car.Quaternion.Z,car.Quaternion.W,car.AngularVelocity.X,car.AngularVelocity.Y,car.AngularVelocity.Z
0,0.000000,False,False,-2000.000000,-4499.659668,17.049999,0.000000,-0.011000,0.271000,-0.005948,0.005948,0.707089,0.707074,0.000510,0.000000,0.000000
1,0.000000,False,False,-2000.000000,-4499.659668,17.049999,0.000000,0.000000,0.271000,-0.005948,0.005948,0.707089,0.707074,0.000510,0.000000,0.000000
2,0.000000,False,False,-2000.000000,-4499.659668,17.049999,0.000000,-0.011000,0.271000,-0.005948,0.005948,0.707089,0.707074,0.000510,0.000000,0.000000
3,0.000000,False,False,-2000.000000,-4499.659668,17.049999,0.000000,0.000000,0.271000,-0.005948,0.005948,0.707089,0.707074,0.000510,0.000000,0.000000
4,1.000000,True,True,-2000.000000,-4499.479980,17.049999,0.000000,21.591000,0.131000,-0.005942,0.005942,0.707089,0.707074,0.001610,0.000000,0.000000
5,1.000000,True,True,-2000.000000,-4499.120117,17.049999,0.000000,43.000999,0.031000,-0.005937,0.005937,0.707089,0.707074,0.002210,0.000000,0.000000
6,1.000000,True,True,-2000.000000,-4498.580078,17.049999,0.000000,64.221001,-0.031000,-0.005932,0.005932,0.707089,0.707074,0.002610,0.000000,0.000000
7,1.000000,True,True,-2000.000000,-4497.870117,17.049999,0.000000,85.260994,-0.071000,-0.005921,0.005921,0.707090,0.707074,0.002810,0.000000,0.000000
8,1.000000,True,True,-2000.000000,-4496.989746,17.049999,0.000000,106.120995,-0.101000,-0.005910,0.005910,0.707090,0.707074,0.002910,0.000000,0.000000
9,1.000000,True,True,-2000.000000,-4495.929688,17.049999,0.000000,126.800995,-0.131000,-0.005899,0.005899,0.707090,0.707074,0.002810,0.000000,0.000000
10,1.000000,True,True,-2000.000000,-4494.699707,17.049999,0.000000,147.311005,-0.151000,-0.005894,0.005894,0.707090,0.707074,0.002710,0.000000,0.000000
11,1.000000,True,True,-2000.000000,-4493.299805,17.049999,0.000000,167.641006,-0.161000,-0.005888,0.005888,0.707090,0.707074,0.002510,0.000000,0.000000
12,1.000000,True,True,-2000.000000,-4491.729980,17.049999,0.000000,187.801010,-0.171000,-0.005883,0.005883,0.707090,0.707074,0.002310,0.000000,0.000000
13,1.000000,True,True,-2000.000000,-4490.000000,17.049999,0.000000,207.781006,-0.181000,-0.005878,0.005878,0.707090,0.707074,0.002010,0.000000,0.000000
14,1.000000,True,True,-2000.000000,-4488.100098,17.049999,0.000000,227.591003,-0.191000,-0.005872,0.005872,0.707090,0.707074,0.001710,0.000000,0.000000
15,1.000000,True,True,-2000.000000,-4486.040039,17.049999,0.000000,247.231003,-0.191000,-0.005867,0.005867,0.707090,0.707074,0.001410,0.000000,0.000000
16,1.000000,True,True,-2000.000000,-4483.819824,17.049999,0.000000,266.700989,-0.191000,-0.005861,0.005861,0.707091,0.707074,0.001110,0.000000,0.000000
17,1.000000,True,True,-2000.000000,-4481.439941,17.049999,0.000000,286.010986,-0.191000,-0.005861,0.005861,0.707091,0.707074,0.000810,0.000000,0.000000
18,1.000000,True,True,-2000.000000,-4478.899902,17.049999,0.000000,305.151001,-0.191000,-0.005861,0.005861,0.707091,0.707074,0.000510,0.000000,0.000000
19,1.000000,True,True,-2000.000000,-4476.199707,17.049999,0.000000,324.131012,-0.191000,-0.005861,0.005861,0.707091,0.707074,0.000310,0.000000,0.000000
20,1.000000,True,True,-2000.000000,-4473.339844,17.049999,0.000000,342.941010,-0.191000,-0.005861,0.005861,0.707091,0.707074,0.000110,0.000000,0.000000
21,1.000000,True,True,-2000.000000,-4470.330078,17.049999,0.000000,361.591003,-0.191000,-0.005861,0.005861,0.707091,0.707074,0.000000,0.000000,0.000000
22,1.000000,True,True,-2000.000000,-4467.159668,17.049999,0.000000,380.080994,-0.191000,-0.005861,0.005861,0.707091,0.707074,0.000000,0.000000,0.000000
23,1.000000,True,True,-2000.000000,-4463.839844,17.049999,0.000000,398.411011,-0.191000,-0.005861,0.005861,0.707091,0.707074,-0.000110,0.000000,0.000000
24,1.000000,True,True,-2000.000000,-4460.370117,17.049999,0.000000,416.591003,-0.191000,-0.005861,0.005861,0.707091,0.707074,-0.000210,0.000000,0.000000
25,1.000000,True,True,-2000.000000,-4456.750000,17.049999,0.000000,434.610992,-0.191000,-0.005861,0.005861,0.707091,0.707074,-0.000210,0.000000,0.000000
26,1.000000,True,True,-2000.000000,-4452.979980,17.049999,0.000000,452.480988,-0.191000,-0.005861,0.005861,0.707091,0.707074,-0.000310,0.000000,0.000000
27,1.000000,True,True,-2000.000000,-4449.060059,17.049999,0.000000,470.191010,-0.191000,-0.005861,0.005861,0.707091,0.707074,-0.000310,0.000000,0.000000
28,1.000000,True,True,-2000.000000,-4445.000000,17.049999,0.000000,487.751007,-0.191000,-0.005861,0.005861,0.707091,0.707074,-0.000410,0.000000,0.000000
29,1.000000,True,True,-2000.000000,-4440.790039,17.049999,0.000000,505.161011,-0.191000,-0.005861,0.005861,0.707091,0.707074,-0.000410,0.000000,0.000000
30,1.000000,True,True,-2000.000000,-4436.439941,17.049999,0.000000,522.420959,-0.191000,-0.005861,0.005861,0.707091,0.707074,-0.000510,0.000000,0.000000
31,1.000000,True,True,-2000.000000,-4431.939941,17.049999,0.000000,539.530945,-0.191000,-0.005861,0.005861,0.707091,0.707074,-0.000610,0.000000,0.000000
32,1.000000,True,True,-2000.000000,-4427.299805,17.049999,0.000000,556.500977,-0.191000,-0.005861,0.005861,0.707091,0.707074,-0.000610,0.000000,0.000000
33,1.000000,True,True,-2000.000000,-4422.520020,17.049999,0.000000,573.320984,-0.191000,-0.005861,0.005861,0.707091,0.707074,-0.000710,0.000000,0.000000
34,1.000000,True,True,-2000.000000,-4417.600098,17.049999,0.000000,590.000977,-0.191000,-0.005861,0.005861,0.707091,0.707074,-0.000710,0.000000,0.000000
35,1.000000,True,True,-2000.000000,-4412.549805,17.049999,0.000000,606.540955,-0.191000,-0.005861,0.005861,0.707091,0.707074,-0.000810,0.000000,0.000000
36,1.000000,True,True,-2000.000000,-4407.359863,17.049999,0.000000,622.930969,-0.191000,-0.005861,0.005861,0.707091,0.707074,-0.000810,0.000000,0.000000
37,1.000000,True,True,-2000.000000,-4402.029785,17.049999,0.000000,639.180969,-0.191000,-0.005861,0.005861,0.707091,0.707074,-0.000910,0.000000,0.000000
38,1.000000,True,True,-2000.000000,-4396.569824,17.049999,0.000000,655.290955,-0.191000,-0.005867,0.005867,0.707090,0.707074,-0.000910,0.000000,0.000000
39,1.000000,True,True,-2000.000000,-4390.979980,17.049999,0.000000,671.270935,-0.191000,-0.005872,0.005872,0.707090,0.707074,-0.000910,0.000000,0.000000
40,1.000000,True,True,-2000.000000,-4385.250000,17.049999,0.000000,687.110962,-0.191000,-0.005872,0.005872,0.707090,0.707074,-0.000810,0.000000,0.000000
41,1.000000,True,True,-2000.000000,-4379.390137,17.049999,0.000000,702.810974,-0.191000,-0.005872,0.005872,0.707090,0.707074,-0.000810,0.000000,0.000000
42,1.000000,True,True,-2000.000000,-4373.399902,17.049999,0.000000,718.380981,-0.191000,-0.005872,0.005872,0.707090,0.707074,-0.000810,0.000000,0.000000
43,1.000000,True,True,-2000.000000,-4367.279785,17.049999,0.000000,733.820984,-0.191000,-0.005872,0.005872,0.707090,0.707074,-0.000810,0.000000,0.000000
44,1.000000,True,True,-2000.000000,-4361.040039,17.049999,0.000000,749.120972,-0.191000,-0.005872,0.005872,0.707090,0.707074,-0.000810,0.000000,0.000000
45,1.000000,True,True,-2000.000000,-4354.669922,17.049999,0.000000,764.290955,-0.191000,-0.005872,0.005872,0.707090,0.707074,-0.000810,0.000000,0.000000
46,1.000000,True,True,-2000.000000,-4348.179688,17.049999,0.000000,779.330933,-0.191000,-0.005872,0.005872,0.707090,0.707074,-0.000810,0.000000,0.000000
47,1.000000,True,True,-2000.000000,-4341.560059,17.049999,0.000000,794.240967,-0.191000,-0.005872,0.005872,0.707090,0.707074,-0.000810,0.000000,0.000000
48,1.000000,True,True,-2000.000000,-4334.819824,17.049999,0.000000,809.030945,-0.191000,-0.005872,0.005872,0.707090,0.707074,-0.000810,0.000000,0.000000
49,1.000000,True,True,-2000.000000,-4327.959961,17.049999,0.000000,823.690979,-0.191000,-0.005872,0.005872,0.707090,0.707074,-0.000810,0.000000,0.000000
50,1.000000,True,True,-2000.000000,-4320.969727,17.049999,0.000000,838.220947,-0.191000,-0.005872,0.005878,0.707090,0.707074,-0.000910,0.000000,0.000000
51,1.000000,True,True,-2000.000000,-4313.859863,17.049999,0.000000,852.630981,-0.191000,-0.005878,0.005883,0.707090,0.707074,-0.000910,0.000000,0.000000
52,1.000000,True,True,-2000.000000,-4306.640137,17.049999,0.000000,866.910950,-0.191000,-0.005883,0.005883,0.707090,0.707074,-0.000810,0.000000,0.000000
53,1.000000,True,True,-2000.000000,-4299.299805,17.049999,0.000000,881.070984,-0.191000,-0.005883,0.005883,0.707090,0.707074,-0.000710,0.000000,0.000000
54,1.000000,True,True,-2000.000000,-4291.839844,17.049999,0.000000,895.110962,-0.191000,-0.005883,0.005883,0.707090,0.707074,-0.000710,0.000000,0.000000
55,1.000000,True,True,-2000.000000,-4284.259766,17.049999,0.000000,909.030945,-0.191000,-0.005883,0.005883,0.707090,0.707074,-0.000710,0.000000,0.000000
56,1.000000,True,True,-2000.000000,-4276.569824,17.049999,0.000000,922.830933,-0.191000,-0.005883,0.005883,0.707090,0.707074,-0.000710,0.000000,0.000000
57,1.000000,True,True,-2000.000000,-4268.759766,17.049999,0.000000,936.510925,-0.191000,-0.005883,0.005883,0.707090,0.707074,-0.000710,0.000000,0.000000
58,1.000000,True,True,-2000.000000,-4260.839844,17.049999,0.000000,950.080933,-0.191000,-0.005883,0.005883,0.707090,0.707074,-0.000710,0.000000,0.000000
59,1.000000,True,True,-2000.000000,-4252.810059,17.049999,0.000000,963.530945,-0.191000,-0.005883,0.005883,0.707090,0.707074,-0.000710,0.000000,0.000000
60,1.000000,True,True,-2000.000000,-4244.669922,17.049999,0.000000,976.860962,-0.191000,-0.005883,0.005883,0.707090,0.707074,-0.000710,0.000000,0.000000
61,1.000000,True,True,-2000.000000,-4236.419922,17.049999,0.000000,990.080933,-0.191000,-0.005883,0.005883,0.707090,0.707074,-0.000710,0.000000,0.000000
62,1.000000,True,True,-2000.000000,-4228.060059,17.049999,0.000000,1003.190979,-0.191000,-0.005883,0.005883,0.707090,0.707074,-0.000810,0.000000,0.000000
63,1.000000,True,True,-2000.000000,-4219.589844,17.049999,0.000000,1016.180969,-0.191000,-0.005883,0.005883,0.707090,0.707074,-0.000810,0.000000,0.000000
64,1.000000,True,True,-2000.000000,-4211.009766,17.049999,0.000000,1029.060913,-0.191000,-0.005883,0.005883,0.707090,0.707074,-0.000810,0.000000,0.000000
65,1.000000,True,True,-2000.000000,-4202.330078,17.049999,0.000000,1041.830933,-0.191000,-0.005883,0.005888,0.707090,0.707074,-0.000910,0.000000,0.000000
66,1.000000,True,True,-2000.000000,-4193.540039,17.049999,0.000000,1054.490967,-0.191000,-0.005888,0.005894,0.707090,0.707074,-0.000910,0.000000,0.000000
67,1.000000,True,True,-2000.000000,-4184.649902,17.049999,0.000000,1067.040894,-0.191000,-0.005894,0.005894,0.707090,0.707074,-0.000810,0.000000,0.000000
68,1.000000,True,True,-2000.000000,-4175.649902,17.049999,0.000000,1079.490967,-0.191000,-0.005894,0.005894,0.707090,0.707074,-0.000710,0.000000,0.000000
69,1.000000,True,True,-2000.000000,-4166.549805,17.049999,0.000000,1091.830933,-0.191000,-0.005894,0.005894,0.707090,0.707074,-0.000710,0.000000,0.000000
70,1.000000,True,True,-2000.000000,-4157.350098,17.049999,0.000000,1104.060913,-0.191000,-0.005894,0.005894,0.707090,0.707074,-0.000710,0.000000,0.000000
71,1.000000,True,True,-2000.000000,-4148.049805,17.049999,0.000000,1116.190918,-0.191000,-0.005894,0.005894,0.707090,0.707074,-0.000710,0.000000,0.000000
72,1.000000,True,True,-2000.000000,-4138.649902,17.049999,0.000000,1128.220947,-0.191000,-0.005894,0.005894,0.707090,0.707074,-0.000710,0.000000,0.000000
73,1.000000,True,True,-2000.000000,-4129.149902,17.049999,0.000000,1140.140991,-0.191000,-0.005894,0.005894,0.707090,0.707074,-0.000710,0.000000,0.000000
74,1.000000,True,True,-2000.000000,-4119.549805,17.049999,0.000000,1151.960938,-0.191000,-0.005894,0.005894,0.707090,0.707074,-0.000710,0.000000,0.000000
75,1.000000,True,True,-2000.000000,-4109.850098,17.049999,0.000000,1163.680908,-0.191000,-0.005894,0.005894,0.707090,0.707074,-0.000710,0.000000,0.000000
76,1.000000,True,True,-2000.000000,-4100.060059,17.049999,0.000000,1175.300903,-0.191000,-0.005894,0.005894,0.707090,0.707074,-0.000710,0.000000,0.000000
77,1.000000,True,True,-2000.000000,-4090.169922,17.049999,0.000000,1186.820923,-0.191000,-0.005894,0.005894,0.707090,0.707074,-0.000710,0.000000,0.000000
78,1.000000,True,True,-2000.000000,-4080.179932,17.049999,0.000000,1198.240967,-0.191000,-0.005894,0.005894,0.707090,0.707074,-0.000810,0.000000,0.000000
79,1.000000,True,True,-2000.000000,-4070.099854,17.049999,0.000000,1209.560913,-0.191000,-0.005894,0.005894,0.707090,0.707074,-0.000810,0.000000,0.000000
80,1.000000,True,True,-2000.000000,-4059.929932,17.049999,0.000000,1220.790894,-0.191000,-0.005894,0.005894,0.707090,0.707074,-0.000810,0.000000,0.000000
81,1.000000,True,True,-2000.000000,-4049.659912,17.049999,0.000000,1231.920898,-0.191000,-0.005894,0.005899,0.707090,0.707074,-0.000910,0.000000,0.000000
82,1.000000,True,True,-2000.000000,-4039.299805,17.049999,0.000000,1242.950928,-0.191000,-0.005899,0.005905,0.707090,0.707074,-0.000910,0.000000,0.000000
83,1.000000,True,True,-2000.000000,-4028.849854,17.049999,0.000000,1253.890991,-0.191000,-0.005905,0.005905,0.707090,0.707074,-0.000810,0.000000,0.000000
84,1.000000,True,True,-2000.000000,-4018.309814,17.049999,0.000000,1264.740967,-0.191000,-0.005905,0.005905,0.707090,0.707074,-0.000710,0.000000,0.000000
85,1.000000,True,True,-2000.000000,-4007.679932,17.049999,0.000000,1275.490967,-0.191000,-0.005905,0.005905,0.707090,0.707074,-0.000710,0.000000,0.000000
86,1.000000,True,True,-2000.000000,-3996.959961,17.049999,0.000000,1286.151001,-0.191000,-0.005905,0.005905,0.707090,0.707074,-0.000710,0.000000,0.000000
87,1.000000,True,True,-2000.000000,-3986.149902,17.049999,0.000000,1296.720947,-0.191000,-0.005905,0.005905,0.707090,0.707074,-0.000710,0.000000,0.000000
88,1.000000,True,True,-2000.000000,-3975.260010,17.049999,0.000000,1307.200928,-0.191000,-0.005905,0.005905,0.707090,0.707074,-0.000710,0.000000,0.000000
89,1.000000,True,True,-2000.000000,-3964.280029,17.049999,0.000000,1317.590942,-0.191000,-0.005905,0.005905,0.707090,0.707074,-0.000710,0.000000,0.000000
90,1.000000,True,True,-2000.000000,-3953.209961,17.049999,0.000000,1327.890991,-0.191000,-0.005905,0.005905,0.707090,0.707074,-0.000710,0.000000,0.000000
91,1.000000,True,True,-2000.000000,-3942.059814,17.049999,0.000000,1338.100952,-0.191000,-0.005905,0.005905,0.707090,0.707074,-0.000710,0.000000,0.000000
92,1.000000,True,True,-2000.000000,-3930.819824,17.049999,0.000000,1348.220947,-0.191000,-0.005905,0.005905,0.707090,0.707074,-0.000710,0.000000,0.000000
93,1.000000,True,True,-2000.000000,-3919.500000,17.049999,0.000000,1358.260986,-0.191000,-0.005905,0.005905,0.707090,0.707074,-0.000710,0.000000,0.000000
94,1.000000,True,True,-2000.000000,-3908.099854,17.049999,0.000000,1368.210938,-0.191000,-0.005905,0.005905,0.707090,0.707074,-0.000710,0.000000,0.000000
95,1.000000,True,True,-2000.000000,-3896.619873,17.049999,0.000000,1378.080933,-0.191000,-0.005905,0.005905,0.707090,0.707074,-0.000710,0.000000,0.000000
96,1.000000,True,True,-2000.000000,-3885.049805,17.049999,0.000000,1387.860962,-0.191000,-0.005905,0.005905,0.707090,0.707074,-0.000810,0.000000,0.000000
97,1.000000,True,True,-2000.000000,-3873.399902,17.049999,0.000000,1397.560913,-0.191000,-0.005905,0.005905,0.707090,0.707074,-0.000810,0.000000,0.000000
98,1.000000,True,True,-2000.000000,-3861.669922,17.049999,0.000000,1407.170898,-0.191000,-0.005905,0.005905,0.707090,0.707074,-0.000810,0.000000,0.000000
99,1.000000,True,True,-2000.000000,-3849.869873,17.049999,0.000000,1415.830933,-0.191000,-0.005910,0.005910,0.707090,0.707074,-0.000910,0.000000,0.000000
100,1.000000,True,True,-2000.000000,-3838.000000,17.049999,0.000000,1424.090942,-0.191000,-0.005915,0.005915,0.707090,0.707074,-0.001010,0.000000,0.000000
101,1.000000,True,True,-2000.000000,-3826.059814,17.049999,0.000000,1432.350952,-0.201000,-0.005921,0.005921,0.707090,0.707074,-0.001010,0.000000,0.000000
102,1.000000,True,True,-2000.000000,-3814.049805,17.049999,0.000000,1440.610962,-0.201000,-0.005926,0.005926,0.707089,0.707074,-0.000910,0.000000,0.000000
103,1.000000,True,True,-2000.000000,-3801.979980,17.049999,0.000000,1448.870972,-0.201000,-0.005926,0.005926,0.707089,0.707074,-0.000710,0.000000,0.000000
104,1.000000,True,True,-2000.000000,-3789.839844,17.049999,0.000000,1457.130981,-0.201000,-0.005926,0.005926,0.707089,0.707074,-0.000610,0.000000,0.000000
105,1.000000,True,True,-2000.000000,-3777.629883,17.049999,0.000000,1465.390991,-0.201000,-0.005926,0.005926,0.707089,0.707074,-0.000510,0.000000,0.000000
106,1.000000,True,True,-2000.000000,-3765.349854,17.049999,0.000000,1473.651001,-0.201000,-0.005926,0.005926,0.707089,0.707074,-0.000410,0.000000,0.000000
107,1.000000,True,True,-2000.000000,-3753.000000,17.049999,0.000000,1481.910889,-0.201000,-0.005926,0.005926,0.707089,0.707074,-0.000410,0.000000,0.000000
108,1.000000,True,True,-2000.000000,-3740.579834,17.049999,0.000000,1490.170898,-0.201000,-0.005926,0.005926,0.707089,0.707074,-0.000410,0.000000,0.000000
109,1.000000,True,True,-2000.000000,-3728.089844,17.049999,0.000000,1498.430908,-0.201000,-0.005926,0.005926,0.707089,0.707074,-0.000410,0.000000,0.000000
110,1.000000,True,True,-2000.000000,-3715.530029,17.049999,0.000000,1506.690918,-0.201000,-0.005926,0.005926,0.707089,0.707074,-0.000410,0.000000,0.000000
111,1.000000,True,True,-2000.000000,-3702.909912,17.049999,0.000000,1514.950928,-0.201000,-0.005926,0.005926,0.707089,0.707074,-0.000410,0.000000,0.000000
112,1.000000,True,True,-2000.000000,-3690.219971,17.049999,0.000000,1523.210938,-0.201000,-0.005926,0.005926,0.707089,0.707074,-0.000410,0.000000,0.000000
113,1.000000,True,True,-2000.000000,-3677.459961,17.049999,0.000000,1531.470947,-0.201000,-0.005926,0.005926,0.707089,0.707074,-0.000410,0.000000,0.000000
114,1.000000,True,True,-2000.000000,-3664.629883,17.049999,0.000000,1539.730957,-0.201000,-0.005926,0.005926,0.707089,0.707074,-0.000410,0.000000,0.000000
115,1.000000,True,True,-2000.000000,-3651.729980,17.049999,0.000000,1547.990967,-0.201000,-0.005926,0.005926,0.707089,0.707074,-0.000410,0.000000,0.000000
116,1.000000,True,True,-2000.000000,-3638.760010,17.049999,0.000000,1556.250977,-0.201000,-0.005926,0.005926,0.707089,0.707074,-0.000410,0.000000,0.000000
117,1.000000,True,True,-2000.000000,-3625.719971,17.049999,0.000000,1564.510986,-0.201000,-0.005926,0.005926,0.707089,0.707074,-0.000410,0.000000,0.000000
118,1.000000,True,True,-2000.000000,-3612.609863,17.049999,0.000000,1572.770996,-0.201000,-0.005926,0.005926,0.707089,0.707074,-0.000410,0.000000,0.000000
119,1.000000,True,True,-2000.000000,-3599.429932,17.049999,0.000000,1581.030884,-0.201000,-0.005926,0.005926,0.707089,0.707074,-0.000410,0.000000,0.000000
120,1.000000,True,True,-2000.000000,-3586.189941,17.049999,0.000000,1589.290894,-0.201000,-0.005926,0.005926,0.707089,0.707074,-0.000410,0.000000,0.000000
121,1.000000,True,True,-2000.000000,-3572.879883,17.049999,0.000000,1597.550903,-0.201000,-0.005926,0.005926,0.707089,0.707074,-0.000410,0.000000,0.000000
122,1.000000,True,True,-2000.000000,-3559.500000,17.049999,0.000000,1605.810913,-0.201000,-0.005926,0.005926,0.707089,0.707074,-0.000410,0.000000,0.000000
123,1.000000,True,True,-2000.000000,-3546.049805,17.049999,0.000000,1614.070923,-0.201000,-0.005926,0.005926,0.707089,0.707074,-0.000410,0.000000,0.000000
124,1.000000,True,True,-2000.000000,-3532.530029,17.049999,0.000000,1622.330933,-0.201000,-0.005926,0.005926,0.707089,0.707074,-0.000410,0.000000,0.000000
125,1.000000,True,True,-2000.000000,-3518.939941,17.049999,0.000000,1630.590942,-0.201000,-0.005926,0.005926,0.707089,0.707074,-0.000410,0.000000,0.000000
126,1.000000,True,True,-2000.000000,-3505.280029,17.049999,0.000000,1638.850952,-0.201000,-0.005926,0.005926,0.707089,0.707074,-0.000410,0.000000,0.000000
127,1.000000,True,True,-2000.000000,-3491.549805,17.049999,0.000000,1647.110962,-0.201000,-0.005926,0.005926,0.707089,0.707074,-0.000410,0.000000,0.000000
128,1.000000,True,True,-2000.000000,-3477.750000,17.049999,0.000000,1655.370972,-0.201000,-0.005926,0.005926,0.707089,0.707074,-0.000410,0.000000,0.000000
129,1.000000,True,True,-2000.000000,-3463.889893,17.049999,0.000000,1663.630981,-0.201000,-0.005926,0.005926,0.707089,0.707074,-0.000410,0.000000,0.000000
130,1.000000,True,True,-2000.000000,-3449.959961,17.049999,0.000000,1671.890991,-0.201000,-0.005926,0.005926,0.707089,0.707074,-0.000410,0.000000,0.000000
131,1.000000,True,True,-2000.000000,-3435.959961,17.049999,0.000000,1680.150879,-0.201000,-0.005926,0.005926,0.707089,0.707074,-0.000410,0.000000,0.000000
132,1.000000,True,True,-2000.000000,-3421.889893,17.049999,0.000000,1688.410889,-0.201000,-0.005926,0.005926,0.707089,0.707074,-0.000410,0.000000,0.000000
133,1.000000,True,True,-2000.000000,-3407.750000,17.049999,0.000000,1696.670898,-0.201000,-0.005926,0.005926,0.707089,0.707074,-0.000410,0.000000,0.000000
134,1.000000,True,True,-2000.000000,-3393.540039,17.049999,0.000000,1704.930908,-0.201000,-0.005926,0.005926,0.707089,0.707074,-0.000410,0.000000,0.000000
135,1.000000,True,True,-2000.000000,-3379.260010,17.049999,0.000000,1713.190918,-0.201000,-0.005926,0.005926,0.707089,0.707074,-0.000410,0.000000,0.000000
136,1.000000,True,True,-2000.000000,-3364.909912,17.049999,0.000000,1721.450928,-0.201000,-0.005926,0.005926,0.707089,0.707074,-0.000410,0.000000,0.000000
137,1.000000,True,True,-2000.000000,-3350.500000,17.049999,0.000000,1729.710938,-0.201000,-0.005926,0.005926,0.707089,0.707074,-0.000410,0.000000,0.000000
138,1.000000,True,True,-2000.000000,-3336.020020,17.049999,0.000000,1737.970947,-0.201000,-0.005926,0.005926,0.707089,0.707074,-0.000410,0.000000,0.000000
139,1.000000,True,True,-2000.000000,-3321.469971,17.049999,0.000000,1746.230957,-0.201000,-0.005926,0.005926,0.707089,0.707074,-0.000410,0.000000,0.000000
140,1.000000,True,True,-2000.000000,-3306.849854,17.049999,0.000000,1754.490967,-0.201000,-0.005926,0.005926,0.707089,0.707074,-0.000410,0.000000,0.000000
141,1.000000,True,True,-2000.000000,-3292.159912,17.049999,0.000000,1762.750977,-0.201000,-0.005926,0.005926,0.707089,0.707074,-0.000410,0.000000,0.000000
142,1.000000,True,True,-2000.000000,-3277.399902,17.049999,0.000000,1771.010986,-0.201000,-0.005926,0.005926,0.707089,0.707074,-0.000410,0.000000,0.000000
143,1.000000,True,True,-2000.000000,-3262.569824,17.049999,0.000000,1779.270996,-0.201000,-0.005926,0.005926,0.707089,0.707074,-0.000410,0.000000,0.000000
144,1.000000,True,True,-2000.000000,-3247.669922,17.049999,0.000000,1787.530884,-0.201000,-0.005926,0.005926,0.707089,0.707074,-0.000410,0.000000,0.000000
145,1.000000,True,True,-2000.000000,-3232.699951,17.049999,0.000000,1795.790894,-0.201000,-0.005926,0.005926,0.707089,0.707074,-0.000410,0.000000,0.000000
146,1.000000,True,True,-2000.000000,-3217.669922,17.049999,0.000000,1804.050903,-0.201000,-0.005926,0.005926,0.707089,0.707074,-0.000410,0.000000,0.000000
147,1.000000,True,True,-2000.000000,-3202.569824,17.049999,0.000000,1812.310913,-0.201000,-0.005926,0.005926,0.707089,0.707074,-0.000410,0.000000,0.000000
148,1.000000,True,True,-2000.000000,-3187.399902,17.049999,0.000000,1820.570923,-0.201000,-0.005926,0.005926,0.707089,0.707074,-0.000410,0.000000,0.000000
149,1.000000,True,True,-2000.000000,-3172.159912,17.049999,0.000000,1828.830933,-0.201000,-0.005926,0.005926,0.707089,0.707074,-0.000410,0.000000,0.000000
150,1.000000,True,True,-2000.000000,-3156.849854,17.049999,0.000000,1837.090942,-0.201000,-0.005926,0.005926,0.707089,0.707074,-0.000410,0.000000,0.000000
151,1.000000,True,True,-2000.000000,-3141.469971,17.049999,0.000000,1845.350952,-0.201000,-0.005926,0.005926,0.707089,0.707074,-0.000410,0.000000,0.000000
152,1.000000,True,True,-2000.000000,-3126.020020,17.049999,0.000000,1853.610962,-0.201000,-0.005926,0.005926,0.707089,0.707074,-0.000410,0.000000,0.000000
153,1.000000,True,True,-2000.000000,-3110.500000,17.049999,0.000000,1861.870972,-0.201000,-0.005926,0.005926,0.707089,0.707074,-0.000410,0.000000,0.000000
154,1.000000,True,True,-2000.000000,-3094.919922,17.049999,0.000000,1870.130981,-0.201000,-0.005926,0.005926,0.707089,0.707074,-0.000410,0.000000,0.000000
155,1.000000,True,True,-2000.000000,-3079.270020,17.049999,0.000000,1878.390991,-0.201000,-0.005926,0.005926,0.707089,0.707074,-0.000410,0.000000,0.000000
156,1.000000,True,True,-2000.000000,-3063.550049,17.049999,0.000000,1886.650879,-0.201000,-0.005926,0.005926,0.707089,0.707074,-0.000410,0.000000,0.000000
157,1.000000,True,True,-2000.000000,-3047.760010,17.049999,0.000000,1894.910889,-0.201000,-0.005926,0.005926,0.707089,0.707074,-0.000410,0.000000,0.000000
158,1.000000,True,True,-2000.000000,-3031.899902,17.049999,0.000000,1903.170898,-0.201000,-0.005926,0.005926,0.707089,0.707074,-0.000410,0.000000,0.000000
159,1.000000,True,True,-2000.000000,-3015.969971,17.049999,0.000000,1911.430908,-0.201000,-0.005926,0.005926,0.707089,0.707074,-0.000410,0.000000,0.000000
160,1.000000,True,True,-2000.000000,-2999.969971,17.049999,0.000000,1919.690918,-0.201000,-0.005926,0.005926,0.707089,0.707074,-0.000410,0.000000,0.000000
161,1.000000,True,True,-2000.000000,-2983.899902,17.049999,0.000000,1927.950928,-0.201000,-0.005926,0.005926,0.707089,0.707074,-0.000410,0.000000,0.000000
162,1.000000,True,True,-2000.000000,-2967.760010,17.049999,0.000000,1936.210938,-0.201000,-0.005926,0.005926,0.707089,0.707074,-0.000410,0.000000,0.000000
163,1.000000,True,True,-2000.000000,-2951.559814,17.049999,0.000000,1944.470947,-0.201000,-0.005926,0.005926,0.707089,0.707074,-0.000410,0.000000,0.000000
164,1.000000,True,True,-2000.000000,-2935.290039,17.049999,0.000000,1952.730957,-0.201000,-0.005926,0.005926,0.707089,0.707074,-0.000410,0.000000,0.000000
165,1.000000,True,True,-2000.000000,-2918.949951,17.049999,0.000000,1960.990967,-0.201000,-0.005926,0.005926,0.707089,0.707074,-0.000410,0.000000,0.000000
166,1.000000,True,True,-2000.000000,-2902.540039,17.049999,0.000000,1969.250977,-0.201000,-0.005926,0.005926,0.707089,0.707074,-0.000410,0.000000,0.000000
167,1.000000,True,True,-2000.000000,-2886.059814,17.049999,0.000000,1977.510986,-0.201000,-0.005926,0.005926,0.707089,0.707074,-0.000410,0.000000,0.000000
168,1.000000,True,True,-2000.000000,-2869.510010,17.049999,0.000000,1985.770874,-0.201000,-0.005926,0.005926,0.707089,0.707074,-0.000410,0.000000,0.000000
169,1.000000,True,True,-2000.000000,-2852.889893,17.049999,0.000000,1994.030884,-0.201000,-0.005926,0.005926,0.707089,0.707074,-0.000410,0.000000,0.000000
170,1.000000,True,True,-2000.000000,-2836.199951,17.049999,0.000000,2002.290894,-0.201000,-0.005926,0.005926,0.707089,0.707074,-0.000410,0.000000,0.000000
171,1.000000,True,True,-2000.000000,-2819.449951,17.049999,0.000000,2010.550903,-0.201000,-0.005926,0.005926,0.707089,0.707074,-0.000410,0.000000,0.000000
172,1.000000,True,True,-2000.000000,-2802.629883,17.049999,0.000000,2018.810913,-0.201000,-0.005926,0.005926,0.707089,0.707074,-0.000410,0.000000,0.000000
173,1.000000,True,True,-2000.000000,-2785.739990,17.049999,0.000000,2027.070923,-0.201000,-0.005926,0.005926,0.707089,0.707074,-0.000410,0.000000,0.000000
174,1.000000,True,True,-2000.000000,-2768.780029,17.049999,0.000000,2035.330933,-0.201000,-0.005926,0.005926,0.707089,0.707074,-0.000410,0.000000,0.000000
175,1.000000,True,True,-2000.000000,-2751.750000,17.049999,0.000000,2043.590942,-0.201000,-0.005926,0.005926,0.707089,0.707074,-0.000410,0.000000,0.000000
176,1.000000,True,True,-2000.000000,-2734.649902,17.049999,0.000000,2051.850830,-0.201000,-0.005926,0.005926,0.707089,0.707074,-0.000410,0.000000,0.000000
177,1.000000,True,True,-2000.000000,-2717.479980,17.049999,0.000000,2060.110840,-0.201000,-0.005926,0.005926,0.707089,0.707074,-0.000410,0.000000,0.000000
178,1.000000,True,True,-2000.000000,-2700.239990,17.049999,0.000000,2068.370850,-0.201000,-0.005926,0.005926,0.707089,0.707074,-0.000410,0.000000,0.000000
179,1.000000,True,True,-2000.000000,-2682.929932,17.049999,0.000000,2076.630859,-0.201000,-0.005926,0.005926,0.707089,0.707074,-0.000410,0.000000,0.000000
180,1.000000,True,True,-2000.000000,-2665.560059,17.049999,0.000000,2084.890869,-0.201000,-0.005926,0.005926,0.707089,0.707074,-0.000410,0.000000,0.000000
181,1.000000,True,True,-2000.000000,-2648.119873,17.049999,0.000000,2093.150879,-0.201000,-0.005926,0.005926,0.707089,0.707074,-0.000410,0.000000,0.000000
182,1.000000,True,True,-2000.000000,-2630.609863,17.049999,0.000000,2101.410889,-0.201000,-0.005926,0.005926,0.707089,0.707074,-0.000410,0.000000,0.000000
183,1.000000,True,True,-2000.000000,-2613.030029,17.049999,0.000000,2109.670898,-0.201000,-0.005926,0.005926,0.707089,0.707074,-0.000410,0.000000,0.000000
184,1.000000,True,True,-2000.000000,-2595.379883,17.049999,0.000000,2117.930908,-0.201000,-0.005926,0.005926,0.707089,0.707074,-0.000410,0.000000,0.000000
185,1.000000,True,True,-2000.000000,-2577.659912,17.049999,0.000000,2126.190918,-0.201000,-0.005926,0.005926,0.707089,0.707074,-0.000410,0.000000,0.000000
186,1.000000,True,True,-2000.000000,-2559.869873,17.049999,0.000000,2134.450928,-0.201000,-0.005926,0.005926,0.707089,0.707074,-0.000410,0.000000,0.000000
187,1.000000,True,True,-2000.000000,-2542.010010,17.049999,0.000000,2142.710938,-0.201000,-0.005926,0.005926,0.707089,0.707074,-0.000410,0.000000,0.000000
188,1.000000,True,True,-2000.000000,-2524.089844,17.049999,0.000000,2150.970947,-0.201000,-0.005926,0.005926,0.707089,0.707074,-0.000410,0.000000,0.000000
189,1.000000,True,True,-2000.000000,-2506.099854,17.049999,0.000000,2159.230957,-0.201000,-0.005926,0.005926,0.707089,0.707074,-0.000410,0.000000,0.000000
190,1.000000,True,True,-2000.000000,-2488.040039,17.049999,0.000000,2167.490967,-0.201000,-0.005926,0.005926,0.707089,0.707074,-0.000410,0.000000,0.000000
191,1.000000,True,True,-2000.000000,-2469.909912,17.049999,0.000000,2175.750977,-0.201000,-0.005926,0.005926,0.707089,0.707074,-0.000410,0.000000,0.000000
192,1.000000,True,True,-2000.000000,-2451.709961,17.049999,0.000000,2184.010986,-0.201000,-0.005926,0.005926,0.707089,0.707074,-0.000410,0.000000,0.000000
193,1.000000,True,True,-2000.000000,-2433.439941,17.049999,0.000000,2192.270996,-0.201000,-0.005926,0.005926,0.707089,0.707074,-0.000410,0.000000,0.000000
194,1.000000,True,True,-2000.000000,-2415.099854,17.049999,0.000000,2200.531006,-0.201000,-0.005926,0.005926,0.707089,0.707074,-0.000410,0.000000,0.000000
195,1.000000,True,True,-2000.000000,-2396.689941,17.049999,0.000000,2208.791016,-0.201000,-0.005926,0.005926,0.707089,0.707074,-0.000410,0.000000,0.000000
196,1.000000,True,True,-2000.000000,-2378.209961,17.049999,0.000000,2217.051025,-0.201000,-0.005926,0.005926,0.707089,0.707074,-0.000410,0.000000,0.000000
197,1.000000,True,True,-2000.000000,-2359.669922,17.049999,0.000000,2225.311035,-0.201000,-0.005926,0.005926,0.707089,0.707074,-0.000410,0.000000,0.000000
198,1.000000,True,True,-2000.000000,-2341.060059,17.049999,0.000000,2233.571045,-0.201000,-0.005926,0.005926,0.707089,0.707074,-0.000410,0.000000,0.000000
199,1.000000,True,True,-2000.000000,-2322.379883,17.049999,0.000000,2241.830811,-0.201000,-0.005926,0.005926,0.707089,0.707074,-0.000410,0.000000,0.000000
200,1.000000,True,True,-2000.000000,-2303.629883,17.049999,0.000000,2250.090820,-0.201000,-0.005926,0.005926,0.707089,0.707074,-0.000410,0.000000,0.000000
201,1.000000,True,True,-2000.000000,-2284.810059,17.049999,0.000000,2258.350830,-0.201000,-0.005926,0.005926,0.707089,0.707074,-0.000410,0.000000,0.000000
202,1.000000,True,True,-2000.000000,-2265.919922,17.049999,0.000000,2266.610840,-0.201000,-0.005926,0.005926,0.707089,0.707074,-0.000410,0.000000,0.000000
203,1.000000,True,True,-2000.000000,-2246.959961,17.049999,0.000000,2274.870850,-0.201000,-0.005926,0.005926,0.707089,0.707074,-0.000410,0.000000,0.000000
204,1.000000,True,True,-2000.000000,-2227.929932,17.049999,0.000000,2283.130859,-0.201000,-0.005926,0.005926,0.707089,0.707074,-0.000410,0.000000,0.000000
205,1.000000,True,True,-2000.000000,-2208.829834,17.049999,0.000000,2291.390869,-0.201000,-0.005926,0.005926,0.707089,0.707074,-0.000410,0.000000,0.000000
206,1.000000,True,True,-2000.000000,-2189.669922,17.049999,0.000000,2299.650879,-0.201000,-0.005926,0.005926,0.707089,0.707074,-0.000410,0.000000,0.000000
207,1.000000,True,True,-2000.000000,-2170.439941,17.049999,0.000000,2300.000977,-0.201000,-0.005926,0.005926,0.707089,0.707074,-0.000410,0.000000,0.000000
208,1.000000,True,True,-2000.000000,-2151.199951,17.049999,0.000000,2299.990967,-0.201000,-0.005926,0.005926,0.707089,0.707074,-0.000410,0.000000,0.000000
209,1.000000,True,True,-2000.000000,-2131.959961,17.049999,0.000000,2300.000977,-0.201000,-0.005926,0.005926,0.707089,0.707074,-0.000410,0.000000,0.000000
210,1.000000,True,True,-2000.000000,-2112.719971,17.049999,0.000000,2299.990967,-0.201000,-0.005926,0.005926,0.707089,0.707074,-0.000410,0.000000,0.000000
211,1.000000,True,True,-2000.000000,-2093.479980,17.049999,0.000000,2300.000977,-0.201000,-0.005926,0.005926,0.707089,0.707074,-0.000410,0.000000,0.000000
212,1.000000,True,True,-2000.000000,-2074.239990,17.049999,0.000000,2299.990967,-0.201000,-0.005926,0.005926,0.707089,0.707074,-0.000410,0.000000,0.000000
213,1.000000,True,True,-2000.000000,-2055.000000,17.049999,0.000000,2300.000977,-0.201000,-0.005926,0.005926,0.707089,0.707074,-0.000410,0.000000,0.000000
214,1.000000,True,True,-2000.000000,-2035.760010,17.049999,0.000000,2299.990967,-0.201000,-0.005926,0.005926,0.707089,0.707074,-0.000410,0.000000,0.000000
215,1.000000,True,True,-2000.000000,-2016.519897,17.049999,0.000000,2300.000977,-0.201000,-0.005926,0.005926,0.707089,0.707074,-0.000410,0.000000,0.000000
216,1.000000,True,True,-2000.000000,-1997.279907,17.049999,0.000000,2299.990967,-0.201000,-0.005926,0.005926,0.707089,0.707074,-0.000410,0.000000,0.000000
217,1.000000,True,True,-2000.000000,-1978.039917,17.049999,0.000000,2300.000977,-0.201000,-0.005926,0.005926,0.707089,0.707074,-0.000410,0.000000,0.000000
218,1.000000,True,True,-2000.000000,-1958.799927,17.049999,0.000000,2299.990967,-0.201000,-0.005926,0.005926,0.707089,0.707074,-0.000410,0.000000,0.000000
219,1.000000,True,True,-2000.000000,-1939.559937,17.049999,0.000000,2300.000977,-0.201000,-0.005926,0.005926,0.707089,0.707074,-0.000410,0.000000,0.000000
220,1.000000,True,True,-2000.000000,-1920.319946,17.049999,0.000000,2299.990967,-0.201000,-0.005926,0.005926,0.707089,0.707074,-0.000410,0.000000,0.000000
221,1.000000,True,True,-2000.000000,-1901.079956,17.049999,0.000000,2300.000977,-0.201000,-0.005926,0.005926,0.707089,0.707074,-0.000410,0.000000,0.000000
222,1.000000,True,True,-2000.000000,-1881.839966,17.049999,0.000000,2299.990967,-0.201000,-0.005926,0.005926,0.707089,0.707074,-0.000410,0.000000,0.000000
223,1.000000,True,True,-2000.000000,-1862.599976,17.049999,0.000000,2300.000977,-0.201000,-0.005926,0.005926,0.707089,0.707074,-0.000410,0.000000,0.000000
224,1.000000,True,True,-2000.000000,-1843.359985,17.049999,0.000000,2299.990967,-0.201000,-0.005926,0.005926,0.707089,0.707074,-0.000410,0.000000,0.000000
225,1.000000,True,True,-2000.000000,-1824.119995,17.049999,0.000000,2300.000977,-0.201000,-0.005926,0.005926,0.707089,0.707074,-0.000410,0.000000,0.000000
226,1.000000,True,True,-2000.000000,-1804.880005,17.049999,0.000000,2299.990967,-0.201000,-0.005926,0.005926,0.707089,0.707074,-0.000410,0.000000,0.000000
227,1.000000,True,True,-2000.000000,-1785.640015,17.049999,0.000000,2300.000977,-0.201000,-0.005926,0.005926,0.707089,0.707074,-0.000410,0.000000,0.000000
228,1.000000,True,True,-2000.000000,-1766.399902,17.049999,0.000000,2299.990967,-0.201000,-0.005926,0.005926,0.707089,0.707074,-0.000410,0.000000,0.000000
229,1.000000,True,True,-2000.000000,-1747.159912,17.049999,0.000000,2300.000977,-0.201000,-0.005926,0.005926,0.707089,0.707074,-0.000410,0.000000,0.000000
230,1.000000,True,True,-2000.000000,-1727.919922,17.049999,0.000000,2299.990967,-0.201000,-0.005926,0.005926,0.707089,0.707074,-0.000410,0.000000,0.000000
231,1.000000,True,True,-2000.000000,-1708.679932,17.049999,0.000000,2300.000977,-0.201000,-0.005926,0.005926,0.707089,0.707074,-0.000410,0.000000,0.000000
232,1.000000,True,True,-2000.000000,-1689.439941,17.049999,0.000000,2299.990967,-0.201000,-0.005926,0.005926,0.707089,0.707074,-0.000410,0.000000,0.000000
233,1.000000,True,True,-2000.000000,-1670.199951,17.049999,0.000000,2300.000977,-0.201000,-0.005926,0.005926,0.707089,0.707074,-0.000410,0.000000,0.000000
234,1.000000,True,True,-2000.000000,-1650.959961,17.049999,0.000000,2299.990967,-0.201000,-0.005926,0.005926,0.707089,0.707074,-0.000410,0.000000,0.000000
235,1.000000,True,True,-2000.000000,-1631.719971,17.049999,0.000000,2300.000977,-0.201000,-0.005926,0.005926,0.707089,0.707074,-0.000410,0.000000,0.000000
236,1.000000,True,True,-2000.000000,-1612.479980,17.049999,0.000000,2299.990967,-0.201000,-0.005926,0.005926,0.707089,0.707074,-0.000410,0.000000,0.000000
237,1.000000,True,True,-2000.000000,-1593.239990,17.049999,0.000000,2300.000977,-0.201000,-0.005926,0.005926,0.707089,0.707074,-0.000410,0.000000,0.000000
238,1.000000,True,True,-2000.000000,-1574.000000,17.049999,0.000000,2299.990967,-0.201000,-0.005926,0.005926,0.707089,0.707074,-0.000410,0.000000,0.000000
239,1.000000,True,True,-2000.000000,-1554.760010,17.049999,0.000000,2300.000977,-0.201000,-0.005926,0.005926,0.707089,0.707074,-0.000410,0.000000,0.000000
240,1.000000,True,True,-2000.000000,-1535.520020,17.049999,0.000000,2299.990967,-0.201000,-0.005926,0.005926,0.707089,0.707074,-0.000410,0.000000,0.000000
241,1.000000,True,True,-2000.000000,-1516.279907,17.049999,0.000000,2300.000977,-0.201000,-0.005926,0.005926,0.707089,0.707074,-0.000410,0.000000,0.000000
242,1.000000,True,True,-2000.000000,-1497.039917,17.049999,0.000000,2299.990967,-0.201000,-0.005926,0.005926,0.707089,0.707074,-0.000410,0.000000,0.000000
243,1.000000,True,True,-2000.000000,-1477.799927,17.049999,0.000000,2300.000977,-0.201000,-0.005926,0.005926,0.707089,0.707074,-0.000410,0.000000,0.000000
244,1.000000,True,True,-2000.000000,-1458.559937,17.049999,0.000000,2299.990967,-0.201000,-0.005926,0.005926,0.707089,0.707074,-0.000410,0.000000,0.000000
245,1.000000,True,True,-2000.000000,-1439.319946,17.049999,0.000000,2300.000977,-0.201000,-0.005926,0.005926,0.707089,0.707074,-0.000410,0.000000,0.000000
246,1.000000,True,True,-2000.000000,-1420.079956,17.049999,0.000000,2299.990967,-0.201000,-0.005926,0.005926,0.707089,0.707074,-0.000410,0.000000,0.000000
247,1.000000,True,True,-2000.000000,-1400.839966,17.049999,0.000000,2300.000977,-0.201000,-0.005926,0.005926,0.707089,0.707074,-0.000410,0.000000,0.000000
248,1.000000,True,True,-2000.000000,-1381.599976,17.049999,0.000000,2299.990967,-0.201000,-0.005926,0.005926,0.707089,0.707074,-0.000410,0.000000,0.000000
249,1.000000,True,True,-2000.000000,-1362.359985,17.049999,0.000000,2300.000977,-0.201000,-0.005926,0.005926,0.707089,0.707074,-0.000410,0.000000,0.000000
250,1.000000,True,True,-2000.000000,-1343.119995,17.049999,0.000000,2299.990967,-0.201000,-0.005926,0.005926,0.707089,0.707074,-0.000410,0.000000,0.000000
251,1.000000,True,True,-2000.000000,-1323.880005,17.049999,0.000000,2300.000977,-0.201000,-0.005926,0.005926,0.707089,0.707074,-0.000410,0.000000,0.000000
252,1.000000,True,True,-2000.000000,-1304.640015,17.049999,0.000000,2299.990967,-0.201000,-0.005926,0.005926,0.707089,0.707074,-0.000410,0.000000,0.000000
253,1.000000,True,True,-2000.000000,-1285.400024,17.049999,0.000000,2300.000977,-0.201000,-0.005926,0.005926,0.707089,0.707074,-0.000410,0.000000,0.000000
254,1.000000,False,False,-2000.000000,-1266.229980,17.049999,0.000000,2300.000977,-0.061000,-0.005926,0.005926,0.707089,0.707074,-0.000410,0.000000,0.000000
255,1.000000,False,False,-2000.000000,-1247.059937,17.049999,0.000000,2300.000977,0.041000,-0.005926,0.005926,0.707089,0.707074,-0.000410,0.000000,0.000000
256,1.000000,False,False,-2000.000000,-1227.890015,17.049999,0.000000,2300.000977,0.111000,-0.005926,0.005926,0.707089,0.707074,-0.000310,0.000000,0.000000
257,1.000000,False,False,-2000.000000,-1208.719971,17.049999,0.000000,2300.000977,0.161000,-0.005926,0.005926,0.707089,0.707074,-0.000210,0.000000,0.000000
258,1.000000,False,False,-2000.000000,-1189.549927,17.049999,0.000000,2300.000977,0.191000,-0.005926,0.005926,0.707089,0.707074,-0.000210,0.000000,0.000000
259,1.000000,False,False,-2000.000000,-1170.380005,17.049999,0.000000,2300.000977,0.211000,-0.005926,0.005926,0.707089,0.707074,-0.000210,0.000000,0.000000
260,1.000000,False,False,-2000.000000,-1151.209961,17.049999,0.000000,2300.000977,0.231000,-0.005926,0.005926,0.707089,0.707074,-0.000210,0.000000,0.000000
261,1.000000,False,False,-2000.000000,-1132.039917,17.049999,0.000000,2300.000977,0.241000,-0.005926,0.005926,0.707089,0.707074,-0.000210,0.000000,0.000000
262,1.000000,False,False,-2000.000000,-1112.869995,17.049999,0.000000,2300.000977,0.251000,-0.005926,0.005926,0.707089,0.707074,-0.000210,0.000000,0.000000
263,1.000000,False,False,-2000.000000,-1093.699951,17.049999,0.000000,2300.000977,0.251000,-0.005926,0.005926,0.707089,0.707074,-0.000210,0.000000,0.000000
264,1.000000,False,False,-2000.000000,-1074.530029,17.049999,0.000000,2300.000977,0.251000,-0.005926,0.005926,0.707089,0.707074,-0.000210,0.000000,0.000000
265,1.000000,False,False,-2000.000000,-1055.359985,17.049999,0.000000,2300.000977,0.251000,-0.005926,0.005926,0.707089,0.707074,-0.000210,0.000000,0.000000
266,1.000000,False,False,-2000.000000,-1036.189941,17.049999,0.000000,2300.000977,0.251000,-0.005926,0.005926,0.707089,0.707074,-0.000210,0.000000,0.000000
267,1.000000,False,False,-2000.000000,-1017.019958,17.049999,0.000000,2300.000977,0.251000,-0.005926,0.005926,0.707089,0.707074,-0.000210,0.000000,0.000000
268,1.000000,False,False,-2000.000000,-997.849976,17.049999,0.000000,2300.000977,0.251000,-0.005926,0.005926,0.707089,0.707074,-0.000210,0.000000,0.000000
269,1.000000,False,False,-2000.000000,-978.679993,17.049999,0.000000,2300.000977,0.251000,-0.005926,0.005926,0.707089,0.707074,-0.000210,0.000000,0.000000
270,1.000000,False,False,-2000.000000,-959.509949,17.049999,0.000000,2300.000977,0.251000,-0.005926,0.005926,0.707089,0.707074,-0.000210,0.000000,0.000000
271,1.000000,False,False,-2000.000000,-940.339966,17.049999,0.000000,2300.000977,0.251000,-0.005926,0.005926,0.707089,0.707074,-0.000210,0.000000,0.000000
272,1.000000,False,False,-2000.000000,-921.169983,17.049999,0.000000,2300.000977,0.251000,-0.005926,0.005926,0.707089,0.707074,-0.000210,0.000000,0.000000
273,1.000000,False,False,-2000.000000,-902.000000,17.049999,0.000000,2300.000977,0.251000,-0.005926,0.005926,0.707089,0.707074,-0.000210,0.000000,0.000000
274,1.000000,False,False,-2000.000000,-882.829956,17.049999,0.000000,2300.000977,0.251000,-0.005926,0.005926,0.707089,0.707074,-0.000210,0.000000,0.000000
275,1.000000,False,False,-2000.000000,-863.659973,17.049999,0.000000,2300.000977,0.251000,-0.005926,0.005926,0.707089,0.707074,-0.000210,0.000000,0.000000
276,1.000000,False,False,-2000.000000,-844.489990,17.049999,0.000000,2300.000977,0.251000,-0.005926,0.005926,0.707089,0.707074,-0.000210,0.000000,0.000000
277,1.000000,False,False,-2000.000000,-825.320007,17.049999,0.000000,2300.000977,0.251000,-0.005926,0.005926,0.707089,0.707074,-0.000210,0.000000,0.000000
278,1.000000,False,False,-2000.000000,-806.149963,17.049999,0.000000,2300.000977,0.251000,-0.005926,0.005926,0.707089,0.707074,-0.000210,0.000000,0.000000
279,1.000000,False,False,-2000.000000,-786.979980,17.049999,0.000000,2300.000977,0.251000,-0.005926,0.005926,0.707089,0.707074,-0.000210,0.000000,0.000000
280,1.000000,False,False,-2000.000000,-767.809998,17.049999,0.000000,2300.000977,0.251000,-0.005926,0.005926,0.707089,0.707074,-0.000210,0.000000,0.000000
281,1.000000,False,False,-2000.000000,-748.639954,17.049999,0.000000,2300.000977,0.251000,-0.005926,0.005926,0.707089,0.707074,-0.000210,0.000000,0.000000
282,1.000000,False,False,-2000.000000,-729.469971,17.049999,0.000000,2300.000977,0.251000,-0.005926,0.005926,0.707089,0.707074,-0.000210,0.000000,0.000000
283,1.000000,False,False,-2000.000000,-710.299988,17.049999,0.000000,2300.000977,0.251000,-0.005926,0.005926,0.707089,0.707074,-0.000210,0.000000,0.000000
284,1.000000,False,False,-2000.000000,-691.130005,17.049999,0.000000,2300.000977,0.251000,-0.005926,0.005926,0.707089,0.707074,-0.000210,0.000000,0.000000
285,1.000000,False,False,-2000.000000,-671.959961,17.049999,0.000000,2300.000977,0.251000,-0.005926,0.005926,0.707089,0.707074,-0.000210,0.000000,0.000000
286,1.000000,False,False,-2000.000000,-652.789978,17.049999,0.000000,2300.000977,0.251000,-0.005926,0.005926,0.707089,0.707074,-0.000210,0.000000,0.000000
287,1.000000,False,False,-2000.000000,-633.619995,17.049999,0.000000,2300.000977,0.251000,-0.005926,0.005926,0.707089,0.707074,-0.000210,0.000000,0.000000
288,1.000000,False,False,-2000.000000,-614.450012,17.049999,0.000000,2300.000977,0.251000,-0.005926,0.005926,0.707089,0.707074,-0.000210,0.000000,0.000000
289,1.000000,False,False,-2000.000000,-595.279968,17.049999,0.000000,2300.000977,0.251000,-0.005926,0.005926,0.707089,0.707074,-0.000210,0.000000,0.000000
290,1.000000,False,False,-2000.000000,-576.109985,17.049999,0.000000,2300.000977,0.251000,-0.005926,0.005926,0.707089,0.707074,-0.000210,0.000000,0.000000
291,1.000000,False,False,-2000.000000,-556.940002,17.049999,0.000000,2300.000977,0.251000,-0.005926,0.005926,0.707089,0.707074,-0.000210,0.000000,0.000000
292,1.000000,False,False,-2000.000000,-537.769958,17.049999,0.000000,2300.000977,0.251000,-0.005926,0.005926,0.707089,0.707074,-0.000210,0.000000,0.000000
293,1.000000,False,False,-2000.000000,-518.599976,17.049999,0.000000,2300.000977,0.251000,-0.005926,0.005926,0.707089,0.707074,-0.000210,0.000000,0.000000
294,1.000000,False,False,-2000.000000,-499.429993,17.049999,0.000000,2300.000977,0.251000,-0.005926,0.005926,0.707089,0.707074,-0.000210,0.000000,0.000000
295,1.000000,False,False,-2000.000000,-480.259979,17.049999,0.000000,2300.000977,0.251000,-0.005926,0.005926,0.707089,0.707074,-0.000210,0.000000,0.000000
296,1.000000,False,False,-2000.000000,-461.089996,17.049999,0.000000,2300.000977,0.251000,-0.005926,0.005926,0.707089,0.707074,-0.000210,0.000000,0.000000
297,1.000000,False,False,-2000.000000,-441.919983,17.049999,0.000000,2300.000977,0.251000,-0.005926,0.005926,0.707089,0.707074,-0.000210,0.000000,0.000000
298,1.000000,False,False,-2000.000000,-422.750000,17.049999,0.000000,2300.000977,0.251000,-0.005926,0.005926,0.707089,0.707074,-0.000210,0.000000,0.000000
299,1.000000,False,False,-2000.000000,-403.579987,17.049999,0.000000,2300.000977,0.251000,-0.005926,0.005926,0.707089,0.707074,-0.000210,0.000000,0.000000
300,1.000000,False,False,-2000.000000,-384.410004,17.049999,0.000000,2300.000977,0.251000,-0.005926,0.005926,0.707089,0.707074,-0.000210,0.000000,0.000000
301,1.000000,False,False,-2000.000000,-365.239990,17.049999,0.000000,2300.000977,0.251000,-0.005926,0.005926,0.707089,0.707074,-0.000210,0.000000,0.000000
302,1.000000,False,False,-2000.000000,-346.070007,17.049999,0.000000,2300.000977,0.251000,-0.005926,0.005926,0.707089,0.707074,-0.000210,0.000000,0.000000
303,1.000000,False,False,-2000.000000,-326.899994,17.049999,0.000000,2300.000977,0.251000,-0.005926,0.005926,0.707089,0.707074,-0.000210,0.000000,0.000000
304,-1.000000,False,False,-2000.000000,-307.979980,17.049999,0.000000,2270.830811,0.251000,-0.005932,0.005932,0.707089,0.707074,-0.002710,0.000000,0.000000
305,-1.000000,False,False,-2000.000000,-289.299988,17.049999,0.000000,2241.660889,0.251000,-0.005942,0.005942,0.707089,0.707074,-0.004110,0.000000,0.000000
306,-1.000000,False,False,-2000.000000,-270.859985,17.049999,0.000000,2212.490967,0.251000,-0.005959,0.005959,0.707089,0.707074,-0.004910,0.000000,0.000000
307,-1.000000,False,False,-2000.000000,-252.669998,17.049999,0.000000,2183.321045,0.251000,-0.005975,0.005975,0.707089,0.707074,-0.005110,0.000000,0.000000
308,-1.000000,False,False,-2000.000000,-234.720001,17.049999,0.000000,2154.150879,0.251000,-0.005991,0.005991,0.707088,0.707074,-0.005110,0.000000,0.000000
309,-1.000000,False,False,-2000.000000,-217.009995,17.049999,0.000000,2124.980957,0.251000,-0.006007,0.006007,0.707088,0.707074,-0.004910,0.000000,0.000000
310,-1.000000,False,False,-2000.000000,-199.539993,17.049999,0.000000,2095.811035,0.251000,-0.006018,0.006018,0.707088,0.707074,-0.004510,0.000000,0.000000
311,-1.000000,False,False,-2000.000000,-182.319992,17.049999,0.000000,2066.640869,0.251000,-0.006029,0.006029,0.707088,0.707074,-0.004110,0.000000,0.000000
312,-1.000000,False,False,-2000.000000,-165.339996,17.049999,0.000000,2037.470947,0.251000,-0.006040,0.006039,0.707088,0.707074,-0.003710,0.000000,0.000000
313,-1.000000,False,False,-2000.000000,-148.599991,17.049999,0.000000,2008.300903,0.251000,-0.006050,0.006050,0.707087,0.707074,-0.003410,0.000000,0.000000
314,-1.000000,False,False,-2000.000000,-132.110001,17.049999,0.000000,1979.130981,0.251000,-0.006061,0.006061,0.707087,0.707074,-0.003010,0.000000,0.000000
315,-1.000000,False,False,-2000.000000,-115.860001,17.049999,0.000000,1949.960938,0.251000,-0.006066,0.006066,0.707087,0.707074,-0.002610,0.000000,0.000000
316,-1.000000,False,False,-2000.000000,-99.849998,17.049999,0.000000,1920.790894,0.251000,-0.006072,0.006072,0.707087,0.707074,-0.002310,0.000000,0.000000
317,-1.000000,False,False,-2000.000000,-84.089996,17.049999,0.000000,1891.620972,0.251000,-0.006077,0.006077,0.707087,0.707074,-0.002110,0.000000,0.000000
318,-1.000000,False,False,-2000.000000,-68.570000,17.049999,0.000000,1862.450928,0.251000,-0.006083,0.006083,0.707087,0.707074,-0.001910,0.000000,0.000000
319,-1.000000,False,False,-2000.000000,-53.289997,17.049999,0.000000,1833.280884,0.251000,-0.006088,0.006088,0.707087,0.707074,-0.001710,0.000000,0.000000
320,-1.000000,False,False,-2000.000000,-38.259998,17.049999,0.000000,1804.110962,0.251000,-0.006093,0.006093,0.707087,0.707074,-0.001510,0.000000,0.000000
321,-1.000000,False,False,-2000.000000,-23.469999,17.049999,0.000000,1774.940918,0.251000,-0.006099,0.006099,0.707087,0.707074,-0.001310,0.000000,0.000000
322,-1.000000,False,False,-2000.000000,-8.920000,17.049999,0.000000,1745.770996,0.251000,-0.006104,0.006104,0.707086,0.707074,-0.001110,0.000000,0.000000
323,-1.000000,False,False,-2000.000000,5.390000,17.049999,0.000000,1716.600952,0.251000,-0.006110,0.006110,0.707086,0.707074,-0.000910,0.000000,0.000000
324,-1.000000,False,False,-2000.000000,19.449999,17.049999,0.000000,1687.430908,0.251000,-0.006110,0.006110,0.707086,0.707074,-0.000710,0.000000,0.000000
325,-1.000000,False,False,-2000.000000,33.270000,17.049999,0.000000,1658.260986,0.251000,-0.006110,0.006110,0.707086,0.707074,-0.000610,0.000000,0.000000
326,-1.000000,False,False,-2000.000000,46.849998,17.049999,0.000000,1629.090942,0.251000,-0.006110,0.006110,0.707086,0.707074,-0.000510,0.000000,0.000000
327,-1.000000,False,False,-2000.000000,60.180000,17.049999,0.000000,1599.920898,0.251000,-0.006110,0.006110,0.707086,0.707074,-0.000510,0.000000,0.000000
328,-1.000000,False,False,-2000.000000,73.269997,17.049999,0.000000,1570.750977,0.251000,-0.006110,0.006110,0.707086,0.707074,-0.000510,0.000000,0.000000
329,-1.000000,False,False,-2000.000000,86.119995,17.049999,0.000000,1541.580933,0.251000,-0.006110,0.006110,0.707086,0.707074,-0.000510,0.000000,0.000000
330,-1.000000,False,False,-2000.000000,98.720001,17.049999,0.000000,1512.410889,0.251000,-0.006110,0.006110,0.707086,0.707074,-0.000510,0.000000,0.000000
331,-1.000000,False,False,-2000.000000,111.079994,17.049999,0.000000,1483.240967,0.251000,-0.006110,0.006110,0.707086,0.707074,-0.000510,0.000000,0.000000
332,-1.000000,False,False,-2000.000000,123.199997,17.049999,0.000000,1454.070923,0.251000,-0.006110,0.006110,0.707086,0.707074,-0.000510,0.000000,0.000000
333,-1.000000,False,False,-2000.000000,135.069992,17.049999,0.000000,1424.901001,0.251000,-0.006110,0.006110,0.707086,0.707074,-0.000510,0.000000,0.000000
334,-1.000000,False,False,-2000.000000,146.699997,17.049999,0.000000,1395.730957,0.251000,-0.006110,0.006110,0.707086,0.707074,-0.000510,0.000000,0.000000
335,-1.000000,False,False,-2000.000000,158.089996,17.049999,0.000000,1366.560913,0.251000,-0.006110,0.006110,0.707086,0.707074,-0.000510,0.000000,0.000000
336,-1.000000,False,False,-2000.000000,169.229996,17.049999,0.000000,1337.390991,0.251000,-0.006110,0.006110,0.707086,0.707074,-0.000510,0.000000,0.000000
337,-1.000000,False,False,-2000.000000,180.129990,17.049999,0.000000,1308.220947,0.251000,-0.006110,0.006110,0.707086,0.707074,-0.000510,0.000000,0.000000
338,-1.000000,False,False,-2000.000000,190.789993,17.049999,0.000000,1279.050903,0.251000,-0.006110,0.006110,0.707086,0.707074,-0.000510,0.000000,0.000000
339,-1.000000,False,False,-2000.000000,201.209991,17.049999,0.000000,1249.880981,0.251000,-0.006110,0.006110,0.707086,0.707074,-0.000510,0.000000,0.000000
340,-1.000000,False,False,-2000.000000,211.379990,17.049999,0.000000,1220.710938,0.251000,-0.006110,0.006110,0.707086,0.707074,-0.000510,0.000000,0.000000
341,-1.000000,False,False,-2000.000000,221.309998,17.049999,0.000000,1191.540894,0.251000,-0.006110,0.006110,0.707086,0.707074,-0.000510,0.000000,0.000000
342,-1.000000,False,False,-2000.000000,231.000000,17.049999,0.000000,1162.370972,0.251000,-0.006110,0.006110,0.707086,0.707074,-0.000510,0.000000,0.000000
343,-1.000000,False,False,-2000.000000,240.439987,17.049999,0.000000,1133.200928,0.251000,-0.006110,0.006110,0.707086,0.707074,-0.000510,0.000000,0.000000
344,-1.000000,False,False,-2000.000000,249.639999,17.049999,0.000000,1104.031006,0.251000,-0.006110,0.006110,0.707086,0.707074,-0.000510,0.000000,0.000000
345,-1.000000,False,False,-2000.000000,258.600006,17.049999,0.000000,1074.860962,0.251000,-0.006110,0.006110,0.707086,0.707074,-0.000510,0.000000,0.000000
346,-1.000000,False,False,-2000.000000,267.309998,17.049999,0.000000,1045.690918,0.251000,-0.006110,0.006110,0.707086,0.707074,-0.000510,0.000000,0.000000
347,-1.000000,False,False,-2000.000000,275.779999,17.049999,0.000000,1016.520935,0.251000,-0.006110,0.006110,0.707086,0.707074,-0.000510,0.000000,0.000000
348,-1.000000,False,False,-2000.000000,284.009979,17.049999,0.000000,987.350952,0.251000,-0.006110,0.006110,0.707086,0.707074,-0.000510,0.000000,0.000000
349,-1.000000,False,False,-2000.000000,291.989990,17.049999,0.000000,958.180969,0.251000,-0.006110,0.006110,0.707086,0.707074,-0.000510,0.000000,0.000000
350,-1.000000,False,False,-2000.000000,299.729980,17.049999,0.000000,929.010925,0.251000,-0.006110,0.006110,0.707086,0.707074,-0.000510,0.000000,0.000000
351,-1.000000,False,False,-2000.000000,307.229980,17.049999,0.000000,899.840942,0.251000,-0.006110,0.006110,0.707086,0.707074,-0.000510,0.000000,0.000000
352,-1.000000,False,False,-2000.000000,314.489990,17.049999,0.000000,870.670959,0.251000,-0.006110,0.006110,0.707086,0.707074,-0.000510,0.000000,0.000000
353,-1.000000,False,False,-2000.000000,321.500000,17.049999,0.000000,841.500977,0.251000,-0.006110,0.006110,0.707086,0.707074,-0.000510,0.000000,0.000000
354,-1.000000,False,False,-2000.000000,328.269989,17.049999,0.000000,812.330933,0.251000,-0.006110,0.006110,0.707086,0.707074,-0.000510,0.000000,0.000000
355,-1.000000,False,False,-2000.000000,334.799988,17.049999,0.000000,783.160950,0.251000,-0.006110,0.006110,0.707086,0.707074,-0.000510,0.000000,0.000000
356,-1.000000,False,False,-2000.000000,341.079987,17.049999,0.000000,753.990967,0.251000,-0.006110,0.006110,0.707086,0.707074,-0.000510,0.000000,0.000000
357,-1.000000,False,False,-2000.000000,347.119995,17.049999,0.000000,724.820984,0.251000,-0.006110,0.006110,0.707086,0.707074,-0.000510,0.000000,0.000000
358,-1.000000,False,False,-2000.000000,352.919983,17.049999,0.000000,695.650940,0.251000,-0.006110,0.006110,0.707086,0.707074,-0.000510,0.000000,0.000000
359,-1.000000,False,False,-2000.000000,358.470001,17.049999,0.000000,666.480957,0.251000,-0.006110,0.006110,0.707086,0.707074,-0.000510,0.000000,0.000000
360,-1.000000,False,False,-2000.000000,363.779999,17.049999,0.000000,637.310974,0.251000,-0.006110,0.006110,0.707086,0.707074,-0.000510,0.000000,0.000000
361,-1.000000,False,False,-2000.000000,368.850006,17.049999,0.000000,608.140991,0.251000,-0.006110,0.006110,0.707086,0.707074,-0.000510,0.000000,0.000000
362,-1.000000,False,False,-2000.000000,373.669983,17.049999,0.000000,578.970947,0.251000,-0.006110,0.006110,0.707086,0.707074,-0.000510,0.000000,0.000000
363,-1.000000,False,False,-2000.000000,378.250000,17.049999,0.000000,549.800964,0.251000,-0.006110,0.006110,0.707086,0.707074,-0.000510,0.000000,0.000000
364,-1.000000,False,False,-2000.000000,382.589996,17.049999,0.000000,520.630981,0.251000,-0.006110,0.006110,0.707086,0.707074,-0.000510,0.000000,0.000000
365,-1.000000,False,False,-2000.000000,386.690002,17.049999,0.000000,491.460999,0.251000,-0.006110,0.006110,0.707086,0.707074,-0.000510,0.000000,0.000000
366,-1.000000,False,False,-2000.000000,390.539978,17.049999,0.000000,462.290985,0.251000,-0.006110,0.006110,0.707086,0.707074,-0.000510,0.000000,0.000000
367,-1.000000,False,False,-2000.000000,394.149994,17.049999,0.000000,433.121002,0.251000,-0.006110,0.006110,0.707086,0.707074,-0.000510,0.000000,0.000000
368,-1.000000,False,False,-2000.000000,397.519989,17.049999,0.000000,403.950989,0.251000,-0.006110,0.006110,0.707086,0.707074,-0.000510,0.000000,0.000000
369,-1.000000,False,False,-2000.000000,400.639984,17.049999,0.000000,374.781006,0.251000,-0.006110,0.006110,0.707086,0.707074,-0.000510,0.000000,0.000000
370,-1.000000,False,False,-2000.000000,403.519989,17.049999,0.000000,345.610992,0.251000,-0.006110,0.006110,0.707086,0.707074,-0.000510,0.000000,0.000000
371,-1.000000,False,False,-2000.000000,406.160004,17.049999,0.000000,316.441010,0.251000,-0.006110,0.006110,0.707086,0.707074,-0.000510,0.000000,0.000000
372,-1.000000,False,False,-2000.000000,408.549988,17.049999,0.000000,287.270996,0.251000,-0.006110,0.006110,0.707086,0.707074,-0.000510,0.000000,0.000000
373,-1.000000,False,False,-2000.000000,410.699982,17.049999,0.000000,258.101013,0.251000,-0.006110,0.006110,0.707086,0.707074,-0.000510,0.000000,0.000000
374,-1.000000,False,False,-2000.000000,412.609985,17.049999,0.000000,228.931000,0.251000,-0.006110,0.006110,0.707086,0.707074,-0.000510,0.000000,0.000000
375,-1.000000,False,False,-2000.000000,414.269989,17.049999,0.000000,199.761002,0.251000,-0.006110,0.006110,0.707086,0.707074,-0.000510,0.000000,0.000000
376,-1.000000,False,False,-2000.000000,415.690002,17.049999,0.000000,170.591003,0.251000,-0.006110,0.006110,0.707086,0.707074,-0.000510,0.000000,0.000000
377,-1.000000,False,False,-2000.000000,416.869995,17.049999,0.000000,141.421005,0.251000,-0.006110,0.006110,0.707086,0.707074,-0.000510,0.000000,0.000000
378,-1.000000,False,False,-2000.000000,417.809998,17.049999,0.000000,112.250999,0.251000,-0.006110,0.006110,0.707086,0.707074,-0.000510,0.000000,0.000000
379,-1.000000,False,False,-2000.000000,418.500000,17.049999,0.000000,83.081001,0.251000,-0.006110,0.006110,0.707086,0.707074,-0.000510,0.000000,0.000000
380,-1.000000,False,False,-2000.000000,418.949982,17.049999,0.000000,53.910999,0.251000,-0.006110,0.006110,0.707086,0.707074,-0.000510,0.000000,0.000000
381,-1.000000,False,False,-2000.000000,419.160004,17.049999,0.000000,24.740999,0.251000,-0.006110,0.006110,0.707086,0.707074,-0.000510,0.000000,0.000000
382,-1.000000,False,False,-2000.000000,419.259979,17.049999,0.000000,11.611000,0.251000,-0.006110,0.006110,0.707086,0.707074,0.000810,0.000000,0.000000
383,-1.000000,False,False,-2000.000000,419.250000,17.049999,0.000000,-1.621000,0.251000,-0.006104,0.006104,0.707086,0.707074,0.001610,0.000000,0.000000
384,-1.000000,False,False,-2000.000000,419.130005,17.049999,0.000000,-14.941000,0.251000,-0.006099,0.006099,0.707087,0.707074,0.002110,0.000000,0.000000
385,-1.000000,False,False,-2000.000000,418.899994,17.049999,0.000000,-28.140999,0.251000,-0.006093,0.006093,0.707087,0.707074,0.002310,0.000000,0.000000
386,-1.000000,False,False,-2000.000000,418.559998,17.049999,0.000000,-41.230999,0.251000,-0.006088,0.006088,0.707087,0.707074,0.002410,0.000000,0.000000
387,-1.000000,False,False,-2000.000000,418.109985,17.049999,0.000000,-54.210999,0.251000,-0.006083,0.006083,0.707087,0.707074,0.002410,0.000000,0.000000
388,-1.000000,False,False,-2000.000000,417.549988,17.049999,0.000000,-67.070999,0.251000,-0.006077,0.006077,0.707087,0.707074,0.002310,0.000000,0.000000
389,-1.000000,False,False,-2000.000000,416.880005,17.049999,0.000000,-79.820999,0.251000,-0.006072,0.006072,0.707087,0.707074,0.002210,0.000000,0.000000
390,-1.000000,False,False,-2000.000000,416.109985,17.049999,0.000000,-92.471001,0.251000,-0.006066,0.006066,0.707087,0.707074,0.002110,0.000000,0.000000
391,-1.000000,False,False,-2000.000000,415.229980,17.049999,0.000000,-105.010994,0.251000,-0.006061,0.006061,0.707087,0.707074,0.001910,0.000000,0.000000
392,-1.000000,False,False,-2000.000000,414.250000,17.049999,0.000000,-117.440994,0.251000,-0.006056,0.006056,0.707087,0.707074,0.001810,0.000000,0.000000
393,-1.000000,False,False,-2000.000000,413.169983,17.049999,0.000000,-129.761002,0.251000,-0.006050,0.006050,0.707087,0.707074,0.001610,0.000000,0.000000
394,-1.000000,False,False,-2000.000000,411.989990,17.049999,0.000000,-141.981003,0.251000,-0.006045,0.006045,0.707087,0.707074,0.001410,0.000000,0.000000
395,-1.000000,False,False,-2000.000000,410.709991,17.049999,0.000000,-154.091003,0.251000,-0.006040,0.006039,0.707088,0.707074,0.001310,0.000000,0.000000
396,-1.000000,False,False,-2000.000000,409.329987,17.049999,0.000000,-166.100998,0.251000,-0.006034,0.006034,0.707088,0.707074,0.001110,0.000000,0.000000
397,-1.000000,False,False,-2000.000000,407.850006,17.049999,0.000000,-178.011002,0.251000,-0.006029,0.006029,0.707088,0.707074,0.001010,0.000000,0.000000
398,-1.000000,False,False,-2000.000000,406.269989,17.049999,0.000000,-189.811005,0.251000,-0.006029,0.006029,0.707088,0.707074,0.000810,0.000000,0.000000
399,-1.000000,False,False,-2000.000000,404.589996,17.049999,0.000000,-201.511002,0.251000,-0.006029,0.006029,0.707088,0.707074,0.000710,0.000000,0.000000
400,-1.000000,False,False,-2000.000000,402.809998,17.049999,0.000000,-213.111008,0.251000,-0.006029,0.006029,0.707088,0.707074,0.000710,0.000000,0.000000
401,-1.000000,False,False,-2000.000000,400.940002,17.049999,0.000000,-224.611008,0.251000,-0.006029,0.006029,0.707088,0.707074,0.000710,0.000000,0.000000
402,-1.000000,False,False,-2000.000000,398.970001,17.049999,0.000000,-236.011002,0.251000,-0.006029,0.006029,0.707088,0.707074,0.000710,0.000000,0.000000
403,-1.000000,False,False,-2000.000000,396.910004,17.049999,0.000000,-247.320999,0.251000,-0.006029,0.006029,0.707088,0.707074,0.000710,0.000000,0.000000
404,-1.000000,False,False,-2000.000000,394.759979,17.049999,0.000000,-258.531006,0.251000,-0.006029,0.006029,0.707088,0.707074,0.000710,0.000000,0.000000
405,-1.000000,False,False,-2000.000000,392.509979,17.049999,0.000000,-269.640991,0.251000,-0.006029,0.006029,0.707088,0.707074,0.000710,0.000000,0.000000
406,-1.000000,False,False,-2000.000000,390.169983,17.049999,0.000000,-280.661011,0.251000,-0.006029,0.006029,0.707088,0.707074,0.000710,0.000000,0.000000
407,-1.000000,False,False,-2000.000000,387.739990,17.049999,0.000000,-291.580994,0.251000,-0.006029,0.006029,0.707088,0.707074,0.000710,0.000000,0.000000
408,-1.000000,False,False,-2000.000000,385.220001,17.049999,0.000000,-302.411011,0.251000,-0.006029,0.006029,0.707088,0.707074,0.000710,0.000000,0.000000
409,-1.000000,False,False,-2000.000000,382.609985,17.049999,0.000000,-313.151001,0.251000,-0.006029,0.006029,0.707088,0.707074,0.000710,0.000000,0.000000
410,-1.000000,False,False,-2000.000000,379.910004,17.049999,0.000000,-323.800995,0.251000,-0.006029,0.006029,0.707088,0.707074,0.000710,0.000000,0.000000
411,-1.000000,False,False,-2000.000000,377.119995,17.049999,0.000000,-334.351013,0.251000,-0.006029,0.006029,0.707088,0.707074,0.000810,0.000000,0.000000
412,-1.000000,False,False,-2000.000000,374.250000,17.049999,0.000000,-344.811005,0.251000,-0.006029,0.006029,0.707088,0.707074,0.000810,0.000000,0.000000
413,-1.000000,False,False,-2000.000000,371.289978,17.049999,0.000000,-355.181000,0.251000,-0.006029,0.006029,0.707088,0.707074,0.000810,0.000000,0.000000
414,-1.000000,False,False,-2000.000000,368.239990,17.049999,0.000000,-365.471008,0.251000,-0.006029,0.006029,0.707088,0.707074,0.000810,0.000000,0.000000
415,-1.000000,False,False,-2000.000000,365.109985,17.049999,0.000000,-375.670990,0.251000,-0.006029,0.006029,0.707088,0.707074,0.000810,0.000000,0.000000
416,-1.000000,False,False,-2000.000000,361.899994,17.049999,0.000000,-385.781006,0.251000,-0.006029,0.006029,0.707088,0.707074,0.000910,0.000000,0.000000
417,-1.000000,False,False,-2000.000000,358.600006,17.049999,0.000000,-395.800995,0.251000,-0.006023,0.006023,0.707088,0.707074,0.000910,0.000000,0.000000
418,-1.000000,False,False,-2000.000000,355.220001,17.049999,0.000000,-405.740997,0.251000,-0.006023,0.006023,0.707088,0.707074,0.000910,0.000000,0.000000
419,-1.000000,False,False,-2000.000000,351.759979,17.049999,0.000000,-415.591003,0.251000,-0.006018,0.006023,0.707088,0.707074,0.000910,0.000000,0.000000
420,-1.000000,False,False,-2000.000000,348.220001,17.049999,0.000000,-425.360992,0.251000,-0.006018,0.006018,0.707088,0.707074,0.000810,0.000000,0.000000
421,-1.000000,False,False,-2000.000000,344.589996,17.049999,0.000000,-435.040985,0.251000,-0.006018,0.006018,0.707088,0.707074,0.000710,0.000000,0.000000
422,-1.000000,False,False,-2000.000000,340.880005,17.049999,0.000000,-444.640991,0.251000,-0.006018,0.006018,0.707088,0.707074,0.000710,0.000000,0.000000
423,-1.000000,False,False,-2000.000000,337.100006,17.049999,0.000000,-454.161011,0.251000,-0.006018,0.006018,0.707088,0.707074,0.000710,0.000000,0.000000
424,-1.000000,False,False,-2000.000000,333.239990,17.049999,0.000000,-463.600983,0.251000,-0.006018,0.006018,0.707088,0.707074,0.000710,0.000000,0.000000
425,-1.000000,False,False,-2000.000000,329.299988,17.049999,0.000000,-472.960999,0.251000,-0.006018,0.006018,0.707088,0.707074,0.000710,0.000000,0.000000
426,-1.000000,False,False,-2000.000000,325.279999,17.049999,0.000000,-482.240997,0.251000,-0.006018,0.006018,0.707088,0.707074,0.000710,0.000000,0.000000
427,-1.000000,False,False,-2000.000000,321.179993,17.049999,0.000000,-491.441010,0.251000,-0.006018,0.006018,0.707088,0.707074,0.000710,0.000000,0.000000
428,-1.000000,False,False,-2000.000000,317.009979,17.049999,0.000000,-500.561005,0.251000,-0.006018,0.006018,0.707088,0.707074,0.000710,0.000000,0.000000
429,-1.000000,False,False,-2000.000000,312.759979,17.049999,0.000000,-509.600983,0.251000,-0.006018,0.006018,0.707088,0.707074,0.000710,0.000000,0.000000
430,-1.000000,False,False,-2000.000000,308.440002,17.049999,0.000000,-518.560974,0.251000,-0.006018,0.006018,0.707088,0.707074,0.000710,0.000000,0.000000
431,-1.000000,False,False,-2000.000000,304.039978,17.049999,0.000000,-527.450989,0.251000,-0.006018,0.006018,0.707088,0.707074,0.000810,0.000000,0.000000
432,-1.000000,False,False,-2000.000000,299.570007,17.049999,0.000000,-536.260986,0.251000,-0.006018,0.006018,0.707088,0.707074,0.000810,0.000000,0.000000
433,-1.000000,False,False,-2000.000000,295.029999,17.049999,0.000000,-544.990967,0.251000,-0.006018,0.006018,0.707088,0.707074,0.000810,0.000000,0.000000
434,-1.000000,False,False,-2000.000000,290.419983,17.049999,0.000000,-553.650940,0.251000,-0.006018,0.006018,0.707088,0.707074,0.000810,0.000000,0.000000
435,-1.000000,False,False,-2000.000000,285.729980,17.049999,0.000000,-562.230957,0.251000,-0.006018,0.006018,0.707088,0.707074,0.000810,0.000000,0.000000
436,-1.000000,False,False,-2000.000000,280.970001,17.049999,0.000000,-570.740967,0.251000,-0.006018,0.006018,0.707088,0.707074,0.000910,0.000000,0.000000
437,-1.000000,False,False,-2000.000000,276.139984,17.049999,0.000000,-579.180969,0.251000,-0.006013,0.006013,0.707088,0.707074,0.000910,0.000000,0.000000
438,-1.000000,False,False,-2000.000000,271.239990,17.049999,0.000000,-587.550964,0.251000,-0.006013,0.006013,0.707088,0.707074,0.000910,0.000000,0.000000
439,-1.000000,False,False,-2000.000000,266.269989,17.049999,0.000000,-595.840942,0.251000,-0.006007,0.006013,0.707088,0.707074,0.000910,0.000000,0.000000
440,-1.000000,False,False,-2000.000000,261.239990,17.049999,0.000000,-604.060974,0.251000,-0.006007,0.006013,0.707088,0.707074,0.000810,0.000000,0.000000
441,-1.000000,False,False,-2000.000000,256.139984,17.049999,0.000000,-612.210938,0.251000,-0.006007,0.006013,0.707088,0.707074,0.000810,0.000000,0.000000
442,-1.000000,False,False,-2000.000000,250.970001,17.049999,0.000000,-620.290955,0.251000,-0.006007,0.006013,0.707088,0.707074,0.000810,0.000000,0.000000
443,-1.000000,False,False,-2000.000000,245.729996,17.049999,0.000000,-628.300964,0.251000,-0.006007,0.006013,0.707088,0.707074,0.000810,0.000000,0.000000
444,-1.000000,False,False,-2000.000000,240.429993,17.049999,0.000000,-636.240967,0.251000,-0.006007,0.006013,0.707088,0.707074,0.000810,0.000000,0.000000
445,-1.000000,False,False,-2000.000000,235.059998,17.049999,0.000000,-644.120972,0.251000,-0.006007,0.006013,0.707088,0.707074,0.000810,0.000000,0.000000
446,-1.000000,False,False,-2000.000000,229.629990,17.049999,0.000000,-651.930969,0.251000,-0.006007,0.006013,0.707088,0.707074,0.000810,0.000000,0.000000
447,-1.000000,False,False,-2000.000000,224.129990,17.049999,0.000000,-659.670959,0.251000,-0.006007,0.006013,0.707088,0.707074,0.000810,0.000000,0.000000
448,-1.000000,False,False,-2000.000000,218.569992,17.049999,0.000000,-667.350952,0.251000,-0.006007,0.006013,0.707088,0.707074,0.000810,0.000000,0.000000
449,-1.000000,False,False,-2000.000000,212.949997,17.049999,0.000000,-674.960938,0.251000,-0.006007,0.006013,0.707088,0.707074,0.000810,0.000000,0.000000
450,-1.000000,False,False,-2000.000000,207.259995,17.049999,0.000000,-682.500977,0.251000,-0.006007,0.006013,0.707088,0.707074,0.000810,0.000000,0.000000
451,-1.000000,False,False,-2000.000000,201.509995,17.049999,0.000000,-689.980957,0.251000,-0.006007,0.006013,0.707088,0.707074,0.000810,0.000000,0.000000
452,-1.000000,False,False,-2000.000000,195.699997,17.049999,0.000000,-697.400940,0.251000,-0.006007,0.006007,0.707088,0.707074,0.000810,0.000000,0.000000
