frame,input.bJump,input.bJumped,input.Pitch,input.DodgeForward,input.Roll,car.Location.X,car.Location.Y,car.Location.Z,car.LinearVelocity.X,car.LinearVelocity.Y,car.LinearVelocity.Z,car.Quaternion.X,car.Quaternion.Y,car.Quaternion.Z,car.Quaternion.W,car.AngularVelocity.X,car.AngularVelocity.Y,car.AngularVelocity.Z
0,False,False,0.000000,0.000000,0.000000,0.320000,0.000000,17.049999,0.000000,0.000000,0.271000,0.000003,0.008408,0.000003,0.999965,0.000000,-0.000410,0.000000
1,True,True,0.000000,0.000000,0.000000,0.310000,0.000000,19.520000,-1.091000,0.000000,295.920990,0.000003,0.008408,0.000003,0.999965,0.000000,0.000110,0.000000
2,True,True,0.000000,0.000000,0.000000,0.310000,0.000000,22.020000,0.491000,0.000000,299.941010,0.000003,0.008408,0.000003,0.999965,0.000000,0.000000,0.000000
3,True,True,0.000000,0.000000,0.000000,0.310000,0.000000,24.549999,0.071000,0.000000,303.960999,0.000003,0.008408,0.000003,0.999965,0.000000,0.000000,0.000000
4,True,True,0.000000,0.000000,0.000000,0.310000,0.000000,27.119999,0.181000,0.000000,307.980988,0.000003,0.008408,0.000003,0.999965,0.000000,0.000000,0.000000
5,True,True,0.000000,0.000000,0.000000,0.310000,0.000000,29.719999,0.151000,0.000000,312.001007,0.000003,0.008408,0.000003,0.999965,0.000000,0.000000,0.000000
6,True,True,0.000000,0.000000,0.000000,0.310000,0.000000,32.349998,0.161000,0.000000,316.020996,0.000003,0.008408,0.000003,0.999965,0.000000,0.000000,0.000000
7,True,True,0.000000,0.000000,0.000000,0.310000,0.000000,35.020000,0.361000,0.000000,320.040985,0.000003,0.008408,0.000003,0.999965,0.000000,0.000000,0.000000
8,True,True,0.000000,0.000000,0.000000,0.310000,0.000000,37.739998,0.561000,0.000000,326.770996,0.000003,0.008408,0.000003,0.999965,0.000000,0.000000,0.000000
9,True,True,0.000000,0.000000,0.000000,0.320000,0.000000,40.520000,0.761000,0.000000,333.501007,0.000003,0.008408,0.000003,0.999965,0.000000,0.000000,0.000000
10,True,True,0.000000,0.000000,0.000000,0.330000,0.000000,43.360001,0.961000,0.000000,340.230988,0.000003,0.008408,0.000003,0.999965,0.000000,0.000000,0.000000
11,True,True,0.000000,0.000000,0.000000,0.340000,0.000000,46.250000,1.161000,0.000000,346.960999,0.000003,0.008408,0.000003,0.999965,0.000000,0.000000,0.000000
12,True,True,0.000000,0.000000,0.000000,0.350000,0.000000,49.200001,1.361000,0.000000,353.691010,0.000003,0.008408,0.000003,0.999965,0.000000,0.000000,0.000000
13,True,True,0.000000,0.000000,0.000000,0.360000,0.000000,52.199997,1.561000,0.000000,360.420990,0.000003,0.008408,0.000003,0.999965,0.000000,0.000000,0.000000
14,True,True,0.000000,0.000000,0.000000,0.370000,0.000000,55.259998,1.761000,0.000000,367.151001,0.000003,0.008408,0.000003,0.999965,0.000000,0.000000,0.000000
15,True,True,0.000000,0.000000,0.000000,0.390000,0.000000,58.379997,1.961000,0.000000,373.881012,0.000003,0.008408,0.000003,0.999965,0.000000,0.000000,0.000000
16,True,True,0.000000,0.000000,0.000000,0.410000,0.000000,61.549999,2.161000,0.000000,380.610992,0.000003,0.008408,0.000003,0.999965,0.000000,0.000000,0.000000
17,True,True,0.000000,0.000000,0.000000,0.430000,0.000000,64.779999,2.361000,0.000000,387.341003,0.000003,0.008408,0.000003,0.999965,0.000000,0.000000,0.000000
18,True,True,0.000000,0.000000,0.000000,0.450000,0.000000,68.059998,2.561000,0.000000,394.070984,0.000003,0.008408,0.000003,0.999965,0.000000,0.000000,0.000000
19,True,True,0.000000,0.000000,0.000000,0.470000,0.000000,71.400002,2.761000,0.000000,400.800995,0.000003,0.008408,0.000003,0.999965,0.000000,0.000000,0.000000
20,True,True,0.000000,0.000000,0.000000,0.490000,0.000000,74.799995,2.961000,0.000000,407.531006,0.000003,0.008408,0.000003,0.999965,0.000000,0.000000,0.000000
21,False,False,0.000000,0.000000,0.000000,0.510000,0.000000,78.150002,2.961000,0.000000,402.110992,0.000003,0.008408,0.000003,0.999965,0.000000,0.000000,0.000000
22,False,False,0.000000,0.000000,0.000000,0.530000,0.000000,81.459999,2.961000,0.000000,396.691010,0.000003,0.008408,0.000003,0.999965,0.000000,0.000000,0.000000
23,False,False,0.000000,0.000000,0.000000,0.550000,0.000000,84.720001,2.961000,0.000000,391.270996,0.000003,0.008408,0.000003,0.999965,0.000000,0.000000,0.000000
24,False,False,0.000000,0.000000,0.000000,0.570000,0.000000,87.939995,2.961000,0.000000,385.851013,0.000003,0.008408,0.000003,0.999965,0.000000,0.000000,0.000000
25,False,False,0.000000,0.000000,0.000000,0.590000,0.000000,91.110001,2.961000,0.000000,380.431000,0.000003,0.008408,0.000003,0.999965,0.000000,0.000000,0.000000
26,False,False,0.000000,0.000000,0.000000,0.610000,0.000000,94.239998,2.961000,0.000000,375.010986,0.000003,0.008408,0.000003,0.999965,0.000000,0.000000,0.000000
27,False,False,0.000000,0.000000,0.000000,0.630000,0.000000,97.320000,2.961000,0.000000,369.591003,0.000003,0.008408,0.000003,0.999965,0.000000,0.000000,0.000000
28,False,False,0.000000,0.000000,0.000000,0.650000,0.000000,100.349998,2.961000,0.000000,364.170990,0.000003,0.008408,0.000003,0.999965,0.000000,0.000000,0.000000
29,False,False,0.000000,0.000000,0.000000,0.670000,0.000000,103.339996,2.961000,0.000000,358.751007,0.000003,0.008408,0.000003,0.999965,0.000000,0.000000,0.000000
30,False,False,0.000000,0.000000,0.000000,0.690000,0.000000,106.279999,2.961000,0.000000,353.330994,0.000003,0.008408,0.000003,0.999965,0.000000,0.000000,0.000000
31,False,False,0.000000,0.000000,0.000000,0.710000,0.000000,109.180000,2.961000,0.000000,347.911011,0.000003,0.008408,0.000003,0.999965,0.000000,0.000000,0.000000
32,False,False,0.000000,0.000000,0.000000,0.730000,0.000000,112.029999,2.961000,0.000000,342.490997,0.000003,0.008408,0.000003,0.999965,0.000000,0.000000,0.000000
33,False,False,0.000000,0.000000,0.000000,0.750000,0.000000,114.839996,2.961000,0.000000,337.071014,0.000003,0.008408,0.000003,0.999965,0.000000,0.000000,0.000000
34,False,False,0.000000,0.000000,0.000000,0.770000,0.000000,117.599998,2.961000,0.000000,331.651001,0.000003,0.008408,0.000003,0.999965,0.000000,0.000000,0.000000
35,False,False,0.000000,0.000000,0.000000,0.790000,0.000000,120.320000,2.961000,0.000000,326.230988,0.000003,0.008408,0.000003,0.999965,0.000000,0.000000,0.000000
36,False,False,0.000000,0.000000,0.000000,0.810000,0.000000,122.989998,2.961000,0.000000,320.811005,0.000003,0.008408,0.000003,0.999965,0.000000,0.000000,0.000000
37,False,False,0.000000,0.000000,0.000000,0.830000,0.000000,125.619995,2.961000,0.000000,315.390991,0.000003,0.008408,0.000003,0.999965,0.000000,0.000000,0.000000
38,False,False,0.000000,0.000000,0.000000,0.850000,0.000000,128.199997,2.961000,0.000000,309.971008,0.000003,0.008408,0.000003,0.999965,0.000000,0.000000,0.000000
39,False,False,0.000000,0.000000,0.000000,0.870000,0.000000,130.739990,2.961000,0.000000,304.550995,0.000003,0.008408,0.000003,0.999965,0.000000,0.000000,0.000000
40,False,False,0.000000,0.000000,0.000000,0.890000,0.000000,133.229996,2.961000,0.000000,299.131012,0.000003,0.008408,0.000003,0.999965,0.000000,0.000000,0.000000
41,False,False,0.000000,0.000000,0.000000,0.910000,0.000000,135.679993,2.961000,0.000000,293.710999,0.000003,0.008408,0.000003,0.999965,0.000000,0.000000,0.000000
42,False,False,0.000000,0.000000,0.000000,0.930000,0.000000,138.080002,2.961000,0.000000,288.291016,0.000003,0.008408,0.000003,0.999965,0.000000,0.000000,0.000000
43,False,False,0.000000,0.000000,0.000000,0.950000,0.000000,140.440002,2.961000,0.000000,282.871002,0.000003,0.008408,0.000003,0.999965,0.000000,0.000000,0.000000
44,False,False,0.000000,0.000000,0.000000,0.970000,0.000000,142.750000,2.961000,0.000000,277.450989,0.000003,0.008408,0.000003,0.999965,0.000000,0.000000,0.000000
45,False,False,0.000000,0.000000,0.000000,0.990000,0.000000,145.020004,2.961000,0.000000,272.031006,0.000003,0.008408,0.000003,0.999965,0.000000,0.000000,0.000000
46,False,False,0.000000,0.000000,0.000000,1.010000,0.000000,147.239990,2.961000,0.000000,266.610992,0.000003,0.008408,0.000003,0.999965,0.000000,0.000000,0.000000
47,False,False,0.000000,0.000000,0.000000,1.030000,0.000000,149.419998,2.961000,0.000000,261.191010,0.000003,0.008408,0.000003,0.999965,0.000000,0.000000,0.000000
48,False,False,0.000000,0.000000,0.000000,1.050000,0.000000,151.550003,2.961000,0.000000,255.770996,0.000003,0.008408,0.000003,0.999965,0.000000,0.000000,0.000000
49,False,False,0.000000,0.000000,0.000000,1.070000,0.000000,153.639999,2.961000,0.000000,250.350998,0.000003,0.008408,0.000003,0.999965,0.000000,0.000000,0.000000
50,False,False,0.000000,0.000000,0.000000,1.090000,0.000000,155.679993,2.961000,0.000000,244.931000,0.000003,0.008408,0.000003,0.999965,0.000000,0.000000,0.000000
51,False,False,0.000000,0.000000,0.000000,1.110000,0.000000,157.679993,2.961000,0.000000,239.511002,0.000003,0.008408,0.000003,0.999965,0.000000,0.000000,0.000000
52,False,False,0.000000,0.000000,0.000000,1.130000,0.000000,159.629990,2.961000,0.000000,234.091003,0.000003,0.008408,0.000003,0.999965,0.000000,0.000000,0.000000
53,False,False,0.000000,0.000000,0.000000,1.150000,0.000000,161.539993,2.961000,0.000000,228.671005,0.000003,0.008408,0.000003,0.999965,0.000000,0.000000,0.000000
54,False,False,0.000000,0.000000,0.000000,1.170000,0.000000,163.399994,2.961000,0.000000,223.251007,0.000003,0.008408,0.000003,0.999965,0.000000,0.000000,0.000000
55,False,False,0.000000,0.000000,0.000000,1.190000,0.000000,165.220001,2.961000,0.000000,217.831009,0.000003,0.008408,0.000003,0.999965,0.000000,0.000000,0.000000
56,False,False,0.000000,0.000000,0.000000,1.210000,0.000000,166.989990,2.961000,0.000000,212.410995,0.000003,0.008408,0.000003,0.999965,0.000000,0.000000,0.000000
57,False,False,0.000000,0.000000,0.000000,1.230000,0.000000,168.709991,2.961000,0.000000,206.990997,0.000003,0.008408,0.000003,0.999965,0.000000,0.000000,0.000000
58,False,False,0.000000,0.000000,0.000000,1.250000,0.000000,170.389999,2.961000,0.000000,201.570999,0.000003,0.008408,0.000003,0.999965,0.000000,0.000000,0.000000
59,False,False,0.000000,0.000000,0.000000,1.270000,0.000000,172.019989,2.961000,0.000000,196.151001,0.000003,0.008408,0.000003,0.999965,0.000000,0.000000,0.000000
60,False,False,0.000000,0.000000,0.000000,1.290000,0.000000,173.610001,2.961000,0.000000,190.731003,0.000003,0.008408,0.000003,0.999965,0.000000,0.000000,0.000000
61,False,False,0.000000,0.000000,0.000000,1.310000,0.000000,175.149994,2.961000,0.000000,185.311005,0.000003,0.008408,0.000003,0.999965,0.000000,0.000000,0.000000
62,False,False,0.000000,0.000000,0.000000,1.330000,0.000000,176.649994,2.961000,0.000000,179.891006,0.000003,0.008408,0.000003,0.999965,0.000000,0.000000,0.000000
63,False,False,0.000000,0.000000,0.000000,1.350000,0.000000,178.099991,2.961000,0.000000,174.471008,0.000003,0.008408,0.000003,0.999965,0.000000,0.000000,0.000000
64,False,False,0.000000,0.000000,0.000000,1.370000,0.000000,179.509995,2.961000,0.000000,169.051010,0.000003,0.008408,0.000003,0.999965,0.000000,0.000000,0.000000
65,False,False,0.000000,0.000000,0.000000,1.390000,0.000000,180.869995,2.961000,0.000000,163.630997,0.000003,0.008408,0.000003,0.999965,0.000000,0.000000,0.000000
66,False,False,0.000000,0.000000,0.000000,1.410000,0.000000,182.190002,2.961000,0.000000,158.210999,0.000003,0.008408,0.000003,0.999965,0.000000,0.000000,0.000000
67,False,False,0.000000,0.000000,0.000000,1.430000,0.000000,183.459991,2.961000,0.000000,152.791000,0.000003,0.008408,0.000003,0.999965,0.000000,0.000000,0.000000
68,False,False,0.000000,0.000000,0.000000,1.450000,0.000000,184.690002,2.961000,0.000000,147.371002,0.000003,0.008408,0.000003,0.999965,0.000000,0.000000,0.000000
69,False,False,0.000000,0.000000,0.000000,1.470000,0.000000,185.869995,2.961000,0.000000,141.951004,0.000003,0.008408,0.000003,0.999965,0.000000,0.000000,0.000000
70,False,False,0.000000,0.000000,0.000000,1.490000,0.000000,187.009995,2.961000,0.000000,136.531006,0.000003,0.008408,0.000003,0.999965,0.000000,0.000000,0.000000
71,True,True,-1.000000,1.000000,-1.000000,4.460000,-2.950000,188.099991,356.510986,-353.640991,131.111008,0.007723,0.013894,-0.000062,0.999874,1.852610,1.316610,-0.031110
72,True,True,-1.000000,1.000000,-1.000000,7.430000,-5.900000,189.149994,356.510986,-353.640991,125.690994,0.022850,0.024727,-0.000186,0.999433,3.631210,2.601710,-0.060610
73,True,True,-1.000000,1.000000,-1.000000,10.400000,-8.849999,190.149994,356.510986,-353.640991,120.270996,0.045076,0.040771,-0.000370,0.998151,4.458210,3.220010,-0.073210
74,True,True,-1.000000,1.000000,-1.000000,13.370000,-11.800000,191.110001,356.510986,-353.640991,114.850998,0.070567,0.059286,-0.000575,0.995743,4.447910,3.234210,-0.071110
75,True,True,-1.000000,1.000000,-1.000000,16.340000,-14.750000,192.019989,356.510986,-353.640991,109.431000,0.095944,0.077801,-0.000769,0.992341,4.440810,3.244110,-0.068810
76,True,True,-1.000000,1.000000,-1.000000,19.309999,-17.699999,192.889999,356.510986,-353.640991,104.010994,0.121197,0.096279,-0.000958,0.987948,4.435810,3.250910,-0.066710
77,True,True,-1.000000,1.000000,-1.000000,22.279999,-20.650000,193.709991,356.510986,-353.640991,98.590996,0.146310,0.114686,-0.001141,0.982568,4.432410,3.255710,-0.064810
78,True,True,-1.000000,1.000000,-1.000000,25.250000,-23.600000,194.489990,356.510986,-353.640991,93.170998,0.171261,0.133001,-0.001319,0.976206,4.430010,3.258910,-0.063210
79,True,True,-1.000000,1.000000,-1.000000,28.219999,-26.549999,195.220001,356.510986,-353.640991,87.750999,0.196034,0.151198,-0.001492,0.968869,4.428410,3.261110,-0.061910
80,True,True,-1.000000,1.000000,-1.000000,31.189999,-29.500000,195.909988,356.510986,-353.640991,82.331001,0.220602,0.169249,-0.001659,0.960566,4.427310,3.262610,-0.060910
81,True,True,-1.000000,1.000000,-1.000000,34.160000,-32.450001,196.550003,356.510986,-353.640991,76.910995,0.244944,0.187138,-0.001821,0.951304,4.426510,3.263710,-0.060110
82,True,True,-1.000000,1.000000,-1.000000,37.130001,-35.399998,197.149994,356.510986,-353.640991,71.490997,0.269037,0.204849,-0.001983,0.941091,4.426010,3.264410,-0.059510
83,True,True,-1.000000,1.000000,-1.000000,40.099998,-38.349998,197.699997,356.510986,-353.640991,66.070999,0.292860,0.222355,-0.002139,0.929939,4.425610,3.264910,-0.059010
84,True,True,-1.000000,1.000000,-1.000000,43.070000,-41.299999,198.209991,356.510986,-353.640991,60.650997,0.316387,0.239640,-0.002290,0.917860,4.425410,3.265210,-0.058710
85,True,True,-1.000000,1.000000,-1.000000,46.039997,-44.250000,198.669998,356.510986,-353.640991,55.230999,0.339601,0.256688,-0.002441,0.904863,4.425210,3.265410,-0.058410
86,True,True,-1.000000,1.000000,-1.000000,49.009998,-47.200001,199.089996,356.510986,-353.640991,49.810997,0.362475,0.273482,-0.002587,0.890962,4.425110,3.265610,-0.058210
87,True,True,-1.000000,1.000000,-1.000000,51.980000,-50.149998,199.459991,356.510986,-353.640991,44.390999,0.384982,0.290006,-0.002732,0.876172,4.425110,3.265710,-0.058010
88,True,True,-1.000000,1.000000,-1.000000,54.949997,-53.099998,199.779999,356.510986,-353.640991,38.970997,0.407106,0.306239,-0.002873,0.860508,4.425010,3.265710,-0.057910
89,True,True,-1.000000,1.000000,-1.000000,57.919998,-56.049999,199.949997,356.510986,-353.640991,19.910999,0.428826,0.322165,-0.003013,0.843984,4.425010,3.265810,-0.057810
90,True,True,-1.000000,1.000000,-1.000000,60.889999,-59.000000,200.009995,356.510986,-353.640991,7.521000,0.450114,0.337772,-0.003148,0.826618,4.425010,3.265810,-0.057810
91,True,True,-1.000000,1.000000,-1.000000,63.859997,-61.949997,200.009995,356.510986,-353.640991,-0.521000,0.470954,0.353040,-0.003277,0.808427,4.425010,3.265810,-0.057810
92,True,True,-1.000000,1.000000,-1.000000,66.830002,-64.900002,199.959991,356.510986,-353.640991,-5.751000,0.491325,0.367956,-0.003407,0.789428,4.425010,3.265810,-0.057710
93,True,True,-1.000000,1.000000,-1.000000,69.799995,-67.849998,199.879990,356.510986,-353.640991,-9.151000,0.511205,0.382506,-0.003531,0.769640,4.425010,3.265810,-0.057710
94,True,True,-1.000000,1.000000,-1.000000,72.769997,-70.799995,199.789993,356.510986,-353.640991,-11.361000,0.530572,0.396673,-0.003650,0.749086,4.425010,3.265810,-0.057710
95,True,True,-1.000000,1.000000,-1.000000,75.739998,-73.750000,199.679993,356.510986,-353.640991,-12.801000,0.549411,0.410446,-0.003768,0.727783,4.425010,3.265810,-0.057710
96,True,True,-1.000000,1.000000,-1.000000,78.709999,-76.699997,199.569992,356.510986,-353.640991,-13.731000,0.567699,0.423809,-0.003882,0.705754,4.425010,3.265810,-0.057710
97,True,True,-1.000000,1.000000,-1.000000,81.680000,-79.650002,199.449997,356.510986,-353.640991,-14.341001,0.585421,0.436746,-0.003989,0.683022,4.425010,3.265810,-0.057710
98,True,True,-1.000000,1.000000,-1.000000,84.650002,-82.599998,199.330002,356.510986,-353.640991,-14.731000,0.602561,0.449251,-0.004097,0.659604,4.425010,3.265810,-0.057710
99,True,True,-1.000000,1.000000,-1.000000,87.619995,-85.549995,199.209991,356.510986,-353.640991,-14.991000,0.619101,0.461303,-0.004200,0.635528,4.425010,3.265810,-0.057710
100,True,True,-1.000000,1.000000,-1.000000,90.589996,-88.500000,199.080002,356.510986,-353.640991,-15.161000,0.635019,0.472896,-0.004297,0.610820,4.425010,3.265810,-0.057710
101,True,True,-1.000000,1.000000,-1.000000,93.559998,-91.449997,198.949997,356.510986,-353.640991,-15.271000,0.650302,0.484020,-0.004389,0.585502,4.425010,3.265810,-0.057710
102,True,True,-1.000000,1.000000,-1.000000,96.529999,-94.400002,198.819992,356.510986,-353.640991,-15.341000,0.664940,0.494659,-0.004475,0.559596,4.425010,3.265810,-0.057710
103,True,True,-1.000000,1.000000,-1.000000,99.500000,-97.349998,198.690002,356.510986,-353.640991,-15.381001,0.678913,0.504801,-0.004561,0.533135,4.425010,3.265810,-0.057710
104,True,True,-1.000000,1.000000,-1.000000,102.470001,-100.299995,198.559998,356.510986,-353.640991,-15.411000,0.692208,0.514442,-0.004642,0.506139,4.425010,3.265810,-0.057710
105,True,True,-1.000000,1.000000,-1.000000,105.439995,-103.250000,198.429993,356.510986,-353.640991,-15.431000,0.704812,0.523570,-0.004718,0.478636,4.425010,3.265810,-0.057710
106,True,True,-1.000000,1.000000,-1.000000,108.409996,-106.199997,198.300003,356.510986,-353.640991,-15.441000,0.716711,0.532174,-0.004788,0.450659,4.425010,3.265810,-0.057710
107,True,True,-1.000000,1.000000,-1.000000,111.379997,-109.149994,198.169998,356.510986,-353.640991,-15.451000,0.727898,0.540245,-0.004853,0.422228,4.425010,3.265810,-0.057710
108,True,True,-1.000000,1.000000,-1.000000,114.349998,-112.099998,198.039993,356.510986,-353.640991,-15.451000,0.738357,0.547776,-0.004912,0.393377,4.425010,3.265810,-0.057710
109,True,True,-1.000000,1.000000,-1.000000,117.320000,-115.049995,197.909988,356.510986,-353.640991,-15.451000,0.748079,0.554762,-0.004966,0.364131,4.425010,3.265810,-0.057610
110,True,True,-1.000000,1.000000,-1.000000,120.290001,-118.000000,197.779999,356.510986,-353.640991,-15.451000,0.757054,0.561193,-0.005014,0.334525,4.425010,3.265810,-0.057610
111,True,True,-1.000000,1.000000,-1.000000,123.259995,-120.949997,197.649994,356.510986,-353.640991,-15.451000,0.765269,0.567068,-0.005058,0.304583,4.425010,3.265810,-0.057610
112,True,True,-1.000000,1.000000,-1.000000,126.229996,-123.899994,197.519989,356.510986,-353.640991,-15.451000,0.772720,0.572377,-0.005101,0.274340,4.425010,3.265810,-0.057610
113,True,True,-1.000000,1.000000,-1.000000,129.199997,-126.849998,197.389999,356.510986,-353.640991,-15.451000,0.779400,0.577113,-0.005139,0.243821,4.425010,3.265810,-0.057610
114,True,True,-1.000000,1.000000,-1.000000,132.169998,-129.800003,197.259995,356.510986,-353.640991,-15.451000,0.785303,0.581273,-0.005171,0.213060,4.425010,3.265810,-0.057610
115,True,True,-1.000000,1.000000,-1.000000,135.139999,-132.750000,197.129990,356.510986,-353.640991,-15.451000,0.790424,0.584849,-0.005198,0.182083,4.425010,3.265810,-0.057610
116,True,True,-1.000000,1.000000,-1.000000,138.110001,-135.699997,197.000000,356.510986,-353.640991,-15.451000,0.794754,0.587844,-0.005219,0.150928,4.425010,3.265810,-0.057610
117,True,True,-1.000000,1.000000,-1.000000,141.080002,-138.649994,196.869995,356.510986,-353.640991,-15.451000,0.798291,0.590250,-0.005236,0.119622,4.425010,3.265810,-0.057610
118,True,True,-1.000000,1.000000,-1.000000,144.050003,-141.599991,196.739990,356.510986,-353.640991,-15.451000,0.801030,0.592068,-0.005246,0.088197,4.425010,3.265810,-0.057610
119,True,True,-1.000000,1.000000,-1.000000,147.020004,-144.550003,196.610001,356.510986,-353.640991,-15.451000,0.802972,0.593292,-0.005252,0.056681,4.425010,3.265810,-0.057610
120,True,True,-1.000000,1.000000,-1.000000,149.989990,-147.500000,196.479996,356.510986,-353.640991,-15.451000,0.804108,0.593929,-0.005252,0.025110,4.425010,3.265810,-0.057610
121,True,True,-1.000000,1.000000,-1.000000,152.959991,-150.449997,196.349991,356.510986,-353.640991,-15.451000,0.804442,0.593972,-0.005246,-0.006487,4.425010,3.265810,-0.057610
122,True,True,-1.000000,1.000000,-1.000000,155.929993,-153.399994,196.220001,356.510986,-353.640991,-15.451000,0.803973,0.593422,-0.005236,-0.038079,4.425010,3.265810,-0.057610
123,True,True,-1.000000,1.000000,-1.000000,158.899994,-156.349991,196.089996,356.510986,-353.640991,-15.451000,0.802702,0.592278,-0.005219,-0.069634,4.425010,3.265810,-0.057610
124,True,True,-1.000000,1.000000,-1.000000,161.869995,-159.300003,195.959991,356.510986,-353.640991,-15.451000,0.800631,0.590541,-0.005198,-0.101118,4.425010,3.265810,-0.057610
125,True,True,-1.000000,1.000000,-1.000000,164.839996,-162.250000,195.830002,356.510986,-353.640991,-15.451000,0.797759,0.588216,-0.005171,-0.132499,4.425010,3.265810,-0.057610
126,True,True,-1.000000,1.000000,-1.000000,167.809998,-165.199997,195.699997,356.510986,-353.640991,-15.451000,0.794092,0.585302,-0.005139,-0.163746,4.425010,3.265810,-0.057610
127,True,True,-1.000000,1.000000,-1.000000,170.779999,-168.149994,195.569992,356.510986,-353.640991,-15.451000,0.789630,0.581807,-0.005101,-0.194831,4.425010,3.265810,-0.057610
128,True,True,-1.000000,1.000000,-1.000000,173.750000,-171.099991,195.440002,356.510986,-353.640991,-15.451000,0.784381,0.577728,-0.005058,-0.225722,4.425010,3.265810,-0.057610
129,True,True,-1.000000,1.000000,-1.000000,176.720001,-174.050003,195.309998,356.510986,-353.640991,-15.451000,0.778350,0.573073,-0.005009,-0.256386,4.425010,3.265810,-0.057610
130,True,True,-1.000000,1.000000,-1.000000,179.690002,-177.000000,195.179993,356.510986,-353.640991,-15.451000,0.771541,0.567845,-0.004955,-0.286797,4.425010,3.265810,-0.057610
131,True,True,-1.000000,1.000000,-1.000000,182.659988,-179.949997,195.050003,356.510986,-353.640991,-15.451000,0.763961,0.562051,-0.004896,-0.316921,4.425010,3.265810,-0.057610
132,True,True,-1.000000,1.000000,-1.000000,185.629990,-182.899994,194.919998,356.510986,-353.640991,-15.451000,0.755618,0.555696,-0.004831,-0.346728,4.425010,3.265810,-0.057610
133,True,True,-1.000000,1.000000,-1.000000,188.599991,-185.849991,194.789993,356.510986,-353.640991,-15.451000,0.746521,0.548785,-0.004766,-0.376189,4.425010,3.265810,-0.057610
134,True,True,-1.000000,1.000000,-1.000000,191.569992,-188.800003,194.659988,356.510986,-353.640991,-15.451000,0.736678,0.541329,-0.004696,-0.405272,4.425010,3.265810,-0.057610
135,True,True,-1.000000,1.000000,-1.000000,194.539993,-191.750000,194.529999,356.510986,-353.640991,-15.451000,0.726103,0.533329,-0.004621,-0.433951,4.425010,3.265810,-0.057610
136,True,True,-1.000000,1.000000,-1.000000,197.509995,-194.699997,194.399994,356.510986,-353.640991,-15.451000,0.714799,0.524800,-0.004540,-0.462198,4.425010,3.265810,-0.057610
137,True,True,-1.000000,1.000000,-1.000000,200.479996,-197.649994,194.269989,356.510986,-353.640991,-15.451000,0.702779,0.515747,-0.004453,-0.489987,4.425010,3.265810,-0.057610
138,True,True,-1.000000,1.000000,-1.000000,203.449997,-200.599991,194.139999,356.510986,-353.640991,-15.451000,0.690060,0.506177,-0.004362,-0.517285,4.425010,3.265810,-0.057610
139,True,True,-1.000000,1.000000,-1.000000,206.419998,-203.550003,194.009995,356.510986,-353.640991,-15.451000,0.676650,0.496105,-0.004270,-0.544065,4.425010,3.265810,-0.057610
140,True,True,-1.000000,1.000000,-1.000000,209.389999,-206.500000,193.879990,356.510986,-353.640991,-15.451000,0.662567,0.485536,-0.004173,-0.570300,4.425010,3.265810,-0.057610
141,True,True,-1.000000,1.000000,-1.000000,212.360001,-209.449997,193.750000,356.510986,-353.640991,-15.451000,0.647821,0.474482,-0.004070,-0.595968,4.425010,3.265810,-0.057610
142,True,True,-1.000000,1.000000,-1.000000,215.330002,-212.399994,193.619995,356.510986,-353.640991,-15.451000,0.632427,0.462954,-0.003962,-0.621043,4.425010,3.265810,-0.057610
143,True,True,-1.000000,1.000000,-1.000000,218.299988,-215.349991,193.489990,356.510986,-353.640991,-15.451000,-0.616404,-0.450961,0.003849,0.645497,4.425010,3.265810,-0.057610
144,True,True,-1.000000,1.000000,-1.000000,221.269989,-218.299988,193.360001,356.510986,-353.640991,-15.451000,-0.599766,-0.438520,0.003736,0.669303,4.425010,3.265810,-0.057610
145,True,True,-1.000000,1.000000,-1.000000,224.239990,-221.250000,193.229996,356.510986,-353.640991,-15.451000,-0.582530,-0.425643,0.003617,0.692441,4.425010,3.265810,-0.057610
146,True,True,-1.000000,1.000000,-1.000000,227.209991,-224.199997,193.099991,356.510986,-353.640991,-15.451000,-0.564710,-0.412339,0.003493,0.714889,4.425010,3.265810,-0.057610
147,True,True,-1.000000,1.000000,-1.000000,230.179993,-227.149994,192.970001,356.510986,-353.640991,-15.451000,-0.546325,-0.398626,0.003369,0.736624,4.425010,3.265810,-0.057610
148,True,True,-1.000000,1.000000,-1.000000,233.149994,-230.099991,192.839996,356.510986,-353.640991,-15.451000,-0.527395,-0.384513,0.003240,0.757624,4.425010,3.265810,-0.057510
149,True,True,-1.000000,1.000000,-1.000000,236.119995,-233.049988,192.709991,356.510986,-353.640991,-15.451000,-0.507941,-0.370017,0.003110,0.777865,4.425010,3.265810,-0.057510
150,True,True,-1.000000,1.000000,-1.000000,239.089996,-236.000000,192.539993,356.510986,-353.640991,-20.860998,-0.493046,-0.359519,0.003396,0.792238,4.442910,3.240810,0.085210
151,True,True,-1.000000,1.000000,-1.000000,242.059998,-238.949997,192.319992,356.510986,-353.640991,-26.270998,-0.477611,-0.349209,0.004043,0.806179,4.460810,3.209610,0.220410
152,True,True,-1.000000,1.000000,-1.000000,245.029999,-241.899994,192.059998,356.510986,-353.640991,-31.680998,-0.461664,-0.339088,0.005020,0.819671,4.478810,3.173010,0.348010
153,True,True,-1.000000,1.000000,-1.000000,248.000000,-244.849991,191.750000,356.510986,-353.640991,-37.091000,-0.445232,-0.329162,0.006304,0.832695,4.497010,3.131710,0.468210
154,True,True,-1.000000,1.000000,-1.000000,250.970001,-247.799988,191.399994,356.510986,-353.640991,-42.500999,-0.428330,-0.319424,0.007874,0.845245,4.515210,3.086210,0.581010
155,True,True,-1.000000,1.000000,-1.000000,253.939987,-250.750000,191.000000,356.510986,-353.640991,-47.910999,-0.410985,-0.309881,0.009703,0.857304,4.533610,3.037210,0.686510
156,True,True,-1.000000,1.000000,-1.000000,256.910004,-253.699997,190.559998,356.510986,-353.640991,-53.320999,-0.393220,-0.300526,0.011769,0.868863,4.552110,2.985210,0.784910
157,True,True,-1.000000,1.000000,-1.000000,259.880005,-256.649994,190.069992,356.510986,-353.640991,-58.730999,-0.375056,-0.291361,0.014051,0.879912,4.570710,2.930810,0.876410
158,True,True,-1.000000,1.000000,-1.000000,262.850006,-259.600006,189.539993,356.510986,-353.640991,-64.140999,-0.356514,-0.282378,0.016527,0.890442,4.589510,2.874410,0.961210
159,True,True,-1.000000,1.000000,-1.000000,265.820007,-262.549988,188.959991,356.510986,-353.640991,-69.550995,-0.337610,-0.273579,0.019181,0.900447,4.608310,2.816410,1.039510
160,True,True,-1.000000,1.000000,-1.000000,268.790009,-265.500000,188.339996,356.510986,-353.640991,-74.960999,-0.318372,-0.264958,0.021997,0.909919,4.627210,2.757310,1.111610
161,True,True,-1.000000,1.000000,-1.000000,271.759979,-268.449982,187.669998,356.510986,-353.640991,-80.370995,-0.298816,-0.256515,0.024954,0.918850,4.646110,2.697410,1.177610
162,True,True,-1.000000,1.000000,-1.000000,274.729980,-271.399994,186.959991,356.510986,-353.640991,-85.780998,-0.278963,-0.248245,0.028034,0.927237,4.665010,2.637110,1.237810
163,True,True,-1.000000,1.000000,-1.000000,277.699982,-274.350006,186.199997,356.510986,-353.640991,-91.190994,-0.258830,-0.240142,0.031222,0.935074,4.683910,2.576710,1.292510
164,True,True,-1.000000,1.000000,-1.000000,280.669983,-277.299988,185.389999,356.510986,-353.640991,-96.600998,-0.238437,-0.232201,0.034503,0.942359,4.702810,2.516410,1.341810
165,True,True,-1.000000,1.000000,-1.000000,283.639984,-280.250000,184.539993,356.510986,-353.640991,-102.010994,-0.217802,-0.224422,0.037864,0.949086,4.721610,2.456510,1.386110
166,True,True,-1.000000,1.000000,-1.000000,286.609985,-283.199982,183.639999,356.510986,-353.640991,-107.420998,-0.196946,-0.216799,0.041289,0.955252,4.740310,2.397310,1.425510
167,True,True,-1.000000,1.000000,-1.000000,289.579987,-286.149994,182.699997,356.510986,-353.640991,-112.830994,-0.175879,-0.209327,0.044769,0.960856,4.758810,2.338910,1.460410
168,True,True,-1.000000,1.000000,-1.000000,292.549988,-289.100006,181.709991,356.510986,-353.640991,-118.240997,-0.154624,-0.202001,0.048292,0.965896,4.777110,2.281510,1.490910
169,True,True,-1.000000,1.000000,-1.000000,295.519989,-292.049988,180.679993,356.510986,-353.640991,-123.650993,-0.133201,-0.194815,0.051841,0.970369,4.795310,2.225310,1.517410
170,True,True,-1.000000,1.000000,-1.000000,298.489990,-295.000000,179.599991,356.510986,-353.640991,-129.061005,-0.111621,-0.187764,0.055413,0.974276,4.813210,2.170410,1.540010
171,True,True,-1.000000,1.000000,-1.000000,301.459991,-297.949982,178.479996,356.510986,-353.640991,-134.471008,-0.089902,-0.180842,0.058995,0.977616,4.830910,2.116910,1.559010
172,True,True,-1.000000,1.000000,-1.000000,304.429993,-300.899994,177.309998,356.510986,-353.640991,-139.880997,-0.068064,-0.174050,0.062577,0.980387,4.848310,2.064910,1.574610
173,True,True,-1.000000,1.000000,-1.000000,307.399994,-303.850006,176.099991,356.510986,-353.640991,-145.291000,-0.046118,-0.167377,0.066149,0.982590,4.865410,2.014510,1.587110
174,True,True,-1.000000,1.000000,-1.000000,310.369995,-306.799988,174.839996,356.510986,-353.640991,-150.701004,-0.024085,-0.160822,0.069704,0.984224,4.882210,1.965810,1.596610
175,True,True,-1.000000,1.000000,-1.000000,313.339996,-309.750000,173.539993,356.510986,-353.640991,-156.111008,-0.001977,-0.154381,0.073232,0.985292,4.898610,1.918910,1.603410
176,True,True,-1.000000,1.000000,-1.000000,316.309998,-312.699982,172.190002,356.510986,-353.640991,-161.520996,0.020185,-0.148053,0.076728,0.985792,4.914610,1.873710,1.607610
177,True,True,-1.000000,1.000000,-1.000000,319.279999,-315.649994,170.800003,356.510986,-353.640991,-166.931000,0.042390,-0.141827,0.080181,0.985728,4.930310,1.830410,1.609510
178,True,True,-1.000000,1.000000,-1.000000,322.250000,-318.600006,169.360001,356.510986,-353.640991,-172.341003,0.064622,-0.135704,0.083590,0.985099,4.945610,1.788910,1.609310
179,True,True,-1.000000,1.000000,-1.000000,325.220001,-321.549988,167.879990,356.510986,-353.640991,-177.751007,0.086870,-0.129678,0.086946,0.983909,4.960510,1.749310,1.607110
180,True,True,-1.000000,1.000000,-1.000000,328.190002,-324.500000,166.349991,356.510986,-353.640991,-183.160995,0.109113,-0.123744,0.090242,0.982160,4.974910,1.711610,1.603110
181,True,True,-1.000000,1.000000,-1.000000,331.160004,-327.449982,164.779999,356.510986,-353.640991,-188.570999,0.131340,-0.117901,0.093479,0.979852,4.988910,1.675710,1.597410
182,True,True,-1.000000,1.000000,-1.000000,334.130005,-330.399994,163.160004,356.510986,-353.640991,-193.981003,0.153534,-0.112145,0.096645,0.976991,5.002510,1.641710,1.590310
183,True,True,-1.000000,1.000000,-1.000000,337.100006,-333.350006,161.500000,356.510986,-353.640991,-199.391006,0.175685,-0.106469,0.099742,0.973576,5.015610,1.609510,1.581810
184,True,True,-1.000000,1.000000,-1.000000,340.070007,-336.299988,159.789993,356.510986,-353.640991,-204.800995,0.197777,-0.100875,0.102758,0.969613,5.028310,1.579210,1.572210
185,True,True,-1.000000,1.000000,-1.000000,343.039978,-339.250000,158.039993,356.510986,-353.640991,-210.210999,0.219793,-0.095356,0.105693,0.965105,5.040510,1.550610,1.561510
186,True,True,-1.000000,1.000000,-1.000000,346.009979,-342.199982,156.239990,356.510986,-353.640991,-215.621002,0.241669,-0.089422,0.108654,0.960101,5.007210,1.624310,1.593310
187,True,True,-1.000000,1.000000,-1.000000,348.979980,-345.149994,154.399994,356.510986,-353.640991,-221.031006,0.263324,-0.083099,0.111638,0.954616,4.972910,1.694210,1.627610
188,True,True,-1.000000,1.000000,-1.000000,351.949982,-348.100006,152.509995,356.510986,-353.640991,-226.441010,0.284741,-0.076404,0.114648,0.948652,4.937810,1.760210,1.664110
189,True,True,-1.000000,1.000000,-1.000000,354.919983,-351.049988,150.580002,356.510986,-353.640991,-231.850998,0.305910,-0.069353,0.117691,0.942209,4.902010,1.822210,1.702510
190,True,True,-1.000000,1.000000,-1.000000,357.889984,-354.000000,148.599991,356.510986,-353.640991,-237.261002,0.326815,-0.061957,0.120766,0.935291,4.865910,1.880310,1.742710
191,True,True,-1.000000,1.000000,-1.000000,360.859985,-356.949982,146.580002,356.510986,-353.640991,-242.671005,0.347440,-0.054231,0.123873,0.927901,4.829410,1.934410,1.784510
192,True,True,-1.000000,1.000000,-1.000000,363.829987,-359.899994,144.509995,356.510986,-353.640991,-248.081009,0.367773,-0.046193,0.127018,0.920041,4.792810,1.984510,1.827610
193,True,True,-1.000000,1.000000,-1.000000,366.799988,-362.850006,142.399994,356.510986,-353.640991,-253.490997,0.387798,-0.037853,0.130207,0.911716,4.756210,2.030710,1.871910
194,True,True,-1.000000,1.000000,-1.000000,369.769989,-365.799988,140.239990,356.510986,-353.640991,-258.901001,0.407506,-0.029232,0.133433,0.902929,4.719810,2.073010,1.917110
195,True,True,-1.000000,1.000000,-1.000000,372.739990,-368.750000,138.039993,356.510986,-353.640991,-264.311005,0.426884,-0.020341,0.136702,0.893683,4.683710,2.111410,1.963110
196,True,True,-1.000000,1.000000,-1.000000,375.709991,-371.699982,135.789993,356.510986,-353.640991,-269.721008,0.445917,-0.011202,0.140014,0.883985,4.648110,2.146110,2.009610
197,True,True,-1.000000,1.000000,-1.000000,378.679993,-374.649994,133.500000,356.510986,-353.640991,-275.131012,0.464599,-0.001826,0.143370,0.873836,4.613110,2.177110,2.056510
198,True,True,-1.000000,1.000000,-1.000000,381.649994,-377.600006,131.160004,356.510986,-353.640991,-280.541016,0.482920,0.007771,0.146769,0.863242,4.578710,2.204510,2.103510
199,True,True,-1.000000,1.000000,-1.000000,384.619995,-380.549988,128.779999,356.510986,-353.640991,-285.950989,0.500868,0.017574,0.150211,0.852208,4.545110,2.228410,2.150610
200,True,True,-1.000000,1.000000,-1.000000,387.589996,-383.500000,126.349998,356.510986,-353.640991,-291.360992,0.518434,0.027565,0.153696,0.840740,4.512410,2.249010,2.197510
201,True,True,-1.000000,1.000000,-1.000000,390.559998,-386.449982,123.879997,356.510986,-353.640991,-296.770996,0.535611,0.037729,0.157224,0.828841,4.480710,2.266310,2.244110
202,True,True,-1.000000,1.000000,-1.000000,393.529999,-389.399994,121.360001,356.510986,-353.640991,-302.181000,0.552389,0.048049,0.160790,0.816520,4.450010,2.280510,2.290310
203,True,True,-1.000000,1.000000,-1.000000,396.500000,-392.350006,118.799995,356.510986,-353.640991,-307.591003,0.568762,0.058515,0.164394,0.803779,4.420510,2.291810,2.335910
204,True,True,-1.000000,1.000000,-1.000000,399.470001,-395.299988,116.189995,356.510986,-353.640991,-313.001007,0.584720,0.069105,0.168035,0.790627,4.392010,2.300210,2.380810
205,True,True,-1.000000,1.000000,-1.000000,402.440002,-398.250000,113.540001,356.510986,-353.640991,-318.411011,0.600257,0.079808,0.171714,0.777069,4.364810,2.306010,2.424910
206,True,True,-1.000000,1.000000,-1.000000,405.410004,-401.199982,110.839996,356.510986,-353.640991,-323.821014,0.615368,0.090614,0.175421,0.763111,4.338810,2.309210,2.468110
207,True,True,-1.000000,1.000000,-1.000000,408.380005,-404.149994,108.099998,356.510986,-353.640991,-329.230988,0.630042,0.101501,0.179159,0.748764,4.314110,2.310010,2.510210
208,True,True,-1.000000,1.000000,-1.000000,411.349976,-407.100006,105.309998,356.510986,-353.640991,-334.640991,0.644279,0.112458,0.182925,0.734028,4.290710,2.308610,2.551310
209,True,True,-1.000000,1.000000,-1.000000,414.319977,-410.049988,102.479996,356.510986,-353.640991,-340.050995,0.658068,0.123474,0.186712,0.718915,4.268610,2.305210,2.591210
210,True,True,-1.000000,1.000000,-1.000000,417.289978,-413.000000,99.599998,356.510986,-353.640991,-345.460999,0.671409,0.134533,0.190521,0.703429,4.247810,2.299810,2.629810
211,True,True,-1.000000,1.000000,-1.000000,420.259979,-415.949982,96.680000,356.510986,-353.640991,-350.871002,0.684292,0.145620,0.194346,0.687582,4.228410,2.292710,2.667110
212,True,True,-1.000000,1.000000,-1.000000,423.229980,-418.899994,93.709999,356.510986,-353.640991,-356.281006,0.696718,0.156722,0.198181,0.671377,4.210210,2.284010,2.703110
213,True,True,-1.000000,1.000000,-1.000000,426.199982,-421.849976,90.699997,356.510986,-353.640991,-361.691010,0.708676,0.167830,0.202028,0.654826,4.193310,2.273810,2.737710
214,True,True,-1.000000,1.000000,-1.000000,429.169983,-424.799988,87.639999,356.510986,-353.640991,-367.101013,0.720165,0.178927,0.205880,0.637934,4.177710,2.262310,2.770910
215,True,True,-1.000000,1.000000,-1.000000,432.139984,-427.750000,84.540001,356.510986,-353.640991,-372.510986,0.731181,0.190003,0.209732,0.620714,4.163410,2.249610,2.802610
216,True,True,-1.000000,1.000000,-1.000000,435.109985,-430.699982,81.389999,356.510986,-353.640991,-377.920990,0.741720,0.201046,0.213584,0.603170,4.150310,2.235810,2.832910
217,True,True,-1.000000,1.000000,-1.000000,438.079987,-433.649994,78.199997,356.510986,-353.640991,-383.330994,0.751779,0.212041,0.217430,0.585313,4.138410,2.221110,2.861710
218,True,True,-1.000000,1.000000,-1.000000,441.049988,-436.599976,74.959999,356.510986,-353.640991,-388.740997,0.761357,0.222981,0.221260,0.567149,4.127710,2.205610,2.889010
219,True,True,-1.000000,1.000000,-1.000000,444.019989,-439.549988,71.680000,356.510986,-353.640991,-394.151001,0.770448,0.233852,0.225074,0.548693,4.118110,2.189410,2.914910
220,True,True,-1.000000,1.000000,-1.000000,446.989990,-442.500000,68.349998,356.510986,-353.640991,-399.561005,0.779050,0.244641,0.228872,0.529952,4.109610,2.172710,2.939310
221,True,True,-1.000000,1.000000,-1.000000,449.959991,-445.449982,64.979996,356.510986,-353.640991,-404.971008,0.787164,0.255345,0.232643,0.510930,4.102210,2.155510,2.962310
222,True,True,-1.000000,1.000000,-1.000000,452.929993,-448.399994,61.559998,356.510986,-353.640991,-410.381012,0.794784,0.265946,0.236387,0.491643,4.095710,2.137910,2.983810
223,True,True,-1.000000,1.000000,-1.000000,455.899994,-451.349976,58.099998,356.510986,-353.640991,-415.790985,0.801910,0.276439,0.240094,0.472098,4.090310,2.120110,3.004010
224,True,True,-1.000000,1.000000,-1.000000,458.410004,-454.049988,57.430000,301.420990,-323.411011,-134.861008,0.807918,0.294905,0.209802,0.465063,-0.559210,5.470710,0.092110
225,True,True,-1.000000,1.000000,-1.000000,460.919983,-456.750000,56.259998,301.420990,-323.411011,-140.271011,0.811638,0.306385,0.191060,0.459204,-0.350910,5.486310,0.165010
226,True,True,-1.000000,1.000000,-1.000000,463.429993,-459.449982,55.049999,301.420990,-323.411011,-145.681000,0.815250,0.317779,0.172556,0.452336,-0.146310,5.493310,0.228010
227,True,True,-1.000000,1.000000,-1.000000,465.949982,-462.029999,55.020000,301.950989,-309.181000,-3.501000,0.821184,0.321809,0.178436,0.436184,4.085610,0.764710,1.642910
228,True,True,-1.000000,1.000000,-1.000000,468.319977,-464.539978,55.489998,283.931000,-301.191010,56.780998,0.828671,0.327851,0.173317,0.419261,3.465010,3.269710,0.801210
229,True,True,-1.000000,1.000000,-1.000000,470.690002,-467.049988,55.919998,283.931000,-301.191010,51.361000,0.835972,0.334007,0.168316,0.401571,3.603510,3.309510,0.882710
230,True,True,-1.000000,1.000000,-1.000000,473.059998,-469.559998,56.299999,283.931000,-301.191010,45.940998,0.843047,0.340254,0.163444,0.383126,3.740210,3.344410,0.961610
231,True,True,-1.000000,1.000000,-1.000000,475.429993,-472.069977,56.639999,283.931000,-301.191010,40.521000,0.849859,0.346566,0.158702,0.363932,3.875210,3.374610,1.037710
232,True,True,-1.000000,1.000000,-1.000000,477.799988,-474.579987,56.930000,283.931000,-301.191010,35.100998,0.856369,0.352915,0.154095,0.344003,4.008610,3.400210,1.110910
233,True,True,-1.000000,1.000000,-1.000000,480.169983,-477.089996,57.180000,283.931000,-301.191010,29.680998,0.862538,0.359281,0.149628,0.323352,4.140610,3.421510,1.181110
234,True,True,-1.000000,1.000000,-1.000000,482.539978,-479.599976,57.379997,283.931000,-301.191010,24.261000,0.868331,0.365636,0.145307,0.301988,4.177210,3.363010,1.220710
235,True,True,-1.000000,1.000000,-1.000000,484.910004,-482.109985,57.539997,283.931000,-301.191010,18.841000,0.873603,0.371830,0.141223,0.280387,4.213510,3.304210,1.256110
236,True,True,-1.000000,1.000000,-1.000000,487.279999,-484.619995,57.649998,283.931000,-301.191010,13.421000,0.878354,0.377845,0.137371,0.258565,4.249610,3.245410,1.287410
237,True,True,-1.000000,1.000000,-1.000000,489.649994,-487.129974,57.719997,283.931000,-301.191010,8.001000,0.882585,0.383671,0.133751,0.236538,4.285310,3.186910,1.314710
238,True,True,-1.000000,1.000000,-1.000000,492.019989,-489.639984,57.739998,283.931000,-301.191010,2.581000,0.886295,0.389298,0.130358,0.214323,4.320710,3.128910,1.338210
239,True,True,-1.000000,1.000000,-1.000000,494.389984,-492.149994,57.719997,283.931000,-301.191010,-2.831000,0.889486,0.394714,0.127186,0.191934,4.355610,3.071510,1.357910
240,True,True,-1.000000,1.000000,-1.000000,496.759979,-494.660004,57.649998,283.931000,-301.191010,-8.241000,0.892159,0.399910,0.124224,0.169389,4.389910,3.014910,1.374010
241,True,True,-1.000000,1.000000,-1.000000,499.129974,-497.169983,57.539997,283.931000,-301.191010,-13.651000,0.894316,0.404873,0.121472,0.146704,4.423610,2.959410,1.386610
242,True,True,-1.000000,1.000000,-1.000000,501.500000,-499.679993,57.379997,283.931000,-301.191010,-19.060999,0.895954,0.409599,0.118926,0.123900,4.456610,2.905010,1.395910
243,True,True,-1.000000,1.000000,-1.000000,503.869995,-502.190002,57.180000,283.931000,-301.191010,-24.470999,0.897077,0.414082,0.116574,0.100988,4.488910,2.851810,1.402010
244,True,True,-1.000000,1.000000,-1.000000,506.239990,-504.699982,56.930000,283.931000,-301.191010,-29.880999,0.897688,0.418311,0.114416,0.077979,4.520410,2.800110,1.405110
245,True,True,-1.000000,1.000000,-1.000000,508.609985,-507.209991,56.639999,283.931000,-301.191010,-35.291000,0.897789,0.422277,0.112441,0.054895,4.551110,2.749810,1.405410
246,True,True,-1.000000,1.000000,-1.000000,510.979980,-509.720001,56.299999,283.931000,-301.191010,-40.701000,0.897381,0.425977,0.110645,0.031751,4.580910,2.701110,1.403010
247,True,True,-1.000000,1.000000,-1.000000,513.349976,-512.229980,55.919998,283.931000,-301.191010,-46.111000,0.896468,0.429403,0.109016,0.008559,4.609810,2.654110,1.398110
248,True,True,-1.000000,1.000000,-1.000000,515.719971,-514.739990,55.489998,283.931000,-301.191010,-51.521000,0.895053,0.432548,0.107554,-0.014660,4.637710,2.608910,1.390810
249,True,True,-1.000000,1.000000,-1.000000,518.089966,-517.250000,55.020000,283.931000,-301.191010,-56.931000,0.893135,0.435413,0.106248,-0.037896,4.664710,2.565510,1.381410
250,True,True,-1.000000,1.000000,-1.000000,520.459961,-519.760010,54.500000,283.931000,-301.191010,-62.341000,0.890723,0.437986,0.105088,-0.061131,4.690610,2.523910,1.370010
251,True,True,-1.000000,1.000000,-1.000000,522.830017,-522.269958,53.939999,283.931000,-301.191010,-67.750999,0.887815,0.440268,0.104074,-0.084356,4.715610,2.484310,1.356810
252,True,True,-1.000000,1.000000,-1.000000,525.200012,-524.779968,53.329998,283.931000,-301.191010,-73.160995,0.884418,0.442254,0.103195,-0.107548,4.739510,2.446610,1.341910
253,True,True,-1.000000,1.000000,-1.000000,527.570007,-527.289978,52.680000,283.931000,-301.191010,-78.570999,0.880536,0.443937,0.102445,-0.130698,4.762410,2.410810,1.325510
254,True,True,-1.000000,1.000000,-1.000000,529.619995,-529.750000,53.199997,246.050995,-295.740997,43.550999,0.882758,0.441838,0.095502,-0.128049,-1.218110,1.348610,-0.512310
255,True,True,-1.000000,1.000000,-1.000000,531.669983,-532.209961,53.520000,246.050995,-295.740997,38.130997,0.884628,0.439826,0.088381,-0.127180,-0.949910,1.521310,-0.426010
256,True,True,-1.000000,1.000000,-1.000000,533.719971,-534.669983,53.789997,246.050995,-295.740997,32.710999,0.886225,0.437889,0.081092,-0.127601,-0.687510,1.684310,-0.348010
257,True,True,-1.000000,1.000000,-1.000000,535.769958,-537.130005,54.020000,246.050995,-295.740997,27.290998,0.887554,0.436017,0.073664,-0.129268,-0.430810,1.838010,-0.277910
258,True,True,-1.000000,1.000000,-1.000000,537.820007,-539.589966,54.199997,246.050995,-295.740997,21.870998,0.888620,0.434194,0.066116,-0.132133,-0.179710,1.982710,-0.215310
259,True,True,-1.000000,1.000000,-1.000000,539.869995,-542.049988,54.340000,246.050995,-295.740997,16.450998,0.889420,0.432403,0.058477,-0.136162,0.065710,2.118710,-0.159910
260,True,True,-1.000000,1.000000,-1.000000,541.919983,-544.510010,54.430000,246.050995,-295.740997,11.031000,0.889955,0.430622,0.050763,-0.141309,0.305710,2.246410,-0.111310
261,True,True,-1.000000,1.000000,-1.000000,543.969971,-546.969971,54.480000,246.050995,-295.740997,5.611000,0.890216,0.428837,0.042994,-0.147535,0.540310,2.366210,-0.069210
262,True,True,-1.000000,1.000000,-1.000000,546.019958,-549.429993,54.480000,246.050995,-295.740997,0.191000,0.890196,0.427024,0.035193,-0.154802,0.769610,2.478310,-0.033410
263,True,True,-1.000000,1.000000,-1.000000,548.070007,-551.890015,54.439999,246.050995,-295.740997,-5.221000,0.889882,0.425168,0.027381,-0.163072,0.993610,2.583210,-0.003610
264,True,True,-1.000000,1.000000,-1.000000,550.089966,-554.299988,54.559998,242.921005,-288.871002,14.521000,0.890164,0.422870,0.018345,-0.168677,0.279210,2.594110,-0.128710
265,True,True,-1.000000,1.000000,-1.000000,552.109985,-556.709961,54.639999,242.891006,-288.800995,9.321000,0.890142,0.420518,0.009276,-0.175286,0.502810,2.704110,-0.104310
266,True,True,-1.000000,1.000000,-1.000000,554.130005,-559.109985,54.709999,242.421005,-287.490997,8.511001,0.889963,0.418025,-0.000040,-0.182267,0.563810,2.798810,-0.107410
267,True,True,-1.000000,1.000000,-1.000000,556.149963,-561.500000,54.770000,241.981003,-286.210999,7.581000,0.889612,0.415377,-0.009595,-0.189630,0.630210,2.895210,-0.113310
268,True,True,-1.000000,1.000000,-1.000000,558.159973,-563.869995,54.820000,241.570999,-284.960999,6.511000,0.889075,0.412555,-0.019375,-0.197404,0.702310,2.993010,-0.122110
269,True,True,-1.000000,1.000000,-1.000000,560.169983,-566.229980,54.860001,241.201004,-283.751007,5.291000,0.888334,0.409545,-0.029377,-0.205605,0.780510,3.091910,-0.133910
270,True,True,-1.000000,1.000000,-1.000000,562.179993,-568.580017,54.889999,240.871002,-282.580994,3.891000,0.887372,0.406324,-0.039584,-0.214252,0.865110,3.191510,-0.148910
271,True,True,-1.000000,1.000000,-1.000000,564.179993,-570.929993,54.910000,240.570999,-281.460999,2.311000,0.886169,0.402882,-0.049980,-0.223364,0.956210,3.291410,-0.167210
272,True,True,-1.000000,1.000000,-1.000000,566.179993,-573.269958,54.910000,240.311005,-280.401001,0.511000,0.884702,0.399203,-0.060549,-0.232967,1.054410,3.391010,-0.189010
273,True,True,-1.000000,1.000000,-1.000000,568.179993,-575.599976,54.899998,240.091003,-279.401001,-1.511000,0.882949,0.395270,-0.071268,-0.243072,1.159610,3.489610,-0.214510
274,True,True,-1.000000,1.000000,-1.000000,570.179993,-577.919983,54.869999,239.910995,-278.471008,-3.791000,0.880886,0.391068,-0.082112,-0.253699,1.272110,3.586410,-0.243810
275,True,True,-1.000000,1.000000,-1.000000,572.179993,-580.229980,54.820000,239.770996,-277.621002,-6.351000,0.878487,0.386584,-0.093047,-0.264867,1.391710,3.680610,-0.277110
276,True,True,-1.000000,1.000000,-1.000000,574.179993,-582.539978,54.739998,239.660995,-276.860992,-9.211000,0.875729,0.381805,-0.104042,-0.276584,1.518310,3.771110,-0.314510
277,True,True,-1.000000,1.000000,-1.000000,576.179993,-584.849976,54.619999,239.660995,-276.860992,-14.621000,0.872530,0.376787,-0.114875,-0.289008,1.705210,3.828310,-0.352410
278,True,True,-1.000000,1.000000,-1.000000,578.179993,-587.159973,54.449997,239.660995,-276.860992,-20.030998,0.868881,0.371517,-0.125524,-0.302102,1.886210,3.880810,-0.395810
279,True,True,-1.000000,1.000000,-1.000000,580.179993,-589.450012,54.289997,239.531006,-275.110992,-19.610998,0.864886,0.365755,-0.136492,-0.315540,1.940210,4.023710,-0.454510
280,True,True,-1.000000,1.000000,-1.000000,582.149963,-591.619995,54.500000,235.960999,-260.351013,25.570999,0.858579,0.363656,-0.139178,-0.333505,3.902610,2.500010,-0.267710
281,True,True,-1.000000,1.000000,-1.000000,584.019958,-593.750000,55.009998,224.581009,-255.710999,61.130997,0.852412,0.358612,-0.146558,-0.351157,3.317910,3.671010,-0.500210
282,True,True,-1.000000,1.000000,-1.000000,585.890015,-595.880005,55.469997,224.581009,-255.710999,55.710999,0.845744,0.353212,-0.153674,-0.369246,3.460210,3.702710,-0.567310
283,True,True,-1.000000,1.000000,-1.000000,587.760010,-598.010010,55.889999,224.581009,-255.710999,50.290997,0.838560,0.347440,-0.160515,-0.387734,3.597010,3.732310,-0.637910
284,True,True,-1.000000,1.000000,-1.000000,589.630005,-600.140015,56.259998,224.581009,-255.710999,44.870998,0.830846,0.341284,-0.167064,-0.406583,3.728310,3.760110,-0.711910
285,True,True,-1.000000,1.000000,-1.000000,591.500000,-602.269958,56.590000,224.581009,-255.710999,39.451000,0.822589,0.334735,-0.173311,-0.425751,3.854210,3.786410,-0.789210
286,True,True,-1.000000,1.000000,-1.000000,593.369995,-604.399963,56.869999,224.581009,-255.710999,34.030998,0.813777,0.327776,-0.179240,-0.445199,3.921010,3.760110,-0.857910
287,True,True,-1.000000,1.000000,-1.000000,595.239990,-606.529968,57.110001,224.581009,-255.710999,28.610998,0.804522,0.320487,-0.184770,-0.464642,3.955310,3.708810,-0.922110
288,True,True,-1.000000,1.000000,-1.000000,597.109985,-608.659973,57.299999,224.581009,-255.710999,23.190998,0.794892,0.312918,-0.189862,-0.483923,3.985210,3.659610,-0.987410
289,True,True,-1.000000,1.000000,-1.000000,598.979980,-610.789978,57.449997,224.581009,-255.710999,17.771000,0.784894,0.305069,-0.194524,-0.503026,4.010910,3.612710,-1.053610
290,True,True,-1.000000,1.000000,-1.000000,600.849976,-612.919983,57.549999,224.581009,-255.710999,12.351000,0.774540,0.296939,-0.198759,-0.521930,4.032610,3.568210,-1.120410
291,True,True,-1.000000,1.000000,-1.000000,602.719971,-615.049988,57.610001,224.581009,-255.710999,6.931000,0.763842,0.288528,-0.202573,-0.540612,4.050310,3.526110,-1.187610
292,True,True,-1.000000,1.000000,-1.000000,604.589966,-617.179993,57.619999,224.581009,-255.710999,1.511000,0.752806,0.279843,-0.205977,-0.559057,4.064310,3.486610,-1.254910
293,True,True,-1.000000,1.000000,-1.000000,606.459961,-619.309998,57.590000,224.581009,-255.710999,-3.901000,0.741442,0.270882,-0.208976,-0.577248,4.074610,3.449510,-1.322010
294,True,True,-1.000000,1.000000,-1.000000,608.329956,-621.440002,57.509998,224.581009,-255.710999,-9.311000,0.729756,0.261651,-0.211582,-0.595170,4.081510,3.415010,-1.388710
295,True,True,-1.000000,1.000000,-1.000000,610.200012,-623.570007,57.389999,224.581009,-255.710999,-14.721000,0.717760,0.252151,-0.213799,-0.612805,4.085010,3.383110,-1.454810
296,True,True,-1.000000,1.000000,-1.000000,612.070007,-625.700012,57.219997,224.581009,-255.710999,-20.130999,0.705460,0.242386,-0.215639,-0.630139,4.085410,3.353810,-1.520010
297,True,True,-1.000000,1.000000,-1.000000,613.940002,-627.829956,57.009998,224.581009,-255.710999,-25.540998,0.692865,0.232363,-0.217112,-0.647154,4.082910,3.327010,-1.584210
298,True,True,-1.000000,1.000000,-1.000000,615.809998,-629.959961,56.750000,224.581009,-255.710999,-30.950998,0.679985,0.222086,-0.218223,-0.663835,4.077710,3.302810,-1.647310
299,True,True,-1.000000,1.000000,-1.000000,617.679993,-632.089966,56.449997,224.581009,-255.710999,-36.361000,-0.666829,-0.211555,0.218984,0.680169,4.069810,3.281010,-1.709010
300,True,True,-1.000000,1.000000,-1.000000,619.549988,-634.219971,56.099998,224.581009,-255.710999,-41.771000,-0.653401,-0.200782,0.219405,0.696143,4.059610,3.261710,-1.769210
301,True,True,-1.000000,1.000000,-1.000000,621.419983,-636.349976,55.709999,224.581009,-255.710999,-47.181000,-0.639715,-0.189771,0.219496,0.711740,4.047210,3.244810,-1.827710
302,True,True,-1.000000,1.000000,-1.000000,623.289978,-638.479980,55.270000,224.581009,-255.710999,-52.591000,-0.625774,-0.178528,0.219264,0.726951,4.032810,3.230310,-1.884510
303,True,True,-1.000000,1.000000,-1.000000,625.159973,-640.609985,54.789997,224.581009,-255.710999,-58.000999,-0.611586,-0.167059,0.218719,0.741765,4.016510,3.218010,-1.939410
304,True,True,-1.000000,1.000000,-1.000000,627.029968,-642.739990,54.259998,224.581009,-255.710999,-63.410999,-0.597160,-0.155368,0.217872,0.756169,3.998610,3.207910,-1.992410
305,True,True,-1.000000,1.000000,-1.000000,628.899963,-644.869995,53.689999,224.581009,-255.710999,-68.820999,-0.582508,-0.143467,0.216734,0.770148,3.979310,3.199910,-2.043310
306,True,True,-1.000000,1.000000,-1.000000,630.769958,-647.000000,53.070000,224.581009,-255.710999,-74.230995,-0.567629,-0.131366,0.215310,0.783697,3.958710,3.193910,-2.092110
307,True,True,-1.000000,1.000000,-1.000000,632.640015,-649.130005,52.410000,224.581009,-255.710999,-79.640999,-0.552540,-0.119072,0.213616,0.796800,3.937010,3.189810,-2.138810
308,True,True,-1.000000,1.000000,-1.000000,634.510010,-651.260010,51.699997,224.581009,-255.710999,-85.050995,-0.537240,-0.106588,0.211658,0.809452,3.914310,3.187610,-2.183310
309,True,True,-1.000000,1.000000,-1.000000,636.380005,-653.390015,50.950001,224.581009,-255.710999,-90.460999,-0.521741,-0.093926,0.209440,0.821644,3.890810,3.187110,-2.225610
310,True,True,-1.000000,1.000000,-1.000000,638.250000,-655.519958,50.149998,224.581009,-255.710999,-95.870995,-0.506053,-0.081092,0.206980,0.833363,3.866710,3.188210,-2.265710
311,True,True,-1.000000,1.000000,-1.000000,640.119995,-657.649963,49.309998,224.581009,-255.710999,-101.280998,-0.490176,-0.068101,0.204283,0.844605,3.842110,3.190810,-2.303510
312,True,True,-1.000000,1.000000,-1.000000,641.989990,-659.779968,48.419998,224.581009,-255.710999,-106.690994,-0.474121,-0.054960,0.201359,0.855362,3.817110,3.194810,-2.339110
313,True,True,-1.000000,1.000000,-1.000000,643.859985,-661.909973,47.489998,224.581009,-255.710999,-112.100998,-0.457899,-0.041672,0.198219,0.865622,3.791910,3.200210,-2.372610
314,True,True,-1.000000,1.000000,-1.000000,645.739990,-664.039978,46.509998,225.671005,-255.401001,-117.090996,-0.441471,-0.028326,0.194777,0.875421,3.780910,3.182110,-2.414210
315,True,True,-1.000000,1.000000,-1.000000,647.609985,-666.169983,45.489998,224.791000,-256.061005,-122.670998,-0.425292,-0.015540,0.191281,0.884475,3.785110,3.134210,-2.402510
316,True,True,-1.000000,1.000000,-1.000000,649.469971,-668.309998,44.439999,223.791000,-256.520996,-125.920998,-0.408806,-0.003180,0.187607,0.893124,3.828610,3.038510,-2.376810
317,True,True,-1.000000,1.000000,-1.000000,651.279968,-670.409973,43.570000,217.800995,-251.811005,-104.560997,-0.386709,0.005392,0.184225,0.903598,4.718710,2.200210,-1.772710
318,True,True,-1.000000,1.000000,-1.000000,653.079956,-672.510010,42.649998,216.501007,-251.701004,-110.660995,-0.367007,0.012735,0.181236,0.912303,4.744910,2.171510,-1.737910
319,True,True,-1.000000,1.000000,-1.000000,654.869995,-674.599976,41.680000,215.111008,-251.391006,-116.150993,-0.346949,0.019823,0.178247,0.920577,4.781710,2.126610,-1.691710
320,True,True,-1.000000,1.000000,-1.000000,656.649963,-676.690002,40.669998,213.641006,-250.880997,-121.230995,-0.326519,0.026588,0.175297,0.928412,4.826210,2.069710,-1.635110
321,True,True,-1.000000,1.000000,-1.000000,658.419983,-678.769958,39.619999,212.081009,-250.151001,-126.060997,-0.305716,0.032976,0.172416,0.935801,4.875410,2.004210,-1.569410
322,True,True,-1.000000,1.000000,-1.000000,660.169983,-680.849976,38.529999,210.451004,-249.210999,-130.761002,-0.284547,0.038948,0.169637,0.942730,4.927010,1.932810,-1.496010
323,True,True,-1.000000,1.000000,-1.000000,661.909973,-682.919983,37.399998,208.751007,-248.070999,-135.401001,-0.263027,0.044483,0.166999,0.949183,4.979210,1.857610,-1.416310
324,True,True,-1.000000,1.000000,-1.000000,663.630005,-684.979980,36.230000,207.001007,-246.731003,-140.041000,-0.241183,0.049565,0.164528,0.955146,5.030510,1.780310,-1.331810
325,True,True,-1.000000,1.000000,-1.000000,665.329956,-687.019958,35.049999,204.051010,-245.291000,-141.320999,-0.218601,0.053821,0.162257,0.960723,5.117510,1.610410,-1.211210
326,True,True,-1.000000,1.000000,-1.000000,667.000000,-689.049988,33.849998,201.001007,-243.520996,-144.311005,-0.195862,0.057344,0.160256,0.965747,5.180810,1.481510,-1.101610
327,True,True,-1.000000,1.000000,-1.000000,668.649963,-691.059998,32.610001,197.880997,-241.471008,-148.521011,-0.173009,0.060290,0.158519,0.970209,5.228610,1.381810,-1.000710
328,True,True,-1.000000,1.000000,-1.000000,670.269958,-693.049988,31.330000,194.701004,-239.171005,-153.591003,-0.150070,0.062771,0.157040,0.974103,5.266010,1.302510,-0.906610
329,True,True,-1.000000,1.000000,-1.000000,671.869995,-695.019958,30.000000,191.471008,-236.660995,-159.270996,-0.127061,0.064865,0.155810,0.977431,5.296010,1.237810,-0.818210
330,True,True,-1.000000,1.000000,-1.000000,673.429993,-696.959961,28.660000,186.841003,-233.361008,-160.820999,-0.104921,0.065922,0.154823,0.980141,5.221810,1.004210,-0.710010
331,True,True,-1.000000,1.000000,-1.000000,674.950012,-698.869995,27.309999,182.051010,-229.481003,-161.841003,-0.083612,0.065857,0.154095,0.982307,5.058510,0.723910,-0.586810
332,True,True,-1.000000,1.000000,-1.000000,676.429993,-700.750000,25.959999,177.100998,-225.031006,-162.270996,-0.063408,0.064552,0.153674,0.983970,4.838910,0.405010,-0.453910
333,True,True,-1.000000,1.000000,-1.000000,677.859985,-702.579956,24.609999,172.020996,-220.091003,-162.361008,-0.044515,0.061941,0.153599,0.985185,4.575210,0.059610,-0.315710
334,True,True,-1.000000,1.000000,-1.000000,679.250000,-704.369995,23.260000,166.831009,-214.740997,-162.201004,-0.027079,0.057975,0.153901,0.986012,4.283010,-0.304410,-0.176510
335,True,True,-1.000000,1.000000,-1.000000,680.579956,-706.099976,22.000000,159.801010,-207.191010,-151.001007,-0.013349,0.053357,0.154440,0.986470,3.430110,-0.588910,-0.050510
336,True,True,-1.000000,1.000000,-1.000000,681.849976,-707.750000,20.840000,152.411011,-198.520996,-139.561005,-0.003250,0.048189,0.155206,0.986701,2.593510,-0.849010,0.060110
337,True,True,-1.000000,1.000000,-1.000000,683.059998,-709.329956,19.789999,144.771011,-189.081009,-125.980995,0.003828,0.042708,0.156166,0.986800,1.891810,-1.034810,0.146710
338,True,True,-1.000000,1.000000,-1.000000,684.200012,-710.820007,18.920000,136.880997,-178.931000,-104.010994,0.007491,0.036137,0.157316,0.986859,1.125310,-1.420710,0.225810
339,True,True,-1.000000,1.000000,-1.000000,685.269958,-712.229980,18.199999,128.981003,-168.811005,-86.160995,0.009141,0.029539,0.158589,0.986860,0.650610,-1.503010,0.274610
340,True,True,-1.000000,1.000000,-1.000000,686.279968,-713.549988,17.609999,121.111000,-158.901001,-70.870995,0.009605,0.023476,0.159937,0.986801,0.349910,-1.420710,0.304910
341,True,True,-1.000000,1.000000,-1.000000,687.219971,-714.789978,17.129999,113.310997,-149.301010,-57.490997,0.009395,0.018243,0.161329,0.986687,0.159410,-1.250310,0.323210
342,True,True,-1.000000,1.000000,-1.000000,688.099976,-715.959961,16.750000,105.600998,-140.081009,-45.640999,0.008829,0.013948,0.162743,0.986530,0.038110,-1.042010,0.333610
343,True,True,-1.000000,1.000000,-1.000000,688.919983,-717.049988,16.510000,97.920998,-131.051010,-29.261000,0.006903,0.010895,0.164167,0.986348,-0.331410,-0.801110,0.344210
344,True,True,-1.000000,1.000000,-1.000000,689.669983,-718.070007,16.359999,90.270996,-122.210999,-18.160999,0.004669,0.008775,0.165591,0.986144,-0.440510,-0.592110,0.347510
345,True,True,-1.000000,1.000000,-1.000000,690.359985,-719.019958,16.270000,82.780998,-113.931000,-10.301001,0.002625,0.007356,0.167010,0.985924,-0.424410,-0.418410,0.347110
346,True,True,-1.000000,1.000000,-1.000000,690.989990,-719.909973,16.260000,75.560997,-106.530998,-1.701000,0.001465,0.006822,0.168413,0.985692,-0.251110,-0.172910,0.343310
347,True,True,-1.000000,1.000000,-1.000000,691.559998,-720.739990,16.279999,68.590996,-99.920998,2.961000,0.000801,0.006692,0.169799,0.985456,-0.148910,-0.057710,0.339010
348,True,True,-1.000000,1.000000,-1.000000,692.079956,-721.519958,16.330000,61.870998,-94.080994,5.561000,0.000397,0.006730,0.171169,0.985218,-0.094810,-0.007510,0.334410
349,True,True,-1.000000,1.000000,-1.000000,692.539978,-722.260010,16.389999,55.400997,-88.990997,6.821000,0.000094,0.006822,0.172518,0.984983,-0.072410,0.009010,0.329610
350,True,True,-1.000000,1.000000,-1.000000,692.820007,-723.010010,16.449999,33.181000,-90.401001,7.401000,-0.000127,0.006946,0.173344,0.984837,-0.055510,0.020510,0.201410
351,True,True,-1.000000,1.000000,-1.000000,693.089966,-723.729980,16.510000,32.091000,-86.230995,7.531000,-0.000289,0.007081,0.173629,0.984785,-0.043610,0.024710,0.070310
352,True,True,-1.000000,1.000000,-1.000000,693.349976,-724.419983,16.570000,30.820999,-82.880997,7.361000,-0.000423,0.007210,0.173737,0.984765,-0.037410,0.025010,0.026810
353,True,True,-1.000000,1.000000,-1.000000,693.599976,-725.079956,16.629999,29.690998,-79.770996,7.001000,-0.000542,0.007334,0.173786,0.984756,-0.033110,0.023810,0.012410
354,True,True,-1.000000,1.000000,-1.000000,693.839966,-725.719971,16.680000,28.560999,-76.800995,6.511000,-0.000650,0.007448,0.173818,0.984749,-0.029510,0.021910,0.007610
355,True,True,-1.000000,1.000000,-1.000000,694.070007,-726.339966,16.730000,27.480999,-73.950996,5.971000,-0.000742,0.007550,0.173840,0.984745,-0.026310,0.019810,0.005910
356,True,True,-1.000000,1.000000,-1.000000,694.289978,-726.929993,16.779999,26.431000,-71.221001,5.401000,-0.000823,0.007642,0.173861,0.984740,-0.023410,0.017710,0.005210
357,True,True,-1.000000,1.000000,-1.000000,694.500000,-727.500000,16.820000,25.431000,-68.600998,4.811000,-0.000898,0.007723,0.173883,0.984736,-0.020710,0.015610,0.004810
358,True,True,-1.000000,1.000000,-1.000000,694.700012,-728.049988,16.859999,24.470999,-66.090996,4.251000,-0.000963,0.007793,0.173899,0.984732,-0.018310,0.013710,0.004610
359,True,True,-1.000000,1.000000,-1.000000,694.899963,-728.579956,16.889999,23.550999,-63.681000,3.711000,-0.001022,0.007852,0.173915,0.984729,-0.016110,0.012010,0.004410
360,True,True,-1.000000,1.000000,-1.000000,695.089966,-729.089966,16.920000,22.671000,-61.370998,3.231000,-0.001071,0.007906,0.173932,0.984725,-0.014210,0.010510,0.004310
361,True,True,-1.000000,1.000000,-1.000000,695.269958,-729.579956,16.940001,21.820999,-59.150997,2.781000,-0.001114,0.007955,0.173948,0.984722,-0.012510,0.009110,0.004110
362,True,True,-1.000000,1.000000,-1.000000,695.450012,-730.059998,16.959999,21.021000,-57.021000,2.401000,-0.001152,0.007998,0.173964,0.984719,-0.011010,0.007910,0.004010
363,True,True,-1.000000,1.000000,-1.000000,695.619995,-730.519958,16.980000,20.240999,-54.970997,2.061000,-0.001190,0.008036,0.173980,0.984716,-0.009710,0.006810,0.003810
364,True,True,-1.000000,1.000000,-1.000000,695.779968,-730.959961,16.990000,19.500999,-53.000999,1.751000,-0.001222,0.008068,0.173996,0.984712,-0.008510,0.005810,0.003710
365,True,True,-1.000000,1.000000,-1.000000,695.940002,-731.389954,17.000000,18.790998,-51.100998,1.501000,-0.001249,0.008095,0.174013,0.984709,-0.007510,0.005010,0.003610
366,True,True,-1.000000,1.000000,-1.000000,696.089966,-731.799988,17.010000,18.101000,-49.280998,1.291000,-0.001270,0.008116,0.174029,0.984706,-0.006610,0.004310,0.003410
367,True,True,-1.000000,1.000000,-1.000000,696.239990,-732.200012,17.020000,17.450998,-47.521000,1.111000,-0.001292,0.008138,0.174045,0.984703,-0.005810,0.003710,0.003310
368,True,True,-1.000000,1.000000,-1.000000,696.380005,-732.579956,17.029999,16.820999,-45.830997,0.951000,-0.001314,0.008154,0.174056,0.984701,-0.005110,0.003110,0.003210
369,True,True,-1.000000,1.000000,-1.000000,696.519958,-732.950012,17.039999,16.210999,-44.201000,0.801000,-0.001330,0.008170,0.174066,0.984699,-0.004510,0.002710,0.003110
