frame,input.bJump,input.bJumped,input.Pitch,input.DodgeForward,car.Location.X,car.Location.Y,car.Location.Z,car.LinearVelocity.X,car.LinearVelocity.Y,car.LinearVelocity.Z,car.Quaternion.X,car.Quaternion.Y,car.Quaternion.Z,car.Quaternion.W,car.AngularVelocity.X,car.AngularVelocity.Y,car.AngularVelocity.Z
0,False,False,0.000000,0.000000,-0.100000,0.000000,18.779999,0.000000,0.000000,0.301000,0.000003,-0.002420,0.000003,0.999997,0.000000,0.000410,0.000000
1,True,True,0.000000,0.000000,-0.100000,0.000000,21.250000,0.321000,0.000000,295.990997,0.000003,-0.002420,0.000003,0.999997,0.000000,0.000410,0.000000
2,True,True,0.000000,0.000000,-0.100000,0.000000,23.750000,-0.131000,0.000000,300.010986,0.000003,-0.002420,0.000003,0.999997,0.000000,0.000310,0.000000
3,True,True,0.000000,0.000000,-0.100000,0.000000,26.279999,-0.011000,0.000000,304.031006,0.000003,-0.002420,0.000003,0.999997,0.000000,0.000310,0.000000
4,True,True,0.000000,0.000000,-0.100000,0.000000,28.849998,-0.041000,0.000000,308.050995,0.000003,-0.002420,0.000003,0.999997,0.000000,0.000310,0.000000
5,True,True,0.000000,0.000000,-0.100000,0.000000,31.449999,-0.031000,0.000000,312.071014,0.000003,-0.002420,0.000003,0.999997,0.000000,0.000310,0.000000
6,True,True,0.000000,0.000000,-0.100000,0.000000,34.079998,-0.031000,0.000000,316.091003,0.000003,-0.002420,0.000003,0.999997,0.000000,0.000310,0.000000
7,True,True,0.000000,0.000000,-0.100000,0.000000,36.750000,-0.081000,0.000000,320.110992,0.000003,-0.002420,0.000003,0.999997,0.000000,0.000310,0.000000
8,True,True,0.000000,0.000000,-0.100000,0.000000,39.469997,-0.131000,0.000000,326.841003,0.000003,-0.002420,0.000003,0.999997,0.000000,0.000310,0.000000
9,True,True,0.000000,0.000000,-0.100000,0.000000,42.250000,-0.181000,0.000000,333.571014,0.000003,-0.002420,0.000003,0.999997,0.000000,0.000310,0.000000
10,True,True,0.000000,0.000000,-0.100000,0.000000,45.090000,-0.231000,0.000000,340.300995,0.000003,-0.002420,0.000003,0.999997,0.000000,0.000310,0.000000
11,True,True,0.000000,0.000000,-0.100000,0.000000,47.980000,-0.281000,0.000000,347.031006,0.000003,-0.002420,0.000003,0.999997,0.000000,0.000310,0.000000
12,True,True,0.000000,0.000000,-0.100000,0.000000,50.930000,-0.331000,0.000000,353.760986,0.000003,-0.002420,0.000003,0.999997,0.000000,0.000310,0.000000
13,True,True,0.000000,0.000000,-0.100000,0.000000,53.930000,-0.381000,0.000000,360.490997,0.000003,-0.002420,0.000003,0.999997,0.000000,0.000310,0.000000
14,True,True,0.000000,0.000000,-0.100000,0.000000,56.989998,-0.431000,0.000000,367.221008,0.000003,-0.002420,0.000003,0.999997,0.000000,0.000310,0.000000
15,True,True,0.000000,0.000000,-0.100000,0.000000,60.109997,-0.481000,0.000000,373.950989,0.000003,-0.002420,0.000003,0.999997,0.000000,0.000310,0.000000
16,True,True,0.000000,0.000000,-0.100000,0.000000,63.279999,-0.531000,0.000000,380.681000,0.000003,-0.002420,0.000003,0.999997,0.000000,0.000310,0.000000
17,True,True,0.000000,0.000000,-0.100000,0.000000,66.510002,-0.581000,0.000000,387.411011,0.000003,-0.002420,0.000003,0.999997,0.000000,0.000310,0.000000
18,True,True,0.000000,0.000000,-0.110000,0.000000,69.790001,-0.631000,0.000000,394.140991,0.000003,-0.002420,0.000003,0.999997,0.000000,0.000310,0.000000
19,True,True,0.000000,0.000000,-0.120000,0.000000,73.129997,-0.681000,0.000000,400.871002,0.000003,-0.002420,0.000003,0.999997,0.000000,0.000310,0.000000
20,True,True,0.000000,0.000000,-0.130000,0.000000,76.529999,-0.731000,0.000000,407.601013,0.000003,-0.002420,0.000003,0.999997,0.000000,0.000310,0.000000
21,False,False,0.000000,0.000000,-0.140000,0.000000,79.879997,-0.731000,0.000000,402.181000,0.000003,-0.002420,0.000003,0.999997,0.000000,0.000310,0.000000
22,False,False,0.000000,0.000000,-0.150000,0.000000,83.189995,-0.731000,0.000000,396.760986,0.000003,-0.002420,0.000003,0.999997,0.000000,0.000310,0.000000
23,False,False,0.000000,0.000000,-0.160000,0.000000,86.449997,-0.731000,0.000000,391.341003,0.000003,-0.002420,0.000003,0.999997,0.000000,0.000310,0.000000
24,False,False,0.000000,0.000000,-0.170000,0.000000,89.669998,-0.731000,0.000000,385.920990,0.000003,-0.002420,0.000003,0.999997,0.000000,0.000310,0.000000
25,False,False,0.000000,0.000000,-0.180000,0.000000,92.839996,-0.731000,0.000000,380.501007,0.000003,-0.002420,0.000003,0.999997,0.000000,0.000310,0.000000
26,False,False,0.000000,0.000000,-0.190000,0.000000,95.970001,-0.731000,0.000000,375.080994,0.000003,-0.002420,0.000003,0.999997,0.000000,0.000310,0.000000
27,False,False,0.000000,0.000000,-0.200000,0.000000,99.049995,-0.731000,0.000000,369.661011,0.000003,-0.002420,0.000003,0.999997,0.000000,0.000310,0.000000
28,False,False,0.000000,0.000000,-0.210000,0.000000,102.089996,-0.731000,0.000000,364.240997,0.000003,-0.002420,0.000003,0.999997,0.000000,0.000310,0.000000
29,False,False,0.000000,0.000000,-0.220000,0.000000,105.079994,-0.731000,0.000000,358.820984,0.000003,-0.002420,0.000003,0.999997,0.000000,0.000310,0.000000
30,False,False,0.000000,0.000000,-0.230000,0.000000,108.029999,-0.731000,0.000000,353.401001,0.000003,-0.002420,0.000003,0.999997,0.000000,0.000310,0.000000
31,False,False,0.000000,0.000000,-0.240000,0.000000,110.930000,-0.731000,0.000000,347.980988,0.000003,-0.002420,0.000003,0.999997,0.000000,0.000310,0.000000
32,False,False,0.000000,0.000000,-0.250000,0.000000,113.779999,-0.731000,0.000000,342.561005,0.000003,-0.002420,0.000003,0.999997,0.000000,0.000310,0.000000
33,False,False,0.000000,0.000000,-0.260000,0.000000,116.589996,-0.731000,0.000000,337.140991,0.000003,-0.002420,0.000003,0.999997,0.000000,0.000310,0.000000
34,False,False,0.000000,0.000000,-0.270000,0.000000,119.349998,-0.731000,0.000000,331.721008,0.000003,-0.002420,0.000003,0.999997,0.000000,0.000310,0.000000
35,False,False,0.000000,0.000000,-0.280000,0.000000,122.070000,-0.731000,0.000000,326.300995,0.000003,-0.002420,0.000003,0.999997,0.000000,0.000310,0.000000
36,False,False,0.000000,0.000000,-0.290000,0.000000,124.739998,-0.731000,0.000000,320.881012,0.000003,-0.002420,0.000003,0.999997,0.000000,0.000310,0.000000
37,False,False,0.000000,0.000000,-0.300000,0.000000,127.369995,-0.731000,0.000000,315.460999,0.000003,-0.002420,0.000003,0.999997,0.000000,0.000310,0.000000
38,False,False,0.000000,0.000000,-0.310000,0.000000,129.949997,-0.731000,0.000000,310.040985,0.000003,-0.002420,0.000003,0.999997,0.000000,0.000310,0.000000
39,False,False,0.000000,0.000000,-0.320000,0.000000,132.489990,-0.731000,0.000000,304.621002,0.000003,-0.002420,0.000003,0.999997,0.000000,0.000310,0.000000
40,False,False,0.000000,0.000000,-0.330000,0.000000,134.979996,-0.731000,0.000000,299.200989,0.000003,-0.002420,0.000003,0.999997,0.000000,0.000310,0.000000
41,False,False,0.000000,0.000000,-0.340000,0.000000,137.429993,-0.731000,0.000000,293.781006,0.000003,-0.002420,0.000003,0.999997,0.000000,0.000310,0.000000
42,False,False,0.000000,0.000000,-0.350000,0.000000,139.830002,-0.731000,0.000000,288.360992,0.000003,-0.002420,0.000003,0.999997,0.000000,0.000310,0.000000
43,False,False,0.000000,0.000000,-0.360000,0.000000,142.190002,-0.731000,0.000000,282.941010,0.000003,-0.002420,0.000003,0.999997,0.000000,0.000310,0.000000
44,False,False,0.000000,0.000000,-0.370000,0.000000,144.500000,-0.731000,0.000000,277.520996,0.000003,-0.002420,0.000003,0.999997,0.000000,0.000310,0.000000
45,False,False,0.000000,0.000000,-0.380000,0.000000,146.770004,-0.731000,0.000000,272.101013,0.000003,-0.002420,0.000003,0.999997,0.000000,0.000310,0.000000
46,False,False,0.000000,0.000000,-0.390000,0.000000,148.989990,-0.731000,0.000000,266.681000,0.000003,-0.002420,0.000003,0.999997,0.000000,0.000310,0.000000
47,False,False,0.000000,0.000000,-0.400000,0.000000,151.169998,-0.731000,0.000000,261.260986,0.000003,-0.002420,0.000003,0.999997,0.000000,0.000310,0.000000
48,False,False,0.000000,0.000000,-0.410000,0.000000,153.300003,-0.731000,0.000000,255.841003,0.000003,-0.002420,0.000003,0.999997,0.000000,0.000310,0.000000
49,False,False,0.000000,0.000000,-0.420000,0.000000,155.389999,-0.731000,0.000000,250.421005,0.000003,-0.002420,0.000003,0.999997,0.000000,0.000310,0.000000
50,False,False,0.000000,0.000000,-0.430000,0.000000,157.429993,-0.731000,0.000000,245.001007,0.000003,-0.002420,0.000003,0.999997,0.000000,0.000310,0.000000
51,False,False,0.000000,0.000000,-0.440000,0.000000,159.429993,-0.731000,0.000000,239.581009,0.000003,-0.002420,0.000003,0.999997,0.000000,0.000310,0.000000
52,False,False,0.000000,0.000000,-0.450000,0.000000,161.379990,-0.731000,0.000000,234.160995,0.000003,-0.002420,0.000003,0.999997,0.000000,0.000310,0.000000
53,False,False,0.000000,0.000000,-0.460000,0.000000,163.289993,-0.731000,0.000000,228.740997,0.000003,-0.002420,0.000003,0.999997,0.000000,0.000310,0.000000
54,False,False,0.000000,0.000000,-0.470000,0.000000,165.149994,-0.731000,0.000000,223.320999,0.000003,-0.002420,0.000003,0.999997,0.000000,0.000310,0.000000
55,False,False,0.000000,0.000000,-0.480000,0.000000,166.970001,-0.731000,0.000000,217.901001,0.000003,-0.002420,0.000003,0.999997,0.000000,0.000310,0.000000
56,False,False,0.000000,0.000000,-0.490000,0.000000,168.739990,-0.731000,0.000000,212.481003,0.000003,-0.002420,0.000003,0.999997,0.000000,0.000310,0.000000
57,False,False,0.000000,0.000000,-0.500000,0.000000,170.470001,-0.731000,0.000000,207.061005,0.000003,-0.002420,0.000003,0.999997,0.000000,0.000310,0.000000
58,False,False,0.000000,0.000000,-0.510000,0.000000,172.149994,-0.731000,0.000000,201.641006,0.000003,-0.002420,0.000003,0.999997,0.000000,0.000310,0.000000
59,False,False,0.000000,0.000000,-0.520000,0.000000,173.789993,-0.731000,0.000000,196.221008,0.000003,-0.002420,0.000003,0.999997,0.000000,0.000310,0.000000
60,False,False,0.000000,0.000000,-0.530000,0.000000,175.379990,-0.731000,0.000000,190.801010,0.000003,-0.002420,0.000003,0.999997,0.000000,0.000310,0.000000
61,False,False,0.000000,0.000000,-0.540000,0.000000,176.919998,-0.731000,0.000000,185.380997,0.000003,-0.002420,0.000003,0.999997,0.000000,0.000310,0.000000
62,False,False,0.000000,0.000000,-0.550000,0.000000,178.419998,-0.731000,0.000000,179.960999,0.000003,-0.002420,0.000003,0.999997,0.000000,0.000310,0.000000
63,False,False,0.000000,0.000000,-0.560000,0.000000,179.869995,-0.731000,0.000000,174.541000,0.000003,-0.002420,0.000003,0.999997,0.000000,0.000310,0.000000
64,False,False,0.000000,0.000000,-0.570000,0.000000,181.279999,-0.731000,0.000000,169.121002,0.000003,-0.002420,0.000003,0.999997,0.000000,0.000310,0.000000
65,False,False,0.000000,0.000000,-0.580000,0.000000,182.639999,-0.731000,0.000000,163.701004,0.000003,-0.002420,0.000003,0.999997,0.000000,0.000310,0.000000
66,False,False,0.000000,0.000000,-0.590000,0.000000,183.959991,-0.731000,0.000000,158.281006,0.000003,-0.002420,0.000003,0.999997,0.000000,0.000310,0.000000
67,False,False,0.000000,0.000000,-0.600000,0.000000,185.229996,-0.731000,0.000000,152.861008,0.000003,-0.002420,0.000003,0.999997,0.000000,0.000310,0.000000
68,False,False,0.000000,0.000000,-0.610000,0.000000,186.459991,-0.731000,0.000000,147.441010,0.000003,-0.002420,0.000003,0.999997,0.000000,0.000310,0.000000
69,False,False,0.000000,0.000000,-0.620000,0.000000,187.639999,-0.731000,0.000000,142.021011,0.000003,-0.002420,0.000003,0.999997,0.000000,0.000310,0.000000
70,False,False,0.000000,0.000000,-0.630000,0.000000,188.779999,-0.731000,0.000000,136.600998,0.000003,-0.002420,0.000003,0.999997,0.000000,0.000310,0.000000
71,True,True,-1.000000,1.000000,3.530000,0.000000,189.869995,499.260986,0.000000,131.181000,0.000003,0.005360,0.000003,0.999986,0.000000,1.866910,0.000000
72,False,False,1.000000,1.000000,7.690000,0.000000,190.919998,499.260986,0.000000,125.760994,0.000003,0.020730,0.000003,0.999785,0.000000,3.688810,0.000000
73,False,False,1.000000,1.000000,11.849999,0.000000,191.919998,499.260986,0.000000,120.340996,0.000003,0.043496,0.000003,0.999054,0.000000,5.467010,0.000000
74,False,False,1.000000,1.000000,16.010000,0.000000,192.879990,499.260986,0.000000,114.920998,0.000003,0.073453,0.000003,0.997299,0.000000,5.500010,0.000000
75,False,False,1.000000,1.000000,20.170000,0.000000,193.789993,499.260986,0.000000,109.500999,0.000003,0.103481,0.000003,0.994631,0.000000,5.499910,0.000000
76,False,False,1.000000,1.000000,24.330000,0.000000,194.659988,499.260986,0.000000,104.080994,0.000003,0.133411,0.000003,0.991061,0.000000,5.500010,0.000000
77,False,False,1.000000,1.000000,28.490000,0.000000,195.479996,499.260986,0.000000,98.660995,0.000003,0.163223,0.000003,0.986589,0.000000,5.499910,0.000000
78,False,False,1.000000,1.000000,32.649998,0.000000,196.259995,499.260986,0.000000,93.240997,0.000003,0.192884,0.000003,0.981222,0.000000,5.500010,0.000000
79,False,False,1.000000,1.000000,36.809998,0.000000,196.989990,499.260986,0.000000,87.820999,0.000003,0.222372,0.000003,0.974962,0.000000,5.499910,0.000000
80,False,False,1.000000,1.000000,40.969997,0.000000,197.679993,499.260986,0.000000,82.401001,0.000003,0.251655,0.000003,0.967817,0.000000,5.500010,0.000000
81,False,False,1.000000,1.000000,45.129997,0.000000,198.319992,499.260986,0.000000,76.980995,0.000003,0.280711,0.000003,0.959792,0.000000,5.499910,0.000000
82,False,False,1.000000,1.000000,49.289997,0.000000,198.919998,499.260986,0.000000,71.560997,0.000003,0.309514,0.000003,0.950895,0.000000,5.500010,0.000000
83,False,False,1.000000,1.000000,53.449997,0.000000,199.470001,499.260986,0.000000,66.140999,0.000003,0.338037,0.000003,0.941133,0.000000,5.499910,0.000000
84,False,False,1.000000,1.000000,57.610001,0.000000,199.979996,499.260986,0.000000,60.720997,0.000003,0.366251,0.000003,0.930516,0.000000,5.500010,0.000000
85,False,False,1.000000,1.000000,61.770000,0.000000,200.440002,499.260986,0.000000,55.300999,0.000003,0.394132,0.000003,0.919054,0.000000,5.499910,0.000000
86,False,False,1.000000,1.000000,65.930000,0.000000,200.860001,499.260986,0.000000,49.880997,0.000003,0.421651,0.000003,0.906758,0.000000,5.499910,0.000000
87,False,False,1.000000,1.000000,70.089996,0.000000,201.229996,499.260986,0.000000,44.460999,0.000003,0.448787,0.000003,0.893639,0.000000,5.500010,0.000000
88,False,False,1.000000,1.000000,74.250000,0.000000,201.559998,499.260986,0.000000,39.041000,0.000003,0.475518,0.000003,0.879706,0.000000,5.499910,0.000000
89,False,False,1.000000,1.000000,78.409996,0.000000,201.729996,499.260986,0.000000,19.950998,0.000003,0.501818,0.000003,0.864973,0.000000,5.500010,0.000000
90,False,False,1.000000,1.000000,82.570000,0.000000,201.789993,499.260986,0.000000,7.551000,0.000003,0.527659,0.000003,0.849456,0.000000,5.499910,0.000000
91,False,False,1.000000,1.000000,86.729996,0.000000,201.789993,499.260986,0.000000,-0.501000,0.000003,0.553020,0.000003,0.833168,0.000000,5.500010,0.000000
92,False,False,1.000000,1.000000,90.889999,0.000000,201.739990,499.260986,0.000000,-5.741000,0.000003,0.577879,0.000003,0.816122,0.000000,5.499910,0.000000
93,False,False,1.000000,1.000000,95.049995,0.000000,201.659988,499.260986,0.000000,-9.141000,0.000003,0.602215,0.000003,0.798334,0.000000,5.500010,0.000000
94,False,False,1.000000,1.000000,99.209999,0.000000,201.569992,499.260986,0.000000,-11.351000,0.000003,0.626006,0.000003,0.779818,0.000000,5.499910,0.000000
95,False,False,1.000000,1.000000,103.369995,0.000000,201.459991,499.260986,0.000000,-12.791000,0.000003,0.649226,0.000003,0.760596,0.000000,5.500010,0.000000
96,False,False,1.000000,1.000000,107.529999,0.000000,201.349991,499.260986,0.000000,-13.731000,0.000003,0.671857,0.000003,0.740681,0.000000,5.499910,0.000000
97,False,False,1.000000,1.000000,111.689995,0.000000,201.229996,499.260986,0.000000,-14.341001,0.000003,0.693879,0.000003,0.720092,0.000000,5.500010,0.000000
98,False,False,1.000000,1.000000,115.849998,0.000000,201.110001,499.260986,0.000000,-14.731000,0.000003,0.715266,0.000003,0.698853,0.000000,5.499910,0.000000
99,False,False,1.000000,1.000000,120.009995,0.000000,200.989990,499.260986,0.000000,-14.991000,0.000003,0.736004,0.000003,0.676977,0.000000,5.500010,0.000000
100,False,False,1.000000,1.000000,124.169998,0.000000,200.860001,499.260986,0.000000,-15.161000,0.000003,0.756074,0.000003,0.654486,0.000000,5.499910,0.000000
101,False,False,1.000000,1.000000,128.330002,0.000000,200.729996,499.260986,0.000000,-15.271000,0.000003,0.775456,0.000003,0.631401,0.000000,5.500010,0.000000
102,False,False,1.000000,1.000000,132.489990,0.000000,200.599991,499.260986,0.000000,-15.341000,0.000003,0.794136,0.000003,0.607740,0.000000,5.499910,0.000000
103,False,False,1.000000,1.000000,136.649994,0.000000,200.470001,499.260986,0.000000,-15.381001,0.000003,0.812093,0.000003,0.583528,0.000000,5.499910,0.000000
104,False,False,1.000000,1.000000,140.809998,0.000000,200.339996,499.260986,0.000000,-15.411000,0.000003,0.829311,0.000003,0.558787,0.000000,5.500010,0.000000
105,False,False,1.000000,1.000000,144.970001,0.000000,200.209991,499.260986,0.000000,-15.431000,0.000003,0.845775,0.000003,0.533539,0.000000,5.499910,0.000000
106,False,False,1.000000,1.000000,149.129990,0.000000,200.080002,499.260986,0.000000,-15.441000,0.000003,0.861471,0.000003,0.507806,0.000000,5.500010,0.000000
107,False,False,1.000000,1.000000,153.289993,0.000000,199.949997,499.260986,0.000000,-15.451000,0.000003,0.876386,0.000003,0.481609,0.000000,5.499910,0.000000
108,False,False,1.000000,1.000000,157.449997,0.000000,199.819992,499.260986,0.000000,-15.451000,0.000003,0.890504,0.000003,0.454975,0.000000,5.500010,0.000000
109,False,False,1.000000,1.000000,161.610001,0.000000,199.690002,499.260986,0.000000,-15.451000,0.000003,0.903814,0.000003,0.427925,0.000000,5.499910,0.000000
110,False,False,1.000000,1.000000,165.769989,0.000000,199.559998,499.260986,0.000000,-15.451000,0.000003,0.916302,0.000003,0.400487,0.000000,5.499910,0.000000
111,False,False,1.000000,1.000000,169.929993,0.000000,199.429993,499.260986,0.000000,-15.451000,0.000003,0.927957,0.000003,0.372687,0.000000,5.499910,0.000000
112,False,False,1.000000,1.000000,174.089996,0.000000,199.300003,499.260986,0.000000,-15.451000,0.000003,0.938769,0.000003,0.344548,0.000000,5.500010,0.000000
113,False,False,1.000000,1.000000,178.250000,0.000000,199.169998,499.260986,0.000000,-15.451000,0.000003,0.948727,0.000003,0.316096,0.000000,5.499910,0.000000
114,False,False,1.000000,1.000000,182.409988,0.000000,199.039993,499.260986,0.000000,-15.451000,0.000003,0.957823,0.000003,0.287358,0.000000,5.500010,0.000000
115,False,False,1.000000,1.000000,186.569992,0.000000,198.909988,499.260986,0.000000,-15.451000,0.000003,0.966050,0.000003,0.258355,0.000000,5.499910,0.000000
116,False,False,1.000000,1.000000,190.729996,0.000000,198.779999,499.260986,0.000000,-15.451000,0.000003,0.973398,0.000003,0.229121,0.000000,5.500010,0.000000
117,False,False,1.000000,1.000000,194.889999,0.000000,198.649994,499.260986,0.000000,-15.451000,0.000003,0.979862,0.000003,0.199676,0.000000,5.499910,0.000000
118,False,False,1.000000,1.000000,199.050003,0.000000,198.519989,499.260986,0.000000,-15.451000,0.000003,0.985435,0.000003,0.170053,0.000000,5.500010,0.000000
119,False,False,1.000000,1.000000,203.209991,0.000000,198.389999,499.260986,0.000000,-15.451000,0.000003,0.990113,0.000003,0.140273,0.000000,5.499910,0.000000
120,False,False,1.000000,1.000000,207.369995,0.000000,198.259995,499.260986,0.000000,-15.451000,0.000003,0.993891,0.000003,0.110370,0.000000,5.500010,0.000000
121,False,False,1.000000,1.000000,211.529999,0.000000,198.129990,499.260986,0.000000,-15.451000,0.000003,0.996766,0.000003,0.080364,0.000000,5.499910,0.000000
122,False,False,1.000000,1.000000,215.690002,0.000000,198.000000,499.260986,0.000000,-15.451000,0.000003,0.998735,0.000003,0.050282,0.000000,5.500010,0.000000
123,False,False,1.000000,1.000000,219.849991,0.000000,197.869995,499.260986,0.000000,-15.451000,0.000003,0.999797,0.000003,0.020158,0.000000,5.500010,0.000000
124,False,False,1.000000,1.000000,224.009995,0.000000,197.739990,499.260986,0.000000,-15.451000,0.000003,0.999950,0.000003,-0.009989,0.000000,5.499910,0.000000
125,False,False,1.000000,1.000000,228.169998,0.000000,197.610001,499.260986,0.000000,-15.451000,0.000003,0.999195,0.000003,-0.040124,0.000000,5.499910,0.000000
126,False,False,1.000000,1.000000,232.330002,0.000000,197.479996,499.260986,0.000000,-15.451000,0.000003,0.997531,0.000003,-0.070222,0.000000,5.499910,0.000000
127,False,False,1.000000,1.000000,236.489990,0.000000,197.349991,499.260986,0.000000,-15.451000,0.000003,0.994962,0.000003,-0.100255,0.000000,5.500010,0.000000
128,False,False,1.000000,1.000000,240.649994,0.000000,197.220001,499.260986,0.000000,-15.451000,0.000003,0.991488,0.000003,-0.130196,0.000000,5.499910,0.000000
129,False,False,1.000000,1.000000,244.809998,0.000000,197.089996,499.260986,0.000000,-15.451000,0.000003,0.987114,0.000003,-0.160018,0.000000,5.500010,0.000000
130,False,False,1.000000,1.000000,248.970001,0.000000,196.959991,499.260986,0.000000,-15.451000,0.000003,0.981843,0.000003,-0.189695,0.000000,5.499910,0.000000
131,False,False,1.000000,1.000000,253.129990,0.000000,196.830002,499.260986,0.000000,-15.451000,0.000003,0.975680,0.000003,-0.219200,0.000000,5.499910,0.000000
132,False,False,1.000000,1.000000,257.290009,0.000000,196.699997,499.260986,0.000000,-15.451000,0.000003,0.968629,0.000003,-0.248510,0.000000,5.500010,0.000000
133,False,False,1.000000,1.000000,261.449982,0.000000,196.569992,499.260986,0.000000,-15.451000,0.000003,0.960699,0.000003,-0.277593,0.000000,5.499910,0.000000
134,False,False,1.000000,1.000000,265.609985,0.000000,196.440002,499.260986,0.000000,-15.451000,0.000003,0.951895,0.000003,-0.306423,0.000000,5.499910,0.000000
135,False,False,1.000000,1.000000,269.769989,0.000000,196.309998,499.260986,0.000000,-15.451000,0.000003,0.942228,0.000003,-0.334972,0.000000,5.500010,0.000000
136,False,False,1.000000,1.000000,273.929993,0.000000,196.179993,499.260986,0.000000,-15.451000,0.000003,0.931704,0.000003,-0.363220,0.000000,5.499910,0.000000
137,False,False,1.000000,1.000000,278.089996,0.000000,196.050003,499.260986,0.000000,-15.451000,0.000003,0.920332,0.000003,-0.391138,0.000000,5.500010,0.000000
138,False,False,1.000000,1.000000,282.250000,0.000000,195.919998,499.260986,0.000000,-15.451000,0.000003,0.908125,0.000003,-0.418700,0.000000,5.499910,0.000000
139,False,False,1.000000,1.000000,286.410004,0.000000,195.789993,499.260986,0.000000,-15.451000,0.000003,0.895093,0.000003,-0.445879,0.000000,5.499910,0.000000
140,False,False,1.000000,1.000000,290.570007,0.000000,195.659988,499.260986,0.000000,-15.451000,0.000003,0.881248,0.000003,-0.472653,0.000000,5.500010,0.000000
141,False,False,1.000000,1.000000,294.729980,0.000000,195.529999,499.260986,0.000000,-15.451000,0.000003,0.866601,0.000003,-0.499002,0.000000,5.499910,0.000000
142,False,False,1.000000,1.000000,298.889984,0.000000,195.399994,499.260986,0.000000,-15.451000,0.000003,0.851166,0.000003,-0.524897,0.000000,5.500010,0.000000
143,False,False,1.000000,1.000000,303.049988,0.000000,195.269989,499.260986,0.000000,-15.451000,0.000003,0.834959,0.000003,-0.550312,0.000000,5.499910,0.000000
144,False,False,1.000000,1.000000,307.209991,0.000000,195.139999,499.260986,0.000000,-15.451000,0.000003,0.817995,0.000003,-0.575225,0.000000,5.500010,0.000000
145,False,False,1.000000,1.000000,311.369995,0.000000,195.009995,499.260986,0.000000,-15.451000,0.000003,0.800285,0.000003,-0.599620,0.000000,5.499910,0.000000
146,False,False,1.000000,1.000000,315.529999,0.000000,194.879990,499.260986,0.000000,-15.451000,0.000003,0.781847,0.000003,-0.623471,0.000000,5.499910,0.000000
147,False,False,1.000000,1.000000,319.690002,0.000000,194.750000,499.260986,0.000000,-15.451000,0.000003,0.762698,0.000003,-0.646755,0.000000,5.500010,0.000000
148,False,False,1.000000,1.000000,323.850006,0.000000,194.619995,499.260986,0.000000,-15.451000,0.000003,0.742856,0.000003,-0.669451,0.000000,5.499910,0.000000
149,False,False,1.000000,1.000000,328.009979,0.000000,194.489990,499.260986,0.000000,-15.451000,0.000003,0.722341,0.000003,-0.691537,0.000000,5.499910,0.000000
150,False,False,1.000000,1.000000,332.169983,0.000000,194.319992,499.260986,0.000000,-20.860998,-0.000003,-0.706691,-0.000003,0.707522,0.000000,5.368010,0.000000
151,False,False,1.000000,1.000000,336.329987,0.000000,194.099991,499.260986,0.000000,-26.270998,-0.000003,-0.691079,-0.000003,0.722779,0.000000,5.239310,0.000000
152,False,False,1.000000,1.000000,340.489990,0.000000,193.839996,499.260986,0.000000,-31.680998,-0.000003,-0.675520,-0.000003,0.737342,0.000000,5.113710,0.000000
153,False,False,1.000000,1.000000,344.649994,0.000000,193.529999,499.260986,0.000000,-37.091000,-0.000003,-0.660042,-0.000003,0.751228,0.000000,4.991110,0.000000
154,False,False,1.000000,1.000000,348.809998,0.000000,193.179993,499.260986,0.000000,-42.500999,-0.000003,-0.644662,-0.000003,0.764468,0.000000,4.871410,0.000000
155,False,False,1.000000,1.000000,352.970001,0.000000,192.779999,499.260986,0.000000,-47.910999,-0.000003,-0.629389,-0.000003,0.777090,0.000000,4.754610,0.000000
156,False,False,1.000000,1.000000,357.130005,0.000000,192.339996,499.260986,0.000000,-53.320999,-0.000003,-0.614246,-0.000003,0.789115,0.000000,4.640610,0.000000
157,False,False,1.000000,1.000000,361.289978,0.000000,191.849991,499.260986,0.000000,-58.730999,-0.000003,-0.599243,-0.000003,0.800567,0.000000,4.529310,0.000000
158,False,False,1.000000,1.000000,365.449982,0.000000,191.319992,499.260986,0.000000,-64.140999,-0.000003,-0.584396,-0.000003,0.811468,0.000000,4.420710,0.000000
159,False,False,1.000000,1.000000,369.609985,0.000000,190.739990,499.260986,0.000000,-69.550995,-0.000003,-0.569712,-0.000003,0.821845,0.000000,4.314710,0.000000
160,False,False,1.000000,1.000000,373.769989,0.000000,190.119995,499.260986,0.000000,-74.960999,-0.000003,-0.555205,-0.000003,0.831714,0.000000,4.211210,0.000000
161,False,False,1.000000,1.000000,377.929993,0.000000,189.449997,499.260986,0.000000,-80.370995,-0.000003,-0.540882,-0.000003,0.841099,0.000000,4.110210,0.000000
162,False,False,1.000000,1.000000,382.089996,0.000000,188.739990,499.260986,0.000000,-85.780998,-0.000003,-0.526747,-0.000003,0.850022,0.000000,4.011610,0.000000
163,False,False,1.000000,1.000000,386.250000,0.000000,187.979996,499.260986,0.000000,-91.190994,-0.000003,-0.512812,-0.000003,0.858501,0.000000,3.915410,0.000000
164,False,False,1.000000,1.000000,390.410004,0.000000,187.169998,499.260986,0.000000,-96.600998,-0.000003,-0.499077,-0.000003,0.866557,0.000000,3.821510,0.000000
165,False,False,1.000000,1.000000,394.569977,0.000000,186.319992,499.260986,0.000000,-102.010994,-0.000003,-0.485552,-0.000003,0.874208,0.000000,3.729910,0.000000
166,False,False,1.000000,1.000000,398.729980,0.000000,185.419998,499.260986,0.000000,-107.420998,-0.000003,-0.472238,-0.000003,0.881471,0.000000,3.640510,0.000000
167,False,False,1.000000,1.000000,402.889984,0.000000,184.479996,499.260986,0.000000,-112.830994,-0.000003,-0.459134,-0.000003,0.888367,0.000000,3.553210,0.000000
168,False,False,1.000000,1.000000,407.049988,0.000000,183.489990,499.260986,0.000000,-118.240997,-0.000003,-0.446251,-0.000003,0.894908,0.000000,3.468010,0.000000
169,False,False,1.000000,1.000000,411.209991,0.000000,182.459991,499.260986,0.000000,-123.650993,-0.000003,-0.433584,-0.000003,0.901113,0.000000,3.384810,0.000000
170,False,False,1.000000,1.000000,415.369995,0.000000,181.379990,499.260986,0.000000,-129.061005,-0.000003,-0.421138,-0.000003,0.906996,0.000000,3.303610,0.000000
171,False,False,1.000000,1.000000,419.529999,0.000000,180.259995,499.260986,0.000000,-134.471008,-0.000003,-0.408914,-0.000003,0.912573,0.000000,3.224410,0.000000
172,False,False,1.000000,1.000000,423.690002,0.000000,179.089996,499.260986,0.000000,-139.880997,-0.000003,-0.396910,-0.000003,0.917857,0.000000,3.147110,0.000000
173,False,False,1.000000,1.000000,427.849976,0.000000,177.879990,499.260986,0.000000,-145.291000,-0.000003,-0.385128,-0.000003,0.922863,0.000000,3.071610,0.000000
174,False,False,1.000000,1.000000,432.009979,0.000000,176.619995,499.260986,0.000000,-150.701004,-0.000003,-0.373572,-0.000003,0.927601,0.000000,2.997910,0.000000
175,False,False,1.000000,1.000000,436.169983,0.000000,175.319992,499.260986,0.000000,-156.111008,-0.000003,-0.362238,-0.000003,0.932086,0.000000,2.926010,0.000000
176,False,False,1.000000,1.000000,440.329987,0.000000,173.970001,499.260986,0.000000,-161.520996,-0.000003,-0.351119,-0.000003,0.936331,0.000000,2.855810,0.000000
177,False,False,1.000000,1.000000,444.489990,0.000000,172.580002,499.260986,0.000000,-166.931000,-0.000003,-0.340221,-0.000003,0.940345,0.000000,2.787310,0.000000
178,False,False,1.000000,1.000000,448.649994,0.000000,171.139999,499.260986,0.000000,-172.341003,-0.000003,-0.329540,-0.000003,0.944142,0.000000,2.720510,0.000000
179,False,False,1.000000,1.000000,452.809998,0.000000,169.660004,499.260986,0.000000,-177.751007,-0.000003,-0.319074,-0.000003,0.947730,0.000000,2.655310,0.000000
180,False,False,1.000000,1.000000,456.970001,0.000000,168.129990,499.260986,0.000000,-183.160995,-0.000003,-0.308824,-0.000003,0.951119,0.000000,2.591610,0.000000
181,False,False,1.000000,1.000000,461.130005,0.000000,166.559998,499.260986,0.000000,-188.570999,-0.000003,-0.298784,-0.000003,0.954321,0.000000,2.529410,0.000000
182,False,False,1.000000,1.000000,465.289978,0.000000,164.940002,499.260986,0.000000,-193.981003,-0.000003,-0.288949,-0.000003,0.957344,0.000000,2.468710,0.000000
183,False,False,1.000000,1.000000,469.449982,0.000000,163.279999,499.260986,0.000000,-199.391006,-0.000003,-0.279325,-0.000003,0.960197,0.000000,2.409510,0.000000
184,False,False,1.000000,1.000000,473.609985,0.000000,161.569992,499.260986,0.000000,-204.800995,-0.000003,-0.269900,-0.000003,0.962888,0.000000,2.351710,0.000000
185,False,False,1.000000,1.000000,477.769989,0.000000,159.819992,499.260986,0.000000,-210.210999,-0.000003,-0.260680,-0.000003,0.965425,0.000000,2.295310,0.000000
186,False,False,1.000000,1.000000,481.929993,0.000000,158.019989,499.260986,0.000000,-215.621002,-0.000003,-0.251854,-0.000003,0.967765,0.000000,2.191410,0.000000
187,False,False,1.000000,1.000000,486.089996,0.000000,156.179993,499.260986,0.000000,-221.031006,-0.000003,-0.243428,-0.000003,0.969919,0.000000,2.087510,0.000000
188,False,False,1.000000,1.000000,490.250000,0.000000,154.289993,499.260986,0.000000,-226.441010,-0.000003,-0.235406,-0.000003,0.971897,0.000000,1.983610,0.000000
189,False,False,1.000000,1.000000,494.410004,0.000000,152.360001,499.260986,0.000000,-231.850998,-0.000003,-0.227788,-0.000003,0.973711,0.000000,1.879710,0.000000
190,False,False,1.000000,1.000000,498.569977,0.000000,150.379990,499.260986,0.000000,-237.261002,-0.000003,-0.220575,-0.000003,0.975370,0.000000,1.775810,0.000000
191,False,False,1.000000,1.000000,502.729980,0.000000,148.360001,499.260986,0.000000,-242.671005,-0.000003,-0.213772,-0.000003,0.976884,0.000000,1.671910,0.000000
192,False,False,1.000000,1.000000,506.889984,0.000000,146.289993,499.260986,0.000000,-248.081009,-0.000003,-0.207385,-0.000003,0.978259,0.000000,1.568010,0.000000
193,False,False,1.000000,1.000000,511.049988,0.000000,144.179993,499.260986,0.000000,-253.490997,-0.000003,-0.201413,-0.000003,0.979506,0.000000,1.464110,0.000000
194,False,False,1.000000,1.000000,515.209961,0.000000,142.020004,499.260986,0.000000,-258.901001,-0.000003,-0.195856,-0.000003,0.980633,0.000000,1.360210,0.000000
195,False,False,1.000000,1.000000,519.369995,0.000000,139.819992,499.260986,0.000000,-264.311005,-0.000003,-0.190720,-0.000003,0.981644,0.000000,1.256310,0.000000
196,False,False,1.000000,1.000000,523.529968,0.000000,137.569992,499.260986,0.000000,-269.721008,-0.000003,-0.186005,-0.000003,0.982549,0.000000,1.152410,0.000000
197,False,False,1.000000,1.000000,527.690002,0.000000,135.279999,499.260986,0.000000,-275.131012,-0.000003,-0.181711,-0.000003,0.983352,0.000000,1.048510,0.000000
198,False,False,1.000000,1.000000,531.849976,0.000000,132.940002,499.260986,0.000000,-280.541016,-0.000003,-0.177837,-0.000003,0.984060,0.000000,0.944610,0.000000
199,False,False,1.000000,1.000000,536.010010,0.000000,130.559998,499.260986,0.000000,-285.950989,-0.000003,-0.174390,-0.000003,0.984677,0.000000,0.840710,0.000000
200,False,False,1.000000,1.000000,540.169983,0.000000,128.129990,499.260986,0.000000,-291.360992,-0.000003,-0.171364,-0.000003,0.985208,0.000000,0.736810,0.000000
201,False,False,1.000000,1.000000,544.330017,0.000000,125.659996,499.260986,0.000000,-296.770996,-0.000003,-0.168763,-0.000003,0.985657,0.000000,0.632910,0.000000
202,False,False,1.000000,1.000000,548.489990,0.000000,123.139999,499.260986,0.000000,-302.181000,-0.000003,-0.166589,-0.000003,0.986026,0.000000,0.529010,0.000000
203,False,False,1.000000,1.000000,552.649963,0.000000,120.579994,499.260986,0.000000,-307.591003,-0.000003,-0.164841,-0.000003,0.986320,0.000000,0.425110,0.000000
204,False,False,1.000000,1.000000,556.809998,0.000000,117.969994,499.260986,0.000000,-313.001007,-0.000003,-0.163520,-0.000003,0.986540,0.000000,0.321210,0.000000
205,False,False,1.000000,1.000000,560.969971,0.000000,115.320000,499.260986,0.000000,-318.411011,-0.000003,-0.162624,-0.000003,0.986688,0.000000,0.217310,0.000000
206,False,False,1.000000,1.000000,565.130005,0.000000,112.619995,499.260986,0.000000,-323.821014,-0.000003,-0.162160,-0.000003,0.986764,0.000000,0.113410,0.000000
207,False,False,1.000000,1.000000,569.289978,0.000000,109.879997,499.260986,0.000000,-329.230988,-0.000003,-0.162122,-0.000003,0.986771,0.000000,0.009510,0.000000
208,False,False,1.000000,1.000000,573.450012,0.000000,107.089996,499.260986,0.000000,-334.640991,-0.000003,-0.162511,-0.000003,0.986707,0.000000,-0.094310,0.000000
209,False,False,1.000000,1.000000,577.609985,0.000000,104.259995,499.260986,0.000000,-340.050995,-0.000003,-0.163325,-0.000003,0.986572,0.000000,-0.198110,0.000000
210,False,False,1.000000,1.000000,581.769958,0.000000,101.379997,499.260986,0.000000,-345.460999,-0.000003,-0.164566,-0.000003,0.986366,0.000000,-0.301910,0.000000
211,False,False,1.000000,1.000000,585.929993,0.000000,98.459999,499.260986,0.000000,-350.871002,-0.000003,-0.166233,-0.000003,0.986086,0.000000,-0.405710,0.000000
212,False,False,1.000000,1.000000,590.089966,0.000000,95.489998,499.260986,0.000000,-356.281006,-0.000003,-0.168326,-0.000003,0.985731,0.000000,-0.509510,0.000000
213,False,False,1.000000,1.000000,594.250000,0.000000,92.479996,499.260986,0.000000,-361.691010,-0.000003,-0.170846,-0.000003,0.985298,0.000000,-0.613310,0.000000
214,False,False,1.000000,1.000000,598.409973,0.000000,89.419998,499.260986,0.000000,-367.101013,-0.000003,-0.173791,-0.000003,0.984782,0.000000,-0.717110,0.000000
215,False,False,1.000000,1.000000,602.570007,0.000000,86.320000,499.260986,0.000000,-372.510986,-0.000003,-0.177158,-0.000003,0.984182,0.000000,-0.820910,0.000000
216,False,False,1.000000,1.000000,606.729980,0.000000,83.169998,499.260986,0.000000,-377.920990,-0.000003,-0.180950,-0.000003,0.983492,0.000000,-0.924710,0.000000
217,False,False,1.000000,1.000000,610.890015,0.000000,79.979996,499.260986,0.000000,-383.330994,-0.000003,-0.185164,-0.000003,0.982708,0.000000,-1.028510,0.000000
218,False,False,1.000000,1.000000,615.049988,0.000000,76.739998,499.260986,0.000000,-388.740997,-0.000003,-0.189798,-0.000003,0.981823,0.000000,-1.132310,0.000000
219,False,False,1.000000,1.000000,619.209961,0.000000,73.459999,499.260986,0.000000,-394.151001,-0.000003,-0.194853,-0.000003,0.980833,0.000000,-1.236110,0.000000
220,False,False,1.000000,1.000000,623.369995,0.000000,70.129997,499.260986,0.000000,-399.561005,-0.000003,-0.200328,-0.000003,0.979729,0.000000,-1.339910,0.000000
221,False,False,1.000000,1.000000,627.529968,0.000000,66.760002,499.260986,0.000000,-404.971008,-0.000003,-0.206220,-0.000003,0.978506,0.000000,-1.443710,0.000000
222,False,False,1.000000,1.000000,631.690002,0.000000,63.340000,499.260986,0.000000,-410.381012,-0.000003,-0.212526,-0.000003,0.977155,0.000000,-1.547510,0.000000
223,False,False,1.000000,1.000000,635.849976,0.000000,59.879997,499.260986,0.000000,-415.790985,-0.000003,-0.219243,-0.000003,0.975670,0.000000,-1.651310,0.000000
224,False,False,1.000000,1.000000,640.010010,0.000000,56.369999,499.260986,0.000000,-421.200989,-0.000003,-0.226375,-0.000003,0.974040,0.000000,-1.755110,0.000000
225,False,False,1.000000,1.000000,644.169983,0.000000,52.809998,499.260986,0.000000,-426.610992,-0.000003,-0.233911,-0.000003,0.972258,0.000000,-1.858910,0.000000
226,False,False,1.000000,1.000000,648.329956,0.000000,49.209999,499.260986,0.000000,-432.020996,-0.000003,-0.241852,-0.000003,0.970313,0.000000,-1.962710,0.000000
227,False,False,1.000000,1.000000,652.489990,0.000000,45.559998,499.260986,0.000000,-437.431000,-0.000003,-0.250198,-0.000003,0.968195,0.000000,-2.066510,0.000000
228,False,False,1.000000,1.000000,656.649963,0.000000,41.869999,499.260986,0.000000,-442.841003,-0.000003,-0.258943,-0.000003,0.965893,0.000000,-2.170310,0.000000
229,False,False,1.000000,1.000000,660.789978,0.000000,38.509998,497.070984,0.000000,-403.330994,-0.000003,-0.266113,-0.000003,0.963942,0.000000,-1.783010,0.000000
230,False,False,1.000000,1.000000,664.909973,0.000000,35.509998,494.880981,0.000000,-360.170990,-0.000003,-0.270812,-0.000003,0.962632,0.000000,-1.171010,0.000000
231,False,False,1.000000,1.000000,669.019958,0.000000,32.899998,492.691010,0.000000,-313.371002,-0.000003,-0.272646,-0.000003,0.962114,0.000000,-0.457310,0.000000
232,False,False,1.000000,1.000000,673.109985,0.000000,31.269999,490.501007,0.000000,-195.660995,-0.000003,-0.267526,-0.000003,0.963551,0.000000,1.276610,0.000000
233,False,False,1.000000,1.000000,677.179993,0.000000,30.230000,488.311005,0.000000,-125.250999,-0.000003,-0.257740,-0.000003,0.966214,0.000000,2.434710,0.000000
234,False,False,1.000000,1.000000,681.229980,0.000000,29.510000,486.121002,0.000000,-86.300995,-0.000003,-0.244949,-0.000003,0.969536,0.000000,3.171010,0.000000
235,False,False,1.000000,1.000000,685.260010,0.000000,28.949999,483.931000,0.000000,-67.261002,-0.000003,-0.230291,-0.000003,0.973122,0.000000,3.622010,0.000000
236,False,False,1.000000,1.000000,689.269958,0.000000,28.430000,481.740997,0.000000,-61.810997,-0.000003,-0.214587,-0.000003,0.976705,0.000000,3.866010,0.000000
237,False,False,1.000000,1.000000,693.269958,0.000000,27.900000,479.550995,0.000000,-63.370998,-0.000003,-0.198289,-0.000003,0.980144,0.000000,3.998210,0.000000
238,False,False,1.000000,1.000000,697.250000,0.000000,27.340000,477.360992,0.000000,-66.931000,-0.000003,-0.181527,-0.000003,0.983386,0.000000,4.097610,0.000000
239,False,False,1.000000,1.000000,701.209961,0.000000,26.740000,475.170990,0.000000,-71.920998,-0.000003,-0.164404,-0.000003,0.986393,0.000000,4.172310,0.000000
240,False,False,1.000000,1.000000,705.149963,0.000000,26.090000,472.980988,0.000000,-77.901001,-0.000003,-0.147001,-0.000003,0.989136,0.000000,4.228710,0.000000
241,False,False,1.000000,1.000000,709.070007,0.000000,25.389999,470.790985,0.000000,-84.530998,-0.000003,-0.129370,-0.000003,0.991596,0.000000,4.272210,0.000000
242,False,False,1.000000,1.000000,712.979980,0.000000,24.629999,468.600983,0.000000,-91.570999,-0.000003,-0.111557,-0.000003,0.993758,0.000000,4.306810,0.000000
243,False,False,1.000000,1.000000,716.869995,0.000000,23.809999,466.411011,0.000000,-98.810997,-0.000003,-0.093587,-0.000003,0.995611,0.000000,4.336110,0.000000
244,False,False,1.000000,1.000000,720.739990,0.000000,22.930000,464.221008,0.000000,-106.120995,-0.000003,-0.075476,-0.000003,0.997148,0.000000,4.362710,0.000000
245,False,False,1.000000,1.000000,724.570007,0.000000,22.090000,459.841003,0.000000,-101.050995,-0.000003,-0.059270,-0.000003,0.998242,0.000000,3.898610,0.000000
246,False,False,1.000000,1.000000,728.369995,0.000000,21.309999,455.460999,0.000000,-93.681000,-0.000003,-0.045082,-0.000003,0.998983,0.000000,3.409510,0.000000
247,False,False,1.000000,1.000000,732.130005,0.000000,20.600000,451.080994,0.000000,-84.670998,-0.000003,-0.032916,-0.000003,0.999458,0.000000,2.921710,0.000000
248,False,False,1.000000,1.000000,735.849976,0.000000,19.980000,446.700989,0.000000,-74.600998,-0.000003,-0.022699,-0.000003,0.999742,0.000000,2.452610,0.000000
249,False,False,1.000000,1.000000,739.539978,0.000000,19.449999,442.320984,0.000000,-64.011002,-0.000003,-0.014310,-0.000003,0.999898,0.000000,2.013810,0.000000
250,False,False,1.000000,1.000000,743.190002,0.000000,19.010000,437.941010,0.000000,-53.370998,-0.000003,-0.007593,-0.000003,0.999971,0.000000,1.612510,0.000000
251,False,False,1.000000,1.000000,746.799988,0.000000,18.650000,433.561005,0.000000,-43.060997,-0.000003,-0.002371,-0.000003,0.999997,0.000000,1.253110,0.000000
252,False,False,1.000000,1.000000,750.380005,0.000000,18.369999,429.181000,0.000000,-33.420998,-0.000003,0.001529,-0.000003,0.999999,0.000000,0.935710,0.000000
253,False,False,1.000000,1.000000,753.919983,0.000000,18.260000,424.800995,0.000000,-13.551000,-0.000003,0.002625,-0.000003,0.999997,0.000000,0.262910,0.000000
254,False,False,1.000000,1.000000,757.419983,0.000000,18.230000,420.420990,0.000000,-4.121000,-0.000003,0.002592,-0.000003,0.999997,0.000000,-0.008010,0.000000
255,False,False,1.000000,1.000000,760.889954,0.000000,18.230000,416.040985,0.000000,0.451000,-0.000003,0.002166,-0.000003,0.999998,0.000000,-0.102410,0.000000
256,False,False,1.000000,1.000000,764.320007,0.000000,18.250000,411.661011,0.000000,2.481000,-0.000003,0.001697,-0.000003,0.999999,0.000000,-0.112110,0.000000
257,False,False,1.000000,1.000000,767.709961,0.000000,18.279999,407.281006,0.000000,3.861000,-0.000003,0.001238,-0.000003,0.999999,0.000000,-0.109510,0.000000
258,False,False,1.000000,1.000000,771.070007,0.000000,18.320000,402.901001,0.000000,4.761000,-0.000003,0.000817,-0.000003,1.000000,0.000000,-0.101110,0.000000
259,False,False,1.000000,1.000000,774.389954,0.000000,18.359999,398.520996,0.000000,5.191000,-0.000003,0.000434,-0.000003,1.000000,0.000000,-0.092010,0.000000
260,False,False,1.000000,1.000000,777.669983,0.000000,18.400000,394.140991,0.000000,5.311000,-0.000003,0.000089,-0.000003,1.000000,0.000000,-0.082810,0.000000
261,False,False,1.000000,1.000000,780.919983,0.000000,18.440001,389.760986,0.000000,5.221000,-0.000003,-0.000218,-0.000003,1.000000,0.000000,-0.073910,0.000000
262,False,False,1.000000,1.000000,784.130005,0.000000,18.480000,385.381012,0.000000,4.991000,-0.000003,-0.000494,-0.000003,1.000000,0.000000,-0.065610,0.000000
263,False,False,1.000000,1.000000,787.309998,0.000000,18.520000,381.001007,0.000000,4.671000,-0.000003,-0.000736,-0.000003,1.000000,0.000000,-0.058010,0.000000
264,False,False,1.000000,1.000000,790.450012,0.000000,18.559999,376.621002,0.000000,4.291000,-0.000003,-0.000947,-0.000003,1.000000,0.000000,-0.051010,0.000000
265,False,False,1.000000,1.000000,793.549988,0.000000,18.590000,372.240997,0.000000,3.871000,-0.000003,-0.001136,-0.000003,0.999999,0.000000,-0.044810,0.000000
266,False,False,1.000000,1.000000,796.619995,0.000000,18.619999,367.860992,0.000000,3.471000,-0.000003,-0.001297,-0.000003,0.999999,0.000000,-0.039210,0.000000
267,False,False,1.000000,1.000000,799.649963,0.000000,18.650000,363.480988,0.000000,3.081000,-0.000003,-0.001443,-0.000003,0.999999,0.000000,-0.034310,0.000000
268,False,False,1.000000,1.000000,802.639954,0.000000,18.670000,359.101013,0.000000,2.691000,-0.000003,-0.001567,-0.000003,0.999999,0.000000,-0.030010,0.000000
269,False,False,1.000000,1.000000,805.599976,0.000000,18.690001,354.721008,0.000000,2.351000,-0.000003,-0.001675,-0.000003,0.999999,0.000000,-0.026210,0.000000
270,False,False,1.000000,1.000000,808.519958,0.000000,18.709999,350.341003,0.000000,2.041000,-0.000003,-0.001772,-0.000003,0.999998,0.000000,-0.022910,0.000000
271,False,False,1.000000,1.000000,811.399963,0.000000,18.719999,345.960999,0.000000,1.751000,-0.000003,-0.001853,-0.000003,0.999998,0.000000,-0.019910,0.000000
272,False,False,1.000000,1.000000,814.250000,0.000000,18.730000,341.580994,0.000000,1.511000,-0.000003,-0.001923,-0.000003,0.999998,0.000000,-0.017310,0.000000
273,False,False,1.000000,1.000000,817.059998,0.000000,18.740000,337.200989,0.000000,1.311000,-0.000003,-0.001988,-0.000003,0.999998,0.000000,-0.015110,0.000000
274,False,False,1.000000,1.000000,819.829956,0.000000,18.750000,332.821014,0.000000,1.141000,-0.000003,-0.002042,-0.000003,0.999998,0.000000,-0.013210,0.000000
275,False,False,1.000000,1.000000,822.570007,0.000000,18.760000,328.441010,0.000000,0.981000,-0.000003,-0.002090,-0.000003,0.999998,0.000000,-0.011510,0.000000
276,False,False,1.000000,1.000000,825.269958,0.000000,18.770000,324.061005,0.000000,0.831000,-0.000003,-0.002134,-0.000003,0.999998,0.000000,-0.010010,0.000000
277,False,False,1.000000,1.000000,827.929993,0.000000,18.779999,319.681000,0.000000,0.691000,-0.000003,-0.002171,-0.000003,0.999998,0.000000,-0.008710,0.000000
278,False,False,1.000000,1.000000,830.559998,0.000000,18.779999,315.300995,0.000000,0.561000,-0.000003,-0.002204,-0.000003,0.999998,0.000000,-0.007510,0.000000
279,False,False,1.000000,1.000000,833.149963,0.000000,18.779999,310.920990,0.000000,0.471000,-0.000003,-0.002231,-0.000003,0.999997,0.000000,-0.006510,0.000000
280,False,False,1.000000,1.000000,835.699951,0.000000,18.779999,306.540985,0.000000,0.411000,-0.000003,-0.002252,-0.000003,0.999997,0.000000,-0.005710,0.000000
281,False,False,1.000000,1.000000,838.219971,0.000000,18.779999,302.161011,0.000000,0.371000,-0.000003,-0.002274,-0.000003,0.999997,0.000000,-0.005010,0.000000
282,False,False,1.000000,1.000000,840.699951,0.000000,18.779999,297.781006,0.000000,0.341000,-0.000003,-0.002290,-0.000003,0.999997,0.000000,-0.004310,0.000000
283,False,False,1.000000,1.000000,843.149963,0.000000,18.779999,293.401001,0.000000,0.321000,-0.000003,-0.002306,-0.000003,0.999997,0.000000,-0.003810,0.000000
284,False,False,1.000000,1.000000,845.559998,0.000000,18.779999,289.020996,0.000000,0.311000,-0.000003,-0.002322,-0.000003,0.999997,0.000000,-0.003310,0.000000
285,False,False,1.000000,1.000000,847.929993,0.000000,18.779999,284.640991,0.000000,0.301000,-0.000003,-0.002333,-0.000003,0.999997,0.000000,-0.002910,0.000000
286,False,False,1.000000,1.000000,850.269958,0.000000,18.779999,280.260986,0.000000,0.301000,-0.000003,-0.002344,-0.000003,0.999997,0.000000,-0.002510,0.000000
287,False,False,1.000000,1.000000,852.570007,0.000000,18.779999,275.881012,0.000000,0.301000,-0.000003,-0.002355,-0.000003,0.999997,0.000000,-0.002210,0.000000
288,False,False,1.000000,1.000000,854.829956,0.000000,18.779999,271.501007,0.000000,0.301000,-0.000003,-0.002360,-0.000003,0.999997,0.000000,-0.001910,0.000000
289,False,False,1.000000,1.000000,857.059998,0.000000,18.779999,267.121002,0.000000,0.301000,-0.000003,-0.002366,-0.000003,0.999997,0.000000,-0.001610,0.000000
290,False,False,1.000000,1.000000,859.250000,0.000000,18.779999,262.740997,0.000000,0.301000,-0.000003,-0.002371,-0.000003,0.999997,0.000000,-0.001410,0.000000
291,False,False,1.000000,1.000000,861.399963,0.000000,18.779999,258.360992,0.000000,0.301000,-0.000003,-0.002376,-0.000003,0.999997,0.000000,-0.001210,0.000000
292,False,False,1.000000,1.000000,863.519958,0.000000,18.779999,253.981003,0.000000,0.301000,-0.000003,-0.002382,-0.000003,0.999997,0.000000,-0.001110,0.000000
293,False,False,1.000000,1.000000,865.599976,0.000000,18.779999,249.600998,0.000000,0.301000,-0.000003,-0.002387,-0.000003,0.999997,0.000000,-0.001010,0.000000
294,False,False,1.000000,1.000000,867.639954,0.000000,18.779999,245.221008,0.000000,0.301000,-0.000003,-0.002393,-0.000003,0.999997,0.000000,-0.000810,0.000000
295,False,False,1.000000,1.000000,869.649963,0.000000,18.779999,240.841003,0.000000,0.301000,-0.000003,-0.002398,-0.000003,0.999997,0.000000,-0.000710,0.000000
296,False,False,1.000000,1.000000,871.619995,0.000000,18.779999,236.460999,0.000000,0.301000,-0.000003,-0.002398,-0.000003,0.999997,0.000000,-0.000610,0.000000
297,False,False,1.000000,1.000000,873.549988,0.000000,18.779999,232.081009,0.000000,0.301000,-0.000003,-0.002398,-0.000003,0.999997,0.000000,-0.000510,0.000000
298,False,False,1.000000,1.000000,875.449951,0.000000,18.779999,227.701004,0.000000,0.301000,-0.000003,-0.002398,-0.000003,0.999997,0.000000,-0.000410,0.000000
299,False,False,1.000000,1.000000,877.309998,0.000000,18.779999,223.320999,0.000000,0.301000,-0.000003,-0.002398,-0.000003,0.999997,0.000000,-0.000410,0.000000
300,False,False,1.000000,1.000000,879.130005,0.000000,18.779999,218.941010,0.000000,0.301000,-0.000003,-0.002398,-0.000003,0.999997,0.000000,-0.000410,0.000000
301,False,False,1.000000,1.000000,880.919983,0.000000,18.779999,214.561005,0.000000,0.301000,-0.000003,-0.002398,-0.000003,0.999997,0.000000,-0.000410,0.000000
302,False,False,1.000000,1.000000,882.669983,0.000000,18.779999,210.181000,0.000000,0.301000,-0.000003,-0.002398,-0.000003,0.999997,0.000000,-0.000410,0.000000
303,False,False,1.000000,1.000000,884.389954,0.000000,18.779999,205.800995,0.000000,0.301000,-0.000003,-0.002398,-0.000003,0.999997,0.000000,-0.000410,0.000000
304,False,False,1.000000,1.000000,886.070007,0.000000,18.779999,201.421005,0.000000,0.301000,-0.000003,-0.002398,-0.000003,0.999997,0.000000,-0.000410,0.000000
305,False,False,1.000000,1.000000,887.709961,0.000000,18.779999,197.041000,0.000000,0.301000,-0.000003,-0.002398,-0.000003,0.999997,0.000000,-0.000410,0.000000
306,False,False,1.000000,1.000000,889.320007,0.000000,18.779999,192.660995,0.000000,0.301000,-0.000003,-0.002398,-0.000003,0.999997,0.000000,-0.000410,0.000000
307,False,False,1.000000,1.000000,890.889954,0.000000,18.779999,188.281006,0.000000,0.301000,-0.000003,-0.002398,-0.000003,0.999997,0.000000,-0.000410,0.000000
308,False,False,1.000000,1.000000,892.419983,0.000000,18.779999,183.901001,0.000000,0.301000,-0.000003,-0.002398,-0.000003,0.999997,0.000000,-0.000410,0.000000
309,False,False,1.000000,1.000000,893.919983,0.000000,18.779999,179.520996,0.000000,0.301000,-0.000003,-0.002398,-0.000003,0.999997,0.000000,-0.000410,0.000000
310,False,False,1.000000,1.000000,895.380005,0.000000,18.779999,175.141006,0.000000,0.301000,-0.000003,-0.002398,-0.000003,0.999997,0.000000,-0.000410,0.000000
311,False,False,1.000000,1.000000,896.799988,0.000000,18.779999,170.761002,0.000000,0.301000,-0.000003,-0.002398,-0.000003,0.999997,0.000000,-0.000410,0.000000
312,False,False,1.000000,1.000000,898.190002,0.000000,18.779999,166.380997,0.000000,0.301000,-0.000003,-0.002398,-0.000003,0.999997,0.000000,-0.000410,0.000000
313,False,False,1.000000,1.000000,899.539978,0.000000,18.779999,162.001007,0.000000,0.301000,-0.000003,-0.002398,-0.000003,0.999997,0.000000,-0.000410,0.000000
314,False,False,1.000000,1.000000,900.849976,0.000000,18.779999,157.621002,0.000000,0.301000,-0.000003,-0.002398,-0.000003,0.999997,0.000000,-0.000410,0.000000
315,False,False,1.000000,1.000000,902.130005,0.000000,18.779999,153.240997,0.000000,0.301000,-0.000003,-0.002398,-0.000003,0.999997,0.000000,-0.000410,0.000000
316,False,False,1.000000,1.000000,903.369995,0.000000,18.779999,148.861008,0.000000,0.301000,-0.000003,-0.002398,-0.000003,0.999997,0.000000,-0.000410,0.000000
317,False,False,1.000000,1.000000,904.570007,0.000000,18.779999,144.481003,0.000000,0.301000,-0.000003,-0.002398,-0.000003,0.999997,0.000000,-0.000410,0.000000
318,False,False,1.000000,1.000000,905.739990,0.000000,18.779999,140.100998,0.000000,0.301000,-0.000003,-0.002398,-0.000003,0.999997,0.000000,-0.000410,0.000000
319,False,False,1.000000,1.000000,906.869995,0.000000,18.779999,135.721008,0.000000,0.301000,-0.000003,-0.002398,-0.000003,0.999997,0.000000,-0.000410,0.000000
320,False,False,1.000000,1.000000,907.959961,0.000000,18.779999,131.341003,0.000000,0.301000,-0.000003,-0.002398,-0.000003,0.999997,0.000000,-0.000410,0.000000
321,False,False,1.000000,1.000000,909.019958,0.000000,18.779999,126.960999,0.000000,0.301000,-0.000003,-0.002398,-0.000003,0.999997,0.000000,-0.000410,0.000000
322,False,False,1.000000,1.000000,910.039978,0.000000,18.779999,122.580994,0.000000,0.301000,-0.000003,-0.002398,-0.000003,0.999997,0.000000,-0.000410,0.000000
323,False,False,1.000000,1.000000,911.029968,0.000000,18.779999,118.200996,0.000000,0.301000,-0.000003,-0.002398,-0.000003,0.999997,0.000000,-0.000410,0.000000
324,False,False,1.000000,1.000000,911.979980,0.000000,18.779999,113.820999,0.000000,0.301000,-0.000003,-0.002398,-0.000003,0.999997,0.000000,-0.000410,0.000000
325,False,False,1.000000,1.000000,912.889954,0.000000,18.779999,109.440994,0.000000,0.301000,-0.000003,-0.002398,-0.000003,0.999997,0.000000,-0.000410,0.000000
326,False,False,1.000000,1.000000,913.769958,0.000000,18.779999,105.060997,0.000000,0.301000,-0.000003,-0.002398,-0.000003,0.999997,0.000000,-0.000410,0.000000
327,False,False,1.000000,1.000000,914.609985,0.000000,18.779999,100.681000,0.000000,0.301000,-0.000003,-0.002398,-0.000003,0.999997,0.000000,-0.000410,0.000000
328,False,False,1.000000,1.000000,915.409973,0.000000,18.779999,96.300995,0.000000,0.301000,-0.000003,-0.002398,-0.000003,0.999997,0.000000,-0.000410,0.000000
329,False,False,1.000000,1.000000,916.179993,0.000000,18.779999,91.920998,0.000000,0.301000,-0.000003,-0.002398,-0.000003,0.999997,0.000000,-0.000410,0.000000
330,False,False,1.000000,1.000000,916.909973,0.000000,18.779999,87.541000,0.000000,0.301000,-0.000003,-0.002398,-0.000003,0.999997,0.000000,-0.000410,0.000000
331,False,False,1.000000,1.000000,917.599976,0.000000,18.779999,83.160995,0.000000,0.301000,-0.000003,-0.002398,-0.000003,0.999997,0.000000,-0.000410,0.000000
332,False,False,1.000000,1.000000,918.260010,0.000000,18.779999,78.780998,0.000000,0.301000,-0.000003,-0.002398,-0.000003,0.999997,0.000000,-0.000410,0.000000
333,False,False,1.000000,1.000000,918.880005,0.000000,18.779999,74.401001,0.000000,0.301000,-0.000003,-0.002398,-0.000003,0.999997,0.000000,-0.000410,0.000000
334,False,False,1.000000,1.000000,919.459961,0.000000,18.779999,70.020996,0.000000,0.301000,-0.000003,-0.002398,-0.000003,0.999997,0.000000,-0.000410,0.000000
335,False,False,1.000000,1.000000,920.010010,0.000000,18.779999,65.640999,0.000000,0.301000,-0.000003,-0.002398,-0.000003,0.999997,0.000000,-0.000410,0.000000
336,False,False,1.000000,1.000000,920.519958,0.000000,18.779999,61.260998,0.000000,0.301000,-0.000003,-0.002398,-0.000003,0.999997,0.000000,-0.000410,0.000000
337,False,False,1.000000,1.000000,920.989990,0.000000,18.779999,56.880997,0.000000,0.301000,-0.000003,-0.002398,-0.000003,0.999997,0.000000,-0.000410,0.000000
338,False,False,1.000000,1.000000,921.429993,0.000000,18.779999,52.500999,0.000000,0.301000,-0.000003,-0.002398,-0.000003,0.999997,0.000000,-0.000410,0.000000
339,False,False,1.000000,1.000000,921.829956,0.000000,18.779999,48.120998,0.000000,0.301000,-0.000003,-0.002398,-0.000003,0.999997,0.000000,-0.000410,0.000000
340,False,False,1.000000,1.000000,922.190002,0.000000,18.779999,43.740997,0.000000,0.301000,-0.000003,-0.002398,-0.000003,0.999997,0.000000,-0.000410,0.000000
341,False,False,1.000000,1.000000,922.519958,0.000000,18.779999,39.361000,0.000000,0.301000,-0.000003,-0.002398,-0.000003,0.999997,0.000000,-0.000410,0.000000
342,False,False,1.000000,1.000000,922.809998,0.000000,18.779999,34.980999,0.000000,0.301000,-0.000003,-0.002398,-0.000003,0.999997,0.000000,-0.000410,0.000000
343,False,False,1.000000,1.000000,923.070007,0.000000,18.779999,30.600998,0.000000,0.301000,-0.000003,-0.002398,-0.000003,0.999997,0.000000,-0.000410,0.000000
344,False,False,1.000000,1.000000,923.289978,0.000000,18.779999,26.220999,0.000000,0.301000,-0.000003,-0.002398,-0.000003,0.999997,0.000000,-0.000410,0.000000
345,False,False,1.000000,1.000000,923.469971,0.000000,18.779999,21.841000,0.000000,0.301000,-0.000003,-0.002398,-0.000003,0.999997,0.000000,-0.000410,0.000000
346,False,False,1.000000,1.000000,923.419983,0.000000,18.779999,-5.771000,0.000000,0.301000,-0.000003,-0.002403,-0.000003,0.999997,0.000000,-0.001110,0.000000
347,False,False,1.000000,1.000000,923.429993,0.000000,18.779999,1.491000,0.000000,0.301000,-0.000003,-0.002403,-0.000003,0.999997,0.000000,-0.000410,0.000000
348,False,False,1.000000,1.000000,923.429993,0.000000,18.779999,-0.401000,0.000000,0.301000,-0.000003,-0.002403,-0.000003,0.999997,0.000000,-0.000310,0.000000
349,False,False,1.000000,1.000000,923.429993,0.000000,18.779999,0.091000,0.000000,0.301000,-0.000003,-0.002403,-0.000003,0.999997,0.000000,-0.000110,0.000000
350,False,False,1.000000,1.000000,923.429993,0.000000,18.779999,-0.021000,0.000000,0.301000,-0.000003,-0.002403,-0.000003,0.999997,0.000000,0.000000,0.000000
351,False,False,1.000000,1.000000,923.429993,0.000000,18.779999,0.000000,0.000000,0.301000,-0.000003,-0.002403,-0.000003,0.999997,0.000000,0.000000,0.000000
352,False,False,1.000000,1.000000,923.429993,0.000000,18.779999,0.000000,0.000000,0.301000,-0.000003,-0.002403,-0.000003,0.999997,0.000000,0.000000,0.000000
353,False,False,1.000000,1.000000,923.429993,0.000000,18.779999,0.000000,0.000000,0.301000,-0.000003,-0.002403,-0.000003,0.999997,0.000000,0.000000,0.000000
354,False,False,1.000000,1.000000,923.429993,0.000000,18.779999,0.000000,0.000000,0.301000,-0.000003,-0.002403,-0.000003,0.999997,0.000000,0.000000,0.000000
355,False,False,1.000000,1.000000,923.429993,0.000000,18.779999,0.000000,0.000000,0.301000,-0.000003,-0.002403,-0.000003,0.999997,0.000000,0.000000,0.000000
356,False,False,1.000000,1.000000,923.429993,0.000000,18.779999,0.000000,0.000000,0.301000,-0.000003,-0.002403,-0.000003,0.999997,0.000000,0.000000,0.000000
357,False,False,1.000000,1.000000,923.429993,0.000000,18.779999,0.000000,0.000000,0.301000,-0.000003,-0.002403,-0.000003,0.999997,0.000000,0.000000,0.000000
358,False,False,1.000000,1.000000,923.429993,0.000000,18.779999,0.000000,0.000000,0.301000,-0.000003,-0.002403,-0.000003,0.999997,0.000000,0.000000,0.000000
359,False,False,1.000000,1.000000,923.429993,0.000000,18.779999,0.000000,0.000000,0.301000,-0.000003,-0.002403,-0.000003,0.999997,0.000000,0.000000,0.000000
360,False,False,1.000000,1.000000,923.429993,0.000000,18.779999,0.000000,0.000000,0.301000,-0.000003,-0.002403,-0.000003,0.999997,0.000000,0.000000,0.000000
361,False,False,1.000000,1.000000,923.429993,0.000000,18.779999,0.000000,0.000000,0.301000,-0.000003,-0.002403,-0.000003,0.999997,0.000000,0.000000,0.000000
362,False,False,1.000000,1.000000,923.429993,0.000000,18.779999,0.000000,0.000000,0.301000,-0.000003,-0.002403,-0.000003,0.999997,0.000000,0.000000,0.000000
363,False,False,1.000000,1.000000,923.429993,0.000000,18.779999,0.000000,0.000000,0.301000,-0.000003,-0.002403,-0.000003,0.999997,0.000000,0.000000,0.000000
364,False,False,1.000000,1.000000,923.429993,0.000000,18.779999,0.000000,0.000000,0.301000,-0.000003,-0.002403,-0.000003,0.999997,0.000000,0.000000,0.000000
365,False,False,1.000000,1.000000,923.429993,0.000000,18.779999,0.000000,0.000000,0.301000,-0.000003,-0.002403,-0.000003,0.999997,0.000000,0.000000,0.000000
366,False,False,1.000000,1.000000,923.429993,0.000000,18.779999,0.000000,0.000000,0.301000,-0.000003,-0.002403,-0.000003,0.999997,0.000000,0.000000,0.000000
367,False,False,1.000000,1.000000,923.429993,0.000000,18.779999,0.000000,0.000000,0.301000,-0.000003,-0.002403,-0.000003,0.999997,0.000000,0.000000,0.000000
368,False,False,1.000000,1.000000,923.429993,0.000000,18.779999,0.000000,0.000000,0.301000,-0.000003,-0.002403,-0.000003,0.999997,0.000000,0.000000,0.000000
369,False,False,1.000000,1.000000,923.429993,0.000000,18.779999,0.000000,0.000000,0.301000,-0.000003,-0.002403,-0.000003,0.999997,0.000000,0.000000,0.000000
370,False,False,1.000000,1.000000,923.429993,0.000000,18.779999,0.000000,0.000000,0.301000,-0.000003,-0.002403,-0.000003,0.999997,0.000000,0.000000,0.000000
