frame,input.Pitch,car.Location.X,car.Location.Y,car.Location.Z,car.LinearVelocity.X,car.LinearVelocity.Y,car.LinearVelocity.Z,car.Quaternion.X,car.Quaternion.Y,car.Quaternion.Z,car.Quaternion.W,car.AngularVelocity.X,car.AngularVelocity.Y,car.AngularVelocity.Z
0,0.000000,0.000000,0.000000,500.000000,0.000000,0.000000,0.000000,0.000003,0.000003,0.707107,0.707107,0.000000,0.000000,0.000000
1,0.000000,0.000000,0.000000,500.000000,0.000000,0.000000,0.000000,0.000003,0.000003,0.707107,0.707107,0.000000,0.000000,0.000000
2,0.000000,0.000000,0.000000,500.000000,0.000000,0.000000,0.000000,0.000003,0.000003,0.707107,0.707107,0.000000,0.000000,0.000000
3,1.000000,0.000000,0.000000,500.000000,0.000000,0.000000,0.000000,0.000310,-0.000305,0.707107,0.707107,0.103810,0.000000,0.000000
4,1.000000,0.000000,0.000000,500.000000,0.000000,0.000000,0.000000,0.000920,-0.000914,0.707106,0.707107,0.207610,0.000000,0.000000
5,1.000000,0.000000,0.000000,500.000000,0.000000,0.000000,0.000000,0.001837,-0.001832,0.707101,0.707107,0.311410,0.000000,0.000000
6,1.000000,0.000000,0.000000,500.000000,0.000000,0.000000,0.000000,0.003062,-0.003056,0.707096,0.707104,0.415210,0.000000,0.000000
7,1.000000,0.000000,0.000000,500.000000,0.000000,0.000000,0.000000,0.004588,-0.004583,0.707085,0.707099,0.519010,0.000000,0.000000
8,1.000000,0.000000,0.000000,500.000000,0.000000,0.000000,0.000000,0.006423,-0.006417,0.707069,0.707086,0.622810,0.000000,0.000000
9,1.000000,0.000000,0.000000,500.000000,0.000000,0.000000,0.000000,0.008564,-0.008559,0.707047,0.707062,0.726610,0.000000,0.000000
10,1.000000,0.000000,0.000000,500.000000,0.000000,0.000000,0.000000,0.011013,-0.011003,0.707015,0.707027,0.830410,0.000000,0.000000
11,1.000000,0.000000,0.000000,500.000000,0.000000,0.000000,0.000000,0.013765,-0.013754,0.706967,0.706979,0.934210,0.000000,0.000000
12,1.000000,0.000000,0.000000,500.000000,0.000000,0.000000,0.000000,0.016824,-0.016813,0.706902,0.706912,1.038010,0.000000,0.000000
13,1.000000,0.000000,0.000000,500.000000,0.000000,0.000000,0.000000,0.020185,-0.020174,0.706815,0.706822,1.141810,0.000000,0.000000
14,1.000000,0.000000,0.000000,500.000000,0.000000,0.000000,0.000000,0.023853,-0.023842,0.706702,0.706707,1.245610,0.000000,0.000000
15,1.000000,0.000000,0.000000,500.000000,0.000000,0.000000,0.000000,0.027829,-0.027813,0.706556,0.706562,1.349410,0.000000,0.000000
16,1.000000,0.000000,0.000000,500.000000,0.000000,0.000000,0.000000,0.032107,-0.032091,0.706373,0.706383,1.453210,0.000000,0.000000
17,1.000000,0.000000,0.000000,500.000000,0.000000,0.000000,0.000000,0.036687,-0.036671,0.706152,0.706158,1.557010,0.000000,0.000000
18,1.000000,0.000000,0.000000,500.000000,0.000000,0.000000,0.000000,0.041575,-0.041559,0.705882,0.705886,1.660810,0.000000,0.000000
19,1.000000,0.000000,0.000000,500.000000,0.000000,0.000000,0.000000,0.046765,-0.046749,0.705559,0.705560,1.764610,0.000000,0.000000
20,1.000000,0.000000,0.000000,500.000000,0.000000,0.000000,0.000000,0.052257,-0.052241,0.705176,0.705172,1.868410,0.000000,0.000000
21,1.000000,0.000000,0.000000,500.000000,0.000000,0.000000,0.000000,0.058051,-0.058035,0.704724,0.704717,1.972210,0.000000,0.000000
22,1.000000,0.000000,0.000000,500.000000,0.000000,0.000000,0.000000,0.064147,-0.064131,0.704196,0.704188,2.076010,0.000000,0.000000
23,1.000000,0.000000,0.000000,500.000000,0.000000,0.000000,0.000000,0.070540,-0.070524,0.703582,0.703579,2.179810,0.000000,0.000000
24,1.000000,0.000000,0.000000,500.000000,0.000000,0.000000,0.000000,0.077229,-0.077213,0.702878,0.702877,2.283610,0.000000,0.000000
25,1.000000,0.000000,0.000000,500.000000,0.000000,0.000000,0.000000,0.084216,-0.084200,0.702076,0.702073,2.387410,0.000000,0.000000
26,1.000000,0.000000,0.000000,500.000000,0.000000,0.000000,0.000000,0.091499,-0.091483,0.701164,0.701162,2.491210,0.000000,0.000000
27,1.000000,0.000000,0.000000,500.000000,0.000000,0.000000,0.000000,0.099073,-0.099057,0.700135,0.700131,2.595010,0.000000,0.000000
28,1.000000,0.000000,0.000000,500.000000,0.000000,0.000000,0.000000,0.106939,-0.106923,0.698978,0.698971,2.698810,0.000000,0.000000
29,1.000000,0.000000,0.000000,500.000000,0.000000,0.000000,0.000000,0.115096,-0.115080,0.697680,0.697677,2.802610,0.000000,0.000000
30,1.000000,0.000000,0.000000,500.000000,0.000000,0.000000,0.000000,0.123539,-0.123522,0.696235,0.696231,2.906410,0.000000,0.000000
31,1.000000,0.000000,0.000000,500.000000,0.000000,0.000000,0.000000,0.132262,-0.132246,0.694629,0.694629,3.010210,0.000000,0.000000
32,1.000000,0.000000,0.000000,500.000000,0.000000,0.000000,0.000000,0.141266,-0.141250,0.692854,0.692854,3.114010,0.000000,0.000000
33,1.000000,0.000000,0.000000,500.000000,0.000000,0.000000,0.000000,0.150545,-0.150529,0.690899,0.690895,3.217810,0.000000,0.000000
34,1.000000,0.000000,0.000000,500.000000,0.000000,0.000000,0.000000,0.160094,-0.160078,0.688746,0.688748,3.321610,0.000000,0.000000
35,1.000000,0.000000,0.000000,500.000000,0.000000,0.000000,0.000000,0.169907,-0.169891,0.686391,0.686394,3.425410,0.000000,0.000000
36,1.000000,0.000000,0.000000,500.000000,0.000000,0.000000,0.000000,0.179985,-0.179963,0.683817,0.683822,3.529210,0.000000,0.000000
37,1.000000,0.000000,0.000000,500.000000,0.000000,0.000000,0.000000,0.190316,-0.190294,0.681017,0.681016,3.633010,0.000000,0.000000
38,1.000000,0.000000,0.000000,500.000000,0.000000,0.000000,0.000000,0.200895,-0.200873,0.677974,0.677969,3.736810,0.000000,0.000000
39,1.000000,0.000000,0.000000,500.000000,0.000000,0.000000,0.000000,0.211717,-0.211695,0.674674,0.674668,3.840610,0.000000,0.000000
40,1.000000,0.000000,0.000000,500.000000,0.000000,0.000000,0.000000,0.222776,-0.222755,0.671104,0.671096,3.944410,0.000000,0.000000
41,1.000000,0.000000,0.000000,500.000000,0.000000,0.000000,0.000000,0.234062,-0.234041,0.667252,0.667244,4.048210,0.000000,0.000000
42,1.000000,0.000000,0.000000,500.000000,0.000000,0.000000,0.000000,0.245569,-0.245548,0.663103,0.663096,4.152010,0.000000,0.000000
43,1.000000,0.000000,0.000000,500.000000,0.000000,0.000000,0.000000,0.257287,-0.257265,0.658644,0.658640,4.255810,0.000000,0.000000
44,1.000000,0.000000,0.000000,500.000000,0.000000,0.000000,0.000000,0.269209,-0.269188,0.653859,0.653860,4.359610,0.000000,0.000000
45,1.000000,0.000000,0.000000,500.000000,0.000000,0.000000,0.000000,0.281321,-0.281299,0.648740,0.648741,4.463410,0.000000,0.000000
46,1.000000,0.000000,0.000000,500.000000,0.000000,0.000000,0.000000,0.293616,-0.293594,0.643270,0.643270,4.567210,0.000000,0.000000
47,1.000000,0.000000,0.000000,500.000000,0.000000,0.000000,0.000000,0.306078,-0.306056,0.637437,0.637433,4.671010,0.000000,0.000000
48,1.000000,0.000000,0.000000,500.000000,0.000000,0.000000,0.000000,0.318696,-0.318675,0.631224,0.631218,4.774810,0.000000,0.000000
49,1.000000,0.000000,0.000000,500.000000,0.000000,0.000000,0.000000,0.331460,-0.331439,0.624617,0.624609,4.878610,0.000000,0.000000
50,1.000000,0.000000,0.000000,500.000000,0.000000,0.000000,0.000000,0.344354,-0.344332,0.617601,0.617596,4.982410,0.000000,0.000000
51,1.000000,0.000000,0.000000,500.000000,0.000000,0.000000,0.000000,0.357366,-0.357345,0.610161,0.610162,5.086210,0.000000,0.000000
52,1.000000,0.000000,0.000000,500.000000,0.000000,0.000000,0.000000,0.370476,-0.370454,0.602291,0.602293,5.190010,0.000000,0.000000
53,1.000000,0.000000,0.000000,500.000000,0.000000,0.000000,0.000000,0.383671,-0.383650,0.593972,0.593975,5.293810,0.000000,0.000000
54,1.000000,0.000000,0.000000,500.000000,0.000000,0.000000,0.000000,0.396932,-0.396910,0.585195,0.585196,5.397610,0.000000,0.000000
55,1.000000,0.000000,0.000000,500.000000,0.000000,0.000000,0.000000,0.410241,-0.410219,0.575943,0.575945,5.500010,0.000000,0.000000
56,1.000000,0.000000,0.000000,500.000000,0.000000,0.000000,0.000000,0.423577,-0.423555,0.566210,0.566206,5.500010,0.000000,0.000000
57,1.000000,0.000000,0.000000,500.000000,0.000000,0.000000,0.000000,0.436681,-0.436659,0.556165,0.556165,5.500010,0.000000,0.000000
58,1.000000,0.000000,0.000000,500.000000,0.000000,0.000000,0.000000,0.449547,-0.449526,0.545818,0.545817,5.500010,0.000000,0.000000
59,1.000000,0.000000,0.000000,500.000000,0.000000,0.000000,0.000000,0.462166,-0.462144,0.535177,0.535174,5.500010,0.000000,0.000000
60,1.000000,0.000000,0.000000,500.000000,0.000000,0.000000,0.000000,0.474536,-0.474515,0.524238,0.524239,5.500010,0.000000,0.000000
61,1.000000,0.000000,0.000000,500.000000,0.000000,0.000000,0.000000,0.486648,-0.486626,0.513017,0.513013,5.500010,0.000000,0.000000
62,1.000000,0.000000,0.000000,500.000000,0.000000,0.000000,0.000000,0.498495,-0.498473,0.501513,0.501510,5.500010,0.000000,0.000000
63,1.000000,0.000000,0.000000,500.000000,0.000000,0.000000,0.000000,0.510070,-0.510045,0.489739,0.489733,5.500010,0.000000,0.000000
64,1.000000,0.000000,0.000000,500.000000,0.000000,0.000000,0.000000,0.521362,-0.521342,0.477698,0.477692,5.500010,0.000000,0.000000
65,1.000000,0.000000,0.000000,500.000000,0.000000,0.000000,0.000000,0.532369,-0.532352,0.465397,0.465392,5.500010,0.000000,0.000000
66,1.000000,0.000000,0.000000,500.000000,0.000000,0.000000,0.000000,0.543087,-0.543072,0.452844,0.452838,5.500010,0.000000,0.000000
67,1.000000,0.000000,0.000000,500.000000,0.000000,0.000000,0.000000,0.553511,-0.553495,0.440042,0.440036,5.500010,0.000000,0.000000
68,1.000000,0.000000,0.000000,500.000000,0.000000,0.000000,0.000000,0.563639,-0.563615,0.426997,0.426992,5.500010,0.000000,0.000000
69,1.000000,0.000000,0.000000,500.000000,0.000000,0.000000,0.000000,0.573459,-0.573429,0.413721,0.413715,5.500010,0.000000,0.000000
70,1.000000,0.000000,0.000000,500.000000,0.000000,0.000000,0.000000,0.582967,-0.582929,0.400217,0.400212,5.500010,0.000000,0.000000
71,1.000000,0.000000,0.000000,500.000000,0.000000,0.000000,0.000000,0.592149,-0.592116,0.386498,0.386493,5.500010,0.000000,0.000000
72,1.000000,0.000000,0.000000,500.000000,0.000000,0.000000,0.000000,0.601009,-0.600980,0.372569,0.372563,5.500010,0.000000,0.000000
73,1.000000,0.000000,0.000000,500.000000,0.000000,0.000000,0.000000,0.609545,-0.609515,0.358434,0.358429,5.500010,0.000000,0.000000
74,1.000000,0.000000,0.000000,500.000000,0.000000,0.000000,0.000000,0.617750,-0.617715,0.344106,0.344100,5.500010,0.000000,0.000000
75,1.000000,0.000000,0.000000,500.000000,0.000000,0.000000,0.000000,0.625617,-0.625580,0.329588,0.329583,5.500010,0.000000,0.000000
76,1.000000,0.000000,0.000000,500.000000,0.000000,0.000000,0.000000,0.633139,-0.633106,0.314893,0.314887,5.500010,0.000000,0.000000
77,1.000000,0.000000,0.000000,500.000000,0.000000,0.000000,0.000000,0.640318,-0.640287,0.300025,0.300019,5.500010,0.000000,0.000000
78,1.000000,0.000000,0.000000,500.000000,0.000000,0.000000,0.000000,0.647147,-0.647116,0.284995,0.284989,5.500010,0.000000,0.000000
79,1.000000,0.000000,0.000000,500.000000,0.000000,0.000000,0.000000,0.653623,-0.653596,0.269808,0.269803,5.500010,0.000000,0.000000
80,1.000000,0.000000,0.000000,500.000000,0.000000,0.000000,0.000000,0.659741,-0.659719,0.254476,0.254471,5.500010,0.000000,0.000000
81,1.000000,0.000000,0.000000,500.000000,0.000000,0.000000,0.000000,0.665502,-0.665480,0.239004,0.238999,5.500010,0.000000,0.000000
82,1.000000,0.000000,0.000000,500.000000,0.000000,0.000000,0.000000,0.670898,-0.670881,0.223402,0.223397,5.500010,0.000000,0.000000
83,1.000000,0.000000,0.000000,500.000000,0.000000,0.000000,0.000000,0.675932,-0.675914,0.207676,0.207671,5.500010,0.000000,0.000000
84,1.000000,0.000000,0.000000,500.000000,0.000000,0.000000,0.000000,0.680595,-0.680580,0.191837,0.191832,5.500010,0.000000,0.000000
85,1.000000,0.000000,0.000000,500.000000,0.000000,0.000000,0.000000,0.684887,-0.684875,0.175895,0.175890,5.500010,0.000000,0.000000
86,1.000000,0.000000,0.000000,500.000000,0.000000,0.000000,0.000000,0.688805,-0.688797,0.159856,0.159851,5.500010,0.000000,0.000000
87,1.000000,0.000000,0.000000,500.000000,0.000000,0.000000,0.000000,0.692349,-0.692341,0.143731,0.143726,5.500010,0.000000,0.000000
88,1.000000,0.000000,0.000000,500.000000,0.000000,0.000000,0.000000,0.695518,-0.695508,0.127525,0.127520,5.500010,0.000000,0.000000
89,1.000000,0.000000,0.000000,500.000000,0.000000,0.000000,0.000000,0.698303,-0.698297,0.111255,0.111249,5.500010,0.000000,0.000000
90,1.000000,0.000000,0.000000,500.000000,0.000000,0.000000,0.000000,0.700712,-0.700703,0.094919,0.094914,5.500010,0.000000,0.000000
91,1.000000,0.000000,0.000000,500.000000,0.000000,0.000000,0.000000,0.702738,-0.702726,0.078535,0.078530,5.500010,0.000000,0.000000
92,1.000000,0.000000,0.000000,500.000000,0.000000,0.000000,0.000000,0.704382,-0.704366,0.062108,0.062102,5.500010,0.000000,0.000000
93,1.000000,0.000000,0.000000,500.000000,0.000000,0.000000,0.000000,0.705641,-0.705623,0.045648,0.045643,5.500010,0.000000,0.000000
94,1.000000,0.000000,0.000000,500.000000,0.000000,0.000000,0.000000,0.706514,-0.706497,0.029162,0.029156,5.500010,0.000000,0.000000
95,1.000000,0.000000,0.000000,500.000000,0.000000,0.000000,0.000000,0.706999,-0.706988,0.012659,0.012654,5.500010,0.000000,0.000000
96,1.000000,0.000000,0.000000,500.000000,0.000000,0.000000,0.000000,0.707102,-0.707091,-0.003849,-0.003855,5.500010,0.000000,0.000000
97,1.000000,0.000000,0.000000,500.000000,0.000000,0.000000,0.000000,0.706817,-0.706810,-0.020357,-0.020363,5.500010,0.000000,0.000000
98,1.000000,0.000000,0.000000,500.000000,0.000000,0.000000,0.000000,0.706150,-0.706141,-0.036855,-0.036860,5.500010,0.000000,0.000000
99,1.000000,0.000000,0.000000,500.000000,0.000000,0.000000,0.000000,0.705096,-0.705089,-0.053330,-0.053336,5.500010,0.000000,0.000000
100,1.000000,0.000000,0.000000,500.000000,0.000000,0.000000,0.000000,0.703656,-0.703654,-0.069779,-0.069785,5.500010,0.000000,0.000000
101,1.000000,0.000000,0.000000,500.000000,0.000000,0.000000,0.000000,0.701837,-0.701831,-0.086190,-0.086196,5.500010,0.000000,0.000000
102,1.000000,0.000000,0.000000,500.000000,0.000000,0.000000,0.000000,0.699631,-0.699630,-0.102553,-0.102558,5.500010,0.000000,0.000000
103,-1.000000,0.000000,0.000000,500.000000,0.000000,0.000000,0.000000,0.697147,-0.697148,-0.118257,-0.118263,5.396110,0.000000,0.000000
104,-1.000000,0.000000,0.000000,500.000000,0.000000,0.000000,0.000000,-0.694370,0.694371,0.133600,0.133605,5.292210,0.000000,0.000000
105,-1.000000,0.000000,0.000000,500.000000,0.000000,0.000000,0.000000,-0.691322,0.691320,0.148576,0.148581,5.188310,0.000000,0.000000
106,-1.000000,0.000000,0.000000,500.000000,0.000000,0.000000,0.000000,0.688017,-0.688020,-0.163185,-0.163191,5.084410,0.000000,0.000000
107,-1.000000,0.000000,0.000000,500.000000,0.000000,0.000000,0.000000,-0.684481,0.684487,0.177427,0.177433,4.980510,0.000000,0.000000
108,-1.000000,0.000000,0.000000,500.000000,0.000000,0.000000,0.000000,-0.680737,0.680739,0.191298,0.191303,4.876610,0.000000,0.000000
109,-1.000000,0.000000,0.000000,500.000000,0.000000,0.000000,0.000000,-0.676799,0.676801,0.204795,0.204801,4.772710,0.000000,0.000000
110,-1.000000,0.000000,0.000000,500.000000,0.000000,0.000000,0.000000,-0.672688,0.672688,0.217921,0.217926,4.668810,0.000000,0.000000
111,-1.000000,0.000000,0.000000,500.000000,0.000000,0.000000,0.000000,-0.668420,0.668424,0.230674,0.230680,4.564910,0.000000,0.000000
112,-1.000000,0.000000,0.000000,500.000000,0.000000,0.000000,0.000000,-0.664018,0.664018,0.243061,0.243066,4.461010,0.000000,0.000000
113,-1.000000,0.000000,0.000000,500.000000,0.000000,0.000000,0.000000,0.659495,-0.659497,-0.255075,-0.255080,4.357110,0.000000,0.000000
114,-1.000000,0.000000,0.000000,500.000000,0.000000,0.000000,0.000000,-0.654869,0.654876,0.266722,0.266728,4.253210,0.000000,0.000000
115,-1.000000,0.000000,0.000000,500.000000,0.000000,0.000000,0.000000,-0.650159,0.650168,0.278003,0.278008,4.149310,0.000000,0.000000
116,-1.000000,0.000000,0.000000,500.000000,0.000000,0.000000,0.000000,-0.645379,0.645392,0.288922,0.288928,4.045410,0.000000,0.000000
117,-1.000000,0.000000,0.000000,500.000000,0.000000,0.000000,0.000000,-0.640545,0.640564,0.299480,0.299485,3.941510,0.000000,0.000000
118,-1.000000,0.000000,0.000000,500.000000,0.000000,0.000000,0.000000,-0.635674,0.635697,0.309681,0.309687,3.837610,0.000000,0.000000
119,-1.000000,0.000000,0.000000,500.000000,0.000000,0.000000,0.000000,-0.630781,0.630801,0.319532,0.319538,3.733710,0.000000,0.000000
120,-1.000000,0.000000,0.000000,500.000000,0.000000,0.000000,0.000000,-0.625877,0.625893,0.329038,0.329043,3.629810,0.000000,0.000000
121,-1.000000,0.000000,0.000000,500.000000,0.000000,0.000000,0.000000,-0.620973,0.620993,0.338198,0.338204,3.525910,0.000000,0.000000
122,-1.000000,0.000000,0.000000,500.000000,0.000000,0.000000,0.000000,-0.616085,0.616109,0.347019,0.347024,3.422010,0.000000,0.000000
123,-1.000000,0.000000,0.000000,500.000000,0.000000,0.000000,0.000000,-0.611230,0.611250,0.355505,0.355510,3.318110,0.000000,0.000000
124,-1.000000,0.000000,0.000000,500.000000,0.000000,0.000000,0.000000,-0.606413,0.606435,0.363662,0.363662,3.214210,0.000000,0.000000
125,-1.000000,0.000000,0.000000,500.000000,0.000000,0.000000,0.000000,-0.601649,0.601672,0.371490,0.371490,3.110310,0.000000,0.000000
126,-1.000000,0.000000,0.000000,500.000000,0.000000,0.000000,0.000000,-0.596950,0.596967,0.378999,0.378999,3.006410,0.000000,0.000000
127,-1.000000,0.000000,0.000000,500.000000,0.000000,0.000000,0.000000,-0.592321,0.592342,0.386191,0.386191,2.902510,0.000000,0.000000
128,-1.000000,0.000000,0.000000,500.000000,0.000000,0.000000,0.000000,-0.587779,0.587801,0.393069,0.393069,2.798610,0.000000,0.000000
129,-1.000000,0.000000,0.000000,500.000000,0.000000,0.000000,0.000000,-0.583328,0.583349,0.399645,0.399645,2.694710,0.000000,0.000000
130,-1.000000,0.000000,0.000000,500.000000,0.000000,0.000000,0.000000,-0.578980,0.579000,0.405919,0.405919,2.590810,0.000000,0.000000
131,-1.000000,0.000000,0.000000,500.000000,0.000000,0.000000,0.000000,-0.574745,0.574761,0.411897,0.411897,2.486910,0.000000,0.000000
132,-1.000000,0.000000,0.000000,500.000000,0.000000,0.000000,0.000000,-0.570629,0.570641,0.417583,0.417583,2.383010,0.000000,0.000000
133,-1.000000,0.000000,0.000000,500.000000,0.000000,0.000000,0.000000,-0.566637,0.566651,0.422983,0.422983,2.279110,0.000000,0.000000
134,-1.000000,0.000000,0.000000,500.000000,0.000000,0.000000,0.000000,-0.562779,0.562792,0.428103,0.428103,2.175210,0.000000,0.000000
135,-1.000000,0.000000,0.000000,500.000000,0.000000,0.000000,0.000000,-0.559062,0.559081,0.432942,0.432942,2.071310,0.000000,0.000000
136,-1.000000,0.000000,0.000000,500.000000,0.000000,0.000000,0.000000,-0.555496,0.555510,0.437512,0.437512,1.967410,0.000000,0.000000
137,-1.000000,0.000000,0.000000,500.000000,0.000000,0.000000,0.000000,-0.552081,0.552098,0.441811,0.441811,1.863510,0.000000,0.000000
138,-1.000000,0.000000,0.000000,500.000000,0.000000,0.000000,0.000000,-0.548828,0.548844,0.445847,0.445847,1.759610,0.000000,0.000000
139,-1.000000,0.000000,0.000000,500.000000,0.000000,0.000000,0.000000,-0.545737,0.545756,0.449623,0.449623,1.655710,0.000000,0.000000
140,-1.000000,0.000000,0.000000,500.000000,0.000000,0.000000,0.000000,-0.542818,0.542840,0.453140,0.453140,1.551810,0.000000,0.000000
141,-1.000000,0.000000,0.000000,500.000000,0.000000,0.000000,0.000000,-0.540072,0.540095,0.456410,0.456410,1.447910,0.000000,0.000000
142,-1.000000,0.000000,0.000000,500.000000,0.000000,0.000000,0.000000,-0.537510,0.537531,0.459425,0.459425,1.344010,0.000000,0.000000
143,-1.000000,0.000000,0.000000,500.000000,0.000000,0.000000,0.000000,-0.535131,0.535145,0.462198,0.462198,1.240110,0.000000,0.000000
144,-1.000000,0.000000,0.000000,500.000000,0.000000,0.000000,0.000000,-0.532935,0.532950,0.464728,0.464728,1.136210,0.000000,0.000000
145,-1.000000,0.000000,0.000000,500.000000,0.000000,0.000000,0.000000,-0.530934,0.530944,0.467016,0.467016,1.032310,0.000000,0.000000
146,-1.000000,0.000000,0.000000,500.000000,0.000000,0.000000,0.000000,-0.529121,0.529137,0.469066,0.469066,0.928410,0.000000,0.000000
147,-1.000000,0.000000,0.000000,500.000000,0.000000,0.000000,0.000000,-0.527508,0.527525,0.470878,0.470878,0.824510,0.000000,0.000000
148,-1.000000,0.000000,0.000000,500.000000,0.000000,0.000000,0.000000,-0.526089,0.526113,0.472459,0.472459,0.720610,0.000000,0.000000
149,-1.000000,0.000000,0.000000,500.000000,0.000000,0.000000,0.000000,-0.524875,0.524898,0.473808,0.473808,0.616710,0.000000,0.000000
150,-1.000000,0.000000,0.000000,500.000000,0.000000,0.000000,0.000000,-0.523861,0.523882,0.474930,0.474930,0.512810,0.000000,0.000000
151,-1.000000,0.000000,0.000000,500.000000,0.000000,0.000000,0.000000,-0.523052,0.523075,0.475820,0.475820,0.408910,0.000000,0.000000
152,-1.000000,0.000000,0.000000,500.000000,0.000000,0.000000,0.000000,-0.522448,0.522470,0.476484,0.476484,0.305010,0.000000,0.000000
153,-1.000000,0.000000,0.000000,500.000000,0.000000,0.000000,0.000000,-0.522048,0.522071,0.476921,0.476921,0.201110,0.000000,0.000000
154,-1.000000,0.000000,0.000000,500.000000,0.000000,0.000000,0.000000,-0.521854,0.521881,0.477131,0.477131,0.097210,0.000000,0.000000
155,-1.000000,0.000000,0.000000,500.000000,0.000000,0.000000,0.000000,-0.521865,0.521900,0.477115,0.477115,-0.006610,0.000000,0.000000
156,-1.000000,0.000000,0.000000,500.000000,0.000000,0.000000,0.000000,-0.522086,0.522122,0.476872,0.476872,-0.110410,0.000000,0.000000
157,-1.000000,0.000000,0.000000,500.000000,0.000000,0.000000,0.000000,-0.522512,0.522543,0.476408,0.476408,-0.214210,0.000000,0.000000
158,-1.000000,0.000000,0.000000,500.000000,0.000000,0.000000,0.000000,-0.523144,0.523169,0.475718,0.475718,-0.318010,0.000000,0.000000
159,-1.000000,0.000000,0.000000,500.000000,0.000000,0.000000,0.000000,-0.523980,0.524008,0.474795,0.474795,-0.421810,0.000000,0.000000
160,-1.000000,0.000000,0.000000,500.000000,0.000000,0.000000,0.000000,-0.525021,0.525045,0.473646,0.473646,-0.525610,0.000000,0.000000
161,-1.000000,0.000000,0.000000,500.000000,0.000000,0.000000,0.000000,-0.526262,0.526289,0.472265,0.472265,-0.629410,0.000000,0.000000
162,-1.000000,0.000000,0.000000,500.000000,0.000000,0.000000,0.000000,-0.527702,0.527725,0.470657,0.470657,-0.733210,0.000000,0.000000
163,-1.000000,0.000000,0.000000,500.000000,0.000000,0.000000,0.000000,-0.529342,0.529365,0.468812,0.468812,-0.837010,0.000000,0.000000
164,-1.000000,0.000000,0.000000,500.000000,0.000000,0.000000,0.000000,-0.531176,0.531195,0.466735,0.466735,-0.940810,0.000000,0.000000
165,-1.000000,0.000000,0.000000,500.000000,0.000000,0.000000,0.000000,-0.533205,0.533216,0.464421,0.464421,-1.044610,0.000000,0.000000
166,-1.000000,0.000000,0.000000,500.000000,0.000000,0.000000,0.000000,-0.535422,0.535431,0.461864,0.461864,-1.148410,0.000000,0.000000
167,-1.000000,0.000000,0.000000,500.000000,0.000000,0.000000,0.000000,-0.537823,0.537836,0.459064,0.459064,-1.252210,0.000000,0.000000
168,-1.000000,0.000000,0.000000,500.000000,0.000000,0.000000,0.000000,-0.540407,0.540425,0.456016,0.456016,-1.356010,0.000000,0.000000
169,-1.000000,0.000000,0.000000,500.000000,0.000000,0.000000,0.000000,-0.543169,0.543192,0.452720,0.452720,-1.459810,0.000000,0.000000
170,-1.000000,0.000000,0.000000,500.000000,0.000000,0.000000,0.000000,-0.546109,0.546130,0.449170,0.449170,-1.563610,0.000000,0.000000
171,-1.000000,0.000000,0.000000,500.000000,0.000000,0.000000,0.000000,-0.549217,0.549235,0.445366,0.445366,-1.667410,0.000000,0.000000
172,-1.000000,0.000000,0.000000,500.000000,0.000000,0.000000,0.000000,-0.552491,0.552507,0.441299,0.441299,-1.771210,0.000000,0.000000
173,-1.000000,0.000000,0.000000,500.000000,0.000000,0.000000,0.000000,-0.555922,0.555941,0.436967,0.436967,-1.875010,0.000000,0.000000
174,-1.000000,0.000000,0.000000,500.000000,0.000000,0.000000,0.000000,-0.559505,0.559523,0.432370,0.432370,-1.978810,0.000000,0.000000
175,-1.000000,0.000000,0.000000,500.000000,0.000000,0.000000,0.000000,-0.563238,0.563252,0.427499,0.427499,-2.082610,0.000000,0.000000
176,-1.000000,0.000000,0.000000,500.000000,0.000000,0.000000,0.000000,-0.567111,0.567117,0.422352,0.422352,-2.186410,0.000000,0.000000
177,-1.000000,0.000000,0.000000,500.000000,0.000000,0.000000,0.000000,-0.571114,0.571126,0.416920,0.416920,-2.290210,0.000000,0.000000
178,-1.000000,0.000000,0.000000,500.000000,0.000000,0.000000,0.000000,-0.575247,0.575255,0.411201,0.411201,-2.394010,0.000000,0.000000
179,-1.000000,0.000000,0.000000,500.000000,0.000000,0.000000,0.000000,-0.579492,0.579507,0.405191,0.405191,-2.497810,0.000000,0.000000
180,-1.000000,0.000000,0.000000,500.000000,0.000000,0.000000,0.000000,-0.583851,0.583866,0.398885,0.398885,-2.601610,0.000000,0.000000
181,-1.000000,0.000000,0.000000,500.000000,0.000000,0.000000,0.000000,-0.588313,0.588326,0.392276,0.392276,-2.705410,0.000000,0.000000
182,-1.000000,0.000000,0.000000,500.000000,0.000000,0.000000,0.000000,-0.592866,0.592872,0.385365,0.385365,-2.809210,0.000000,0.000000
183,-1.000000,0.000000,0.000000,500.000000,0.000000,0.000000,0.000000,-0.597500,0.597504,0.378142,0.378142,-2.913010,0.000000,0.000000
184,-1.000000,0.000000,0.000000,500.000000,0.000000,0.000000,0.000000,-0.602205,0.602214,0.370600,0.370600,-3.016810,0.000000,0.000000
185,-1.000000,0.000000,0.000000,500.000000,0.000000,0.000000,0.000000,-0.606974,0.606979,0.362739,0.362739,-3.120610,0.000000,0.000000
186,-1.000000,0.000000,0.000000,500.000000,0.000000,0.000000,0.000000,-0.611791,0.611801,0.354550,0.354550,-3.224410,0.000000,0.000000
187,-1.000000,0.000000,0.000000,500.000000,0.000000,0.000000,0.000000,-0.616646,0.616661,0.346032,0.346032,-3.328210,0.000000,0.000000
188,-1.000000,0.000000,0.000000,500.000000,0.000000,0.000000,0.000000,-0.621534,0.621543,0.337179,0.337179,-3.432010,0.000000,0.000000
189,-1.000000,0.000000,0.000000,500.000000,0.000000,0.000000,0.000000,-0.626433,0.626444,0.327986,0.327986,-3.535810,0.000000,0.000000
190,-1.000000,0.000000,0.000000,500.000000,0.000000,0.000000,0.000000,-0.631337,0.631345,0.318448,0.318448,-3.639610,0.000000,0.000000
191,-1.000000,0.000000,0.000000,500.000000,0.000000,0.000000,0.000000,-0.636224,0.636235,0.308565,0.308565,-3.743410,0.000000,0.000000
192,-1.000000,0.000000,0.000000,500.000000,0.000000,0.000000,0.000000,-0.641090,0.641098,0.298325,0.298325,-3.847210,0.000000,0.000000
193,-1.000000,0.000000,0.000000,500.000000,0.000000,0.000000,0.000000,-0.645913,0.645925,0.287730,0.287730,-3.951010,0.000000,0.000000
194,-1.000000,0.000000,0.000000,500.000000,0.000000,0.000000,0.000000,-0.650682,0.650692,0.276778,0.276778,-4.054810,0.000000,0.000000
195,-1.000000,0.000000,0.000000,500.000000,0.000000,0.000000,0.000000,-0.655381,0.655391,0.265460,0.265460,-4.158610,0.000000,0.000000
196,-1.000000,0.000000,0.000000,500.000000,0.000000,0.000000,0.000000,-0.659994,0.659999,0.253780,0.253780,-4.262410,0.000000,0.000000
197,-1.000000,0.000000,0.000000,500.000000,0.000000,0.000000,0.000000,-0.664504,0.664503,0.241734,0.241734,-4.366210,0.000000,0.000000
198,-1.000000,0.000000,0.000000,500.000000,0.000000,0.000000,0.000000,0.668891,-0.668890,-0.229315,-0.229315,-4.470010,0.000000,0.000000
199,-1.000000,0.000000,0.000000,500.000000,0.000000,0.000000,0.000000,0.673139,-0.673141,-0.216524,-0.216524,-4.573810,0.000000,0.000000
200,-1.000000,0.000000,0.000000,500.000000,0.000000,0.000000,0.000000,-0.677230,0.677233,0.203366,0.203366,-4.677610,0.000000,0.000000
201,-1.000000,0.000000,0.000000,500.000000,0.000000,0.000000,0.000000,-0.681147,0.681149,0.189836,0.189836,-4.781410,0.000000,0.000000
