frame,input.bJump,input.bJumped,input.Yaw,input.Roll,car.Location.X,car.Location.Y,car.Location.Z,car.LinearVelocity.X,car.LinearVelocity.Y,car.LinearVelocity.Z,car.Quaternion.X,car.Quaternion.Y,car.Quaternion.Z,car.Quaternion.W,car.AngularVelocity.X,car.AngularVelocity.Y,car.AngularVelocity.Z
0,False,False,0.000000,0.000000,0.180000,0.000000,17.010000,0.000000,0.000000,8.320000,0.000003,0.004815,0.000003,0.999988,0.000000,-0.000300,0.000000
1,True,True,0.000000,0.000000,0.200000,0.000000,19.539999,-0.770000,0.000000,304.000000,0.000003,0.004815,0.000003,0.999988,0.000000,0.000000,0.000000
2,True,True,0.000000,0.000000,0.190000,0.000000,22.109999,0.170000,0.000000,308.019989,0.000003,0.004815,0.000003,0.999988,0.000000,0.000000,0.000000
3,True,True,0.000000,0.000000,0.190000,0.000000,24.709999,-0.070000,0.000000,312.039978,0.000003,0.004815,0.000003,0.999988,0.000000,0.000000,0.000000
4,True,True,0.000000,0.000000,0.190000,0.000000,27.340000,-0.010000,0.000000,316.059998,0.000003,0.004815,0.000003,0.999988,0.000000,0.000000,0.000000
5,True,True,0.000000,0.000000,0.190000,0.000000,30.010000,-0.020000,0.000000,320.079987,0.000003,0.004815,0.000003,0.999988,0.000000,0.000000,0.000000
6,True,True,0.000000,0.000000,0.190000,0.000000,32.709999,0.090000,0.000000,324.100006,0.000003,0.004815,0.000003,0.999988,0.000000,0.000000,0.000000
7,True,True,0.000000,0.000000,0.190000,0.000000,35.469997,0.200000,0.000000,330.829987,0.000003,0.004815,0.000003,0.999988,0.000000,0.000000,0.000000
8,True,True,0.000000,0.000000,0.190000,0.000000,38.279999,0.310000,0.000000,337.559998,0.000003,0.004815,0.000003,0.999988,0.000000,0.000000,0.000000
9,True,True,0.000000,0.000000,0.190000,0.000000,41.149998,0.420000,0.000000,344.289978,0.000003,0.004815,0.000003,0.999988,0.000000,0.000000,0.000000
10,True,True,0.000000,0.000000,0.190000,0.000000,44.079998,0.530000,0.000000,351.019989,0.000003,0.004815,0.000003,0.999988,0.000000,0.000000,0.000000
11,True,True,0.000000,0.000000,0.200000,0.000000,47.059998,0.640000,0.000000,357.750000,0.000003,0.004815,0.000003,0.999988,0.000000,0.000000,0.000000
12,True,True,0.000000,0.000000,0.210000,0.000000,50.099998,0.750000,0.000000,364.479980,0.000003,0.004815,0.000003,0.999988,0.000000,0.000000,0.000000
13,True,True,0.000000,0.000000,0.220000,0.000000,53.189999,0.860000,0.000000,371.209991,0.000003,0.004815,0.000003,0.999988,0.000000,0.000000,0.000000
14,True,True,0.000000,0.000000,0.230000,0.000000,56.340000,0.970000,0.000000,377.940002,0.000003,0.004815,0.000003,0.999988,0.000000,0.000000,0.000000
15,True,True,0.000000,0.000000,0.240000,0.000000,59.549999,1.080000,0.000000,384.669983,0.000003,0.004815,0.000003,0.999988,0.000000,0.000000,0.000000
16,True,True,0.000000,0.000000,0.250000,0.000000,62.809998,1.190000,0.000000,391.399994,0.000003,0.004815,0.000003,0.999988,0.000000,0.000000,0.000000
17,True,True,0.000000,0.000000,0.260000,0.000000,66.129997,1.300000,0.000000,398.130005,0.000003,0.004815,0.000003,0.999988,0.000000,0.000000,0.000000
18,True,True,0.000000,0.000000,0.270000,0.000000,69.500000,1.410000,0.000000,404.859985,0.000003,0.004815,0.000003,0.999988,0.000000,0.000000,0.000000
19,True,True,0.000000,0.000000,0.280000,0.000000,72.930000,1.520000,0.000000,411.589996,0.000003,0.004815,0.000003,0.999988,0.000000,0.000000,0.000000
20,True,True,0.000000,0.000000,0.290000,0.000000,76.419998,1.630000,0.000000,418.319977,0.000003,0.004815,0.000003,0.999988,0.000000,0.000000,0.000000
21,False,False,0.000000,0.000000,0.300000,0.000000,79.860001,1.630000,0.000000,412.899994,0.000003,0.004815,0.000003,0.999988,0.000000,0.000000,0.000000
22,False,False,0.000000,0.000000,0.310000,0.000000,83.259995,1.630000,0.000000,407.479980,0.000003,0.004815,0.000003,0.999988,0.000000,0.000000,0.000000
23,False,False,0.000000,0.000000,0.320000,0.000000,86.610001,1.630000,0.000000,402.059998,0.000003,0.004815,0.000003,0.999988,0.000000,0.000000,0.000000
24,False,False,0.000000,0.000000,0.330000,0.000000,89.919998,1.630000,0.000000,396.639984,0.000003,0.004815,0.000003,0.999988,0.000000,0.000000,0.000000
25,False,False,0.000000,0.000000,0.340000,0.000000,93.180000,1.630000,0.000000,391.220001,0.000003,0.004815,0.000003,0.999988,0.000000,0.000000,0.000000
26,False,False,0.000000,0.000000,0.350000,0.000000,96.400002,1.630000,0.000000,385.799988,0.000003,0.004815,0.000003,0.999988,0.000000,0.000000,0.000000
27,False,False,0.000000,0.000000,0.360000,0.000000,99.570000,1.630000,0.000000,380.380005,0.000003,0.004815,0.000003,0.999988,0.000000,0.000000,0.000000
28,False,False,0.000000,0.000000,0.370000,0.000000,102.689995,1.630000,0.000000,374.959991,0.000003,0.004815,0.000003,0.999988,0.000000,0.000000,0.000000
29,False,False,0.000000,0.000000,0.380000,0.000000,105.769997,1.630000,0.000000,369.539978,0.000003,0.004815,0.000003,0.999988,0.000000,0.000000,0.000000
30,False,False,0.000000,0.000000,0.390000,0.000000,108.799995,1.630000,0.000000,364.119995,0.000003,0.004815,0.000003,0.999988,0.000000,0.000000,0.000000
31,False,False,0.000000,0.000000,0.400000,0.000000,111.790001,1.630000,0.000000,358.699982,0.000003,0.004815,0.000003,0.999988,0.000000,0.000000,0.000000
32,False,False,0.000000,0.000000,0.410000,0.000000,114.729996,1.630000,0.000000,353.279999,0.000003,0.004815,0.000003,0.999988,0.000000,0.000000,0.000000
33,False,False,0.000000,0.000000,0.420000,0.000000,117.629997,1.630000,0.000000,347.859985,0.000003,0.004815,0.000003,0.999988,0.000000,0.000000,0.000000
34,False,False,0.000000,0.000000,0.430000,0.000000,120.479996,1.630000,0.000000,342.440002,0.000003,0.004815,0.000003,0.999988,0.000000,0.000000,0.000000
35,False,False,0.000000,0.000000,0.440000,0.000000,123.290001,1.630000,0.000000,337.019989,0.000003,0.004815,0.000003,0.999988,0.000000,0.000000,0.000000
36,False,False,0.000000,0.000000,0.450000,0.000000,126.049995,1.630000,0.000000,331.600006,0.000003,0.004815,0.000003,0.999988,0.000000,0.000000,0.000000
37,False,False,0.000000,0.000000,0.460000,0.000000,128.770004,1.630000,0.000000,326.179993,0.000003,0.004815,0.000003,0.999988,0.000000,0.000000,0.000000
38,False,False,0.000000,0.000000,0.470000,0.000000,131.440002,1.630000,0.000000,320.759979,0.000003,0.004815,0.000003,0.999988,0.000000,0.000000,0.000000
39,False,False,0.000000,0.000000,0.480000,0.000000,134.069992,1.630000,0.000000,315.339996,0.000003,0.004815,0.000003,0.999988,0.000000,0.000000,0.000000
40,False,False,0.000000,0.000000,0.490000,0.000000,136.649994,1.630000,0.000000,309.919983,0.000003,0.004815,0.000003,0.999988,0.000000,0.000000,0.000000
41,False,False,0.000000,0.000000,0.500000,0.000000,139.190002,1.630000,0.000000,304.500000,0.000003,0.004815,0.000003,0.999988,0.000000,0.000000,0.000000
42,False,False,0.000000,0.000000,0.510000,0.000000,141.679993,1.630000,0.000000,299.079987,0.000003,0.004815,0.000003,0.999988,0.000000,0.000000,0.000000
43,False,False,0.000000,0.000000,0.520000,0.000000,144.129990,1.630000,0.000000,293.660004,0.000003,0.004815,0.000003,0.999988,0.000000,0.000000,0.000000
44,False,False,0.000000,0.000000,0.530000,0.000000,146.529999,1.630000,0.000000,288.239990,0.000003,0.004815,0.000003,0.999988,0.000000,0.000000,0.000000
45,False,False,0.000000,0.000000,0.540000,0.000000,148.889999,1.630000,0.000000,282.820007,0.000003,0.004815,0.000003,0.999988,0.000000,0.000000,0.000000
46,False,False,0.000000,0.000000,0.550000,0.000000,151.199997,1.630000,0.000000,277.399994,0.000003,0.004815,0.000003,0.999988,0.000000,0.000000,0.000000
47,False,False,0.000000,0.000000,0.560000,0.000000,153.470001,1.630000,0.000000,271.979980,0.000003,0.004815,0.000003,0.999988,0.000000,0.000000,0.000000
48,False,False,0.000000,0.000000,0.570000,0.000000,155.690002,1.630000,0.000000,266.559998,0.000003,0.004815,0.000003,0.999988,0.000000,0.000000,0.000000
49,False,False,0.000000,0.000000,0.580000,0.000000,157.869995,1.630000,0.000000,261.139984,0.000003,0.004815,0.000003,0.999988,0.000000,0.000000,0.000000
50,False,False,0.000000,0.000000,0.590000,0.000000,160.000000,1.630000,0.000000,255.720001,0.000003,0.004815,0.000003,0.999988,0.000000,0.000000,0.000000
51,False,False,0.000000,0.000000,0.600000,0.000000,162.089996,1.630000,0.000000,250.299988,0.000003,0.004815,0.000003,0.999988,0.000000,0.000000,0.000000
52,False,False,0.000000,0.000000,0.610000,0.000000,164.129990,1.630000,0.000000,244.879990,0.000003,0.004815,0.000003,0.999988,0.000000,0.000000,0.000000
53,False,False,0.000000,0.000000,0.620000,0.000000,166.129990,1.630000,0.000000,239.459991,0.000003,0.004815,0.000003,0.999988,0.000000,0.000000,0.000000
54,False,False,0.000000,0.000000,0.630000,0.000000,168.080002,1.630000,0.000000,234.039993,0.000003,0.004815,0.000003,0.999988,0.000000,0.000000,0.000000
55,False,False,0.000000,0.000000,0.640000,0.000000,169.989990,1.630000,0.000000,228.619995,0.000003,0.004815,0.000003,0.999988,0.000000,0.000000,0.000000
56,False,False,0.000000,0.000000,0.650000,0.000000,171.849991,1.630000,0.000000,223.199997,0.000003,0.004815,0.000003,0.999988,0.000000,0.000000,0.000000
57,False,False,0.000000,0.000000,0.660000,0.000000,173.660004,1.630000,0.000000,217.779999,0.000003,0.004815,0.000003,0.999988,0.000000,0.000000,0.000000
58,False,False,0.000000,0.000000,0.670000,0.000000,175.429993,1.630000,0.000000,212.360001,0.000003,0.004815,0.000003,0.999988,0.000000,0.000000,0.000000
59,False,False,0.000000,0.000000,0.680000,0.000000,177.149994,1.630000,0.000000,206.940002,0.000003,0.004815,0.000003,0.999988,0.000000,0.000000,0.000000
60,False,False,0.000000,0.000000,0.690000,0.000000,178.830002,1.630000,0.000000,201.519989,0.000003,0.004815,0.000003,0.999988,0.000000,0.000000,0.000000
61,False,False,0.000000,0.000000,0.700000,0.000000,180.459991,1.630000,0.000000,196.099991,0.000003,0.004815,0.000003,0.999988,0.000000,0.000000,0.000000
62,False,False,0.000000,0.000000,0.710000,0.000000,182.050003,1.630000,0.000000,190.679993,0.000003,0.004815,0.000003,0.999988,0.000000,0.000000,0.000000
63,False,False,0.000000,0.000000,0.720000,0.000000,183.589996,1.630000,0.000000,185.259995,0.000003,0.004815,0.000003,0.999988,0.000000,0.000000,0.000000
64,False,False,0.000000,0.000000,0.730000,0.000000,185.089996,1.630000,0.000000,179.839996,0.000003,0.004815,0.000003,0.999988,0.000000,0.000000,0.000000
65,False,False,0.000000,0.000000,0.740000,0.000000,186.539993,1.630000,0.000000,174.419998,0.000003,0.004815,0.000003,0.999988,0.000000,0.000000,0.000000
66,False,False,0.000000,0.000000,0.750000,0.000000,187.949997,1.630000,0.000000,169.000000,0.000003,0.004815,0.000003,0.999988,0.000000,0.000000,0.000000
67,False,False,0.000000,0.000000,0.760000,0.000000,189.309998,1.630000,0.000000,163.580002,0.000003,0.004815,0.000003,0.999988,0.000000,0.000000,0.000000
68,False,False,0.000000,0.000000,0.770000,0.000000,190.629990,1.630000,0.000000,158.160004,0.000003,0.004815,0.000003,0.999988,0.000000,0.000000,0.000000
69,False,False,0.000000,0.000000,0.780000,0.000000,191.899994,1.630000,0.000000,152.739990,0.000003,0.004815,0.000003,0.999988,0.000000,0.000000,0.000000
70,False,False,0.000000,0.000000,0.790000,0.000000,193.129990,1.630000,0.000000,147.319992,0.000003,0.004815,0.000003,0.999988,0.000000,0.000000,0.000000
71,True,True,-1.000000,1.000000,0.800000,0.000000,194.309998,1.630000,0.000000,141.899994,-0.001330,0.004815,-0.000305,0.999987,-0.320200,0.000000,-0.072800
72,False,False,0.000000,0.000000,0.810000,0.000000,195.449997,1.630000,0.000000,136.479996,-0.002608,0.004815,-0.000612,0.999985,-0.307400,0.000000,-0.071700
73,False,False,0.000000,0.000000,0.820000,0.000000,196.539993,1.630000,0.000000,131.059998,-0.003838,0.004815,-0.000914,0.999981,-0.295100,0.000000,-0.070600
74,False,False,0.000000,0.000000,0.830000,0.000000,197.589996,1.630000,0.000000,125.639999,-0.005020,0.004815,-0.001211,0.999975,-0.283300,0.000000,-0.069500
75,False,False,0.000000,0.000000,0.840000,0.000000,198.589996,1.630000,0.000000,120.219994,-0.006153,0.004815,-0.001502,0.999968,-0.271900,0.000000,-0.068400
76,False,False,0.000000,0.000000,0.850000,0.000000,199.550003,1.630000,0.000000,114.799995,-0.007237,0.004815,-0.001788,0.999961,-0.261000,0.000000,-0.067300
77,False,False,0.000000,0.000000,0.860000,0.000000,200.459991,1.630000,0.000000,109.379997,-0.008278,0.004815,-0.002069,0.999952,-0.250500,0.000000,-0.066200
78,False,False,0.000000,0.000000,0.870000,0.000000,201.330002,1.630000,0.000000,103.959999,-0.009276,0.004815,-0.002344,0.999943,-0.240500,0.000000,-0.065100
79,False,False,0.000000,0.000000,0.880000,0.000000,202.149994,1.630000,0.000000,98.540001,-0.010237,0.004815,-0.002614,0.999933,-0.230900,0.000000,-0.064100
80,False,False,0.000000,0.000000,0.890000,0.000000,202.929993,1.630000,0.000000,93.119995,-0.011159,0.004815,-0.002884,0.999922,-0.221600,0.000000,-0.063100
81,False,False,0.000000,0.000000,0.900000,0.000000,203.659988,1.630000,0.000000,87.699997,-0.012044,0.004815,-0.003148,0.999911,-0.212700,0.000000,-0.062100
82,False,False,0.000000,0.000000,0.910000,0.000000,204.349991,1.630000,0.000000,82.279999,-0.012891,0.004815,-0.003407,0.999899,-0.204200,0.000000,-0.061100
83,False,False,0.000000,0.000000,0.920000,0.000000,204.989990,1.630000,0.000000,76.860001,-0.013706,0.004815,-0.003660,0.999888,-0.196000,0.000000,-0.060100
84,False,False,0.000000,0.000000,0.930000,0.000000,205.589996,1.630000,0.000000,71.439995,-0.014488,0.004815,-0.003909,0.999876,-0.188100,0.000000,-0.059100
85,False,False,0.000000,0.000000,0.940000,0.000000,206.139999,1.630000,0.000000,66.019997,-0.015238,0.004815,-0.004157,0.999864,-0.180600,0.000000,-0.058100
86,False,False,0.000000,0.000000,0.950000,0.000000,206.649994,1.630000,0.000000,60.599998,-0.015961,0.004815,-0.004399,0.999851,-0.173300,0.000000,-0.057200
87,False,False,0.000000,0.000000,0.960000,0.000000,207.110001,1.630000,0.000000,55.180000,-0.016651,0.004815,-0.004637,0.999839,-0.166300,0.000000,-0.056300
88,False,False,0.000000,0.000000,0.970000,0.000000,207.519989,1.630000,0.000000,49.759998,-0.017315,0.004815,-0.004869,0.999827,-0.159600,0.000000,-0.055400
89,False,False,0.000000,0.000000,0.980000,0.000000,207.739990,1.630000,0.000000,26.920000,-0.017951,0.004815,-0.005101,0.999814,-0.153200,0.000000,-0.054500
90,False,False,0.000000,0.000000,0.990000,0.000000,207.839996,1.630000,0.000000,12.080000,-0.018561,0.004815,-0.005327,0.999802,-0.147000,0.000000,-0.053600
91,False,False,0.000000,0.000000,1.000000,0.000000,207.860001,1.630000,0.000000,2.430000,-0.019149,0.004815,-0.005549,0.999790,-0.141100,0.000000,-0.052700
92,False,False,0.000000,0.000000,1.010000,0.000000,207.830002,1.630000,0.000000,-3.830000,-0.019710,0.004815,-0.005770,0.999777,-0.135400,0.000000,-0.051800
93,False,False,0.000000,0.000000,1.020000,0.000000,207.759995,1.630000,0.000000,-7.900000,-0.020249,0.004815,-0.005986,0.999765,-0.130000,0.000000,-0.051000
94,False,False,0.000000,0.000000,1.030000,0.000000,207.669998,1.630000,0.000000,-10.550000,-0.020767,0.004815,-0.006196,0.999753,-0.124800,0.000000,-0.050200
95,False,False,0.000000,0.000000,1.040000,0.000000,207.569992,1.630000,0.000000,-12.270000,-0.021264,0.004815,-0.006406,0.999742,-0.119800,0.000000,-0.049400
96,False,False,0.000000,0.000000,1.050000,0.000000,207.459991,1.630000,0.000000,-13.389999,-0.021744,0.004815,-0.006611,0.999730,-0.115000,0.000000,-0.048600
97,False,False,0.000000,0.000000,1.060000,0.000000,207.339996,1.630000,0.000000,-14.120000,-0.022202,0.004815,-0.006811,0.999719,-0.110400,0.000000,-0.047800
98,False,False,0.000000,0.000000,1.070000,0.000000,207.220001,1.630000,0.000000,-14.589999,-0.022645,0.004815,-0.007011,0.999707,-0.106000,0.000000,-0.047000
99,False,False,0.000000,0.000000,1.080000,0.000000,207.099991,1.630000,0.000000,-14.900000,-0.023066,0.004815,-0.007205,0.999696,-0.101700,0.000000,-0.046200
100,False,False,0.000000,0.000000,1.090000,0.000000,206.970001,1.630000,0.000000,-15.099999,-0.023470,0.004815,-0.007394,0.999686,-0.097600,0.000000,-0.045400
101,False,False,0.000000,0.000000,1.100000,0.000000,206.839996,1.630000,0.000000,-15.230000,-0.023859,0.004815,-0.007582,0.999675,-0.093700,0.000000,-0.044600
102,False,False,0.000000,0.000000,1.110000,0.000000,206.709991,1.630000,0.000000,-15.309999,-0.024231,0.004815,-0.007766,0.999664,-0.089900,0.000000,-0.043900
103,False,False,0.000000,0.000000,1.120000,0.000000,206.580002,1.630000,0.000000,-15.360000,-0.024587,0.004815,-0.007949,0.999654,-0.086300,0.000000,-0.043200
104,False,False,0.000000,0.000000,1.130000,0.000000,206.449997,1.630000,0.000000,-15.400000,-0.024932,0.004815,-0.008127,0.999644,-0.082800,0.000000,-0.042500
105,False,False,0.000000,0.000000,1.140000,0.000000,206.319992,1.630000,0.000000,-15.420000,-0.025261,0.004815,-0.008305,0.999635,-0.079500,0.000000,-0.041800
106,False,False,0.000000,0.000000,1.150000,0.000000,206.190002,1.630000,0.000000,-15.429999,-0.025580,0.004815,-0.008478,0.999625,-0.076300,0.000000,-0.041100
107,False,False,0.000000,0.000000,1.160000,0.000000,206.059998,1.630000,0.000000,-15.440000,-0.025882,0.004815,-0.008651,0.999616,-0.073200,0.000000,-0.040400
108,False,False,0.000000,0.000000,1.170000,0.000000,205.929993,1.630000,0.000000,-15.450000,-0.026173,0.004815,-0.008818,0.999607,-0.070200,0.000000,-0.039700
109,False,False,0.000000,0.000000,1.180000,0.000000,205.799988,1.630000,0.000000,-15.450000,-0.026453,0.004815,-0.008980,0.999598,-0.067400,0.000000,-0.039000
110,False,False,0.000000,0.000000,1.190000,0.000000,205.669998,1.630000,0.000000,-15.450000,-0.026723,0.004815,-0.009142,0.999589,-0.064700,0.000000,-0.038300
111,False,False,0.000000,0.000000,1.200000,0.000000,205.539993,1.630000,0.000000,-15.450000,-0.026982,0.004815,-0.009298,0.999581,-0.062100,0.000000,-0.037700
112,False,False,0.000000,0.000000,1.210000,0.000000,205.409988,1.630000,0.000000,-15.450000,-0.027230,0.004815,-0.009454,0.999573,-0.059600,0.000000,-0.037100
113,False,False,0.000000,0.000000,1.220000,0.000000,205.279999,1.630000,0.000000,-15.450000,-0.027468,0.004815,-0.009605,0.999565,-0.057200,0.000000,-0.036500
114,False,False,0.000000,0.000000,1.230000,0.000000,205.149994,1.630000,0.000000,-15.450000,-0.027694,0.004815,-0.009757,0.999557,-0.054900,0.000000,-0.035900
115,False,False,0.000000,0.000000,1.240000,0.000000,205.019989,1.630000,0.000000,-15.450000,-0.027915,0.004815,-0.009902,0.999550,-0.052700,0.000000,-0.035300
116,False,False,0.000000,0.000000,1.250000,0.000000,204.889999,1.630000,0.000000,-15.450000,-0.028126,0.004815,-0.010048,0.999542,-0.050600,0.000000,-0.034700
117,False,False,0.000000,0.000000,1.260000,0.000000,204.759995,1.630000,0.000000,-15.450000,-0.028325,0.004815,-0.010194,0.999535,-0.048500,0.000000,-0.034100
118,False,False,0.000000,0.000000,1.270000,0.000000,204.629990,1.630000,0.000000,-15.450000,-0.028520,0.004815,-0.010334,0.999528,-0.046500,0.000000,-0.033500
119,False,False,0.000000,0.000000,1.280000,0.000000,204.500000,1.630000,0.000000,-15.450000,-0.028703,0.004815,-0.010474,0.999521,-0.044600,0.000000,-0.032900
120,False,False,0.000000,0.000000,1.290000,0.000000,204.369995,1.630000,0.000000,-15.450000,-0.028881,0.004815,-0.010609,0.999515,-0.042800,0.000000,-0.032300
121,False,False,0.000000,0.000000,1.300000,0.000000,204.239990,1.630000,0.000000,-15.450000,-0.029054,0.004815,-0.010744,0.999508,-0.041000,0.000000,-0.031700
122,False,False,0.000000,0.000000,1.310000,0.000000,204.110001,1.630000,0.000000,-15.450000,-0.029216,0.004815,-0.010873,0.999502,-0.039300,0.000000,-0.031200
123,False,False,0.000000,0.000000,1.320000,0.000000,203.979996,1.630000,0.000000,-15.450000,-0.029372,0.004815,-0.011003,0.999496,-0.037700,0.000000,-0.030700
124,False,False,0.000000,0.000000,1.330000,0.000000,203.849991,1.630000,0.000000,-15.450000,-0.029523,0.004815,-0.011127,0.999491,-0.036200,0.000000,-0.030200
125,False,False,0.000000,0.000000,1.340000,0.000000,203.720001,1.630000,0.000000,-15.450000,-0.029669,0.004815,-0.011251,0.999485,-0.034700,0.000000,-0.029700
126,False,False,0.000000,0.000000,1.350000,0.000000,203.589996,1.630000,0.000000,-15.450000,-0.029809,0.004815,-0.011375,0.999479,-0.033300,0.000000,-0.029200
127,False,False,0.000000,0.000000,1.360000,0.000000,203.459991,1.630000,0.000000,-15.450000,-0.029944,0.004815,-0.011494,0.999474,-0.031900,0.000000,-0.028700
128,False,False,0.000000,0.000000,1.370000,0.000000,203.330002,1.630000,0.000000,-15.450000,-0.030073,0.004815,-0.011612,0.999469,-0.030600,0.000000,-0.028200
129,False,False,0.000000,0.000000,1.380000,0.000000,203.199997,1.630000,0.000000,-15.450000,-0.030197,0.004815,-0.011731,0.999463,-0.029300,0.000000,-0.027700
130,False,False,0.000000,0.000000,1.390000,0.000000,203.069992,1.630000,0.000000,-15.450000,-0.030316,0.004815,-0.011844,0.999458,-0.028100,0.000000,-0.027200
131,False,False,0.000000,0.000000,1.400000,0.000000,202.940002,1.630000,0.000000,-15.450000,-0.030429,0.004815,-0.011958,0.999454,-0.026900,0.000000,-0.026700
132,False,False,0.000000,0.000000,1.410000,0.000000,202.809998,1.630000,0.000000,-15.450000,-0.030537,0.004815,-0.012066,0.999449,-0.025800,0.000000,-0.026200
133,False,False,0.000000,0.000000,1.420000,0.000000,202.679993,1.630000,0.000000,-15.450000,-0.030640,0.004815,-0.012173,0.999445,-0.024700,0.000000,-0.025700
134,False,False,0.000000,0.000000,1.430000,0.000000,202.550003,1.630000,0.000000,-15.450000,-0.030737,0.004815,-0.012281,0.999440,-0.023700,0.000000,-0.025200
135,False,False,0.000000,0.000000,1.440000,0.000000,202.419998,1.630000,0.000000,-15.450000,-0.030829,0.004815,-0.012384,0.999436,-0.022700,0.000000,-0.024800
136,False,False,0.000000,0.000000,1.450000,0.000000,202.289993,1.630000,0.000000,-15.450000,-0.030920,0.004815,-0.012486,0.999432,-0.021700,0.000000,-0.024400
137,False,False,0.000000,0.000000,1.460000,0.000000,202.159988,1.630000,0.000000,-15.450000,-0.031007,0.004815,-0.012589,0.999428,-0.020800,0.000000,-0.024000
138,False,False,0.000000,0.000000,1.470000,0.000000,202.029999,1.630000,0.000000,-15.450000,-0.031088,0.004815,-0.012686,0.999424,-0.019900,0.000000,-0.023600
139,False,False,0.000000,0.000000,1.480000,0.000000,201.899994,1.630000,0.000000,-15.450000,-0.031169,0.004815,-0.012783,0.999421,-0.019100,0.000000,-0.023200
140,False,False,0.000000,0.000000,1.490000,0.000000,201.769989,1.630000,0.000000,-15.450000,-0.031244,0.004815,-0.012880,0.999417,-0.018300,0.000000,-0.022800
141,False,False,0.000000,0.000000,1.500000,0.000000,201.639999,1.630000,0.000000,-15.450000,-0.031314,0.004815,-0.012972,0.999414,-0.017500,0.000000,-0.022400
142,False,False,0.000000,0.000000,1.510000,0.000000,201.509995,1.630000,0.000000,-15.450000,-0.031384,0.004815,-0.013064,0.999410,-0.016800,0.000000,-0.022000
143,False,False,0.000000,0.000000,1.520000,0.000000,201.379990,1.630000,0.000000,-15.450000,-0.031449,0.004815,-0.013155,0.999407,-0.016100,0.000000,-0.021600
144,False,False,0.000000,0.000000,1.530000,0.000000,201.250000,1.630000,0.000000,-15.450000,-0.031514,0.004815,-0.013242,0.999404,-0.015400,0.000000,-0.021200
145,False,False,0.000000,0.000000,1.540000,0.000000,201.119995,1.630000,0.000000,-15.450000,-0.031573,0.004815,-0.013328,0.999401,-0.014700,0.000000,-0.020800
146,False,False,0.000000,0.000000,1.550000,0.000000,200.989990,1.630000,0.000000,-15.450000,-0.031633,0.004815,-0.013414,0.999398,-0.014100,0.000000,-0.020400
147,False,False,0.000000,0.000000,1.560000,0.000000,200.860001,1.630000,0.000000,-15.450000,-0.031686,0.004815,-0.013501,0.999395,-0.013500,0.000000,-0.020000
148,False,False,0.000000,0.000000,1.570000,0.000000,200.729996,1.630000,0.000000,-15.450000,-0.031740,0.004815,-0.013581,0.999392,-0.012900,0.000000,-0.019600
149,False,False,0.000000,0.000000,1.580000,0.000000,200.599991,1.630000,0.000000,-15.450000,-0.031789,0.004815,-0.013662,0.999390,-0.012300,0.000000,-0.019200
150,False,False,0.000000,0.000000,1.590000,0.000000,200.429993,1.630000,0.000000,-20.859999,-0.031838,0.004815,-0.013743,0.999387,-0.011800,0.000000,-0.018800
151,False,False,0.000000,0.000000,1.600000,0.000000,200.209991,1.630000,0.000000,-26.269999,-0.031886,0.004815,-0.013819,0.999384,-0.011300,0.000000,-0.018500
152,False,False,0.000000,0.000000,1.610000,0.000000,199.949997,1.630000,0.000000,-31.679998,-0.031929,0.004815,-0.013894,0.999382,-0.010800,0.000000,-0.018200
153,False,False,0.000000,0.000000,1.620000,0.000000,199.639999,1.630000,0.000000,-37.090000,-0.031972,0.004815,-0.013970,0.999380,-0.010300,0.000000,-0.017900
154,False,False,0.000000,0.000000,1.630000,0.000000,199.289993,1.630000,0.000000,-42.500000,-0.032016,0.004815,-0.014045,0.999377,-0.009800,0.000000,-0.017600
155,False,False,0.000000,0.000000,1.640000,0.000000,198.889999,1.630000,0.000000,-47.910000,-0.032053,0.004815,-0.014116,0.999375,-0.009400,0.000000,-0.017300
156,False,False,0.000000,0.000000,1.650000,0.000000,198.449997,1.630000,0.000000,-53.320000,-0.032091,0.004815,-0.014186,0.999373,-0.009000,0.000000,-0.017000
157,False,False,0.000000,0.000000,1.660000,0.000000,197.959991,1.630000,0.000000,-58.730000,-0.032129,0.004815,-0.014256,0.999370,-0.008600,0.000000,-0.016700
158,False,False,0.000000,0.000000,1.670000,0.000000,197.429993,1.630000,0.000000,-64.139999,-0.032161,0.004815,-0.014326,0.999368,-0.008200,0.000000,-0.016400
159,False,False,0.000000,0.000000,1.680000,0.000000,196.849991,1.630000,0.000000,-69.549995,-0.032194,0.004815,-0.014391,0.999366,-0.007800,0.000000,-0.016100
160,False,False,0.000000,0.000000,1.690000,0.000000,196.229996,1.630000,0.000000,-74.959999,-0.032226,0.004815,-0.014455,0.999364,-0.007400,0.000000,-0.015800
161,False,False,0.000000,0.000000,1.700000,0.000000,195.559998,1.630000,0.000000,-80.369995,-0.032253,0.004815,-0.014520,0.999363,-0.007100,0.000000,-0.015500
162,False,False,0.000000,0.000000,1.710000,0.000000,194.849991,1.630000,0.000000,-85.779999,-0.032280,0.004815,-0.014585,0.999361,-0.006800,0.000000,-0.015200
163,False,False,0.000000,0.000000,1.720000,0.000000,194.089996,1.630000,0.000000,-91.189995,-0.032307,0.004815,-0.014650,0.999359,-0.006500,0.000000,-0.014900
164,False,False,0.000000,0.000000,1.730000,0.000000,193.279999,1.630000,0.000000,-96.599998,-0.032334,0.004815,-0.014709,0.999357,-0.006200,0.000000,-0.014600
165,False,False,0.000000,0.000000,1.740000,0.000000,192.429993,1.630000,0.000000,-102.009995,-0.032361,0.004815,-0.014768,0.999355,-0.005900,0.000000,-0.014300
166,False,False,0.000000,0.000000,1.750000,0.000000,191.529999,1.630000,0.000000,-107.419998,-0.032382,0.004815,-0.014828,0.999354,-0.005600,0.000000,-0.014000
167,False,False,0.000000,0.000000,1.760000,0.000000,190.589996,1.630000,0.000000,-112.829994,-0.032404,0.004815,-0.014887,0.999352,-0.005300,0.000000,-0.013700
168,False,False,0.000000,0.000000,1.770000,0.000000,189.599991,1.630000,0.000000,-118.239998,-0.032426,0.004815,-0.014941,0.999351,-0.005000,0.000000,-0.013400
169,False,False,0.000000,0.000000,1.780000,0.000000,188.569992,1.630000,0.000000,-123.649994,-0.032447,0.004815,-0.014995,0.999349,-0.004800,0.000000,-0.013100
170,False,False,0.000000,0.000000,1.790000,0.000000,187.489990,1.630000,0.000000,-129.059998,-0.032469,0.004815,-0.015049,0.999348,-0.004600,0.000000,-0.012800
171,False,False,0.000000,0.000000,1.800000,0.000000,186.369995,1.630000,0.000000,-134.470001,-0.032485,0.004815,-0.015103,0.999346,-0.004400,0.000000,-0.012500
172,False,False,0.000000,0.000000,1.810000,0.000000,185.199997,1.630000,0.000000,-139.879990,-0.032501,0.004815,-0.015157,0.999345,-0.004200,0.000000,-0.012300
173,False,False,0.000000,0.000000,1.820000,0.000000,183.989990,1.630000,0.000000,-145.289993,-0.032517,0.004815,-0.015205,0.999344,-0.004000,0.000000,-0.012100
174,False,False,0.000000,0.000000,1.830000,0.000000,182.729996,1.630000,0.000000,-150.699997,-0.032533,0.004815,-0.015254,0.999343,-0.003800,0.000000,-0.011900
175,False,False,0.000000,0.000000,1.840000,0.000000,181.429993,1.630000,0.000000,-156.110001,-0.032550,0.004815,-0.015302,0.999341,-0.003600,0.000000,-0.011700
176,False,False,0.000000,0.000000,1.850000,0.000000,180.080002,1.630000,0.000000,-161.519989,-0.032566,0.004815,-0.015351,0.999340,-0.003400,0.000000,-0.011500
177,False,False,0.000000,0.000000,1.860000,0.000000,178.690002,1.630000,0.000000,-166.929993,-0.032577,0.004815,-0.015400,0.999339,-0.003200,0.000000,-0.011300
178,False,False,0.000000,0.000000,1.870000,0.000000,177.250000,1.630000,0.000000,-172.339996,-0.032587,0.004815,-0.015448,0.999338,-0.003000,0.000000,-0.011100
179,False,False,0.000000,0.000000,1.880000,0.000000,175.769989,1.630000,0.000000,-177.750000,-0.032598,0.004815,-0.015491,0.999337,-0.002800,0.000000,-0.010900
180,False,False,0.000000,0.000000,1.890000,0.000000,174.239990,1.630000,0.000000,-183.159988,-0.032609,0.004815,-0.015534,0.999336,-0.002600,0.000000,-0.010700
181,False,False,0.000000,0.000000,1.900000,0.000000,172.669998,1.630000,0.000000,-188.569992,-0.032620,0.004815,-0.015578,0.999335,-0.002400,0.000000,-0.010500
182,False,False,0.000000,0.000000,1.910000,0.000000,171.050003,1.630000,0.000000,-193.979996,-0.032631,0.004815,-0.015621,0.999334,-0.002300,0.000000,-0.010300
183,False,False,0.000000,0.000000,1.920000,0.000000,169.389999,1.630000,0.000000,-199.389999,-0.032641,0.004815,-0.015664,0.999333,-0.002200,0.000000,-0.010100
184,False,False,0.000000,0.000000,1.930000,0.000000,167.679993,1.630000,0.000000,-204.799988,-0.032652,0.004815,-0.015707,0.999332,-0.002100,0.000000,-0.009900
185,False,False,0.000000,0.000000,1.940000,0.000000,165.929993,1.630000,0.000000,-210.209991,-0.032663,0.004815,-0.015750,0.999331,-0.002000,0.000000,-0.009700
186,False,False,0.000000,0.000000,1.950000,0.000000,164.129990,1.630000,0.000000,-215.619995,-0.032668,0.004815,-0.015788,0.999330,-0.001900,0.000000,-0.009500
187,False,False,0.000000,0.000000,1.960000,0.000000,162.289993,1.630000,0.000000,-221.029999,-0.032674,0.004815,-0.015826,0.999329,-0.001800,0.000000,-0.009300
188,False,False,0.000000,0.000000,1.970000,0.000000,160.399994,1.630000,0.000000,-226.440002,-0.032679,0.004815,-0.015863,0.999328,-0.001700,0.000000,-0.009100
189,False,False,0.000000,0.000000,1.980000,0.000000,158.470001,1.630000,0.000000,-231.849991,-0.032684,0.004815,-0.015901,0.999328,-0.001600,0.000000,-0.008900
190,False,False,0.000000,0.000000,1.990000,0.000000,156.489990,1.630000,0.000000,-237.259995,-0.032690,0.004815,-0.015939,0.999327,-0.001500,0.000000,-0.008700
191,False,False,0.000000,0.000000,2.000000,0.000000,154.470001,1.630000,0.000000,-242.669998,-0.032695,0.004815,-0.015977,0.999326,-0.001400,0.000000,-0.008500
192,False,False,0.000000,0.000000,2.010000,0.000000,152.399994,1.630000,0.000000,-248.080002,-0.032701,0.004815,-0.016009,0.999325,-0.001300,0.000000,-0.008300
193,False,False,0.000000,0.000000,2.020000,0.000000,150.289993,1.630000,0.000000,-253.489990,-0.032706,0.004815,-0.016041,0.999325,-0.001200,0.000000,-0.008100
194,False,False,0.000000,0.000000,2.030000,0.000000,148.129990,1.630000,0.000000,-258.899994,-0.032711,0.004815,-0.016074,0.999324,-0.001100,0.000000,-0.007900
195,False,False,0.000000,0.000000,2.040000,0.000000,145.929993,1.630000,0.000000,-264.309998,-0.032717,0.004815,-0.016106,0.999323,-0.001000,0.000000,-0.007700
196,False,False,0.000000,0.000000,2.050000,0.000000,143.679993,1.630000,0.000000,-269.720001,-0.032722,0.004815,-0.016139,0.999323,-0.000900,0.000000,-0.007500
197,False,False,0.000000,0.000000,2.060000,0.000000,141.389999,1.630000,0.000000,-275.130005,-0.032728,0.004815,-0.016171,0.999322,-0.000800,0.000000,-0.007300
198,False,False,0.000000,0.000000,2.070000,0.000000,139.050003,1.630000,0.000000,-280.540009,-0.032733,0.004815,-0.016203,0.999321,-0.000700,0.000000,-0.007100
199,False,False,0.000000,0.000000,2.080000,0.000000,136.669998,1.630000,0.000000,-285.949982,-0.032733,0.004815,-0.016230,0.999321,-0.000600,0.000000,-0.006900
200,False,False,0.000000,0.000000,2.090000,0.000000,134.239990,1.630000,0.000000,-291.359985,-0.032733,0.004815,-0.016257,0.999320,-0.000500,0.000000,-0.006700
201,False,False,0.000000,0.000000,2.100000,0.000000,131.770004,1.630000,0.000000,-296.769989,-0.032733,0.004815,-0.016284,0.999320,-0.000400,0.000000,-0.006500
202,False,False,0.000000,0.000000,2.110000,0.000000,129.250000,1.630000,0.000000,-302.179993,-0.032733,0.004815,-0.016311,0.999319,-0.000300,0.000000,-0.006300
203,False,False,0.000000,0.000000,2.120000,0.000000,126.689995,1.630000,0.000000,-307.589996,-0.032733,0.004815,-0.016338,0.999319,-0.000200,0.000000,-0.006100
204,False,False,0.000000,0.000000,2.130000,0.000000,124.079994,1.630000,0.000000,-313.000000,-0.032733,0.004815,-0.016365,0.999318,-0.000100,0.000000,-0.006000
205,False,False,0.000000,0.000000,2.140000,0.000000,121.430000,1.630000,0.000000,-318.410004,-0.032733,0.004815,-0.016392,0.999318,0.000000,0.000000,-0.005900
206,False,False,0.000000,0.000000,2.150000,0.000000,118.729996,1.630000,0.000000,-323.820007,-0.032733,0.004815,-0.016414,0.999318,0.000000,0.000000,-0.005800
207,False,False,0.000000,0.000000,2.160000,0.000000,115.989998,1.630000,0.000000,-329.229980,-0.032733,0.004815,-0.016435,0.999317,0.000000,0.000000,-0.005700
208,False,False,0.000000,0.000000,2.170000,0.000000,113.199997,1.630000,0.000000,-334.639984,-0.032733,0.004815,-0.016457,0.999317,0.000000,0.000000,-0.005600
209,False,False,0.000000,0.000000,2.180000,0.000000,110.369995,1.630000,0.000000,-340.049988,-0.032733,0.004815,-0.016478,0.999317,0.000000,0.000000,-0.005500
210,False,False,0.000000,0.000000,2.190000,0.000000,107.489998,1.630000,0.000000,-345.459991,-0.032733,0.004815,-0.016500,0.999316,0.000000,0.000000,-0.005400
211,False,False,0.000000,0.000000,2.200000,0.000000,104.570000,1.630000,0.000000,-350.869995,-0.032733,0.004815,-0.016522,0.999316,0.000000,0.000000,-0.005300
212,False,False,0.000000,0.000000,2.210000,0.000000,101.599998,1.630000,0.000000,-356.279999,-0.032733,0.004815,-0.016543,0.999316,0.000000,0.000000,-0.005200
213,False,False,0.000000,0.000000,2.220000,0.000000,98.589996,1.630000,0.000000,-361.690002,-0.032733,0.004815,-0.016565,0.999315,0.000000,0.000000,-0.005100
214,False,False,0.000000,0.000000,2.230000,0.000000,95.529999,1.630000,0.000000,-367.100006,-0.032733,0.004815,-0.016586,0.999315,0.000000,0.000000,-0.005000
215,False,False,0.000000,0.000000,2.240000,0.000000,92.430000,1.630000,0.000000,-372.509979,-0.032733,0.004815,-0.016608,0.999314,0.000000,0.000000,-0.004900
216,False,False,0.000000,0.000000,2.250000,0.000000,89.279999,1.630000,0.000000,-377.919983,-0.032733,0.004815,-0.016630,0.999314,0.000000,0.000000,-0.004800
217,False,False,0.000000,0.000000,2.260000,0.000000,86.089996,1.630000,0.000000,-383.329987,-0.032733,0.004815,-0.016651,0.999314,0.000000,0.000000,-0.004700
218,False,False,0.000000,0.000000,2.270000,0.000000,82.849998,1.630000,0.000000,-388.739990,-0.032733,0.004815,-0.016673,0.999313,0.000000,0.000000,-0.004600
219,False,False,0.000000,0.000000,2.280000,0.000000,79.570000,1.630000,0.000000,-394.149994,-0.032733,0.004815,-0.016689,0.999313,0.000000,0.000000,-0.004500
220,False,False,0.000000,0.000000,2.290000,0.000000,76.239998,1.630000,0.000000,-399.559998,-0.032733,0.004815,-0.016705,0.999313,0.000000,0.000000,-0.004400
221,False,False,0.000000,0.000000,2.300000,0.000000,72.869995,1.630000,0.000000,-404.970001,-0.032733,0.004815,-0.016721,0.999313,0.000000,0.000000,-0.004300
222,False,False,0.000000,0.000000,2.310000,0.000000,69.449997,1.630000,0.000000,-410.380005,-0.032733,0.004815,-0.016737,0.999312,0.000000,0.000000,-0.004200
223,False,False,0.000000,0.000000,2.320000,0.000000,65.989998,1.630000,0.000000,-415.789978,-0.032733,0.004815,-0.016754,0.999312,0.000000,0.000000,-0.004100
224,False,False,0.000000,0.000000,2.330000,0.000000,62.480000,1.630000,0.000000,-421.199982,-0.032733,0.004815,-0.016770,0.999312,0.000000,0.000000,-0.004000
225,False,False,0.000000,0.000000,2.340000,0.000000,58.919998,1.630000,0.000000,-426.609985,-0.032733,0.004815,-0.016786,0.999312,0.000000,0.000000,-0.003900
226,False,False,0.000000,0.000000,2.350000,0.000000,55.320000,1.630000,0.000000,-432.019989,-0.032733,0.004815,-0.016802,0.999311,0.000000,0.000000,-0.003800
227,False,False,0.000000,0.000000,2.360000,0.000000,51.669998,1.630000,0.000000,-437.429993,-0.032733,0.004815,-0.016818,0.999311,0.000000,0.000000,-0.003700
228,False,False,0.000000,0.000000,2.370000,0.000000,47.980000,1.630000,0.000000,-442.839996,-0.032733,0.004815,-0.016835,0.999311,0.000000,0.000000,-0.003600
229,False,False,0.000000,0.000000,2.380000,0.000000,44.239998,1.630000,0.000000,-448.250000,-0.032733,0.004815,-0.016851,0.999310,0.000000,0.000000,-0.003500
230,False,False,0.000000,0.000000,2.390000,0.000000,40.459999,1.630000,0.000000,-453.660004,-0.032733,0.004815,-0.016867,0.999310,0.000000,0.000000,-0.003400
231,False,False,0.000000,0.000000,2.400000,0.000000,36.630001,1.630000,0.000000,-459.069977,-0.032733,0.004815,-0.016883,0.999310,0.000000,0.000000,-0.003300
232,False,False,0.000000,0.000000,2.410000,0.000000,32.759998,1.070000,-0.350000,-450.179993,-0.032733,0.004815,-0.016894,0.999310,0.532600,0.346400,0.003200
233,False,False,0.000000,0.000000,2.420000,0.000000,28.939999,12.920000,-3.080000,-404.149994,-0.030537,0.006293,-0.016824,0.999372,0.557100,0.247700,-0.001000
234,False,False,0.000000,0.000000,2.530000,-0.030000,25.500000,4.950000,-5.930000,-353.329987,-0.028234,0.007361,-0.016781,0.999433,0.570200,0.167500,-0.004300
235,False,False,0.000000,0.000000,2.570000,-0.080000,22.490000,3.630000,-9.330000,-300.519989,-0.025871,0.008100,-0.016759,0.999492,0.577900,0.100300,-0.007100
236,False,False,0.000000,0.000000,2.600000,-0.160000,19.920000,1.610000,-11.040000,-248.099991,-0.023470,0.008559,-0.016759,0.999547,0.581500,0.044900,-0.014000
237,False,False,0.000000,0.000000,2.610000,-0.250000,17.779999,0.530000,-12.080000,-181.479996,-0.021053,0.008785,-0.016791,0.999599,1.105100,-0.638400,-0.003100
238,False,False,0.000000,0.000000,2.610000,-0.350000,16.199999,-13.000000,-13.360000,-112.750000,-0.016403,0.006207,-0.016818,0.999705,1.913600,-0.464500,-0.008200
239,False,False,0.000000,0.000000,2.500000,-0.460000,15.190000,-4.830000,-13.820000,-39.899998,-0.008397,0.004405,-0.016835,0.999813,1.020900,-0.260600,0.000300
240,False,False,0.000000,0.000000,2.460000,-0.580000,14.790000,-3.530000,-13.480000,-0.620000,-0.004124,0.003391,-0.016824,0.999844,0.544600,-0.116400,0.001900
241,False,False,0.000000,0.000000,2.430000,-0.690000,14.719999,-1.440000,-12.969999,19.100000,-0.001848,0.002943,-0.016808,0.999853,0.272500,-0.021200,0.002000
242,False,False,0.000000,0.000000,2.420000,-0.800000,14.809999,-0.380000,-12.490000,27.309999,-0.000709,0.002873,-0.016797,0.999855,0.106800,0.024500,0.001800
243,False,False,0.000000,0.000000,2.420000,-0.900000,14.969999,0.110000,-12.020000,29.719999,-0.000267,0.002981,-0.016786,0.999855,0.063500,0.036000,0.001300
244,False,False,0.000000,0.000000,2.420000,-1.000000,15.150000,0.200000,-11.469999,30.340000,-0.000003,0.003137,-0.016781,0.999854,0.042100,0.037800,0.001000
245,False,False,0.000000,0.000000,2.420000,-1.100000,15.339999,0.230000,-10.920000,29.980000,0.000170,0.003299,-0.016775,0.999854,0.026700,0.037100,0.000900
246,False,False,0.000000,0.000000,2.420000,-1.190000,15.520000,0.230000,-10.380000,28.959999,0.000278,0.003455,-0.016770,0.999853,0.015800,0.035000,0.000800
247,False,False,0.000000,0.000000,2.420000,-1.280000,15.690000,0.220000,-9.860000,27.570000,0.000343,0.003601,-0.016764,0.999853,0.008100,0.032300,0.000800
248,False,False,0.000000,0.000000,2.420000,-1.360000,15.849999,0.190000,-9.360000,25.980000,0.000375,0.003736,-0.016759,0.999852,0.002800,0.029400,0.000700
249,False,False,0.000000,0.000000,2.420000,-1.440000,16.000000,0.160000,-8.889999,24.309999,0.000386,0.003860,-0.016754,0.999852,-0.000600,0.026400,0.000700
250,False,False,0.000000,0.000000,2.420000,-1.510000,16.129999,0.130000,-8.450000,22.629999,0.000380,0.003968,-0.016748,0.999852,-0.002800,0.023500,0.000700
251,False,False,0.000000,0.000000,2.420000,-1.580000,16.250000,0.100000,-8.030000,21.029999,0.000370,0.004065,-0.016743,0.999851,-0.004100,0.020900,0.000600
252,False,False,0.000000,0.000000,2.420000,-1.650000,16.359999,0.070000,-7.640000,19.510000,0.000353,0.004151,-0.016743,0.999851,-0.004800,0.018500,0.000600
253,False,False,0.000000,0.000000,2.420000,-1.710000,16.449999,0.050000,-7.280000,18.090000,0.000332,0.004227,-0.016743,0.999851,-0.005100,0.016400,0.000500
254,False,False,0.000000,0.000000,2.420000,-1.770000,16.529999,0.020000,-6.940000,16.820000,0.000310,0.004297,-0.016743,0.999851,-0.005100,0.014500,0.000500
255,False,False,0.000000,0.000000,2.420000,-1.830000,16.600000,0.010000,-6.620000,15.690000,0.000289,0.004356,-0.016743,0.999850,-0.005000,0.012700,0.000500
256,False,False,0.000000,0.000000,2.420000,-1.890000,16.660000,0.000000,-6.320000,14.679999,0.000267,0.004410,-0.016743,0.999850,-0.004700,0.011200,0.000500
257,False,False,0.000000,0.000000,2.420000,-1.940000,16.709999,-0.020000,-6.040000,13.790000,0.000245,0.004459,-0.016743,0.999850,-0.004400,0.009800,0.000400
258,False,False,0.000000,0.000000,2.420000,-1.990000,16.760000,-0.030000,-5.770000,13.020000,0.000224,0.004502,-0.016743,0.999850,-0.004000,0.008600,0.000400
259,False,False,0.000000,0.000000,2.420000,-2.040000,16.799999,-0.040000,-5.520000,12.330000,0.000208,0.004540,-0.016743,0.999849,-0.003600,0.007500,0.000400
260,False,False,0.000000,0.000000,2.420000,-2.090000,16.840000,-0.050000,-5.280000,11.719999,0.000192,0.004572,-0.016743,0.999849,-0.003200,0.006600,0.000400
261,False,False,0.000000,0.000000,2.420000,-2.130000,16.869999,-0.060000,-5.060000,11.170000,0.000175,0.004599,-0.016743,0.999849,-0.002800,0.005700,0.000300
262,False,False,0.000000,0.000000,2.420000,-2.170000,16.900000,-0.060000,-4.570000,10.700000,0.000165,0.004621,-0.016743,0.999849,-0.002400,0.005000,0.008100
263,False,False,0.000000,0.000000,2.420000,-2.210000,16.920000,-0.040000,-3.780000,10.280000,0.000154,0.004642,-0.016710,0.999850,-0.002100,0.004400,0.003200
264,False,False,0.000000,0.000000,2.420000,-2.240000,16.940001,-0.030000,-3.120000,9.929999,0.000143,0.004658,-0.016700,0.999850,-0.001800,0.003900,0.001600
265,False,False,0.000000,0.000000,2.420000,-2.270000,16.959999,-0.020000,-2.580000,9.620000,0.000138,0.004675,-0.016694,0.999850,-0.001600,0.003400,0.001000
266,False,False,0.000000,0.000000,2.420000,-2.290000,16.969999,-0.010000,-2.130000,9.349999,0.000132,0.004691,-0.016689,0.999850,-0.001400,0.003000,0.000700
267,False,False,0.000000,0.000000,2.420000,-2.310000,16.980000,-0.010000,-1.760000,9.130000,0.000127,0.004702,-0.016683,0.999850,-0.001200,0.002600,0.000500
268,False,False,0.000000,0.000000,2.420000,-2.320000,16.990000,0.000000,-1.450000,8.950000,0.000121,0.004712,-0.016683,0.999850,-0.001100,0.002300,0.000400
269,False,False,0.000000,0.000000,2.420000,-2.330000,17.000000,0.000000,-1.190000,8.800000,0.000116,0.004723,-0.016683,0.999850,-0.001000,0.002000,0.000300
270,False,False,0.000000,0.000000,2.420000,-2.340000,17.010000,0.000000,-0.980000,8.660000,0.000111,0.004734,-0.016683,0.999850,-0.000900,0.001800,0.000300
271,False,False,0.000000,0.000000,2.420000,-2.350000,17.010000,0.000000,-0.810000,8.530000,0.000105,0.004739,-0.016683,0.999850,-0.000700,0.001600,0.000200
272,False,False,0.000000,0.000000,2.420000,-2.360000,17.010000,0.000000,-0.670000,8.450000,0.000100,0.004745,-0.016683,0.999849,-0.000600,0.001400,0.000200
273,False,False,0.000000,0.000000,2.420000,-2.370000,17.010000,0.000000,-0.550000,8.400000,0.000100,0.004750,-0.016683,0.999849,-0.000500,0.001200,0.000100
274,False,False,0.000000,0.000000,2.420000,-2.370000,17.010000,0.000000,-0.450000,8.370000,0.000100,0.004756,-0.016683,0.999849,-0.000400,0.001100,0.000100
275,False,False,0.000000,0.000000,2.420000,-2.370000,17.010000,0.000000,-0.370000,8.349999,0.000100,0.004761,-0.016683,0.999849,-0.000400,0.001000,0.000100
276,False,False,0.000000,0.000000,2.420000,-2.370000,17.010000,0.000000,-0.300000,8.330000,0.000100,0.004766,-0.016683,0.999849,-0.000400,0.000900,0.000000
277,False,False,0.000000,0.000000,2.420000,-2.370000,17.010000,0.000000,-0.240000,8.320000,0.000100,0.004772,-0.016683,0.999849,-0.000400,0.000700,0.000000
278,False,False,0.000000,0.000000,2.420000,-2.370000,17.010000,0.000000,-0.190000,8.320000,0.000100,0.004777,-0.016683,0.999849,-0.000400,0.000600,0.000000
279,False,False,0.000000,0.000000,2.420000,-2.370000,17.010000,0.000000,-0.150000,8.320000,0.000100,0.004777,-0.016683,0.999849,-0.000400,0.000500,0.000000
280,False,False,0.000000,0.000000,2.420000,-2.370000,17.010000,0.000000,-0.120000,8.320000,0.000100,0.004777,-0.016683,0.999849,-0.000400,0.000400,0.000000
281,False,False,0.000000,0.000000,2.420000,-2.370000,17.010000,0.000000,-0.090000,8.320000,0.000100,0.004777,-0.016683,0.999849,-0.000400,0.000400,0.000000
282,False,False,0.000000,0.000000,2.420000,-2.370000,17.010000,0.000000,-0.070000,8.320000,0.000100,0.004777,-0.016683,0.999849,-0.000400,0.000400,0.000000
283,False,False,0.000000,0.000000,2.420000,-2.370000,17.010000,0.000000,-0.050000,8.320000,0.000100,0.004777,-0.016683,0.999849,-0.000400,0.000400,0.000000
284,False,False,0.000000,0.000000,2.420000,-2.370000,17.010000,0.000000,-0.040000,8.320000,0.000100,0.004777,-0.016683,0.999849,-0.000400,0.000400,0.000000
285,False,False,0.000000,0.000000,2.420000,-2.370000,17.010000,0.000000,-0.030000,8.320000,0.000100,0.004777,-0.016683,0.999849,-0.000400,0.000400,0.000000
286,False,False,0.000000,0.000000,2.420000,-2.370000,17.010000,0.000000,-0.020000,8.320000,0.000100,0.004777,-0.016683,0.999849,-0.000400,0.000400,0.000000
287,False,False,0.000000,0.000000,2.420000,-2.370000,17.010000,0.000000,-0.010000,8.320000,0.000100,0.004777,-0.016683,0.999849,-0.000400,0.000400,0.000000
288,False,False,0.000000,0.000000,2.420000,-2.370000,17.010000,0.000000,0.000000,8.320000,0.000100,0.004777,-0.016683,0.999849,-0.000400,0.000400,0.000000
289,False,False,0.000000,0.000000,2.420000,-2.370000,17.010000,0.000000,0.000000,8.320000,0.000100,0.004777,-0.016683,0.999849,-0.000400,0.000400,0.000000
290,False,False,0.000000,0.000000,2.420000,-2.370000,17.010000,0.000000,0.000000,8.320000,0.000100,0.004777,-0.016683,0.999849,-0.000400,0.000400,0.000000
291,False,False,0.000000,0.000000,2.420000,-2.370000,17.010000,0.000000,0.000000,8.320000,0.000100,0.004777,-0.016683,0.999849,-0.000400,0.000400,0.000000
292,False,False,0.000000,0.000000,2.420000,-2.370000,17.010000,0.000000,0.000000,8.320000,0.000100,0.004777,-0.016683,0.999849,-0.000400,0.000400,0.000000
293,False,False,0.000000,0.000000,2.420000,-2.370000,17.010000,0.000000,0.000000,8.320000,0.000100,0.004777,-0.016683,0.999849,-0.000400,0.000400,0.000000
294,False,False,0.000000,0.000000,2.420000,-2.370000,17.010000,0.000000,0.000000,8.320000,0.000100,0.004777,-0.016683,0.999849,-0.000400,0.000400,0.000000
295,False,False,0.000000,0.000000,2.420000,-2.370000,17.010000,0.000000,0.000000,8.320000,0.000100,0.004777,-0.016683,0.999849,-0.000400,0.000400,0.000000
296,False,False,0.000000,0.000000,2.420000,-2.370000,17.010000,0.000000,0.000000,8.320000,0.000100,0.004777,-0.016683,0.999849,-0.000400,0.000400,0.000000
297,False,False,0.000000,0.000000,2.420000,-2.370000,17.010000,0.000000,0.000000,8.320000,0.000100,0.004777,-0.016683,0.999849,-0.000400,0.000400,0.000000
298,False,False,0.000000,0.000000,2.420000,-2.370000,17.010000,0.000000,0.000000,8.320000,0.000100,0.004777,-0.016683,0.999849,-0.000400,0.000400,0.000000
299,False,False,0.000000,0.000000,2.420000,-2.370000,17.010000,0.000000,0.000000,8.320000,0.000100,0.004777,-0.016683,0.999849,-0.000400,0.000400,0.000000
300,False,False,0.000000,0.000000,2.420000,-2.370000,17.010000,0.000000,0.000000,8.320000,0.000100,0.004777,-0.016683,0.999849,-0.000400,0.000400,0.000000
301,False,False,0.000000,0.000000,2.420000,-2.370000,17.010000,0.000000,0.000000,8.320000,0.000100,0.004777,-0.016683,0.999849,-0.000400,0.000400,0.000000
302,False,False,0.000000,0.000000,2.420000,-2.370000,17.010000,0.000000,0.000000,8.320000,0.000100,0.004777,-0.016683,0.999849,-0.000400,0.000400,0.000000
303,False,False,0.000000,0.000000,2.420000,-2.370000,17.010000,0.000000,0.000000,8.320000,0.000100,0.004777,-0.016683,0.999849,-0.000400,0.000400,0.000000
304,False,False,0.000000,0.000000,2.420000,-2.370000,17.010000,0.000000,0.000000,8.320000,0.000100,0.004777,-0.016683,0.999849,-0.000400,0.000400,0.000000
305,False,False,0.000000,0.000000,2.420000,-2.370000,17.010000,0.000000,0.000000,8.320000,0.000100,0.004777,-0.016683,0.999849,-0.000400,0.000400,0.000000
306,False,False,0.000000,0.000000,2.420000,-2.370000,17.010000,0.000000,0.000000,8.320000,0.000100,0.004777,-0.016683,0.999849,-0.000400,0.000400,0.000000
307,False,False,0.000000,0.000000,2.420000,-2.370000,17.010000,0.000000,0.000000,8.320000,0.000100,0.004777,-0.016683,0.999849,-0.000400,0.000400,0.000000
308,False,False,0.000000,0.000000,2.420000,-2.370000,17.010000,0.000000,0.000000,8.320000,0.000100,0.004777,-0.016683,0.999849,-0.000400,0.000400,0.000000
309,False,False,0.000000,0.000000,2.420000,-2.370000,17.010000,0.000000,0.000000,8.320000,0.000100,0.004777,-0.016683,0.999849,-0.000400,0.000400,0.000000
310,False,False,0.000000,0.000000,2.420000,-2.370000,17.010000,0.000000,0.000000,8.320000,0.000100,0.004777,-0.016683,0.999849,-0.000400,0.000400,0.000000
311,False,False,0.000000,0.000000,2.420000,-2.370000,17.010000,0.000000,0.000000,8.320000,0.000100,0.004777,-0.016683,0.999849,-0.000400,0.000400,0.000000
312,False,False,0.000000,0.000000,2.420000,-2.370000,17.010000,0.000000,0.000000,8.320000,0.000100,0.004777,-0.016683,0.999849,-0.000400,0.000400,0.000000
313,False,False,0.000000,0.000000,2.420000,-2.370000,17.010000,0.000000,0.000000,8.320000,0.000100,0.004777,-0.016683,0.999849,-0.000400,0.000400,0.000000
314,False,False,0.000000,0.000000,2.420000,-2.370000,17.010000,0.000000,0.000000,8.320000,0.000100,0.004777,-0.016683,0.999849,-0.000400,0.000400,0.000000
315,False,False,0.000000,0.000000,2.420000,-2.370000,17.010000,0.000000,0.000000,8.320000,0.000100,0.004777,-0.016683,0.999849,-0.000400,0.000400,0.000000
316,False,False,0.000000,0.000000,2.420000,-2.370000,17.010000,0.000000,0.000000,8.320000,0.000100,0.004777,-0.016683,0.999849,-0.000400,0.000400,0.000000
317,False,False,0.000000,0.000000,2.420000,-2.370000,17.010000,0.000000,0.000000,8.320000,0.000100,0.004777,-0.016683,0.999849,-0.000400,0.000400,0.000000
318,False,False,0.000000,0.000000,2.420000,-2.370000,17.010000,0.000000,0.000000,8.320000,0.000100,0.004777,-0.016683,0.999849,-0.000400,0.000400,0.000000
319,False,False,0.000000,0.000000,2.420000,-2.370000,17.010000,0.000000,0.000000,8.320000,0.000100,0.004777,-0.016683,0.999849,-0.000400,0.000400,0.000000
320,False,False,0.000000,0.000000,2.420000,-2.370000,17.010000,0.000000,0.000000,8.320000,0.000100,0.004777,-0.016683,0.999849,-0.000400,0.000400,0.000000
321,False,False,0.000000,0.000000,2.420000,-2.370000,17.010000,0.000000,0.000000,8.320000,0.000100,0.004777,-0.016683,0.999849,-0.000400,0.000400,0.000000
322,False,False,0.000000,0.000000,2.420000,-2.370000,17.010000,0.000000,0.000000,8.320000,0.000100,0.004777,-0.016683,0.999849,-0.000400,0.000400,0.000000
323,False,False,0.000000,0.000000,2.420000,-2.370000,17.010000,0.000000,0.000000,8.320000,0.000100,0.004777,-0.016683,0.999849,-0.000400,0.000400,0.000000
324,False,False,0.000000,0.000000,2.420000,-2.370000,17.010000,0.000000,0.000000,8.320000,0.000100,0.004777,-0.016683,0.999849,-0.000400,0.000400,0.000000
325,False,False,0.000000,0.000000,2.420000,-2.370000,17.010000,0.000000,0.000000,8.320000,0.000100,0.004777,-0.016683,0.999849,-0.000400,0.000400,0.000000
326,False,False,0.000000,0.000000,2.420000,-2.370000,17.010000,0.000000,0.000000,8.320000,0.000100,0.004777,-0.016683,0.999849,-0.000400,0.000400,0.000000
327,False,False,0.000000,0.000000,2.420000,-2.370000,17.010000,0.000000,0.000000,8.320000,0.000100,0.004777,-0.016683,0.999849,-0.000400,0.000400,0.000000
328,False,False,0.000000,0.000000,2.420000,-2.370000,17.010000,0.000000,0.000000,8.320000,0.000100,0.004777,-0.016683,0.999849,-0.000400,0.000400,0.000000
329,False,False,0.000000,0.000000,2.420000,-2.370000,17.010000,0.000000,0.000000,8.320000,0.000100,0.004777,-0.016683,0.999849,-0.000400,0.000400,0.000000
330,False,False,0.000000,0.000000,2.420000,-2.370000,17.010000,0.000000,0.000000,8.320000,0.000100,0.004777,-0.016683,0.999849,-0.000400,0.000400,0.000000
331,False,False,0.000000,0.000000,2.420000,-2.370000,17.010000,0.000000,0.000000,8.320000,0.000100,0.004777,-0.016683,0.999849,-0.000400,0.000400,0.000000
332,False,False,0.000000,0.000000,2.420000,-2.370000,17.010000,0.000000,0.000000,8.320000,0.000100,0.004777,-0.016683,0.999849,-0.000400,0.000400,0.000000
333,False,False,0.000000,0.000000,2.420000,-2.370000,17.010000,0.000000,0.000000,8.320000,0.000100,0.004777,-0.016683,0.999849,-0.000400,0.000400,0.000000
334,False,False,0.000000,0.000000,2.420000,-2.370000,17.010000,0.000000,0.000000,8.320000,0.000100,0.004777,-0.016683,0.999849,-0.000400,0.000400,0.000000
335,False,False,0.000000,0.000000,2.420000,-2.370000,17.010000,0.000000,0.000000,8.320000,0.000100,0.004777,-0.016683,0.999849,-0.000400,0.000400,0.000000
336,False,False,0.000000,0.000000,2.420000,-2.370000,17.010000,0.000000,0.000000,8.320000,0.000100,0.004777,-0.016683,0.999849,-0.000400,0.000400,0.000000
337,False,False,0.000000,0.000000,2.420000,-2.370000,17.010000,0.000000,0.000000,8.320000,0.000100,0.004777,-0.016683,0.999849,-0.000400,0.000400,0.000000
338,False,False,0.000000,0.000000,2.420000,-2.370000,17.010000,0.000000,0.000000,8.320000,0.000100,0.004777,-0.016683,0.999849,-0.000400,0.000400,0.000000
339,False,False,0.000000,0.000000,2.420000,-2.370000,17.010000,0.000000,0.000000,8.320000,0.000100,0.004777,-0.016683,0.999849,-0.000400,0.000400,0.000000
340,False,False,0.000000,0.000000,2.420000,-2.370000,17.010000,0.000000,0.000000,8.320000,0.000100,0.004777,-0.016683,0.999849,-0.000400,0.000400,0.000000
341,False,False,0.000000,0.000000,2.420000,-2.370000,17.010000,0.000000,0.000000,8.320000,0.000100,0.004777,-0.016683,0.999849,-0.000400,0.000400,0.000000
342,False,False,0.000000,0.000000,2.420000,-2.370000,17.010000,0.000000,0.000000,8.320000,0.000100,0.004777,-0.016683,0.999849,-0.000400,0.000400,0.000000
343,False,False,0.000000,0.000000,2.420000,-2.370000,17.010000,0.000000,0.000000,8.320000,0.000100,0.004777,-0.016683,0.999849,-0.000400,0.000400,0.000000
344,False,False,0.000000,0.000000,2.420000,-2.370000,17.010000,0.000000,0.000000,8.320000,0.000100,0.004777,-0.016683,0.999849,-0.000400,0.000400,0.000000
345,False,False,0.000000,0.000000,2.420000,-2.370000,17.010000,0.000000,0.000000,8.320000,0.000100,0.004777,-0.016683,0.999849,-0.000400,0.000400,0.000000
346,False,False,0.000000,0.000000,2.420000,-2.370000,17.010000,0.000000,0.000000,8.320000,0.000100,0.004777,-0.016683,0.999849,-0.000400,0.000400,0.000000
347,False,False,0.000000,0.000000,2.420000,-2.370000,17.010000,0.000000,0.000000,8.320000,0.000100,0.004777,-0.016683,0.999849,-0.000400,0.000400,0.000000
348,False,False,0.000000,0.000000,2.420000,-2.370000,17.010000,0.000000,0.000000,8.320000,0.000100,0.004777,-0.016683,0.999849,-0.000400,0.000400,0.000000
349,False,False,0.000000,0.000000,2.420000,-2.370000,17.010000,0.000000,0.000000,8.320000,0.000100,0.004777,-0.016683,0.999849,-0.000400,0.000400,0.000000
350,False,False,0.000000,0.000000,2.420000,-2.370000,17.010000,0.000000,0.000000,8.320000,0.000100,0.004777,-0.016683,0.999849,-0.000400,0.000400,0.000000
351,False,False,0.000000,0.000000,2.420000,-2.370000,17.010000,0.000000,0.000000,8.320000,0.000100,0.004777,-0.016683,0.999849,-0.000400,0.000400,0.000000
352,False,False,0.000000,0.000000,2.420000,-2.370000,17.010000,0.000000,0.000000,8.320000,0.000100,0.004777,-0.016683,0.999849,-0.000400,0.000400,0.000000
353,False,False,0.000000,0.000000,2.420000,-2.370000,17.010000,0.000000,0.000000,8.320000,0.000100,0.004777,-0.016683,0.999849,-0.000400,0.000400,0.000000
354,False,False,0.000000,0.000000,2.420000,-2.370000,17.010000,0.000000,0.000000,8.320000,0.000100,0.004777,-0.016683,0.999849,-0.000400,0.000400,0.000000
355,False,False,0.000000,0.000000,2.420000,-2.370000,17.010000,0.000000,0.000000,8.320000,0.000100,0.004777,-0.016683,0.999849,-0.000400,0.000400,0.000000
356,False,False,0.000000,0.000000,2.420000,-2.370000,17.010000,0.000000,0.000000,8.320000,0.000100,0.004777,-0.016683,0.999849,-0.000400,0.000400,0.000000
357,False,False,0.000000,0.000000,2.420000,-2.370000,17.010000,0.000000,0.000000,8.320000,0.000100,0.004777,-0.016683,0.999849,-0.000400,0.000400,0.000000
358,False,False,0.000000,0.000000,2.420000,-2.370000,17.010000,0.000000,0.000000,8.320000,0.000100,0.004777,-0.016683,0.999849,-0.000400,0.000400,0.000000
359,False,False,0.000000,0.000000,2.420000,-2.370000,17.010000,0.000000,0.000000,8.320000,0.000100,0.004777,-0.016683,0.999849,-0.000400,0.000400,0.000000
360,False,False,0.000000,0.000000,2.420000,-2.370000,17.010000,0.000000,0.000000,8.320000,0.000100,0.004777,-0.016683,0.999849,-0.000400,0.000400,0.000000
361,False,False,0.000000,0.000000,2.420000,-2.370000,17.010000,0.000000,0.000000,8.320000,0.000100,0.004777,-0.016683,0.999849,-0.000400,0.000400,0.000000
362,False,False,0.000000,0.000000,2.420000,-2.370000,17.010000,0.000000,0.000000,8.320000,0.000100,0.004777,-0.016683,0.999849,-0.000400,0.000400,0.000000
363,False,False,0.000000,0.000000,2.420000,-2.370000,17.010000,0.000000,0.000000,8.320000,0.000100,0.004777,-0.016683,0.999849,-0.000400,0.000400,0.000000
364,False,False,0.000000,0.000000,2.420000,-2.370000,17.010000,0.000000,0.000000,8.320000,0.000100,0.004777,-0.016683,0.999849,-0.000400,0.000400,0.000000
365,False,False,0.000000,0.000000,2.420000,-2.370000,17.010000,0.000000,0.000000,8.320000,0.000100,0.004777,-0.016683,0.999849,-0.000400,0.000400,0.000000
366,False,False,0.000000,0.000000,2.420000,-2.370000,17.010000,0.000000,0.000000,8.320000,0.000100,0.004777,-0.016683,0.999849,-0.000400,0.000400,0.000000
367,False,False,0.000000,0.000000,2.420000,-2.370000,17.010000,0.000000,0.000000,8.320000,0.000100,0.004777,-0.016683,0.999849,-0.000400,0.000400,0.000000
368,False,False,0.000000,0.000000,2.420000,-2.370000,17.010000,0.000000,0.000000,8.320000,0.000100,0.004777,-0.016683,0.999849,-0.000400,0.000400,0.000000
369,False,False,0.000000,0.000000,2.420000,-2.370000,17.010000,0.000000,0.000000,8.320000,0.000100,0.004777,-0.016683,0.999849,-0.000400,0.000400,0.000000
370,False,False,0.000000,0.000000,2.420000,-2.370000,17.010000,0.000000,0.000000,8.320000,0.000100,0.004777,-0.016683,0.999849,-0.000400,0.000400,0.000000
