frame,input.Pitch,input.Yaw,car.Location.X,car.Location.Y,car.Location.Z,car.LinearVelocity.X,car.LinearVelocity.Y,car.LinearVelocity.Z,car.Quaternion.X,car.Quaternion.Y,car.Quaternion.Z,car.Quaternion.W,car.AngularVelocity.X,car.AngularVelocity.Y,car.AngularVelocity.Z
0,0.000000,0.000000,0.000000,0.000000,500.000000,0.000000,0.000000,0.000000,0.000003,0.000003,0.707107,0.707107,0.000000,0.000000,0.000000
1,0.000000,0.000000,0.000000,0.000000,500.000000,0.000000,0.000000,0.000000,0.000003,0.000003,0.707107,0.707107,0.000000,0.000000,0.000000
2,0.000000,0.000000,0.000000,0.000000,500.000000,0.000000,0.000000,0.000000,0.000003,0.000003,0.707107,0.707107,0.000000,0.000000,0.000000
3,1.000000,1.000000,0.000000,0.000000,500.000000,0.000000,0.000000,0.000000,0.000310,-0.000305,0.707328,0.706886,0.103810,0.000000,0.075810
4,1.000000,1.000000,0.000000,0.000000,500.000000,0.000000,0.000000,0.000000,0.000920,-0.000914,0.707774,0.706438,0.207610,0.000000,0.151710
5,1.000000,1.000000,0.000000,0.000000,500.000000,0.000000,0.000000,0.000000,0.001837,-0.001832,0.708443,0.705763,0.311410,0.000000,0.227610
6,1.000000,1.000000,0.000000,0.000000,500.000000,0.000000,0.000000,0.000000,0.003062,-0.003056,0.709331,0.704862,0.415210,0.000000,0.303510
7,1.000000,1.000000,0.000000,0.000000,500.000000,0.000000,0.000000,0.000000,0.004588,-0.004583,0.710438,0.703730,0.519010,0.000000,0.379410
8,1.000000,1.000000,0.000000,0.000000,500.000000,0.000000,0.000000,0.000000,0.006423,-0.006417,0.711759,0.702365,0.622810,0.000000,0.455310
9,1.000000,1.000000,0.000000,0.000000,500.000000,0.000000,0.000000,0.000000,0.008564,-0.008559,0.713292,0.700762,0.726610,0.000000,0.531210
10,1.000000,1.000000,0.000000,0.000000,500.000000,0.000000,0.000000,0.000000,0.011008,-0.011003,0.715028,0.698923,0.830410,0.000000,0.607110
11,1.000000,1.000000,0.000000,0.000000,500.000000,0.000000,0.000000,0.000000,0.013760,-0.013754,0.716967,0.696835,0.934210,0.000000,0.683010
12,1.000000,1.000000,0.000000,0.000000,500.000000,0.000000,0.000000,0.000000,0.016818,-0.016813,0.719100,0.694499,1.038010,0.000000,0.758910
13,1.000000,1.000000,0.000000,0.000000,500.000000,0.000000,0.000000,0.000000,0.020179,-0.020174,0.721425,0.691904,1.141810,0.000000,0.834810
14,1.000000,1.000000,0.000000,0.000000,500.000000,0.000000,0.000000,0.000000,0.023848,-0.023842,0.723934,0.689045,1.245610,0.000000,0.910710
15,1.000000,1.000000,0.000000,0.000000,500.000000,0.000000,0.000000,0.000000,0.027818,-0.027813,0.726617,0.685916,1.349410,0.000000,0.986610
16,1.000000,1.000000,0.000000,0.000000,500.000000,0.000000,0.000000,0.000000,0.032096,-0.032091,0.729464,0.682512,1.453210,0.000000,1.062510
17,1.000000,1.000000,0.000000,0.000000,500.000000,0.000000,0.000000,0.000000,0.036677,-0.036671,0.732469,0.678822,1.557010,0.000000,1.138410
18,1.000000,1.000000,0.000000,0.000000,500.000000,0.000000,0.000000,0.000000,0.041559,-0.041554,0.735625,0.674835,1.660810,0.000000,1.214310
19,1.000000,1.000000,0.000000,0.000000,500.000000,0.000000,0.000000,0.000000,0.046743,-0.046738,0.738917,0.670546,1.764610,0.000000,1.290210
20,1.000000,1.000000,0.000000,0.000000,500.000000,0.000000,0.000000,0.000000,0.052230,-0.052225,0.742336,0.665944,1.868410,0.000000,1.366110
21,1.000000,1.000000,0.000000,0.000000,500.000000,0.000000,0.000000,0.000000,0.058013,-0.058008,0.745871,0.661019,1.972210,0.000000,1.442010
22,1.000000,1.000000,0.000000,0.000000,500.000000,0.000000,0.000000,0.000000,0.064093,-0.064088,0.749505,0.655764,2.076010,0.000000,1.517910
23,1.000000,1.000000,0.000000,0.000000,500.000000,0.000000,0.000000,0.000000,0.070470,-0.070464,0.753230,0.650164,2.179810,0.000000,1.593810
24,1.000000,1.000000,0.000000,0.000000,500.000000,0.000000,0.000000,0.000000,0.077143,-0.077138,0.757030,0.644208,2.283610,0.000000,1.669710
25,1.000000,1.000000,0.000000,0.000000,500.000000,0.000000,0.000000,0.000000,0.084108,-0.084103,0.760890,0.637886,2.387410,0.000000,1.745610
26,1.000000,1.000000,0.000000,0.000000,500.000000,0.000000,0.000000,0.000000,0.091359,-0.091353,0.764796,0.631186,2.491210,0.000000,1.821510
27,1.000000,1.000000,0.000000,0.000000,500.000000,0.000000,0.000000,0.000000,0.098895,-0.098890,0.768729,0.624097,2.595010,0.000000,1.897410
28,1.000000,1.000000,0.000000,0.000000,500.000000,0.000000,0.000000,0.000000,0.106718,-0.106712,0.772673,0.616603,2.698810,0.000000,1.973310
29,1.000000,1.000000,0.000000,0.000000,500.000000,0.000000,0.000000,0.000000,0.114821,-0.114815,0.776611,0.608694,2.802610,0.000000,2.049210
30,1.000000,1.000000,0.000000,0.000000,500.000000,0.000000,0.000000,0.000000,0.123193,-0.123188,0.780523,0.600359,2.906410,0.000000,2.125110
31,1.000000,1.000000,0.000000,0.000000,500.000000,0.000000,0.000000,0.000000,0.131836,-0.131830,0.784392,0.591582,3.010210,0.000000,2.201010
32,1.000000,1.000000,0.000000,0.000000,500.000000,0.000000,0.000000,0.000000,0.140743,-0.140737,0.788195,0.582352,3.114010,0.000000,2.276910
33,1.000000,1.000000,0.000000,0.000000,500.000000,0.000000,0.000000,0.000000,0.149908,-0.149903,0.791909,0.572657,3.217810,0.000000,2.352810
34,1.000000,1.000000,0.000000,0.000000,500.000000,0.000000,0.000000,0.000000,0.159328,-0.159322,0.795515,0.562482,3.321610,0.000000,2.428710
35,1.000000,1.000000,0.000000,0.000000,500.000000,0.000000,0.000000,0.000000,0.168995,-0.168990,0.798987,0.551817,3.425410,0.000000,2.504610
36,1.000000,1.000000,0.000000,0.000000,500.000000,0.000000,0.000000,0.000000,0.178900,-0.178895,0.802302,0.540650,3.529210,0.000000,2.580510
37,1.000000,1.000000,0.000000,0.000000,500.000000,0.000000,0.000000,0.000000,0.189032,-0.189026,0.805439,0.528964,3.633010,0.000000,2.656410
38,1.000000,1.000000,0.000000,0.000000,500.000000,0.000000,0.000000,0.000000,0.199384,-0.199379,0.808367,0.516756,3.736810,0.000000,2.732310
39,1.000000,1.000000,0.000000,0.000000,500.000000,0.000000,0.000000,0.000000,0.209947,-0.209942,0.811062,0.504008,3.840610,0.000000,2.808210
40,1.000000,1.000000,0.000000,0.000000,500.000000,0.000000,0.000000,0.000000,0.220710,-0.220705,0.813499,0.490710,3.944410,0.000000,2.884110
41,1.000000,1.000000,0.000000,0.000000,500.000000,0.000000,0.000000,0.000000,0.231661,-0.231656,0.815651,0.476845,4.048210,0.000000,2.960010
42,1.000000,1.000000,0.000000,0.000000,500.000000,0.000000,0.000000,0.000000,0.242786,-0.242780,0.817491,0.462409,4.152010,0.000000,3.035910
43,1.000000,1.000000,0.000000,0.000000,500.000000,0.000000,0.000000,0.000000,0.254072,-0.254072,0.818983,0.447395,4.255810,0.000000,3.111810
44,1.000000,1.000000,0.000000,0.000000,500.000000,0.000000,0.000000,0.000000,0.265509,-0.265509,0.820103,0.431788,4.359610,0.000000,3.187710
45,1.000000,1.000000,0.000000,0.000000,500.000000,0.000000,0.000000,0.000000,0.277081,-0.277080,0.820817,0.415587,4.439710,0.000000,3.246310
46,1.000000,1.000000,0.000000,0.000000,500.000000,0.000000,0.000000,0.000000,0.288706,-0.288706,0.821098,0.398869,4.439710,0.000000,3.246310
47,1.000000,1.000000,0.000000,0.000000,500.000000,0.000000,0.000000,0.000000,0.300176,-0.300176,0.820926,0.381929,4.439710,0.000000,3.246310
48,1.000000,1.000000,0.000000,0.000000,500.000000,0.000000,0.000000,0.000000,0.311478,-0.311478,0.820305,0.364779,4.439710,0.000000,3.246310
49,1.000000,1.000000,0.000000,0.000000,500.000000,0.000000,0.000000,0.000000,0.322607,-0.322607,0.819233,0.347429,4.439710,0.000000,3.246310
50,1.000000,1.000000,0.000000,0.000000,500.000000,0.000000,0.000000,0.000000,0.333559,-0.333559,0.817712,0.329885,4.439710,0.000000,3.246310
51,1.000000,1.000000,0.000000,0.000000,500.000000,0.000000,0.000000,0.000000,0.344327,-0.344327,0.815740,0.312163,4.439710,0.000000,3.246310
52,1.000000,1.000000,0.000000,0.000000,500.000000,0.000000,0.000000,0.000000,0.354906,-0.354906,0.813320,0.294268,4.439710,0.000000,3.246310
53,1.000000,1.000000,0.000000,0.000000,500.000000,0.000000,0.000000,0.000000,0.365291,-0.365291,0.810452,0.276212,4.439710,0.000000,3.246310
54,1.000000,1.000000,0.000000,0.000000,500.000000,0.000000,0.000000,0.000000,0.375477,-0.375477,0.807136,0.258004,4.439710,0.000000,3.246310
55,1.000000,1.000000,0.000000,0.000000,500.000000,0.000000,0.000000,0.000000,0.385457,-0.385457,0.803376,0.239651,4.439710,0.000000,3.246310
56,1.000000,1.000000,0.000000,0.000000,500.000000,0.000000,0.000000,0.000000,0.395222,-0.395222,0.799177,0.221169,4.439710,0.000000,3.246310
57,1.000000,1.000000,0.000000,0.000000,500.000000,0.000000,0.000000,0.000000,0.404770,-0.404770,0.794536,0.202567,4.439710,0.000000,3.246310
58,1.000000,1.000000,0.000000,0.000000,500.000000,0.000000,0.000000,0.000000,0.414098,-0.414098,0.789458,0.183853,4.439710,0.000000,3.246310
59,1.000000,1.000000,0.000000,0.000000,500.000000,0.000000,0.000000,0.000000,0.423194,-0.423199,0.783947,0.165035,4.439710,0.000000,3.246310
60,1.000000,1.000000,0.000000,0.000000,500.000000,0.000000,0.000000,0.000000,0.432057,-0.432063,0.778007,0.146127,4.439710,0.000000,3.246310
61,1.000000,1.000000,0.000000,0.000000,500.000000,0.000000,0.000000,0.000000,0.440684,-0.440689,0.771639,0.127137,4.439710,0.000000,3.246310
62,1.000000,1.000000,0.000000,0.000000,500.000000,0.000000,0.000000,0.000000,0.449067,-0.449073,0.764847,0.108077,4.439710,0.000000,3.246310
63,1.000000,1.000000,0.000000,0.000000,500.000000,0.000000,0.000000,0.000000,0.457208,-0.457213,0.757630,0.088958,4.439710,0.000000,3.246310
64,1.000000,1.000000,0.000000,0.000000,500.000000,0.000000,0.000000,0.000000,0.465095,-0.465101,0.749998,0.069790,4.439710,0.000000,3.246310
65,1.000000,1.000000,0.000000,0.000000,500.000000,0.000000,0.000000,0.000000,0.472729,-0.472734,0.741951,0.050584,4.439710,0.000000,3.246310
66,1.000000,1.000000,0.000000,0.000000,500.000000,0.000000,0.000000,0.000000,0.480098,-0.480104,0.733501,0.031352,4.439710,0.000000,3.246310
67,1.000000,1.000000,0.000000,0.000000,500.000000,0.000000,0.000000,0.000000,0.487203,-0.487209,0.724648,0.012103,4.439710,0.000000,3.246310
68,1.000000,1.000000,0.000000,0.000000,500.000000,0.000000,0.000000,0.000000,0.494044,-0.494049,0.715391,-0.007151,4.439710,0.000000,3.246310
69,1.000000,1.000000,0.000000,0.000000,500.000000,0.000000,0.000000,0.000000,0.500609,-0.500615,0.705746,-0.026405,4.439710,0.000000,3.246310
70,1.000000,1.000000,0.000000,0.000000,500.000000,0.000000,0.000000,0.000000,0.506900,-0.506905,0.695713,-0.045643,4.439710,0.000000,3.246310
71,1.000000,1.000000,0.000000,0.000000,500.000000,0.000000,0.000000,0.000000,0.512915,-0.512920,0.685292,-0.064854,4.439710,0.000000,3.246310
72,1.000000,1.000000,0.000000,0.000000,500.000000,0.000000,0.000000,0.000000,0.518644,-0.518650,0.674499,-0.084032,4.439710,0.000000,3.246310
73,1.000000,1.000000,0.000000,0.000000,500.000000,0.000000,0.000000,0.000000,0.524088,-0.524098,0.663333,-0.103162,4.439710,0.000000,3.246310
74,1.000000,1.000000,0.000000,0.000000,500.000000,0.000000,0.000000,0.000000,0.529245,-0.529256,0.651802,-0.122238,4.439710,0.000000,3.246310
75,1.000000,1.000000,0.000000,0.000000,500.000000,0.000000,0.000000,0.000000,0.534111,-0.534122,0.639913,-0.141244,4.439710,0.000000,3.246310
76,1.000000,1.000000,0.000000,0.000000,500.000000,0.000000,0.000000,0.000000,0.538686,-0.538697,0.627668,-0.160175,4.439710,0.000000,3.246310
77,1.000000,1.000000,0.000000,0.000000,500.000000,0.000000,0.000000,0.000000,0.542964,-0.542975,0.615079,-0.179013,4.439710,0.000000,3.246310
78,1.000000,1.000000,0.000000,0.000000,500.000000,0.000000,0.000000,0.000000,0.546940,-0.546951,0.602158,-0.197755,4.439710,0.000000,3.246310
79,1.000000,1.000000,0.000000,0.000000,500.000000,0.000000,0.000000,0.000000,0.550619,-0.550630,0.588898,-0.216389,4.439710,0.000000,3.246310
80,1.000000,1.000000,0.000000,0.000000,500.000000,0.000000,0.000000,0.000000,0.553991,-0.554007,0.575317,-0.234904,4.439710,0.000000,3.246310
81,1.000000,1.000000,0.000000,0.000000,500.000000,0.000000,0.000000,0.000000,0.557061,-0.557077,0.561421,-0.253289,4.439710,0.000000,3.246310
82,1.000000,1.000000,0.000000,0.000000,500.000000,0.000000,0.000000,0.000000,-0.559823,0.559842,-0.547215,0.271535,4.439710,0.000000,3.246310
83,1.000000,1.000000,0.000000,0.000000,500.000000,0.000000,0.000000,0.000000,-0.562277,0.562300,-0.532709,0.289629,4.439710,0.000000,3.246310
84,1.000000,1.000000,0.000000,0.000000,500.000000,0.000000,0.000000,0.000000,-0.564425,0.564443,-0.517910,0.307567,4.439710,0.000000,3.246310
85,1.000000,1.000000,0.000000,0.000000,500.000000,0.000000,0.000000,0.000000,-0.566259,0.566279,-0.502827,0.325337,4.439710,0.000000,3.246310
86,1.000000,1.000000,0.000000,0.000000,500.000000,0.000000,0.000000,0.000000,-0.567780,0.567806,-0.487468,0.342924,4.439710,0.000000,3.246310
87,1.000000,1.000000,0.000000,0.000000,500.000000,0.000000,0.000000,0.000000,-0.568994,0.569015,-0.471839,0.360328,4.439710,0.000000,3.246310
88,1.000000,1.000000,0.000000,0.000000,500.000000,0.000000,0.000000,0.000000,-0.569895,0.569910,-0.455951,0.377532,4.439710,0.000000,3.246310
89,1.000000,1.000000,0.000000,0.000000,500.000000,0.000000,0.000000,0.000000,-0.570478,0.570502,-0.439810,0.394526,4.439710,0.000000,3.246310
90,1.000000,1.000000,0.000000,0.000000,500.000000,0.000000,0.000000,0.000000,-0.570747,0.570774,-0.423431,0.411304,4.439710,0.000000,3.246310
91,1.000000,1.000000,0.000000,0.000000,500.000000,0.000000,0.000000,0.000000,-0.570704,0.570735,-0.406815,0.427855,4.439710,0.000000,3.246310
92,1.000000,1.000000,0.000000,0.000000,500.000000,0.000000,0.000000,0.000000,-0.570348,0.570381,-0.389978,0.444169,4.439710,0.000000,3.246310
93,1.000000,1.000000,0.000000,0.000000,500.000000,0.000000,0.000000,0.000000,-0.569679,0.569712,-0.372925,0.460240,4.439710,0.000000,3.246310
94,1.000000,1.000000,0.000000,0.000000,500.000000,0.000000,0.000000,0.000000,-0.568697,0.568730,-0.355667,0.476058,4.439710,0.000000,3.246310
95,1.000000,1.000000,0.000000,0.000000,500.000000,0.000000,0.000000,0.000000,-0.567403,0.567432,-0.338215,0.491616,4.439710,0.000000,3.246310
96,1.000000,1.000000,0.000000,0.000000,500.000000,0.000000,0.000000,0.000000,-0.565795,0.565823,-0.320573,0.506905,4.439710,0.000000,3.246310
97,1.000000,1.000000,0.000000,0.000000,500.000000,0.000000,0.000000,0.000000,-0.563874,0.563905,-0.302760,0.521913,4.439710,0.000000,3.246310
98,1.000000,1.000000,0.000000,0.000000,500.000000,0.000000,0.000000,0.000000,-0.561646,0.561673,-0.284779,0.536636,4.439710,0.000000,3.246310
99,1.000000,1.000000,0.000000,0.000000,500.000000,0.000000,0.000000,0.000000,-0.559105,0.559137,-0.266641,0.551062,4.439710,0.000000,3.246310
100,1.000000,1.000000,0.000000,0.000000,500.000000,0.000000,0.000000,0.000000,-0.556257,0.556295,-0.248358,0.565184,4.439710,0.000000,3.246310
101,1.000000,1.000000,0.000000,0.000000,500.000000,0.000000,0.000000,0.000000,-0.553106,0.553144,-0.229935,0.578995,4.439710,0.000000,3.246310
102,1.000000,1.000000,0.000000,0.000000,500.000000,0.000000,0.000000,0.000000,-0.549648,0.549686,-0.211388,0.592492,4.439710,0.000000,3.246310
103,1.000000,1.000000,0.000000,0.000000,500.000000,0.000000,0.000000,0.000000,-0.545888,0.545926,-0.192722,0.605664,4.439710,0.000000,3.246310
104,1.000000,1.000000,0.000000,0.000000,500.000000,0.000000,0.000000,0.000000,-0.541831,0.541869,-0.173953,0.618496,4.439710,0.000000,3.246310
105,1.000000,1.000000,0.000000,0.000000,500.000000,0.000000,0.000000,0.000000,-0.537472,0.537515,-0.155087,0.630990,4.439710,0.000000,3.246310
106,1.000000,1.000000,0.000000,0.000000,500.000000,0.000000,0.000000,0.000000,-0.532822,0.532865,-0.136136,0.643135,4.439710,0.000000,3.246310
107,1.000000,1.000000,0.000000,0.000000,500.000000,0.000000,0.000000,0.000000,-0.527875,0.527918,-0.117108,0.654932,4.439710,0.000000,3.246310
108,1.000000,1.000000,0.000000,0.000000,500.000000,0.000000,0.000000,0.000000,-0.522636,0.522685,-0.098016,0.666367,4.439710,0.000000,3.246310
109,1.000000,1.000000,0.000000,0.000000,500.000000,0.000000,0.000000,0.000000,-0.517112,0.517161,-0.078870,0.677436,4.439710,0.000000,3.246310
110,1.000000,1.000000,0.000000,0.000000,500.000000,0.000000,0.000000,0.000000,-0.511302,0.511356,-0.059680,0.688131,4.439710,0.000000,3.246310
111,1.000000,1.000000,0.000000,0.000000,500.000000,0.000000,0.000000,0.000000,-0.505211,0.505265,-0.040458,0.698450,4.439710,0.000000,3.246310
112,1.000000,1.000000,0.000000,0.000000,500.000000,0.000000,0.000000,0.000000,-0.498845,0.498899,-0.021215,0.708380,4.439710,0.000000,3.246310
113,1.000000,1.000000,0.000000,0.000000,500.000000,0.000000,0.000000,0.000000,-0.492204,0.492258,-0.001961,0.717923,4.439710,0.000000,3.246310
114,1.000000,1.000000,0.000000,0.000000,500.000000,0.000000,0.000000,0.000000,-0.485293,0.485347,0.017293,0.727069,4.439710,0.000000,3.246310
115,1.000000,1.000000,0.000000,0.000000,500.000000,0.000000,0.000000,0.000000,-0.478113,0.478167,0.036542,0.735819,4.439710,0.000000,3.246310
116,1.000000,1.000000,0.000000,0.000000,500.000000,0.000000,0.000000,0.000000,-0.470673,0.470727,0.055769,0.744159,4.439710,0.000000,3.246310
117,1.000000,1.000000,0.000000,0.000000,500.000000,0.000000,0.000000,0.000000,-0.462975,0.463029,0.074964,0.752089,4.439710,0.000000,3.246310
118,1.000000,1.000000,0.000000,0.000000,500.000000,0.000000,0.000000,0.000000,-0.455018,0.455072,0.094121,0.759612,4.439710,0.000000,3.246310
119,1.000000,1.000000,0.000000,0.000000,500.000000,0.000000,0.000000,0.000000,-0.446812,0.446866,0.113224,0.766714,4.439710,0.000000,3.246310
120,1.000000,1.000000,0.000000,0.000000,500.000000,0.000000,0.000000,0.000000,-0.438359,0.438418,0.132262,0.773394,4.439710,0.000000,3.246310
121,1.000000,1.000000,0.000000,0.000000,500.000000,0.000000,0.000000,0.000000,-0.429668,0.429727,0.151230,0.779647,4.439710,0.000000,3.246310
122,1.000000,1.000000,0.000000,0.000000,500.000000,0.000000,0.000000,0.000000,-0.420739,0.420798,0.170112,0.785474,4.439710,0.000000,3.246310
123,1.000000,1.000000,0.000000,0.000000,500.000000,0.000000,0.000000,0.000000,-0.411579,0.411638,0.188902,0.790868,4.439710,0.000000,3.246310
124,1.000000,1.000000,0.000000,0.000000,500.000000,0.000000,0.000000,0.000000,-0.402192,0.402251,0.207590,0.795828,4.439710,0.000000,3.246310
125,1.000000,1.000000,0.000000,0.000000,500.000000,0.000000,0.000000,0.000000,-0.392584,0.392643,0.226164,0.800350,4.439710,0.000000,3.246310
126,1.000000,1.000000,0.000000,0.000000,500.000000,0.000000,0.000000,0.000000,-0.382760,0.382819,0.244614,0.804431,4.439710,0.000000,3.246310
127,1.000000,1.000000,0.000000,0.000000,500.000000,0.000000,0.000000,0.000000,-0.372725,0.372785,0.262930,0.808069,4.439710,0.000000,3.246310
128,1.000000,1.000000,0.000000,0.000000,500.000000,0.000000,0.000000,0.000000,-0.362486,0.362545,0.281100,0.811263,4.439710,0.000000,3.246310
129,1.000000,1.000000,0.000000,0.000000,500.000000,0.000000,0.000000,0.000000,-0.352047,0.352106,0.299113,0.814012,4.439710,0.000000,3.246310
130,1.000000,1.000000,0.000000,0.000000,500.000000,0.000000,0.000000,0.000000,-0.341414,0.341473,0.316964,0.816313,4.439710,0.000000,3.246310
131,1.000000,1.000000,0.000000,0.000000,500.000000,0.000000,0.000000,0.000000,-0.330592,0.330651,0.334638,0.818167,4.439710,0.000000,3.246310
132,1.000000,1.000000,0.000000,0.000000,500.000000,0.000000,0.000000,0.000000,-0.319592,0.319651,0.352128,0.819567,4.439710,0.000000,3.246310
133,1.000000,1.000000,0.000000,0.000000,500.000000,0.000000,0.000000,0.000000,-0.308414,0.308473,0.369424,0.820519,4.439710,0.000000,3.246310
134,1.000000,1.000000,0.000000,0.000000,500.000000,0.000000,0.000000,0.000000,-0.297068,0.297128,0.386520,0.821016,4.439710,0.000000,3.246310
135,1.000000,1.000000,0.000000,0.000000,500.000000,0.000000,0.000000,0.000000,-0.285556,0.285615,0.403400,0.821066,4.439710,0.000000,3.246310
136,1.000000,1.000000,0.000000,0.000000,500.000000,0.000000,0.000000,0.000000,-0.273887,0.273946,0.420059,0.820664,4.439710,0.000000,3.246310
137,1.000000,1.000000,0.000000,0.000000,500.000000,0.000000,0.000000,0.000000,-0.262067,0.262126,0.436487,0.819811,4.439710,0.000000,3.246310
138,1.000000,1.000000,0.000000,0.000000,500.000000,0.000000,0.000000,0.000000,-0.250106,0.250166,0.452676,0.818503,4.439710,0.000000,3.246310
139,1.000000,1.000000,0.000000,0.000000,500.000000,0.000000,0.000000,0.000000,-0.238006,0.238065,0.468618,0.816747,4.439710,0.000000,3.246310
140,1.000000,1.000000,0.000000,0.000000,500.000000,0.000000,0.000000,0.000000,-0.225776,0.225835,0.484301,0.814541,4.439710,0.000000,3.246310
141,1.000000,1.000000,0.000000,0.000000,500.000000,0.000000,0.000000,0.000000,-0.213422,0.213481,0.499719,0.811885,4.439710,0.000000,3.246310
142,1.000000,1.000000,0.000000,0.000000,500.000000,0.000000,0.000000,0.000000,-0.200949,0.201008,0.514862,0.808784,4.439710,0.000000,3.246310
143,1.000000,1.000000,0.000000,0.000000,500.000000,0.000000,0.000000,0.000000,-0.188368,0.188427,0.529720,0.805239,4.439710,0.000000,3.246310
144,1.000000,1.000000,0.000000,0.000000,500.000000,0.000000,0.000000,0.000000,-0.175680,0.175739,0.544286,0.801252,4.439710,0.000000,3.246310
145,1.000000,1.000000,0.000000,0.000000,500.000000,0.000000,0.000000,0.000000,-0.162894,0.162953,0.558555,0.796824,4.439710,0.000000,3.246310
146,1.000000,1.000000,0.000000,0.000000,500.000000,0.000000,0.000000,0.000000,-0.150022,0.150081,0.572517,0.791955,4.439710,0.000000,3.246310
147,1.000000,1.000000,0.000000,0.000000,500.000000,0.000000,0.000000,0.000000,-0.137069,0.137128,0.586160,0.786654,4.439710,0.000000,3.246310
148,1.000000,1.000000,0.000000,0.000000,500.000000,0.000000,0.000000,0.000000,-0.124040,0.124100,0.599485,0.780916,4.439710,0.000000,3.246210
149,1.000000,1.000000,0.000000,0.000000,500.000000,0.000000,0.000000,0.000000,-0.110942,0.111001,0.612476,0.774754,4.439810,0.000000,3.246210
150,1.000000,1.000000,0.000000,0.000000,500.000000,0.000000,0.000000,0.000000,-0.097784,0.097843,0.625132,0.768163,4.439810,0.000000,3.246110
151,1.000000,1.000000,0.000000,0.000000,500.000000,0.000000,0.000000,0.000000,-0.084572,0.084631,0.637443,0.761151,4.439810,0.000000,3.246110
152,1.000000,1.000000,0.000000,0.000000,500.000000,0.000000,0.000000,0.000000,-0.071311,0.071371,0.649404,0.753721,4.439810,0.000000,3.246110
153,1.000000,1.000000,0.000000,0.000000,500.000000,0.000000,0.000000,0.000000,-0.058013,0.058073,0.661008,0.745876,4.439810,0.000000,3.246110
154,1.000000,1.000000,0.000000,0.000000,500.000000,0.000000,0.000000,0.000000,-0.044683,0.044742,0.672251,0.737618,4.439810,0.000000,3.246110
155,1.000000,1.000000,0.000000,0.000000,500.000000,0.000000,0.000000,0.000000,-0.031325,0.031384,0.683121,0.728957,4.439810,0.000000,3.246110
156,1.000000,1.000000,0.000000,0.000000,500.000000,0.000000,0.000000,0.000000,-0.017951,0.018011,0.693614,0.719898,4.439810,0.000000,3.246110
157,1.000000,1.000000,0.000000,0.000000,500.000000,0.000000,0.000000,0.000000,-0.004567,0.004626,0.703730,0.710438,4.439810,0.000000,3.246110
158,1.000000,1.000000,0.000000,0.000000,500.000000,0.000000,0.000000,0.000000,0.008818,-0.008758,0.713456,0.700590,4.439810,0.000000,3.246110
159,1.000000,1.000000,0.000000,0.000000,500.000000,0.000000,0.000000,0.000000,0.022197,-0.022138,0.722790,0.690356,4.439810,0.000000,3.246110
160,1.000000,1.000000,0.000000,0.000000,500.000000,0.000000,0.000000,0.000000,0.035565,-0.035506,0.731725,0.679744,4.439810,0.000000,3.246110
161,1.000000,1.000000,0.000000,0.000000,500.000000,0.000000,0.000000,0.000000,0.048917,-0.048858,0.740261,0.668755,4.439810,0.000000,3.246110
162,1.000000,1.000000,0.000000,0.000000,500.000000,0.000000,0.000000,0.000000,0.062243,-0.062183,0.748389,0.657399,4.439810,0.000000,3.246110
163,1.000000,1.000000,0.000000,0.000000,500.000000,0.000000,0.000000,0.000000,0.075530,-0.075471,0.756105,0.645681,4.439810,0.000000,3.246110
164,1.000000,1.000000,0.000000,0.000000,500.000000,0.000000,0.000000,0.000000,0.088774,-0.088720,0.763406,0.633608,4.439810,0.000000,3.246110
165,1.000000,1.000000,0.000000,0.000000,500.000000,0.000000,0.000000,0.000000,0.101970,-0.101916,0.770285,0.621189,4.439810,0.000000,3.246110
166,1.000000,1.000000,0.000000,0.000000,500.000000,0.000000,0.000000,0.000000,0.115112,-0.115058,0.776743,0.608425,4.439810,0.000000,3.246110
167,1.000000,1.000000,0.000000,0.000000,500.000000,0.000000,0.000000,0.000000,0.128189,-0.128135,0.782774,0.595326,4.439810,0.000000,3.246110
168,1.000000,1.000000,0.000000,0.000000,500.000000,0.000000,0.000000,0.000000,0.141196,-0.141142,0.788372,0.581904,4.439810,0.000000,3.246110
169,1.000000,1.000000,0.000000,0.000000,500.000000,0.000000,0.000000,0.000000,0.154127,-0.154073,0.793538,0.568158,4.439810,0.000000,3.246110
170,1.000000,1.000000,0.000000,0.000000,500.000000,0.000000,0.000000,0.000000,0.166972,-0.166918,0.798269,0.554099,4.439810,0.000000,3.246110
171,1.000000,1.000000,0.000000,0.000000,500.000000,0.000000,0.000000,0.000000,0.179726,-0.179672,0.802558,0.539738,4.439810,0.000000,3.246110
172,1.000000,1.000000,0.000000,0.000000,500.000000,0.000000,0.000000,0.000000,0.192382,-0.192328,0.806405,0.525080,4.439810,0.000000,3.246110
173,1.000000,1.000000,0.000000,0.000000,500.000000,0.000000,0.000000,0.000000,0.204930,-0.204876,0.809812,0.510131,4.439810,0.000000,3.246110
174,1.000000,1.000000,0.000000,0.000000,500.000000,0.000000,0.000000,0.000000,0.217365,-0.217311,0.812773,0.494902,4.439810,0.000000,3.246110
175,1.000000,1.000000,0.000000,0.000000,500.000000,0.000000,0.000000,0.000000,0.229682,-0.229628,0.815286,0.479402,4.439810,0.000000,3.246110
176,1.000000,1.000000,0.000000,0.000000,500.000000,0.000000,0.000000,0.000000,0.241874,-0.241820,0.817349,0.463639,4.439810,0.000000,3.246110
177,1.000000,1.000000,0.000000,0.000000,500.000000,0.000000,0.000000,0.000000,0.253931,-0.253877,0.818963,0.447621,4.439810,0.000000,3.246110
178,1.000000,1.000000,0.000000,0.000000,500.000000,0.000000,0.000000,0.000000,0.265848,-0.265795,0.820128,0.431356,4.439810,0.000000,3.246110
179,1.000000,1.000000,0.000000,0.000000,500.000000,0.000000,0.000000,0.000000,0.277620,-0.277566,0.820841,0.414853,4.439810,0.000000,3.246110
180,1.000000,1.000000,0.000000,0.000000,500.000000,0.000000,0.000000,0.000000,0.289240,-0.289186,0.821102,0.398124,4.439810,0.000000,3.246110
181,1.000000,1.000000,0.000000,0.000000,500.000000,0.000000,0.000000,0.000000,0.300699,-0.300645,0.820914,0.381173,4.439810,0.000000,3.246110
182,1.000000,1.000000,0.000000,0.000000,500.000000,0.000000,0.000000,0.000000,0.311996,-0.311942,0.820272,0.364013,4.439810,0.000000,3.246110
183,1.000000,1.000000,0.000000,0.000000,500.000000,0.000000,0.000000,0.000000,0.323120,-0.323066,0.819179,0.346652,4.439810,0.000000,3.246110
184,1.000000,1.000000,0.000000,0.000000,500.000000,0.000000,0.000000,0.000000,0.334066,-0.334012,0.817635,0.329103,4.439810,0.000000,3.246110
185,1.000000,1.000000,0.000000,0.000000,500.000000,0.000000,0.000000,0.000000,0.344829,-0.344775,0.815642,0.311370,4.439810,0.000000,3.246110
186,1.000000,1.000000,0.000000,0.000000,500.000000,0.000000,0.000000,0.000000,0.355402,-0.355348,0.813199,0.293470,4.439810,0.000000,3.246110
187,1.000000,1.000000,0.000000,0.000000,500.000000,0.000000,0.000000,0.000000,0.365777,-0.365728,0.810309,0.275408,4.439810,0.000000,3.246110
188,1.000000,1.000000,0.000000,0.000000,500.000000,0.000000,0.000000,0.000000,0.375951,-0.375903,0.806975,0.257195,4.439810,0.000000,3.246110
189,1.000000,1.000000,0.000000,0.000000,500.000000,0.000000,0.000000,0.000000,0.385921,-0.385872,0.803196,0.238837,4.439810,0.000000,3.246110
190,1.000000,1.000000,0.000000,0.000000,500.000000,0.000000,0.000000,0.000000,0.395675,-0.395632,0.798977,0.220349,4.439810,0.000000,3.246110
191,1.000000,1.000000,0.000000,0.000000,500.000000,0.000000,0.000000,0.000000,0.405213,-0.405170,0.794317,0.201742,4.439810,0.000000,3.246110
192,1.000000,1.000000,0.000000,0.000000,500.000000,0.000000,0.000000,0.000000,0.414530,-0.414486,0.789220,0.183022,4.439810,0.000000,3.246110
193,1.000000,1.000000,0.000000,0.000000,500.000000,0.000000,0.000000,0.000000,0.423614,-0.423577,0.783691,0.164199,4.439810,0.000000,3.246110
194,1.000000,1.000000,0.000000,0.000000,500.000000,0.000000,0.000000,0.000000,0.432467,-0.432435,0.777729,0.145291,4.439810,0.000000,3.246110
195,1.000000,1.000000,0.000000,0.000000,500.000000,0.000000,0.000000,0.000000,0.441083,-0.441050,0.771342,0.126301,4.439810,0.000000,3.246110
196,1.000000,1.000000,0.000000,0.000000,500.000000,0.000000,0.000000,0.000000,0.449456,-0.449423,0.764531,0.107241,4.439810,0.000000,3.246110
197,1.000000,1.000000,0.000000,0.000000,500.000000,0.000000,0.000000,0.000000,0.457580,-0.457553,0.757298,0.088122,4.439810,0.000000,3.246110
198,1.000000,1.000000,0.000000,0.000000,500.000000,0.000000,0.000000,0.000000,0.465457,-0.465430,0.749647,0.068954,4.439810,0.000000,3.246110
199,1.000000,1.000000,0.000000,0.000000,500.000000,0.000000,0.000000,0.000000,0.473074,-0.473053,0.741584,0.049748,4.439810,0.000000,3.246110
200,1.000000,1.000000,0.000000,0.000000,500.000000,0.000000,0.000000,0.000000,0.480433,-0.480411,0.733115,0.030516,4.439810,0.000000,3.246110
201,1.000000,1.000000,0.000000,0.000000,500.000000,0.000000,0.000000,0.000000,0.487527,-0.487505,0.724244,0.011267,4.439810,0.000000,3.246110
202,1.000000,1.000000,0.000000,0.000000,500.000000,0.000000,0.000000,0.000000,0.494351,-0.494335,0.714972,-0.007987,4.439810,0.000000,3.246110
203,1.000000,1.000000,0.000000,0.000000,500.000000,0.000000,0.000000,0.000000,0.500906,-0.500890,0.705309,-0.027241,4.439810,0.000000,3.246110
204,1.000000,1.000000,0.000000,0.000000,500.000000,0.000000,0.000000,0.000000,0.507186,-0.507169,0.695256,-0.046479,4.439810,0.000000,3.246110
205,1.000000,1.000000,0.000000,0.000000,500.000000,0.000000,0.000000,0.000000,0.513185,-0.513174,0.684820,-0.065690,4.439810,0.000000,3.246110
206,1.000000,1.000000,0.000000,0.000000,500.000000,0.000000,0.000000,0.000000,0.518903,-0.518892,0.674009,-0.084863,4.439810,0.000000,3.246110
207,1.000000,1.000000,0.000000,0.000000,500.000000,0.000000,0.000000,0.000000,0.524336,-0.524325,0.662828,-0.103993,4.439810,0.000000,3.246110
208,1.000000,1.000000,0.000000,0.000000,500.000000,0.000000,0.000000,0.000000,0.529482,-0.529472,0.651278,-0.123064,4.439810,0.000000,3.246110
209,1.000000,1.000000,0.000000,0.000000,500.000000,0.000000,0.000000,0.000000,0.534338,-0.534327,0.639370,-0.142070,4.439810,0.000000,3.246110
210,1.000000,1.000000,0.000000,0.000000,500.000000,0.000000,0.000000,0.000000,0.538896,-0.538886,0.627115,-0.160995,4.439810,0.000000,3.246110
211,1.000000,1.000000,0.000000,0.000000,500.000000,0.000000,0.000000,0.000000,0.543158,-0.543147,0.614516,-0.179834,4.439810,0.000000,3.246110
212,1.000000,1.000000,0.000000,0.000000,500.000000,0.000000,0.000000,0.000000,0.547123,-0.547113,0.601576,-0.198570,4.439810,0.000000,3.246110
213,1.000000,1.000000,0.000000,0.000000,500.000000,0.000000,0.000000,0.000000,0.550787,-0.550776,0.588307,-0.217198,4.439810,0.000000,3.246110
214,1.000000,1.000000,0.000000,0.000000,500.000000,0.000000,0.000000,0.000000,0.554147,-0.554137,0.574713,-0.235708,4.439810,0.000000,3.246110
215,1.000000,1.000000,0.000000,0.000000,500.000000,0.000000,0.000000,0.000000,0.557201,-0.557196,0.560803,-0.254088,4.439810,0.000000,3.246110
216,1.000000,1.000000,0.000000,0.000000,500.000000,0.000000,0.000000,0.000000,0.559949,-0.559947,0.546584,-0.272328,4.439810,0.000000,3.246110
217,1.000000,1.000000,0.000000,0.000000,500.000000,0.000000,0.000000,0.000000,0.562388,-0.562391,0.532066,-0.290416,4.439810,0.000000,3.246110
218,1.000000,1.000000,0.000000,0.000000,500.000000,0.000000,0.000000,0.000000,-0.564522,0.564523,-0.517252,0.308349,4.439810,0.000000,3.246110
219,1.000000,1.000000,0.000000,0.000000,500.000000,0.000000,0.000000,0.000000,-0.566345,0.566343,-0.502158,0.326109,4.439810,0.000000,3.246110
220,1.000000,1.000000,0.000000,0.000000,500.000000,0.000000,0.000000,0.000000,0.567855,-0.567856,0.486782,-0.343690,4.439810,0.000000,3.246110
221,1.000000,1.000000,0.000000,0.000000,500.000000,0.000000,0.000000,0.000000,-0.569053,0.569053,-0.471143,0.361083,4.439810,0.000000,3.246110
222,1.000000,1.000000,0.000000,0.000000,500.000000,0.000000,0.000000,0.000000,-0.569938,0.569939,-0.455244,0.378276,4.439810,0.000000,3.246110
223,1.000000,1.000000,0.000000,0.000000,500.000000,0.000000,0.000000,0.000000,-0.570510,0.570510,-0.439092,0.395265,4.439810,0.000000,3.246110
224,1.000000,1.000000,0.000000,0.000000,500.000000,0.000000,0.000000,0.000000,-0.570769,0.570767,-0.422703,0.412032,4.439810,0.000000,3.246110
225,1.000000,1.000000,0.000000,0.000000,500.000000,0.000000,0.000000,0.000000,0.570714,-0.570710,0.406081,-0.428572,4.439810,0.000000,3.246110
226,1.000000,1.000000,0.000000,0.000000,500.000000,0.000000,0.000000,0.000000,0.570340,-0.570343,0.389233,-0.444881,4.439810,0.000000,3.246110
227,1.000000,1.000000,0.000000,0.000000,500.000000,0.000000,0.000000,0.000000,-0.569658,0.569657,-0.372175,0.460941,4.439810,0.000000,3.246110
228,1.000000,1.000000,0.000000,0.000000,500.000000,0.000000,0.000000,0.000000,-0.568660,0.568661,-0.354912,0.476748,4.439810,0.000000,3.246110
229,1.000000,1.000000,0.000000,0.000000,500.000000,0.000000,0.000000,0.000000,-0.567349,0.567352,-0.337449,0.492296,4.439810,0.000000,3.246110
230,1.000000,1.000000,0.000000,0.000000,500.000000,0.000000,0.000000,0.000000,-0.565725,0.565735,-0.319802,0.507569,4.439810,0.000000,3.246110
231,1.000000,1.000000,0.000000,0.000000,500.000000,0.000000,0.000000,0.000000,-0.563793,0.563800,-0.301978,0.522566,4.439810,0.000000,3.246110
232,1.000000,1.000000,0.000000,0.000000,500.000000,0.000000,0.000000,0.000000,-0.561549,0.561560,-0.283991,0.537272,4.439810,0.000000,3.246110
233,1.000000,1.000000,0.000000,0.000000,500.000000,0.000000,0.000000,0.000000,-0.558997,0.559006,-0.265848,0.551687,4.439810,0.000000,3.246110
234,1.000000,1.000000,0.000000,0.000000,500.000000,0.000000,0.000000,0.000000,-0.556138,0.556149,-0.247560,0.565794,4.439810,0.000000,3.246110
235,1.000000,1.000000,0.000000,0.000000,500.000000,0.000000,0.000000,0.000000,-0.552971,0.552982,-0.229131,0.579596,4.439810,0.000000,3.246110
236,1.000000,1.000000,0.000000,0.000000,500.000000,0.000000,0.000000,0.000000,-0.549503,0.549513,-0.210579,0.593076,4.439810,0.000000,3.246110
237,1.000000,1.000000,0.000000,0.000000,500.000000,0.000000,0.000000,0.000000,-0.545732,0.545742,-0.191913,0.606228,4.439810,0.000000,3.246110
238,1.000000,1.000000,0.000000,0.000000,500.000000,0.000000,0.000000,0.000000,-0.541658,0.541669,-0.173139,0.619050,4.439810,0.000000,3.246110
239,1.000000,1.000000,0.000000,0.000000,500.000000,0.000000,0.000000,0.000000,-0.537289,0.537299,-0.154267,0.631531,4.439810,0.000000,3.246110
240,1.000000,1.000000,0.000000,0.000000,500.000000,0.000000,0.000000,0.000000,-0.532622,0.532633,-0.135315,0.643665,4.439810,0.000000,3.246110
241,1.000000,1.000000,0.000000,0.000000,500.000000,0.000000,0.000000,0.000000,-0.527664,0.527675,-0.116288,0.655444,4.439810,0.000000,3.246110
242,1.000000,1.000000,0.000000,0.000000,500.000000,0.000000,0.000000,0.000000,-0.522415,0.522426,-0.097196,0.666863,4.439810,0.000000,3.246110
243,1.000000,1.000000,0.000000,0.000000,500.000000,0.000000,0.000000,0.000000,-0.516880,0.516891,-0.078050,0.677914,4.439810,0.000000,3.246110
244,1.000000,1.000000,0.000000,0.000000,500.000000,0.000000,0.000000,0.000000,-0.511059,0.511070,-0.058860,0.688594,4.439810,0.000000,3.246110
245,1.000000,1.000000,0.000000,0.000000,500.000000,0.000000,0.000000,0.000000,-0.504958,0.504968,-0.039638,0.698894,4.439810,0.000000,3.246110
246,1.000000,1.000000,0.000000,0.000000,500.000000,0.000000,0.000000,0.000000,-0.498576,0.498592,-0.020395,0.708811,4.439810,0.000000,3.246110
247,1.000000,1.000000,0.000000,0.000000,500.000000,0.000000,0.000000,0.000000,-0.491924,0.491940,-0.001141,0.718335,4.439810,0.000000,3.246110
248,1.000000,1.000000,0.000000,0.000000,500.000000,0.000000,0.000000,0.000000,-0.484997,0.485018,0.018113,0.727466,4.439810,0.000000,3.246110
249,1.000000,1.000000,0.000000,0.000000,500.000000,0.000000,0.000000,0.000000,-0.477805,0.477827,0.037356,0.736198,4.439810,0.000000,3.246110
250,1.000000,1.000000,0.000000,0.000000,500.000000,0.000000,0.000000,0.000000,-0.470350,0.470377,0.056584,0.744523,4.439810,0.000000,3.246110
251,1.000000,1.000000,0.000000,0.000000,500.000000,0.000000,0.000000,0.000000,-0.462635,0.462668,0.075778,0.752439,4.439810,0.000000,3.246110
252,1.000000,1.000000,0.000000,0.000000,500.000000,0.000000,0.000000,0.000000,-0.454667,0.454705,0.094930,0.759941,4.439810,0.000000,3.246110
253,1.000000,1.000000,0.000000,0.000000,500.000000,0.000000,0.000000,0.000000,-0.446451,0.446488,0.114028,0.767025,4.439810,0.000000,3.246110
254,1.000000,1.000000,0.000000,0.000000,500.000000,0.000000,0.000000,0.000000,-0.437986,0.438029,0.133066,0.773687,4.439810,0.000000,3.246110
255,1.000000,1.000000,0.000000,0.000000,500.000000,0.000000,0.000000,0.000000,-0.429284,0.429328,0.152029,0.779923,4.439810,0.000000,3.246110
256,1.000000,1.000000,0.000000,0.000000,500.000000,0.000000,0.000000,0.000000,-0.420345,0.420388,0.170911,0.785731,4.439810,0.000000,3.246110
257,1.000000,1.000000,0.000000,0.000000,500.000000,0.000000,0.000000,0.000000,-0.411174,0.411217,0.189695,0.791108,4.439810,0.000000,3.246110
258,1.000000,1.000000,0.000000,0.000000,500.000000,0.000000,0.000000,0.000000,-0.401776,0.401825,0.208377,0.796047,4.439810,0.000000,3.246110
259,1.000000,1.000000,0.000000,0.000000,500.000000,0.000000,0.000000,0.000000,-0.392157,0.392211,0.226946,0.800549,4.439810,0.000000,3.246110
260,1.000000,1.000000,0.000000,0.000000,500.000000,0.000000,0.000000,0.000000,-0.382323,0.382382,0.245386,0.804611,4.439810,0.000000,3.246110
261,1.000000,1.000000,0.000000,0.000000,500.000000,0.000000,0.000000,0.000000,-0.372277,0.372342,0.263691,0.808231,4.439810,0.000000,3.246110
262,1.000000,1.000000,0.000000,0.000000,500.000000,0.000000,0.000000,0.000000,-0.362027,0.362097,0.281855,0.811406,4.439810,0.000000,3.246110
263,1.000000,1.000000,0.000000,0.000000,500.000000,0.000000,0.000000,0.000000,-0.351578,0.351653,0.299863,0.814135,4.439810,0.000000,3.246110
264,1.000000,1.000000,0.000000,0.000000,500.000000,0.000000,0.000000,0.000000,-0.340934,0.341014,0.317703,0.816418,4.439810,0.000000,3.246110
265,1.000000,1.000000,0.000000,0.000000,500.000000,0.000000,0.000000,0.000000,-0.330106,0.330187,0.335371,0.818250,4.439810,0.000000,3.246110
266,1.000000,1.000000,0.000000,0.000000,500.000000,0.000000,0.000000,0.000000,-0.319095,0.319176,0.352856,0.819632,4.439810,0.000000,3.246110
267,1.000000,1.000000,0.000000,0.000000,500.000000,0.000000,0.000000,0.000000,-0.307912,0.307993,0.370147,0.820562,4.439810,0.000000,3.246110
268,1.000000,1.000000,0.000000,0.000000,500.000000,0.000000,0.000000,0.000000,-0.296556,0.296637,0.387232,0.821044,4.439810,0.000000,3.246110
269,1.000000,1.000000,0.000000,0.000000,500.000000,0.000000,0.000000,0.000000,-0.285038,0.285119,0.404107,0.821071,4.439810,0.000000,3.246110
270,1.000000,1.000000,0.000000,0.000000,500.000000,0.000000,0.000000,0.000000,-0.273363,0.273444,0.420755,0.820649,4.439810,0.000000,3.246110
271,1.000000,1.000000,0.000000,0.000000,500.000000,0.000000,0.000000,0.000000,-0.261538,0.261619,0.437172,0.819777,4.439810,0.000000,3.246110
272,1.000000,1.000000,0.000000,0.000000,500.000000,0.000000,0.000000,0.000000,-0.249567,0.249653,0.453351,0.818451,4.439810,0.000000,3.246110
273,1.000000,1.000000,0.000000,0.000000,500.000000,0.000000,0.000000,0.000000,-0.237461,0.237547,0.469282,0.816675,4.439810,0.000000,3.246110
274,1.000000,1.000000,0.000000,0.000000,500.000000,0.000000,0.000000,0.000000,-0.225225,0.225312,0.484954,0.814449,4.439810,0.000000,3.246110
275,1.000000,1.000000,0.000000,0.000000,500.000000,0.000000,0.000000,0.000000,-0.212866,0.212952,0.500356,0.811778,4.439810,0.000000,3.246110
276,1.000000,1.000000,0.000000,0.000000,500.000000,0.000000,0.000000,0.000000,-0.200388,0.200474,0.515483,0.808661,4.439810,0.000000,3.246110
277,1.000000,1.000000,0.000000,0.000000,500.000000,0.000000,0.000000,0.000000,-0.187802,0.187888,0.530329,0.805096,4.439810,0.000000,3.246110
278,1.000000,1.000000,0.000000,0.000000,500.000000,0.000000,0.000000,0.000000,-0.175108,0.175199,0.544885,0.801089,4.439810,0.000000,3.246110
279,1.000000,1.000000,0.000000,0.000000,500.000000,0.000000,0.000000,0.000000,-0.162322,0.162414,0.559138,0.796642,4.439810,0.000000,3.246110
280,1.000000,1.000000,0.000000,0.000000,500.000000,0.000000,0.000000,0.000000,-0.149445,0.149536,0.573083,0.791758,4.439810,0.000000,3.246110
281,1.000000,1.000000,0.000000,0.000000,500.000000,0.000000,0.000000,0.000000,-0.136486,0.136578,0.586716,0.786436,4.439810,0.000000,3.246110
282,1.000000,1.000000,0.000000,0.000000,500.000000,0.000000,0.000000,0.000000,-0.123452,0.123544,0.600025,0.780683,4.439810,0.000000,3.246110
283,1.000000,1.000000,0.000000,0.000000,500.000000,0.000000,0.000000,0.000000,-0.110348,0.110445,0.613005,0.774500,4.439810,0.000000,3.246110
284,1.000000,1.000000,0.000000,0.000000,500.000000,0.000000,0.000000,0.000000,-0.097185,0.097282,0.625645,0.767893,4.439810,0.000000,3.246110
285,1.000000,1.000000,0.000000,0.000000,500.000000,0.000000,0.000000,0.000000,-0.083968,0.084065,0.637940,0.760865,4.439810,0.000000,3.246110
286,1.000000,1.000000,0.000000,0.000000,500.000000,0.000000,0.000000,0.000000,-0.070707,0.070804,0.649884,0.753418,4.439810,0.000000,3.246110
287,1.000000,1.000000,0.000000,0.000000,500.000000,0.000000,0.000000,0.000000,-0.057404,0.057506,0.661472,0.745555,4.439810,0.000000,3.246110
288,1.000000,1.000000,0.000000,0.000000,500.000000,0.000000,0.000000,0.000000,-0.044068,0.044175,0.672699,0.737281,4.439810,0.000000,3.246110
289,1.000000,1.000000,0.000000,0.000000,500.000000,0.000000,0.000000,0.000000,-0.030710,0.030818,0.683553,0.728603,4.439910,0.000000,3.246110
290,1.000000,1.000000,0.000000,0.000000,500.000000,0.000000,0.000000,0.000000,-0.017336,0.017444,0.694035,0.719521,4.439910,0.000000,3.246010
291,1.000000,1.000000,0.000000,0.000000,500.000000,0.000000,0.000000,0.000000,-0.003952,0.004060,0.704134,0.710044,4.439910,0.000000,3.246010
292,1.000000,1.000000,0.000000,0.000000,500.000000,0.000000,0.000000,0.000000,0.009433,-0.009325,0.713843,0.700180,4.439910,0.000000,3.246010
293,1.000000,1.000000,0.000000,0.000000,500.000000,0.000000,0.000000,0.000000,0.022812,-0.022704,0.723161,0.689930,4.439910,0.000000,3.246010
294,1.000000,1.000000,0.000000,0.000000,500.000000,0.000000,0.000000,0.000000,0.036180,-0.036072,0.732078,0.679302,4.439910,0.000000,3.246010
295,1.000000,1.000000,0.000000,0.000000,500.000000,0.000000,0.000000,0.000000,0.049527,-0.049419,0.740597,0.668296,4.439910,0.000000,3.246010
296,1.000000,1.000000,0.000000,0.000000,500.000000,0.000000,0.000000,0.000000,0.062847,-0.062739,0.748709,0.656924,4.439910,0.000000,3.246010
297,1.000000,1.000000,0.000000,0.000000,500.000000,0.000000,0.000000,0.000000,0.076134,-0.076026,0.756408,0.645190,4.439910,0.000000,3.246010
298,1.000000,1.000000,0.000000,0.000000,500.000000,0.000000,0.000000,0.000000,0.089379,-0.089271,0.763692,0.633101,4.439910,0.000000,3.246010
299,1.000000,1.000000,0.000000,0.000000,500.000000,0.000000,0.000000,0.000000,0.102574,-0.102466,0.770554,0.620666,4.439910,0.000000,3.246010
300,1.000000,1.000000,0.000000,0.000000,500.000000,0.000000,0.000000,0.000000,0.115716,-0.115608,0.776990,0.607891,4.439910,0.000000,3.246010
301,1.000000,1.000000,0.000000,0.000000,500.000000,0.000000,0.000000,0.000000,0.128793,-0.128685,0.782999,0.594781,4.439910,0.000000,3.246010
302,1.000000,1.000000,0.000000,0.000000,500.000000,0.000000,0.000000,0.000000,0.141800,-0.141692,0.788579,0.581343,4.439910,0.000000,3.246010
303,1.000000,1.000000,0.000000,0.000000,500.000000,0.000000,0.000000,0.000000,0.154726,-0.154618,0.793725,0.567586,4.439910,0.000000,3.246010
304,1.000000,1.000000,0.000000,0.000000,500.000000,0.000000,0.000000,0.000000,0.167566,-0.167458,0.798436,0.553516,4.439910,0.000000,3.246010
305,1.000000,1.000000,0.000000,0.000000,500.000000,0.000000,0.000000,0.000000,0.180314,-0.180206,0.802709,0.539139,4.439910,0.000000,3.246010
306,1.000000,1.000000,0.000000,0.000000,500.000000,0.000000,0.000000,0.000000,0.192965,-0.192857,0.806537,0.524471,4.439910,0.000000,3.246010
307,1.000000,1.000000,0.000000,0.000000,500.000000,0.000000,0.000000,0.000000,0.205507,-0.205400,0.809924,0.509511,4.439910,0.000000,3.246010
308,1.000000,1.000000,0.000000,0.000000,500.000000,0.000000,0.000000,0.000000,0.217937,-0.217829,0.812866,0.494270,4.439910,0.000000,3.246010
309,1.000000,1.000000,0.000000,0.000000,500.000000,0.000000,0.000000,0.000000,0.230248,-0.230140,0.815359,0.478760,4.439910,0.000000,3.246010
310,1.000000,1.000000,0.000000,0.000000,500.000000,0.000000,0.000000,0.000000,0.242435,-0.242327,0.817402,0.462986,4.439910,0.000000,3.246010
311,1.000000,1.000000,0.000000,0.000000,500.000000,0.000000,0.000000,0.000000,0.254487,-0.254379,0.818997,0.446958,4.439910,0.000000,3.246010
312,1.000000,1.000000,0.000000,0.000000,500.000000,0.000000,0.000000,0.000000,0.266399,-0.266291,0.820143,0.430682,4.439910,0.000000,3.246010
313,1.000000,1.000000,0.000000,0.000000,500.000000,0.000000,0.000000,0.000000,0.278165,-0.278057,0.820837,0.414168,4.439910,0.000000,3.246010
314,1.000000,1.000000,0.000000,0.000000,500.000000,0.000000,0.000000,0.000000,0.289780,-0.289672,0.821078,0.397428,4.439910,0.000000,3.246010
315,1.000000,1.000000,0.000000,0.000000,500.000000,0.000000,0.000000,0.000000,0.301233,-0.301125,0.820870,0.380467,4.439910,0.000000,3.246010
316,1.000000,1.000000,0.000000,0.000000,500.000000,0.000000,0.000000,0.000000,0.312519,-0.312411,0.820210,0.363300,4.439910,0.000000,3.246010
317,1.000000,1.000000,0.000000,0.000000,500.000000,0.000000,0.000000,0.000000,0.323632,-0.323524,0.819099,0.345935,4.439910,0.000000,3.246010
318,1.000000,1.000000,0.000000,0.000000,500.000000,0.000000,0.000000,0.000000,0.334568,-0.334460,0.817540,0.328374,4.439910,0.000000,3.246010
319,1.000000,1.000000,0.000000,0.000000,500.000000,0.000000,0.000000,0.000000,0.345320,-0.345212,0.815529,0.310636,4.439910,0.000000,3.246010
320,1.000000,1.000000,0.000000,0.000000,500.000000,0.000000,0.000000,0.000000,0.355883,-0.355775,0.813070,0.292725,4.439910,0.000000,3.246010
321,1.000000,1.000000,0.000000,0.000000,500.000000,0.000000,0.000000,0.000000,0.366251,-0.366143,0.810163,0.274653,4.439910,0.000000,3.246010
322,1.000000,1.000000,0.000000,0.000000,500.000000,0.000000,0.000000,0.000000,0.376415,-0.376313,0.806811,0.256429,4.439910,0.000000,3.246010
323,1.000000,1.000000,0.000000,0.000000,500.000000,0.000000,0.000000,0.000000,0.386374,-0.386272,0.803016,0.238065,4.439910,0.000000,3.246010
324,1.000000,1.000000,0.000000,0.000000,500.000000,0.000000,0.000000,0.000000,0.396122,-0.396020,0.798776,0.219572,4.439910,0.000000,3.246010
325,1.000000,1.000000,0.000000,0.000000,500.000000,0.000000,0.000000,0.000000,0.405650,-0.405553,0.794097,0.200960,4.439910,0.000000,3.246010
326,1.000000,1.000000,0.000000,0.000000,500.000000,0.000000,0.000000,0.000000,0.414956,-0.414859,0.788983,0.182234,4.439910,0.000000,3.246010
327,1.000000,1.000000,0.000000,0.000000,500.000000,0.000000,0.000000,0.000000,0.424035,-0.423938,0.783433,0.163412,4.439910,0.000000,3.246010
328,1.000000,1.000000,0.000000,0.000000,500.000000,0.000000,0.000000,0.000000,0.432877,-0.432786,0.777454,0.144498,4.439910,0.000000,3.246010
329,1.000000,1.000000,0.000000,0.000000,500.000000,0.000000,0.000000,0.000000,0.441482,-0.441396,0.771046,0.125502,4.439910,0.000000,3.246010
330,1.000000,1.000000,0.000000,0.000000,500.000000,0.000000,0.000000,0.000000,0.449844,-0.449763,0.764215,0.106437,4.439910,0.000000,3.246010
331,1.000000,1.000000,0.000000,0.000000,500.000000,0.000000,0.000000,0.000000,0.457958,-0.457882,0.756963,0.087318,4.439910,0.000000,3.246010
332,1.000000,1.000000,0.000000,0.000000,500.000000,0.000000,0.000000,0.000000,0.465824,-0.465748,0.749295,0.068150,4.439910,0.000000,3.246010
333,1.000000,1.000000,0.000000,0.000000,500.000000,0.000000,0.000000,0.000000,0.473430,-0.473360,0.741214,0.048944,4.439910,0.000000,3.246010
334,1.000000,1.000000,0.000000,0.000000,500.000000,0.000000,0.000000,0.000000,0.480778,-0.480708,0.732727,0.029712,4.439910,0.000000,3.246010
335,1.000000,1.000000,0.000000,0.000000,500.000000,0.000000,0.000000,0.000000,0.487861,-0.487791,0.723838,0.010463,4.439910,0.000000,3.246010
336,1.000000,1.000000,0.000000,0.000000,500.000000,0.000000,0.000000,0.000000,0.494675,-0.494605,0.714552,-0.008791,4.439910,0.000000,3.246010
337,1.000000,1.000000,0.000000,0.000000,500.000000,0.000000,0.000000,0.000000,0.501219,-0.501149,0.704871,-0.028045,4.439910,0.000000,3.246010
338,1.000000,1.000000,0.000000,0.000000,500.000000,0.000000,0.000000,0.000000,0.507488,-0.507418,0.694801,-0.047283,4.439910,0.000000,3.246010
339,1.000000,1.000000,0.000000,0.000000,500.000000,0.000000,0.000000,0.000000,0.513476,-0.513406,0.684350,-0.066494,4.439910,0.000000,3.246010
340,1.000000,1.000000,0.000000,0.000000,500.000000,0.000000,0.000000,0.000000,0.519184,-0.519114,0.673521,-0.085667,4.439910,0.000000,3.246010
341,1.000000,1.000000,0.000000,0.000000,500.000000,0.000000,0.000000,0.000000,0.524606,-0.524535,0.662322,-0.104792,4.439910,0.000000,3.246010
342,1.000000,1.000000,0.000000,0.000000,500.000000,0.000000,0.000000,0.000000,0.529736,-0.529671,0.650758,-0.123862,4.439910,0.000000,3.246010
343,1.000000,1.000000,0.000000,0.000000,500.000000,0.000000,0.000000,0.000000,0.534575,-0.534516,0.638837,-0.142863,4.439910,0.000000,3.246010
344,1.000000,1.000000,0.000000,0.000000,500.000000,0.000000,0.000000,0.000000,0.539123,-0.539064,0.626565,-0.161782,4.439910,0.000000,3.246010
345,1.000000,1.000000,0.000000,0.000000,500.000000,0.000000,0.000000,0.000000,0.543374,-0.543315,0.613948,-0.180616,4.439910,0.000000,3.246010
346,1.000000,1.000000,0.000000,0.000000,500.000000,0.000000,0.000000,0.000000,0.547323,-0.547269,0.600993,-0.199352,4.439910,0.000000,3.246010
347,1.000000,1.000000,0.000000,0.000000,500.000000,0.000000,0.000000,0.000000,0.550975,-0.550921,0.587706,-0.217975,4.439910,0.000000,3.246010
348,1.000000,1.000000,0.000000,0.000000,500.000000,0.000000,0.000000,0.000000,0.554320,-0.554272,0.574099,-0.236479,4.439910,0.000000,3.246010
349,1.000000,1.000000,0.000000,0.000000,500.000000,0.000000,0.000000,0.000000,0.557363,-0.557314,0.560176,-0.254854,4.439910,0.000000,3.246010
350,1.000000,1.000000,0.000000,0.000000,500.000000,0.000000,0.000000,0.000000,0.560102,-0.560049,0.545942,-0.273088,4.439910,0.000000,3.246010
351,1.000000,1.000000,0.000000,0.000000,500.000000,0.000000,0.000000,0.000000,0.562533,-0.562477,0.531408,-0.291172,4.439910,0.000000,3.246010
352,1.000000,1.000000,0.000000,0.000000,500.000000,0.000000,0.000000,0.000000,0.564653,-0.564597,0.516583,-0.309093,4.439910,0.000000,3.246010
353,1.000000,1.000000,0.000000,0.000000,500.000000,0.000000,0.000000,0.000000,0.566464,-0.566404,0.501472,-0.326848,4.439910,0.000000,3.246010
354,1.000000,1.000000,0.000000,0.000000,500.000000,0.000000,0.000000,0.000000,0.567958,-0.567904,0.486086,-0.344424,4.439910,0.000000,3.246010
355,1.000000,1.000000,0.000000,0.000000,500.000000,0.000000,0.000000,0.000000,0.569141,-0.569091,0.470436,-0.361806,4.439910,0.000000,3.246010
356,1.000000,1.000000,0.000000,0.000000,500.000000,0.000000,0.000000,0.000000,0.570008,-0.569965,0.454527,-0.378994,4.439910,0.000000,3.246010
357,1.000000,1.000000,0.000000,0.000000,500.000000,0.000000,0.000000,0.000000,0.570560,-0.570526,0.438369,-0.395971,4.439910,0.000000,3.246010
358,1.000000,1.000000,0.000000,0.000000,500.000000,0.000000,0.000000,0.000000,0.570803,-0.570769,0.421969,-0.412733,4.439910,0.000000,3.246010
359,1.000000,1.000000,0.000000,0.000000,500.000000,0.000000,0.000000,0.000000,0.570735,-0.570699,0.405337,-0.429263,4.439910,0.000000,3.246010
360,1.000000,1.000000,0.000000,0.000000,500.000000,0.000000,0.000000,0.000000,0.570351,-0.570316,0.388478,-0.445561,4.439910,0.000000,3.246010
361,1.000000,1.000000,0.000000,0.000000,500.000000,0.000000,0.000000,0.000000,0.569653,-0.569620,0.371409,-0.461610,4.439910,0.000000,3.246010
362,1.000000,1.000000,0.000000,0.000000,500.000000,0.000000,0.000000,0.000000,0.568642,-0.568611,0.354135,-0.477406,4.439910,0.000000,3.246010
363,1.000000,1.000000,0.000000,0.000000,500.000000,0.000000,0.000000,0.000000,0.567314,-0.567289,0.336666,-0.492943,4.439910,0.000000,3.246010
364,1.000000,1.000000,0.000000,0.000000,500.000000,0.000000,0.000000,0.000000,0.565678,-0.565655,0.319014,-0.508205,4.439910,0.000000,3.246010
365,1.000000,1.000000,0.000000,0.000000,500.000000,0.000000,0.000000,0.000000,0.563736,-0.563707,0.301185,-0.523187,4.439910,0.000000,3.246010
366,1.000000,1.000000,0.000000,0.000000,500.000000,0.000000,0.000000,0.000000,0.561479,-0.561452,0.283187,-0.537882,4.439910,0.000000,3.246010
367,1.000000,1.000000,0.000000,0.000000,500.000000,0.000000,0.000000,0.000000,0.558912,-0.558890,0.265039,-0.552281,4.439910,0.000000,3.246010
368,1.000000,1.000000,0.000000,0.000000,500.000000,0.000000,0.000000,0.000000,-0.556036,0.556019,-0.246740,0.566380,4.439910,0.000000,3.246010
369,1.000000,1.000000,0.000000,0.000000,500.000000,0.000000,0.000000,0.000000,-0.552858,0.552842,-0.228306,0.580164,4.439910,0.000000,3.246010
370,1.000000,1.000000,0.000000,0.000000,500.000000,0.000000,0.000000,0.000000,-0.549373,0.549362,-0.209748,0.593630,4.439910,0.000000,3.246010
371,1.000000,1.000000,0.000000,0.000000,500.000000,0.000000,0.000000,0.000000,-0.545586,0.545581,-0.191076,0.606768,4.439910,0.000000,3.246010
372,1.000000,1.000000,0.000000,0.000000,500.000000,0.000000,0.000000,0.000000,-0.541502,0.541497,-0.172297,0.619573,4.439910,0.000000,3.246010
373,1.000000,1.000000,0.000000,0.000000,500.000000,0.000000,0.000000,0.000000,-0.537116,0.537116,-0.153426,0.632039,4.439910,0.000000,3.246010
374,1.000000,1.000000,0.000000,0.000000,500.000000,0.000000,0.000000,0.000000,-0.532439,0.532439,-0.134468,0.644155,4.439910,0.000000,3.246010
375,1.000000,1.000000,0.000000,0.000000,500.000000,0.000000,0.000000,0.000000,-0.527465,0.527470,-0.115436,0.655920,4.439910,0.000000,3.246010
376,1.000000,1.000000,0.000000,0.000000,500.000000,0.000000,0.000000,0.000000,-0.522205,0.522210,-0.096338,0.667321,4.439910,0.000000,3.246010
377,1.000000,1.000000,0.000000,0.000000,500.000000,0.000000,0.000000,0.000000,-0.516653,0.516664,-0.077192,0.678357,4.439910,0.000000,3.246010
378,1.000000,1.000000,0.000000,0.000000,500.000000,0.000000,0.000000,0.000000,-0.510822,0.510832,-0.058002,0.689019,4.439910,0.000000,3.246010
379,1.000000,1.000000,0.000000,0.000000,500.000000,0.000000,0.000000,0.000000,-0.504709,0.504720,-0.038781,0.699301,4.439910,0.000000,3.246010
380,1.000000,1.000000,0.000000,0.000000,500.000000,0.000000,0.000000,0.000000,-0.498317,0.498333,-0.019537,0.709199,4.439910,0.000000,3.246010
381,1.000000,1.000000,0.000000,0.000000,500.000000,0.000000,0.000000,0.000000,-0.491649,0.491670,-0.000283,0.718709,4.439910,0.000000,3.246010
382,1.000000,1.000000,0.000000,0.000000,500.000000,0.000000,0.000000,0.000000,-0.484711,0.484738,0.018971,0.727822,4.439910,0.000000,3.246010
383,1.000000,1.000000,0.000000,0.000000,500.000000,0.000000,0.000000,0.000000,-0.477509,0.477536,0.038214,0.736536,4.439910,0.000000,3.246010
384,1.000000,1.000000,0.000000,0.000000,500.000000,0.000000,0.000000,0.000000,-0.470042,0.470075,0.057436,0.744843,4.439910,0.000000,3.246010
385,1.000000,1.000000,0.000000,0.000000,500.000000,0.000000,0.000000,0.000000,-0.462317,0.462355,0.076625,0.752741,4.439910,0.000000,3.246010
386,1.000000,1.000000,0.000000,0.000000,500.000000,0.000000,0.000000,0.000000,-0.454338,0.454376,0.095777,0.760228,4.439910,0.000000,3.246010
387,1.000000,1.000000,0.000000,0.000000,500.000000,0.000000,0.000000,0.000000,-0.446111,0.446149,0.114875,0.767294,4.439910,0.000000,3.246010
388,1.000000,1.000000,0.000000,0.000000,500.000000,0.000000,0.000000,0.000000,-0.437636,0.437679,0.133907,0.773939,4.439910,0.000000,3.246010
389,1.000000,1.000000,0.000000,0.000000,500.000000,0.000000,0.000000,0.000000,-0.428923,0.428966,0.152865,0.780157,4.439910,0.000000,3.246010
390,1.000000,1.000000,0.000000,0.000000,500.000000,0.000000,0.000000,0.000000,-0.419973,0.420016,0.171741,0.785948,4.439910,0.000000,3.246010
391,1.000000,1.000000,0.000000,0.000000,500.000000,0.000000,0.000000,0.000000,-0.410791,0.410834,0.190521,0.791308,4.439910,0.000000,3.246010
392,1.000000,1.000000,0.000000,0.000000,500.000000,0.000000,0.000000,0.000000,-0.401382,0.401431,0.209197,0.796230,4.439910,0.000000,3.246010
393,1.000000,1.000000,0.000000,0.000000,500.000000,0.000000,0.000000,0.000000,-0.391753,0.391807,0.227761,0.800713,4.439910,0.000000,3.246010
394,1.000000,1.000000,0.000000,0.000000,500.000000,0.000000,0.000000,0.000000,-0.381907,0.381966,0.246195,0.804759,4.439910,0.000000,3.246010
395,1.000000,1.000000,0.000000,0.000000,500.000000,0.000000,0.000000,0.000000,-0.371857,0.371916,0.264494,0.808359,4.439910,0.000000,3.246010
396,1.000000,1.000000,0.000000,0.000000,500.000000,0.000000,0.000000,0.000000,-0.361601,0.361660,0.282648,0.811515,4.439910,0.000000,3.246010
397,1.000000,1.000000,0.000000,0.000000,500.000000,0.000000,0.000000,0.000000,-0.351146,0.351205,0.300650,0.814224,4.439910,0.000000,3.246010
398,1.000000,1.000000,0.000000,0.000000,500.000000,0.000000,0.000000,0.000000,-0.340497,0.340556,0.318486,0.816487,4.439910,0.000000,3.246010
399,1.000000,1.000000,0.000000,0.000000,500.000000,0.000000,0.000000,0.000000,-0.329658,0.329718,0.336143,0.818303,4.439910,0.000000,3.246010
400,1.000000,1.000000,0.000000,0.000000,500.000000,0.000000,0.000000,0.000000,-0.318642,0.318701,0.353617,0.819666,4.439910,0.000000,3.246010
401,1.000000,1.000000,0.000000,0.000000,500.000000,0.000000,0.000000,0.000000,-0.307448,0.307507,0.370896,0.820580,4.439910,0.000000,3.246010
