frame,input.Roll,car.Location.X,car.Location.Y,car.Location.Z,car.LinearVelocity.X,car.LinearVelocity.Y,car.LinearVelocity.Z,car.Quaternion.X,car.Quaternion.Y,car.Quaternion.Z,car.Quaternion.W,car.AngularVelocity.X,car.AngularVelocity.Y,car.AngularVelocity.Z
0,0.000000,0.000000,0.000000,500.000000,0.000000,0.000000,0.000000,0.000003,0.000003,0.707107,0.707107,0.000000,0.000000,0.000000
1,0.000000,0.000000,0.000000,500.000000,0.000000,0.000000,0.000000,0.000003,0.000003,0.707107,0.707107,0.000000,0.000000,0.000000
2,0.000000,0.000000,0.000000,500.000000,0.000000,0.000000,0.000000,0.000003,0.000003,0.707107,0.707107,0.000000,0.000000,0.000000
3,1.000000,0.000000,0.000000,500.000000,0.000000,0.000000,0.000000,-0.000941,-0.000941,0.707107,0.707106,0.000000,-0.319510,0.000000
4,1.000000,0.000000,0.000000,500.000000,0.000000,0.000000,0.000000,-0.002786,-0.002786,0.707101,0.707101,0.000000,-0.626310,0.000000
5,1.000000,0.000000,0.000000,500.000000,0.000000,0.000000,0.000000,-0.005500,-0.005500,0.707085,0.707085,0.000000,-0.920810,0.000000
6,1.000000,0.000000,0.000000,500.000000,0.000000,0.000000,0.000000,-0.009044,-0.009044,0.707047,0.707050,0.000000,-1.203610,0.000000
7,1.000000,0.000000,0.000000,500.000000,0.000000,0.000000,0.000000,-0.013387,-0.013393,0.706977,0.706983,0.000000,-1.475110,0.000000
8,1.000000,0.000000,0.000000,500.000000,0.000000,0.000000,0.000000,-0.018502,-0.018507,0.706864,0.706865,0.000000,-1.735710,0.000000
9,1.000000,0.000000,0.000000,500.000000,0.000000,0.000000,0.000000,-0.024349,-0.024355,0.706686,0.706689,0.000000,-1.985910,0.000000
10,1.000000,0.000000,0.000000,500.000000,0.000000,0.000000,0.000000,-0.030904,-0.030910,0.706432,0.706430,0.000000,-2.226110,0.000000
11,1.000000,0.000000,0.000000,500.000000,0.000000,0.000000,0.000000,-0.038133,-0.038139,0.706079,0.706076,0.000000,-2.456710,0.000000
12,1.000000,0.000000,0.000000,500.000000,0.000000,0.000000,0.000000,-0.046010,-0.046015,0.705609,0.705607,0.000000,-2.678110,0.000000
13,1.000000,0.000000,0.000000,500.000000,0.000000,0.000000,0.000000,-0.054507,-0.054512,0.705002,0.705003,0.000000,-2.890710,0.000000
14,1.000000,0.000000,0.000000,500.000000,0.000000,0.000000,0.000000,-0.063591,-0.063597,0.704240,0.704242,0.000000,-3.094810,0.000000
15,1.000000,0.000000,0.000000,500.000000,0.000000,0.000000,0.000000,-0.073243,-0.073248,0.703303,0.703302,0.000000,-3.290710,0.000000
16,1.000000,0.000000,0.000000,500.000000,0.000000,0.000000,0.000000,-0.083428,-0.083434,0.702170,0.702165,0.000000,-3.478810,0.000000
17,1.000000,0.000000,0.000000,500.000000,0.000000,0.000000,0.000000,-0.094126,-0.094131,0.700816,0.700811,0.000000,-3.659410,0.000000
18,1.000000,0.000000,0.000000,500.000000,0.000000,0.000000,0.000000,-0.105304,-0.105310,0.699223,0.699220,0.000000,-3.832810,0.000000
19,1.000000,0.000000,0.000000,500.000000,0.000000,0.000000,0.000000,-0.116941,-0.116946,0.697370,0.697369,0.000000,-3.999210,0.000000
20,1.000000,0.000000,0.000000,500.000000,0.000000,0.000000,0.000000,-0.129009,-0.129014,0.695238,0.695238,0.000000,-4.159010,0.000000
21,1.000000,0.000000,0.000000,500.000000,0.000000,0.000000,0.000000,-0.141482,-0.141487,0.692810,0.692805,0.000000,-4.312410,0.000000
22,1.000000,0.000000,0.000000,500.000000,0.000000,0.000000,0.000000,-0.154332,-0.154338,0.690063,0.690054,0.000000,-4.459710,0.000000
23,1.000000,0.000000,0.000000,500.000000,0.000000,0.000000,0.000000,-0.167533,-0.167539,0.686978,0.686968,0.000000,-4.601110,0.000000
24,1.000000,0.000000,0.000000,500.000000,0.000000,0.000000,0.000000,-0.181058,-0.181064,0.683539,0.683526,0.000000,-4.736810,0.000000
25,1.000000,0.000000,0.000000,500.000000,0.000000,0.000000,0.000000,-0.194880,-0.194885,0.679730,0.679712,0.000000,-4.867110,0.000000
26,1.000000,0.000000,0.000000,500.000000,0.000000,0.000000,0.000000,-0.208976,-0.208982,0.675531,0.675509,0.000000,-4.992210,0.000000
27,1.000000,0.000000,0.000000,500.000000,0.000000,0.000000,0.000000,-0.223316,-0.223321,0.670931,0.670902,0.000000,-5.112310,0.000000
28,1.000000,0.000000,0.000000,500.000000,0.000000,0.000000,0.000000,-0.237876,-0.237882,0.665906,0.665879,0.000000,-5.227610,0.000000
29,1.000000,0.000000,0.000000,500.000000,0.000000,0.000000,0.000000,-0.252626,-0.252631,0.660451,0.660425,0.000000,-5.338310,0.000000
30,1.000000,0.000000,0.000000,500.000000,0.000000,0.000000,0.000000,-0.267542,-0.267548,0.654552,0.654523,0.000000,-5.444610,0.000000
31,1.000000,0.000000,0.000000,500.000000,0.000000,0.000000,0.000000,-0.282599,-0.282599,0.648192,0.648168,0.000000,-5.499910,0.000000
32,1.000000,0.000000,0.000000,500.000000,0.000000,0.000000,0.000000,-0.297646,-0.297646,0.641423,0.641398,0.000000,-5.500010,0.000000
33,1.000000,0.000000,0.000000,500.000000,0.000000,0.000000,0.000000,-0.312530,-0.312530,0.634305,0.634277,0.000000,-5.499910,0.000000
34,1.000000,0.000000,0.000000,500.000000,0.000000,0.000000,0.000000,-0.327242,-0.327242,0.626845,0.626810,0.000000,-5.500010,0.000000
35,1.000000,0.000000,0.000000,500.000000,0.000000,0.000000,0.000000,-0.341775,-0.341775,0.619042,0.619004,0.000000,-5.499910,0.000000
36,1.000000,0.000000,0.000000,500.000000,0.000000,0.000000,0.000000,-0.356125,-0.356125,0.610897,0.610863,0.000000,-5.500010,0.000000
37,1.000000,0.000000,0.000000,500.000000,0.000000,0.000000,0.000000,-0.370281,-0.370281,0.602422,0.602388,0.000000,-5.499910,0.000000
38,1.000000,0.000000,0.000000,500.000000,0.000000,0.000000,0.000000,-0.384238,-0.384232,0.593620,0.593584,0.000000,-5.500010,0.000000
39,1.000000,0.000000,0.000000,500.000000,0.000000,0.000000,0.000000,-0.397984,-0.397978,0.584494,0.584455,0.000000,-5.499910,0.000000
40,1.000000,0.000000,0.000000,500.000000,0.000000,0.000000,0.000000,-0.411514,-0.411503,0.575053,0.575009,0.000000,-5.500010,0.000000
41,1.000000,0.000000,0.000000,500.000000,0.000000,0.000000,0.000000,-0.424818,-0.424807,0.565298,0.565250,0.000000,-5.499910,0.000000
42,1.000000,0.000000,0.000000,500.000000,0.000000,0.000000,0.000000,-0.437889,-0.437878,0.555236,0.555183,0.000000,-5.500010,0.000000
43,1.000000,0.000000,0.000000,500.000000,0.000000,0.000000,0.000000,-0.450723,-0.450713,0.544870,0.544814,0.000000,-5.499910,0.000000
44,1.000000,0.000000,0.000000,500.000000,0.000000,0.000000,0.000000,-0.463315,-0.463299,0.534208,0.534149,0.000000,-5.500010,0.000000
45,1.000000,0.000000,0.000000,500.000000,0.000000,0.000000,0.000000,-0.475653,-0.475637,0.523253,0.523192,0.000000,-5.499910,0.000000
46,1.000000,0.000000,0.000000,500.000000,0.000000,0.000000,0.000000,-0.487732,-0.487716,0.512009,0.511955,0.000000,-5.500010,0.000000
47,1.000000,0.000000,0.000000,500.000000,0.000000,0.000000,0.000000,-0.499547,-0.499525,0.500491,0.500437,0.000000,-5.499910,0.000000
48,1.000000,0.000000,0.000000,500.000000,0.000000,0.000000,0.000000,0.511092,0.511064,-0.488698,-0.488644,0.000000,-5.500010,0.000000
49,1.000000,0.000000,0.000000,500.000000,0.000000,0.000000,0.000000,0.522358,0.522324,-0.476640,-0.476586,0.000000,-5.499910,0.000000
50,1.000000,0.000000,0.000000,500.000000,0.000000,0.000000,0.000000,0.533335,0.533302,-0.464324,-0.464270,0.000000,-5.500010,0.000000
51,1.000000,0.000000,0.000000,500.000000,0.000000,0.000000,0.000000,0.544023,0.543989,-0.451754,-0.451700,0.000000,-5.499910,0.000000
52,1.000000,0.000000,0.000000,500.000000,0.000000,0.000000,0.000000,0.554411,0.554379,-0.438941,-0.438887,0.000000,-5.500010,0.000000
53,1.000000,0.000000,0.000000,500.000000,0.000000,0.000000,0.000000,0.564504,0.564468,-0.425886,-0.425832,0.000000,-5.499910,0.000000
54,1.000000,0.000000,0.000000,500.000000,0.000000,0.000000,0.000000,0.574289,0.574249,-0.412598,-0.412544,0.000000,-5.500010,0.000000
55,1.000000,0.000000,0.000000,500.000000,0.000000,0.000000,0.000000,0.583758,0.583716,-0.399090,-0.399036,0.000000,-5.499910,0.000000
56,1.000000,0.000000,0.000000,500.000000,0.000000,0.000000,0.000000,0.592910,0.592866,-0.385360,-0.385311,0.000000,-5.500010,0.000000
57,1.000000,0.000000,0.000000,500.000000,0.000000,0.000000,0.000000,0.601742,0.601692,-0.371420,-0.371376,0.000000,-5.499910,0.000000
58,1.000000,0.000000,0.000000,500.000000,0.000000,0.000000,0.000000,0.610242,0.610194,-0.357280,-0.357237,0.000000,-5.500010,0.000000
59,1.000000,0.000000,0.000000,500.000000,0.000000,0.000000,0.000000,0.618413,0.618362,-0.342946,-0.342903,0.000000,-5.499910,0.000000
60,1.000000,0.000000,0.000000,500.000000,0.000000,0.000000,0.000000,0.626244,0.626195,-0.328423,-0.328385,0.000000,-5.500010,0.000000
61,1.000000,0.000000,0.000000,500.000000,0.000000,0.000000,0.000000,0.633734,0.633689,-0.313722,-0.313684,0.000000,-5.499910,0.000000
62,1.000000,0.000000,0.000000,500.000000,0.000000,0.000000,0.000000,0.640877,0.640837,-0.298854,-0.298816,0.000000,-5.500010,0.000000
63,1.000000,0.000000,0.000000,500.000000,0.000000,0.000000,0.000000,0.647674,0.647634,-0.283819,-0.283786,0.000000,-5.499910,0.000000
64,1.000000,0.000000,0.000000,500.000000,0.000000,0.000000,0.000000,0.654117,0.654081,-0.268632,-0.268600,0.000000,-5.500010,0.000000
65,1.000000,0.000000,0.000000,500.000000,0.000000,0.000000,0.000000,0.660203,0.660172,-0.253300,-0.253268,0.000000,-5.499910,0.000000
66,1.000000,0.000000,0.000000,500.000000,0.000000,0.000000,0.000000,0.665933,0.665901,-0.237828,-0.237795,0.000000,-5.500010,0.000000
67,1.000000,0.000000,0.000000,500.000000,0.000000,0.000000,0.000000,0.671300,0.671269,-0.222226,-0.222194,0.000000,-5.499910,0.000000
68,1.000000,0.000000,0.000000,500.000000,0.000000,0.000000,0.000000,0.676301,0.676270,-0.206506,-0.206473,0.000000,-5.500010,0.000000
69,1.000000,0.000000,0.000000,500.000000,0.000000,0.000000,0.000000,0.680933,0.680904,-0.190672,-0.190639,0.000000,-5.499910,0.000000
70,1.000000,0.000000,0.000000,500.000000,0.000000,0.000000,0.000000,0.685196,0.685166,-0.174735,-0.174703,0.000000,-5.500010,0.000000
71,1.000000,0.000000,0.000000,500.000000,0.000000,0.000000,0.000000,0.689086,0.689056,-0.158702,-0.158670,0.000000,-5.499910,0.000000
72,1.000000,0.000000,0.000000,500.000000,0.000000,0.000000,0.000000,0.692604,0.692568,-0.142582,-0.142550,0.000000,-5.500010,0.000000
73,1.000000,0.000000,0.000000,500.000000,0.000000,0.000000,0.000000,0.695738,0.695707,-0.126387,-0.126355,0.000000,-5.499910,0.000000
74,1.000000,0.000000,0.000000,500.000000,0.000000,0.000000,0.000000,0.698499,0.698464,-0.110122,-0.110089,0.000000,-5.500010,0.000000
75,1.000000,0.000000,0.000000,500.000000,0.000000,0.000000,0.000000,0.700877,0.700843,-0.093797,-0.093765,0.000000,-5.499910,0.000000
76,1.000000,0.000000,0.000000,500.000000,0.000000,0.000000,0.000000,0.702876,0.702839,-0.077418,-0.077386,0.000000,-5.500010,0.000000
77,1.000000,0.000000,0.000000,500.000000,0.000000,0.000000,0.000000,0.704492,0.704452,-0.060997,-0.060970,0.000000,-5.499910,0.000000
78,1.000000,0.000000,0.000000,500.000000,0.000000,0.000000,0.000000,0.705724,0.705682,-0.044542,-0.044515,0.000000,-5.500010,0.000000
79,1.000000,0.000000,0.000000,500.000000,0.000000,0.000000,0.000000,0.706571,0.706529,-0.028067,-0.028040,0.000000,-5.499910,0.000000
80,1.000000,0.000000,0.000000,500.000000,0.000000,0.000000,0.000000,0.707031,0.706993,-0.011575,-0.011548,0.000000,-5.500010,0.000000
81,1.000000,0.000000,0.000000,500.000000,0.000000,0.000000,0.000000,0.707110,0.707069,0.004923,0.004950,0.000000,-5.499910,0.000000
82,1.000000,0.000000,0.000000,500.000000,0.000000,0.000000,0.000000,0.706802,0.706761,0.021420,0.021447,0.000000,-5.500010,0.000000
83,1.000000,0.000000,0.000000,500.000000,0.000000,0.000000,0.000000,0.706108,0.706071,0.037907,0.037928,0.000000,-5.499910,0.000000
84,1.000000,0.000000,0.000000,500.000000,0.000000,0.000000,0.000000,0.705033,0.704992,0.054372,0.054393,0.000000,-5.500010,0.000000
85,1.000000,0.000000,0.000000,500.000000,0.000000,0.000000,0.000000,0.703574,0.703530,0.070804,0.070826,0.000000,-5.499910,0.000000
86,1.000000,0.000000,0.000000,500.000000,0.000000,0.000000,0.000000,0.701731,0.701685,0.087199,0.087221,0.000000,-5.500010,0.000000
87,1.000000,0.000000,0.000000,500.000000,0.000000,0.000000,0.000000,0.699508,0.699457,0.103545,0.103567,0.000000,-5.499910,0.000000
88,1.000000,0.000000,0.000000,500.000000,0.000000,0.000000,0.000000,0.696901,0.696851,0.119838,0.119859,0.000000,-5.500010,0.000000
89,1.000000,0.000000,0.000000,500.000000,0.000000,0.000000,0.000000,0.693917,0.693862,0.136065,0.136087,0.000000,-5.499910,0.000000
90,1.000000,0.000000,0.000000,500.000000,0.000000,0.000000,0.000000,0.690556,0.690496,0.152217,0.152239,0.000000,-5.500010,0.000000
91,1.000000,0.000000,0.000000,500.000000,0.000000,0.000000,0.000000,0.686816,0.686757,0.168289,0.168305,0.000000,-5.499910,0.000000
92,1.000000,0.000000,0.000000,500.000000,0.000000,0.000000,0.000000,0.682701,0.682647,0.184268,0.184279,0.000000,-5.500010,0.000000
93,1.000000,0.000000,0.000000,500.000000,0.000000,0.000000,0.000000,0.678214,0.678164,0.200145,0.200156,0.000000,-5.499910,0.000000
94,1.000000,0.000000,0.000000,500.000000,0.000000,0.000000,0.000000,0.673360,0.673308,0.215914,0.215925,0.000000,-5.500010,0.000000
95,1.000000,0.000000,0.000000,500.000000,0.000000,0.000000,0.000000,0.668141,0.668086,0.231564,0.231575,0.000000,-5.499910,0.000000
96,1.000000,0.000000,0.000000,500.000000,0.000000,0.000000,0.000000,0.662554,0.662502,0.247091,0.247101,0.000000,-5.500010,0.000000
97,1.000000,0.000000,0.000000,500.000000,0.000000,0.000000,0.000000,0.656607,0.656557,0.262482,0.262493,0.000000,-5.499910,0.000000
98,1.000000,0.000000,0.000000,500.000000,0.000000,0.000000,0.000000,0.650304,0.650256,0.277728,0.277739,0.000000,-5.500010,0.000000
99,1.000000,0.000000,0.000000,500.000000,0.000000,0.000000,0.000000,0.643649,0.643599,0.292823,0.292833,0.000000,-5.499910,0.000000
100,1.000000,0.000000,0.000000,500.000000,0.000000,0.000000,0.000000,0.636641,0.636591,0.307761,0.307772,0.000000,-5.500010,0.000000
101,1.000000,0.000000,0.000000,500.000000,0.000000,0.000000,0.000000,0.629285,0.629238,0.322532,0.322543,0.000000,-5.499910,0.000000
102,1.000000,0.000000,0.000000,500.000000,0.000000,0.000000,0.000000,0.621591,0.621540,0.337125,0.337136,0.000000,-5.500010,0.000000
103,1.000000,0.000000,0.000000,500.000000,0.000000,0.000000,0.000000,0.613554,0.613507,0.351534,0.351545,0.000000,-5.499910,0.000000
104,1.000000,0.000000,0.000000,500.000000,0.000000,0.000000,0.000000,0.605185,0.605139,0.365755,0.365761,0.000000,-5.500010,0.000000
105,1.000000,0.000000,0.000000,500.000000,0.000000,0.000000,0.000000,0.596483,0.596443,0.379776,0.379782,0.000000,-5.499910,0.000000
106,1.000000,0.000000,0.000000,500.000000,0.000000,0.000000,0.000000,0.587465,0.587417,0.393587,0.393592,0.000000,-5.500010,0.000000
107,1.000000,0.000000,0.000000,500.000000,0.000000,0.000000,0.000000,0.578121,0.578073,0.407187,0.407193,0.000000,-5.499910,0.000000
108,1.000000,0.000000,0.000000,500.000000,0.000000,0.000000,0.000000,0.568463,0.568417,0.420566,0.420566,0.000000,-5.500010,0.000000
109,1.000000,0.000000,0.000000,500.000000,0.000000,0.000000,0.000000,0.558494,0.558452,0.433714,0.433714,0.000000,-5.499910,0.000000
110,1.000000,0.000000,0.000000,500.000000,0.000000,0.000000,0.000000,0.548227,0.548181,0.446623,0.446623,0.000000,-5.500010,0.000000
111,1.000000,0.000000,0.000000,500.000000,0.000000,0.000000,0.000000,0.537659,0.537612,0.459290,0.459290,0.000000,-5.499910,0.000000
112,1.000000,0.000000,0.000000,500.000000,0.000000,0.000000,0.000000,0.526794,0.526753,0.471709,0.471709,0.000000,-5.500010,0.000000
113,1.000000,0.000000,0.000000,500.000000,0.000000,0.000000,0.000000,0.515651,0.515601,0.483869,0.483869,0.000000,-5.499910,0.000000
114,1.000000,0.000000,0.000000,500.000000,0.000000,0.000000,0.000000,0.504224,0.504170,0.495770,0.495765,0.000000,-5.500010,0.000000
115,1.000000,0.000000,0.000000,500.000000,0.000000,0.000000,0.000000,0.492522,0.492468,0.507396,0.507390,0.000000,-5.499910,0.000000
116,1.000000,0.000000,0.000000,500.000000,0.000000,0.000000,0.000000,0.480551,0.480498,0.518748,0.518741,0.000000,-5.500010,0.000000
117,1.000000,0.000000,0.000000,500.000000,0.000000,0.000000,0.000000,0.468316,0.468262,0.529821,0.529811,0.000000,-5.499910,0.000000
118,1.000000,0.000000,0.000000,500.000000,0.000000,0.000000,0.000000,0.455827,0.455773,0.540606,0.540590,0.000000,-5.500010,0.000000
119,1.000000,0.000000,0.000000,500.000000,0.000000,0.000000,0.000000,0.443090,0.443036,0.551093,0.551078,0.000000,-5.499910,0.000000
120,1.000000,0.000000,0.000000,500.000000,0.000000,0.000000,0.000000,0.430110,0.430056,0.561285,0.561263,0.000000,-5.500010,0.000000
121,1.000000,0.000000,0.000000,500.000000,0.000000,0.000000,0.000000,0.416898,0.416844,0.571164,0.571147,0.000000,-5.499910,0.000000
122,1.000000,0.000000,0.000000,500.000000,0.000000,0.000000,0.000000,0.403459,0.403405,0.580734,0.580717,0.000000,-5.500010,0.000000
123,1.000000,0.000000,0.000000,500.000000,0.000000,0.000000,0.000000,0.389800,0.389746,0.589992,0.589969,0.000000,-5.499910,0.000000
124,1.000000,0.000000,0.000000,500.000000,0.000000,0.000000,0.000000,0.375930,0.375876,0.598924,0.598903,0.000000,-5.500010,0.000000
125,1.000000,0.000000,0.000000,500.000000,0.000000,0.000000,0.000000,0.361855,0.361801,0.607533,0.607508,0.000000,-5.499910,0.000000
126,1.000000,0.000000,0.000000,500.000000,0.000000,0.000000,0.000000,0.347580,0.347531,0.615809,0.615783,0.000000,-5.500010,0.000000
127,1.000000,0.000000,0.000000,500.000000,0.000000,0.000000,0.000000,0.333116,0.333068,0.623752,0.623724,0.000000,-5.499910,0.000000
128,1.000000,0.000000,0.000000,500.000000,0.000000,0.000000,0.000000,0.318475,0.318426,0.631353,0.631326,0.000000,-5.500010,0.000000
129,1.000000,0.000000,0.000000,500.000000,0.000000,0.000000,0.000000,0.303661,0.303612,0.638610,0.638582,0.000000,-5.499910,0.000000
130,1.000000,0.000000,0.000000,500.000000,0.000000,0.000000,0.000000,0.288679,0.288631,0.645520,0.645492,0.000000,-5.500010,0.000000
131,1.000000,0.000000,0.000000,500.000000,0.000000,0.000000,0.000000,0.273541,0.273493,0.652077,0.652053,0.000000,-5.499910,0.000000
132,1.000000,0.000000,0.000000,500.000000,0.000000,0.000000,0.000000,0.258253,0.258204,0.658281,0.658257,0.000000,-5.500010,0.000000
133,1.000000,0.000000,0.000000,500.000000,0.000000,0.000000,0.000000,0.242823,0.242775,0.664130,0.664099,0.000000,-5.499910,0.000000
134,1.000000,0.000000,0.000000,500.000000,0.000000,0.000000,0.000000,0.227265,0.227216,0.669616,0.669580,0.000000,-5.500010,0.000000
135,1.000000,0.000000,0.000000,500.000000,0.000000,0.000000,0.000000,0.211582,0.211534,0.674734,0.674700,0.000000,-5.499910,0.000000
136,1.000000,0.000000,0.000000,500.000000,0.000000,0.000000,0.000000,0.195781,0.195737,0.679485,0.679453,0.000000,-5.500010,0.000000
137,1.000000,0.000000,0.000000,500.000000,0.000000,0.000000,0.000000,0.179877,0.179834,0.683868,0.683833,0.000000,-5.499910,0.000000
138,1.000000,0.000000,0.000000,500.000000,0.000000,0.000000,0.000000,0.163870,0.163832,0.687880,0.687842,0.000000,-5.500010,0.000000
139,1.000000,0.000000,0.000000,500.000000,0.000000,0.000000,0.000000,0.147778,0.147740,0.691515,0.691478,0.000000,-5.499910,0.000000
140,1.000000,0.000000,0.000000,500.000000,0.000000,0.000000,0.000000,0.131604,0.131566,0.694775,0.694736,0.000000,-5.500010,0.000000
141,1.000000,0.000000,0.000000,500.000000,0.000000,0.000000,0.000000,0.115360,0.115322,0.697655,0.697617,0.000000,-5.499910,0.000000
142,1.000000,0.000000,0.000000,500.000000,0.000000,0.000000,0.000000,0.099051,0.099014,0.700154,0.700120,0.000000,-5.500010,0.000000
143,1.000000,0.000000,0.000000,500.000000,0.000000,0.000000,0.000000,0.082689,0.082651,0.702274,0.702241,0.000000,-5.499910,0.000000
144,1.000000,0.000000,0.000000,500.000000,0.000000,0.000000,0.000000,0.066283,0.066246,0.704012,0.703978,0.000000,-5.500010,0.000000
145,1.000000,0.000000,0.000000,500.000000,0.000000,0.000000,0.000000,0.049840,0.049802,0.705367,0.705332,0.000000,-5.499910,0.000000
146,1.000000,0.000000,0.000000,500.000000,0.000000,0.000000,0.000000,0.033370,0.033332,0.706337,0.706303,0.000000,-5.500010,0.000000
147,1.000000,0.000000,0.000000,500.000000,0.000000,0.000000,0.000000,0.016883,0.016845,0.706920,0.706891,0.000000,-5.499910,0.000000
148,1.000000,0.000000,0.000000,500.000000,0.000000,0.000000,0.000000,0.000386,0.000348,0.707123,0.707090,0.000000,-5.500010,0.000000
149,1.000000,0.000000,0.000000,500.000000,0.000000,0.000000,0.000000,-0.016112,-0.016149,0.706938,0.706907,0.000000,-5.499910,0.000000
150,1.000000,0.000000,0.000000,500.000000,0.000000,0.000000,0.000000,-0.032598,-0.032636,0.706373,0.706335,0.000000,-5.500010,0.000000
151,1.000000,0.000000,0.000000,500.000000,0.000000,0.000000,0.000000,-0.049069,-0.049106,0.705421,0.705380,0.000000,-5.499910,0.000000
152,1.000000,0.000000,0.000000,500.000000,0.000000,0.000000,0.000000,-0.065512,-0.065550,0.704085,0.704043,0.000000,-5.500010,0.000000
153,1.000000,0.000000,0.000000,500.000000,0.000000,0.000000,0.000000,-0.081923,-0.081955,0.702365,0.702322,0.000000,-5.499910,0.000000
154,1.000000,0.000000,0.000000,500.000000,0.000000,0.000000,0.000000,-0.098285,-0.098318,0.700263,0.700218,0.000000,-5.500010,0.000000
155,1.000000,0.000000,0.000000,500.000000,0.000000,0.000000,0.000000,-0.114594,-0.114626,0.697783,0.697731,0.000000,-5.499910,0.000000
156,1.000000,0.000000,0.000000,500.000000,0.000000,0.000000,0.000000,-0.130843,-0.130876,0.694919,0.694866,0.000000,-5.500010,0.000000
157,1.000000,0.000000,0.000000,500.000000,0.000000,0.000000,0.000000,-0.147022,-0.147049,0.691677,0.691624,0.000000,-5.499910,0.000000
158,1.000000,0.000000,0.000000,500.000000,0.000000,0.000000,0.000000,-0.163120,-0.163147,0.688059,0.688004,0.000000,-5.500010,0.000000
159,1.000000,0.000000,0.000000,500.000000,0.000000,0.000000,0.000000,-0.179127,-0.179154,0.684066,0.684012,0.000000,-5.499910,0.000000
160,1.000000,0.000000,0.000000,500.000000,0.000000,0.000000,0.000000,-0.195036,-0.195063,0.679699,0.679647,0.000000,-5.500010,0.000000
161,1.000000,0.000000,0.000000,500.000000,0.000000,0.000000,0.000000,-0.210843,-0.210864,0.674965,0.674910,0.000000,-5.499910,0.000000
162,1.000000,0.000000,0.000000,500.000000,0.000000,0.000000,0.000000,-0.226531,-0.226553,0.669863,0.669807,0.000000,-5.500010,0.000000
163,1.000000,0.000000,0.000000,500.000000,0.000000,0.000000,0.000000,-0.242095,-0.242117,0.664399,0.664337,0.000000,-5.499910,0.000000
164,1.000000,0.000000,0.000000,500.000000,0.000000,0.000000,0.000000,-0.257530,-0.257551,0.658572,0.658505,0.000000,-5.500010,0.000000
165,1.000000,0.000000,0.000000,500.000000,0.000000,0.000000,0.000000,-0.272824,-0.272846,0.652384,0.652317,0.000000,-5.499910,0.000000
166,1.000000,0.000000,0.000000,500.000000,0.000000,0.000000,0.000000,-0.287973,-0.287989,0.645842,0.645773,0.000000,-5.500010,0.000000
167,1.000000,0.000000,0.000000,500.000000,0.000000,0.000000,0.000000,-0.302959,-0.302976,0.638949,0.638878,0.000000,-5.499910,0.000000
168,1.000000,0.000000,0.000000,500.000000,0.000000,0.000000,0.000000,-0.317784,-0.317801,0.631703,0.631639,0.000000,-5.500010,0.000000
169,1.000000,0.000000,0.000000,500.000000,0.000000,0.000000,0.000000,-0.332437,-0.332453,0.624114,0.624053,0.000000,-5.499910,0.000000
170,1.000000,0.000000,0.000000,500.000000,0.000000,0.000000,0.000000,-0.346906,-0.346922,0.616188,0.616129,0.000000,-5.500010,0.000000
171,1.000000,0.000000,0.000000,500.000000,0.000000,0.000000,0.000000,-0.361186,-0.361202,0.607925,0.607869,0.000000,-5.499910,0.000000
172,1.000000,0.000000,0.000000,500.000000,0.000000,0.000000,0.000000,-0.375272,-0.375288,0.599333,0.599275,0.000000,-5.500010,0.000000
173,1.000000,0.000000,0.000000,500.000000,0.000000,0.000000,0.000000,-0.389152,-0.389169,0.590412,0.590357,0.000000,-5.499910,0.000000
174,1.000000,0.000000,0.000000,500.000000,0.000000,0.000000,0.000000,-0.402823,-0.402834,0.581174,0.581116,0.000000,-5.500010,0.000000
175,1.000000,0.000000,0.000000,500.000000,0.000000,0.000000,0.000000,-0.416272,-0.416283,0.571614,0.571562,0.000000,-5.499910,0.000000
176,1.000000,0.000000,0.000000,500.000000,0.000000,0.000000,0.000000,-0.429495,-0.429506,0.561745,0.561695,0.000000,-5.500010,0.000000
177,1.000000,0.000000,0.000000,500.000000,0.000000,0.000000,0.000000,-0.442486,-0.442491,0.551574,0.551520,0.000000,-5.499910,0.000000
178,1.000000,0.000000,0.000000,500.000000,0.000000,0.000000,0.000000,-0.455234,-0.455239,0.541097,0.541049,0.000000,-5.500010,0.000000
179,1.000000,0.000000,0.000000,500.000000,0.000000,0.000000,0.000000,-0.467733,-0.467739,0.530328,0.530281,0.000000,-5.499910,0.000000
180,1.000000,0.000000,0.000000,500.000000,0.000000,0.000000,0.000000,-0.479980,-0.479985,0.519272,0.519221,0.000000,-5.500010,0.000000
181,1.000000,0.000000,0.000000,500.000000,0.000000,0.000000,0.000000,-0.491961,-0.491967,0.507936,0.507882,0.000000,-5.499910,0.000000
182,1.000000,0.000000,0.000000,500.000000,0.000000,0.000000,0.000000,0.503679,0.503679,-0.496320,-0.496267,0.000000,-5.500010,0.000000
183,1.000000,0.000000,0.000000,500.000000,0.000000,0.000000,0.000000,0.515118,0.515121,-0.484436,-0.484382,0.000000,-5.499910,0.000000
184,1.000000,0.000000,0.000000,500.000000,0.000000,0.000000,0.000000,0.526278,0.526283,-0.472286,-0.472233,0.000000,-5.500010,0.000000
185,1.000000,0.000000,0.000000,500.000000,0.000000,0.000000,0.000000,0.537154,0.537158,-0.459878,-0.459825,0.000000,-5.499910,0.000000
186,1.000000,0.000000,0.000000,500.000000,0.000000,0.000000,0.000000,0.547738,0.547736,-0.447222,-0.447168,0.000000,-5.500010,0.000000
187,1.000000,0.000000,0.000000,500.000000,0.000000,0.000000,0.000000,0.558020,0.558021,-0.434323,-0.434269,0.000000,-5.499910,0.000000
188,1.000000,0.000000,0.000000,500.000000,0.000000,0.000000,0.000000,0.568001,0.567999,-0.421187,-0.421133,0.000000,-5.500010,0.000000
189,1.000000,0.000000,0.000000,500.000000,0.000000,0.000000,0.000000,0.577677,0.577669,-0.407818,-0.407765,0.000000,-5.499910,0.000000
190,1.000000,0.000000,0.000000,500.000000,0.000000,0.000000,0.000000,0.587037,0.587023,-0.394229,-0.394175,0.000000,-5.500010,0.000000
191,1.000000,0.000000,0.000000,500.000000,0.000000,0.000000,0.000000,0.596078,0.596060,-0.380424,-0.380370,0.000000,-5.499910,0.000000
192,1.000000,0.000000,0.000000,500.000000,0.000000,0.000000,0.000000,0.604791,0.604772,-0.366413,-0.366359,0.000000,-5.500010,0.000000
193,1.000000,0.000000,0.000000,500.000000,0.000000,0.000000,0.000000,0.613175,0.613156,-0.352203,-0.352149,0.000000,-5.499910,0.000000
194,1.000000,0.000000,0.000000,500.000000,0.000000,0.000000,0.000000,0.621225,0.621205,-0.337799,-0.337751,0.000000,-5.500010,0.000000
195,1.000000,0.000000,0.000000,500.000000,0.000000,0.000000,0.000000,0.628941,0.628914,-0.323212,-0.323163,0.000000,-5.499910,0.000000
196,1.000000,0.000000,0.000000,500.000000,0.000000,0.000000,0.000000,0.636308,0.636284,-0.308451,-0.308403,0.000000,-5.500010,0.000000
197,1.000000,0.000000,0.000000,500.000000,0.000000,0.000000,0.000000,0.643328,0.643308,-0.293524,-0.293475,0.000000,-5.499910,0.000000
198,1.000000,0.000000,0.000000,500.000000,0.000000,0.000000,0.000000,0.650000,0.649981,-0.278435,-0.278386,0.000000,-5.500010,0.000000
199,1.000000,0.000000,0.000000,500.000000,0.000000,0.000000,0.000000,0.656320,0.656298,-0.263194,-0.263146,0.000000,-5.499910,0.000000
200,1.000000,0.000000,0.000000,500.000000,0.000000,0.000000,0.000000,0.662281,0.662260,-0.247808,-0.247765,0.000000,-5.500010,0.000000
201,1.000000,0.000000,0.000000,500.000000,0.000000,0.000000,0.000000,0.667884,0.667859,-0.232287,-0.232244,0.000000,-5.499910,0.000000
202,1.000000,0.000000,0.000000,500.000000,0.000000,0.000000,0.000000,0.673120,0.673098,-0.216642,-0.216599,0.000000,-5.500010,0.000000
203,1.000000,0.000000,0.000000,500.000000,0.000000,0.000000,0.000000,0.677990,0.677969,-0.200879,-0.200836,0.000000,-5.499910,0.000000
204,1.000000,0.000000,0.000000,500.000000,0.000000,0.000000,0.000000,0.682493,0.682469,-0.185007,-0.184964,0.000000,-5.500010,0.000000
205,1.000000,0.000000,0.000000,500.000000,0.000000,0.000000,0.000000,0.686627,0.686596,-0.169033,-0.168990,0.000000,-5.499910,0.000000
206,1.000000,0.000000,0.000000,500.000000,0.000000,0.000000,0.000000,0.690385,0.690350,-0.152967,-0.152924,0.000000,-5.500010,0.000000
207,1.000000,0.000000,0.000000,500.000000,0.000000,0.000000,0.000000,0.693763,0.693733,-0.136821,-0.136777,0.000000,-5.499910,0.000000
208,1.000000,0.000000,0.000000,500.000000,0.000000,0.000000,0.000000,0.696768,0.696733,-0.120598,-0.120555,0.000000,-5.500010,0.000000
209,1.000000,0.000000,0.000000,500.000000,0.000000,0.000000,0.000000,0.699393,0.699354,-0.104311,-0.104268,0.000000,-5.499910,0.000000
210,1.000000,0.000000,0.000000,500.000000,0.000000,0.000000,0.000000,0.701635,0.701599,-0.087965,-0.087922,0.000000,-5.500010,0.000000
211,1.000000,0.000000,0.000000,500.000000,0.000000,0.000000,0.000000,0.703495,0.703460,-0.071570,-0.071527,0.000000,-5.499910,0.000000
212,1.000000,0.000000,0.000000,500.000000,0.000000,0.000000,0.000000,0.704973,0.704938,-0.055138,-0.055095,0.000000,-5.500010,0.000000
213,1.000000,0.000000,0.000000,500.000000,0.000000,0.000000,0.000000,0.706066,0.706033,-0.038673,-0.038635,0.000000,-5.499910,0.000000
214,1.000000,0.000000,0.000000,500.000000,0.000000,0.000000,0.000000,0.706778,0.706740,-0.022192,-0.022154,0.000000,-5.500010,0.000000
215,1.000000,0.000000,0.000000,500.000000,0.000000,0.000000,0.000000,0.707104,0.707064,-0.005694,-0.005656,0.000000,-5.499910,0.000000
216,1.000000,0.000000,0.000000,500.000000,0.000000,0.000000,0.000000,0.707044,0.707004,0.010803,0.010841,0.000000,-5.500010,0.000000
217,1.000000,0.000000,0.000000,500.000000,0.000000,0.000000,0.000000,0.706602,0.706556,0.027295,0.027333,0.000000,-5.499910,0.000000
218,1.000000,0.000000,0.000000,500.000000,0.000000,0.000000,0.000000,0.705773,0.705726,0.043771,0.043809,0.000000,-5.500010,0.000000
219,1.000000,0.000000,0.000000,500.000000,0.000000,0.000000,0.000000,0.704560,0.704512,0.060225,0.060263,0.000000,-5.499910,0.000000
220,1.000000,0.000000,0.000000,500.000000,0.000000,0.000000,0.000000,0.702962,0.702915,0.076647,0.076685,0.000000,-5.500010,0.000000
221,1.000000,0.000000,0.000000,500.000000,0.000000,0.000000,0.000000,0.700982,0.700935,0.093026,0.093063,0.000000,-5.499910,0.000000
222,1.000000,0.000000,0.000000,500.000000,0.000000,0.000000,0.000000,0.698621,0.698572,0.109356,0.109393,0.000000,-5.500010,0.000000
223,1.000000,0.000000,0.000000,500.000000,0.000000,0.000000,0.000000,0.695877,0.695832,0.125626,0.125664,0.000000,-5.499910,0.000000
224,1.000000,0.000000,0.000000,500.000000,0.000000,0.000000,0.000000,0.692759,0.692708,0.141827,0.141865,0.000000,-5.500010,0.000000
225,1.000000,0.000000,0.000000,500.000000,0.000000,0.000000,0.000000,0.689258,0.689212,0.157952,0.157990,0.000000,-5.499910,0.000000
226,1.000000,0.000000,0.000000,500.000000,0.000000,0.000000,0.000000,0.685385,0.685339,0.173991,0.174029,0.000000,-5.500010,0.000000
227,1.000000,0.000000,0.000000,500.000000,0.000000,0.000000,0.000000,0.681138,0.681093,0.189933,0.189970,0.000000,-5.499910,0.000000
228,1.000000,0.000000,0.000000,500.000000,0.000000,0.000000,0.000000,0.676522,0.676475,0.205772,0.205810,0.000000,-5.500010,0.000000
229,1.000000,0.000000,0.000000,500.000000,0.000000,0.000000,0.000000,0.671537,0.671490,0.221498,0.221535,0.000000,-5.499910,0.000000
230,1.000000,0.000000,0.000000,500.000000,0.000000,0.000000,0.000000,0.666186,0.666138,0.237105,0.237143,0.000000,-5.500010,0.000000
231,1.000000,0.000000,0.000000,500.000000,0.000000,0.000000,0.000000,0.660472,0.660425,0.252583,0.252620,0.000000,-5.499910,0.000000
232,1.000000,0.000000,0.000000,500.000000,0.000000,0.000000,0.000000,0.654400,0.654351,0.267925,0.267958,0.000000,-5.500010,0.000000
233,1.000000,0.000000,0.000000,500.000000,0.000000,0.000000,0.000000,0.647972,0.647920,0.283123,0.283150,0.000000,-5.499910,0.000000
234,1.000000,0.000000,0.000000,500.000000,0.000000,0.000000,0.000000,0.641188,0.641139,0.298163,0.298190,0.000000,-5.500010,0.000000
235,1.000000,0.000000,0.000000,500.000000,0.000000,0.000000,0.000000,0.634056,0.634007,0.313042,0.313069,0.000000,-5.499910,0.000000
236,1.000000,0.000000,0.000000,500.000000,0.000000,0.000000,0.000000,0.626581,0.626530,0.327749,0.327776,0.000000,-5.500010,0.000000
237,1.000000,0.000000,0.000000,500.000000,0.000000,0.000000,0.000000,0.618764,0.618713,0.342277,0.342304,0.000000,-5.499910,0.000000
238,1.000000,0.000000,0.000000,500.000000,0.000000,0.000000,0.000000,0.610613,0.610556,0.356622,0.356643,0.000000,-5.500010,0.000000
239,1.000000,0.000000,0.000000,500.000000,0.000000,0.000000,0.000000,0.602126,0.602070,0.370772,0.370788,0.000000,-5.499910,0.000000
240,1.000000,0.000000,0.000000,500.000000,0.000000,0.000000,0.000000,0.593314,0.593255,0.384718,0.384734,0.000000,-5.500010,0.000000
241,1.000000,0.000000,0.000000,500.000000,0.000000,0.000000,0.000000,0.584180,0.584116,0.398453,0.398469,0.000000,-5.499910,0.000000
242,1.000000,0.000000,0.000000,500.000000,0.000000,0.000000,0.000000,0.574727,0.574659,0.411973,0.411989,0.000000,-5.500010,0.000000
243,1.000000,0.000000,0.000000,500.000000,0.000000,0.000000,0.000000,0.564961,0.564889,0.425271,0.425281,0.000000,-5.499910,0.000000
244,1.000000,0.000000,0.000000,500.000000,0.000000,0.000000,0.000000,0.554889,0.554811,0.438337,0.438342,0.000000,-5.500010,0.000000
245,1.000000,0.000000,0.000000,500.000000,0.000000,0.000000,0.000000,0.544512,0.544431,0.451166,0.451166,0.000000,-5.499910,0.000000
246,1.000000,0.000000,0.000000,500.000000,0.000000,0.000000,0.000000,0.533839,0.533755,0.463747,0.463747,0.000000,-5.500010,0.000000
247,1.000000,0.000000,0.000000,500.000000,0.000000,0.000000,0.000000,0.522872,0.522793,0.476074,0.476074,0.000000,-5.499910,0.000000
248,1.000000,0.000000,0.000000,500.000000,0.000000,0.000000,0.000000,0.511622,0.511545,0.488142,0.488142,0.000000,-5.500010,0.000000
249,1.000000,0.000000,0.000000,500.000000,0.000000,0.000000,0.000000,0.500092,0.500016,0.499946,0.499946,0.000000,-5.499910,0.000000
250,1.000000,0.000000,0.000000,500.000000,0.000000,0.000000,0.000000,0.488293,0.488217,0.511476,0.511474,0.000000,-5.500010,0.000000
251,1.000000,0.000000,0.000000,500.000000,0.000000,0.000000,0.000000,0.476225,0.476149,0.522730,0.522728,0.000000,-5.499910,0.000000
252,1.000000,0.000000,0.000000,500.000000,0.000000,0.000000,0.000000,0.463898,0.463822,0.533701,0.533696,0.000000,-5.500010,0.000000
253,1.000000,0.000000,0.000000,500.000000,0.000000,0.000000,0.000000,0.451322,0.451247,0.544374,0.544372,0.000000,-5.499910,0.000000
254,1.000000,0.000000,0.000000,500.000000,0.000000,0.000000,0.000000,0.438499,0.438423,0.554756,0.554752,0.000000,-5.500010,0.000000
255,1.000000,0.000000,0.000000,500.000000,0.000000,0.000000,0.000000,0.425438,0.425362,0.564834,0.564829,0.000000,-5.499910,0.000000
256,1.000000,0.000000,0.000000,500.000000,0.000000,0.000000,0.000000,0.412145,0.412070,0.574605,0.574599,0.000000,-5.500010,0.000000
257,1.000000,0.000000,0.000000,500.000000,0.000000,0.000000,0.000000,0.398626,0.398550,0.584066,0.584056,0.000000,-5.499910,0.000000
258,1.000000,0.000000,0.000000,500.000000,0.000000,0.000000,0.000000,0.384890,0.384815,0.593208,0.593195,0.000000,-5.500010,0.000000
259,1.000000,0.000000,0.000000,500.000000,0.000000,0.000000,0.000000,0.370945,0.370869,0.602029,0.602010,0.000000,-5.499910,0.000000
260,1.000000,0.000000,0.000000,500.000000,0.000000,0.000000,0.000000,0.356800,0.356724,0.610521,0.610496,0.000000,-5.500010,0.000000
261,1.000000,0.000000,0.000000,500.000000,0.000000,0.000000,0.000000,0.342460,0.342385,0.618677,0.618653,0.000000,-5.499910,0.000000
262,1.000000,0.000000,0.000000,500.000000,0.000000,0.000000,0.000000,0.327932,0.327857,0.626503,0.626470,0.000000,-5.500010,0.000000
263,1.000000,0.000000,0.000000,500.000000,0.000000,0.000000,0.000000,0.313226,0.313150,0.633985,0.633948,0.000000,-5.499910,0.000000
264,1.000000,0.000000,0.000000,500.000000,0.000000,0.000000,0.000000,0.298347,0.298277,0.641122,0.641080,0.000000,-5.500010,0.000000
265,1.000000,0.000000,0.000000,500.000000,0.000000,0.000000,0.000000,0.283306,0.283236,0.647908,0.647866,0.000000,-5.499910,0.000000
266,1.000000,0.000000,0.000000,500.000000,0.000000,0.000000,0.000000,0.268114,0.268044,0.654341,0.654297,0.000000,-5.500010,0.000000
267,1.000000,0.000000,0.000000,500.000000,0.000000,0.000000,0.000000,0.252777,0.252707,0.660419,0.660371,0.000000,-5.499910,0.000000
268,1.000000,0.000000,0.000000,500.000000,0.000000,0.000000,0.000000,0.237299,0.237229,0.666135,0.666090,0.000000,-5.500010,0.000000
269,1.000000,0.000000,0.000000,500.000000,0.000000,0.000000,0.000000,0.221692,0.221622,0.671493,0.671442,0.000000,-5.499910,0.000000
270,1.000000,0.000000,0.000000,500.000000,0.000000,0.000000,0.000000,0.205966,0.205896,0.676480,0.676432,0.000000,-5.500010,0.000000
271,1.000000,0.000000,0.000000,500.000000,0.000000,0.000000,0.000000,0.190127,0.190057,0.681103,0.681050,0.000000,-5.499910,0.000000
272,1.000000,0.000000,0.000000,500.000000,0.000000,0.000000,0.000000,0.174185,0.174115,0.685351,0.685301,0.000000,-5.500010,0.000000
273,1.000000,0.000000,0.000000,500.000000,0.000000,0.000000,0.000000,0.158146,0.158082,0.689230,0.689174,0.000000,-5.499910,0.000000
274,1.000000,0.000000,0.000000,500.000000,0.000000,0.000000,0.000000,0.142021,0.141962,0.692732,0.692676,0.000000,-5.500010,0.000000
275,1.000000,0.000000,0.000000,500.000000,0.000000,0.000000,0.000000,0.125821,0.125761,0.695857,0.695799,0.000000,-5.499910,0.000000
276,1.000000,0.000000,0.000000,500.000000,0.000000,0.000000,0.000000,0.109550,0.109496,0.698601,0.698545,0.000000,-5.500010,0.000000
277,1.000000,0.000000,0.000000,500.000000,0.000000,0.000000,0.000000,0.093220,0.093171,0.700969,0.700908,0.000000,-5.499910,0.000000
278,1.000000,0.000000,0.000000,500.000000,0.000000,0.000000,0.000000,0.076841,0.076792,0.702950,0.702893,0.000000,-5.500010,0.000000
279,1.000000,0.000000,0.000000,500.000000,0.000000,0.000000,0.000000,0.060419,0.060371,0.704550,0.704496,0.000000,-5.499910,0.000000
280,1.000000,0.000000,0.000000,500.000000,0.000000,0.000000,0.000000,0.043965,0.043917,0.705765,0.705715,0.000000,-5.500010,0.000000
281,1.000000,0.000000,0.000000,500.000000,0.000000,0.000000,0.000000,0.027489,0.027441,0.706601,0.706546,0.000000,-5.499910,0.000000
282,1.000000,0.000000,0.000000,500.000000,0.000000,0.000000,0.000000,0.010997,0.010949,0.707050,0.706993,0.000000,-5.500010,0.000000
283,1.000000,0.000000,0.000000,500.000000,0.000000,0.000000,0.000000,-0.005500,-0.005549,0.707112,0.707058,0.000000,-5.499910,0.000000
284,1.000000,0.000000,0.000000,500.000000,0.000000,0.000000,0.000000,-0.021997,-0.022041,0.706793,0.706734,0.000000,-5.500010,0.000000
285,1.000000,0.000000,0.000000,500.000000,0.000000,0.000000,0.000000,-0.038484,-0.038522,0.706088,0.706028,0.000000,-5.499910,0.000000
286,1.000000,0.000000,0.000000,500.000000,0.000000,0.000000,0.000000,-0.054949,-0.054981,0.704996,0.704938,0.000000,-5.500010,0.000000
287,1.000000,0.000000,0.000000,500.000000,0.000000,0.000000,0.000000,-0.071381,-0.071414,0.703521,0.703465,0.000000,-5.499910,0.000000
288,1.000000,0.000000,0.000000,500.000000,0.000000,0.000000,0.000000,-0.087776,-0.087809,0.701662,0.701609,0.000000,-5.500010,0.000000
289,1.000000,0.000000,0.000000,500.000000,0.000000,0.000000,0.000000,-0.104123,-0.104155,0.699422,0.699371,0.000000,-5.499910,0.000000
290,1.000000,0.000000,0.000000,500.000000,0.000000,0.000000,0.000000,-0.120410,-0.120442,0.696804,0.696749,0.000000,-5.500010,0.000000
291,1.000000,0.000000,0.000000,500.000000,0.000000,0.000000,0.000000,-0.136632,-0.136664,0.693806,0.693749,0.000000,-5.499910,0.000000
292,1.000000,0.000000,0.000000,500.000000,0.000000,0.000000,0.000000,-0.152779,-0.152811,0.690430,0.690372,0.000000,-5.500010,0.000000
293,1.000000,0.000000,0.000000,500.000000,0.000000,0.000000,0.000000,-0.168844,-0.168877,0.686680,0.686617,0.000000,-5.499910,0.000000
294,1.000000,0.000000,0.000000,500.000000,0.000000,0.000000,0.000000,-0.184818,-0.184851,0.682554,0.682490,0.000000,-5.500010,0.000000
295,1.000000,0.000000,0.000000,500.000000,0.000000,0.000000,0.000000,-0.200690,-0.200722,0.678058,0.677991,0.000000,-5.499910,0.000000
296,1.000000,0.000000,0.000000,500.000000,0.000000,0.000000,0.000000,-0.216454,-0.216486,0.673190,0.673125,0.000000,-5.500010,0.000000
297,1.000000,0.000000,0.000000,500.000000,0.000000,0.000000,0.000000,-0.232099,-0.232131,0.667957,0.667892,0.000000,-5.499910,0.000000
298,1.000000,0.000000,0.000000,500.000000,0.000000,0.000000,0.000000,-0.247619,-0.247652,0.662361,0.662292,0.000000,-5.500010,0.000000
299,1.000000,0.000000,0.000000,500.000000,0.000000,0.000000,0.000000,-0.263005,-0.263038,0.656401,0.656336,0.000000,-5.499910,0.000000
300,1.000000,0.000000,0.000000,500.000000,0.000000,0.000000,0.000000,-0.278246,-0.278278,0.650089,0.650019,0.000000,-5.500010,0.000000
301,1.000000,0.000000,0.000000,500.000000,0.000000,0.000000,0.000000,-0.293335,-0.293367,0.643420,0.643351,0.000000,-5.499910,0.000000
302,1.000000,0.000000,0.000000,500.000000,0.000000,0.000000,0.000000,-0.308268,-0.308295,0.636401,0.636332,0.000000,-5.500010,0.000000
303,1.000000,0.000000,0.000000,500.000000,0.000000,0.000000,0.000000,-0.323034,-0.323055,0.629034,0.628968,0.000000,-5.499910,0.000000
304,1.000000,0.000000,0.000000,500.000000,0.000000,0.000000,0.000000,-0.337621,-0.337643,0.621326,0.621259,0.000000,-5.500010,0.000000
305,1.000000,0.000000,0.000000,500.000000,0.000000,0.000000,0.000000,-0.352025,-0.352047,0.613282,0.613210,0.000000,-5.499910,0.000000
306,1.000000,0.000000,0.000000,500.000000,0.000000,0.000000,0.000000,-0.366235,-0.366257,0.604902,0.604832,0.000000,-5.500010,0.000000
307,1.000000,0.000000,0.000000,500.000000,0.000000,0.000000,0.000000,-0.380246,-0.380267,0.596193,0.596125,0.000000,-5.499910,0.000000
308,1.000000,0.000000,0.000000,500.000000,0.000000,0.000000,0.000000,-0.394051,-0.394073,0.587161,0.587088,0.000000,-5.500010,0.000000
309,1.000000,0.000000,0.000000,500.000000,0.000000,0.000000,0.000000,-0.407640,-0.407662,0.577810,0.577734,0.000000,-5.499910,0.000000
310,1.000000,0.000000,0.000000,500.000000,0.000000,0.000000,0.000000,-0.421009,-0.421030,0.568142,0.568066,0.000000,-5.500010,0.000000
311,1.000000,0.000000,0.000000,500.000000,0.000000,0.000000,0.000000,-0.434151,-0.434167,0.558164,0.558091,0.000000,-5.499910,0.000000
312,1.000000,0.000000,0.000000,500.000000,0.000000,0.000000,0.000000,-0.447055,-0.447071,0.547882,0.547809,0.000000,-5.500010,0.000000
313,1.000000,0.000000,0.000000,500.000000,0.000000,0.000000,0.000000,-0.459717,-0.459733,0.537300,0.537229,0.000000,-5.499910,0.000000
314,1.000000,0.000000,0.000000,500.000000,0.000000,0.000000,0.000000,-0.472125,-0.472141,0.526429,0.526359,0.000000,-5.500010,0.000000
315,1.000000,0.000000,0.000000,500.000000,0.000000,0.000000,0.000000,-0.484279,-0.484290,0.515270,0.515202,0.000000,-5.499910,0.000000
316,1.000000,0.000000,0.000000,500.000000,0.000000,0.000000,0.000000,-0.496169,-0.496180,0.503827,0.503765,0.000000,-5.500010,0.000000
317,1.000000,0.000000,0.000000,500.000000,0.000000,0.000000,0.000000,0.507790,0.507798,-0.492112,-0.492053,0.000000,-5.499910,0.000000
318,1.000000,0.000000,0.000000,500.000000,0.000000,0.000000,0.000000,0.519135,0.519139,-0.480131,-0.480071,0.000000,-5.500010,0.000000
319,1.000000,0.000000,0.000000,500.000000,0.000000,0.000000,0.000000,0.530194,0.530196,-0.467890,-0.467830,0.000000,-5.499910,0.000000
320,1.000000,0.000000,0.000000,500.000000,0.000000,0.000000,0.000000,0.540968,0.540960,-0.455395,-0.455336,0.000000,-5.500010,0.000000
321,1.000000,0.000000,0.000000,500.000000,0.000000,0.000000,0.000000,0.551444,0.551434,-0.442653,-0.442593,0.000000,-5.499910,0.000000
322,1.000000,0.000000,0.000000,500.000000,0.000000,0.000000,0.000000,0.561621,0.561608,-0.429667,-0.429608,0.000000,-5.500010,0.000000
323,1.000000,0.000000,0.000000,500.000000,0.000000,0.000000,0.000000,0.571487,0.571481,-0.416450,-0.416391,0.000000,-5.499910,0.000000
324,1.000000,0.000000,0.000000,500.000000,0.000000,0.000000,0.000000,0.581043,0.581041,-0.403006,-0.402947,0.000000,-5.500010,0.000000
325,1.000000,0.000000,0.000000,500.000000,0.000000,0.000000,0.000000,0.590288,0.590282,-0.389341,-0.389282,0.000000,-5.499910,0.000000
326,1.000000,0.000000,0.000000,500.000000,0.000000,0.000000,0.000000,0.599207,0.599205,-0.375466,-0.375406,0.000000,-5.500010,0.000000
327,1.000000,0.000000,0.000000,500.000000,0.000000,0.000000,0.000000,0.607803,0.607799,-0.361385,-0.361326,0.000000,-5.499910,0.000000
328,1.000000,0.000000,0.000000,500.000000,0.000000,0.000000,0.000000,0.616070,0.616064,-0.347105,-0.347046,0.000000,-5.500010,0.000000
329,1.000000,0.000000,0.000000,500.000000,0.000000,0.000000,0.000000,0.624001,0.623994,-0.332636,-0.332577,0.000000,-5.499910,0.000000
330,1.000000,0.000000,0.000000,500.000000,0.000000,0.000000,0.000000,0.631588,0.631585,-0.317989,-0.317930,0.000000,-5.500010,0.000000
331,1.000000,0.000000,0.000000,500.000000,0.000000,0.000000,0.000000,0.638834,0.638830,-0.303170,-0.303110,0.000000,-5.499910,0.000000
332,1.000000,0.000000,0.000000,500.000000,0.000000,0.000000,0.000000,0.645731,0.645730,-0.288183,-0.288124,0.000000,-5.500010,0.000000
333,1.000000,0.000000,0.000000,500.000000,0.000000,0.000000,0.000000,0.652280,0.652274,-0.273040,-0.272980,0.000000,-5.499910,0.000000
334,1.000000,0.000000,0.000000,500.000000,0.000000,0.000000,0.000000,0.658473,0.658467,-0.257745,-0.257686,0.000000,-5.500010,0.000000
335,1.000000,0.000000,0.000000,500.000000,0.000000,0.000000,0.000000,0.664309,0.664299,-0.242311,-0.242252,0.000000,-5.499910,0.000000
336,1.000000,0.000000,0.000000,500.000000,0.000000,0.000000,0.000000,0.669782,0.669769,-0.226747,-0.226688,0.000000,-5.500010,0.000000
337,1.000000,0.000000,0.000000,500.000000,0.000000,0.000000,0.000000,0.674887,0.674878,-0.211059,-0.210999,0.000000,-5.499910,0.000000
338,1.000000,0.000000,0.000000,500.000000,0.000000,0.000000,0.000000,0.679629,0.679615,-0.195257,-0.195198,0.000000,-5.500010,0.000000
339,1.000000,0.000000,0.000000,500.000000,0.000000,0.000000,0.000000,0.683999,0.683985,-0.179348,-0.179289,0.000000,-5.499910,0.000000
340,1.000000,0.000000,0.000000,500.000000,0.000000,0.000000,0.000000,0.687996,0.687982,-0.163342,-0.163282,0.000000,-5.500010,0.000000
341,1.000000,0.000000,0.000000,500.000000,0.000000,0.000000,0.000000,0.691623,0.691602,-0.147243,-0.147184,0.000000,-5.499910,0.000000
342,1.000000,0.000000,0.000000,500.000000,0.000000,0.000000,0.000000,0.694867,0.694850,-0.131070,-0.131010,0.000000,-5.500010,0.000000
343,1.000000,0.000000,0.000000,500.000000,0.000000,0.000000,0.000000,0.697734,0.697720,-0.114821,-0.114761,0.000000,-5.499910,0.000000
344,1.000000,0.000000,0.000000,500.000000,0.000000,0.000000,0.000000,0.700223,0.700207,-0.098512,-0.098453,0.000000,-5.500010,0.000000
345,1.000000,0.000000,0.000000,500.000000,0.000000,0.000000,0.000000,0.702333,0.702311,-0.082150,-0.082090,0.000000,-5.499910,0.000000
346,1.000000,0.000000,0.000000,500.000000,0.000000,0.000000,0.000000,0.704056,0.704037,-0.065744,-0.065685,0.000000,-5.500010,0.000000
347,1.000000,0.000000,0.000000,500.000000,0.000000,0.000000,0.000000,0.705396,0.705380,-0.049301,-0.049241,0.000000,-5.499910,0.000000
348,1.000000,0.000000,0.000000,500.000000,0.000000,0.000000,0.000000,0.706356,0.706335,-0.032830,-0.032771,0.000000,-5.500010,0.000000
349,1.000000,0.000000,0.000000,500.000000,0.000000,0.000000,0.000000,0.706930,0.706907,-0.016344,-0.016284,0.000000,-5.499910,0.000000
350,1.000000,0.000000,0.000000,500.000000,0.000000,0.000000,0.000000,0.707117,0.707096,0.000154,0.000213,0.000000,-5.500010,0.000000
351,1.000000,0.000000,0.000000,500.000000,0.000000,0.000000,0.000000,0.706924,0.706896,0.016651,0.016710,0.000000,-5.499910,0.000000
352,1.000000,0.000000,0.000000,500.000000,0.000000,0.000000,0.000000,0.706343,0.706314,0.033138,0.033197,0.000000,-5.500010,0.000000
353,1.000000,0.000000,0.000000,500.000000,0.000000,0.000000,0.000000,0.705377,0.705348,0.049608,0.049667,0.000000,-5.499910,0.000000
354,1.000000,0.000000,0.000000,500.000000,0.000000,0.000000,0.000000,0.704025,0.703999,0.066051,0.066111,0.000000,-5.500010,0.000000
355,1.000000,0.000000,0.000000,500.000000,0.000000,0.000000,0.000000,0.702291,0.702268,0.082457,0.082516,0.000000,-5.499910,0.000000
356,1.000000,0.000000,0.000000,500.000000,0.000000,0.000000,0.000000,0.700174,0.700153,0.098820,0.098879,0.000000,-5.500010,0.000000
357,1.000000,0.000000,0.000000,500.000000,0.000000,0.000000,0.000000,0.697678,0.697655,0.115128,0.115187,0.000000,-5.499910,0.000000
358,1.000000,0.000000,0.000000,500.000000,0.000000,0.000000,0.000000,0.694801,0.694780,0.131372,0.131431,0.000000,-5.500010,0.000000
359,1.000000,0.000000,0.000000,500.000000,0.000000,0.000000,0.000000,0.691545,0.691526,0.147546,0.147605,0.000000,-5.499910,0.000000
360,1.000000,0.000000,0.000000,500.000000,0.000000,0.000000,0.000000,0.687913,0.687896,0.163638,0.163698,0.000000,-5.500010,0.000000
361,1.000000,0.000000,0.000000,500.000000,0.000000,0.000000,0.000000,0.683909,0.683887,0.179645,0.179704,0.000000,-5.499910,0.000000
362,1.000000,0.000000,0.000000,500.000000,0.000000,0.000000,0.000000,0.679534,0.679507,0.195554,0.195608,0.000000,-5.500010,0.000000
363,1.000000,0.000000,0.000000,500.000000,0.000000,0.000000,0.000000,0.674785,0.674759,0.211355,0.211409,0.000000,-5.499910,0.000000
364,1.000000,0.000000,0.000000,500.000000,0.000000,0.000000,0.000000,0.669668,0.669645,0.227044,0.227092,0.000000,-5.500010,0.000000
365,1.000000,0.000000,0.000000,500.000000,0.000000,0.000000,0.000000,0.664188,0.664164,0.242608,0.242656,0.000000,-5.499910,0.000000
366,1.000000,0.000000,0.000000,500.000000,0.000000,0.000000,0.000000,0.658348,0.658321,0.258037,0.258085,0.000000,-5.500010,0.000000
367,1.000000,0.000000,0.000000,500.000000,0.000000,0.000000,0.000000,0.652147,0.652123,0.273326,0.273374,0.000000,-5.499910,0.000000
368,1.000000,0.000000,0.000000,500.000000,0.000000,0.000000,0.000000,0.645594,0.645568,0.288464,0.288512,0.000000,-5.500010,0.000000
369,1.000000,0.000000,0.000000,500.000000,0.000000,0.000000,0.000000,0.638688,0.638663,0.303445,0.303494,0.000000,-5.499910,0.000000
370,1.000000,0.000000,0.000000,500.000000,0.000000,0.000000,0.000000,0.631435,0.631407,0.318265,0.318313,0.000000,-5.500010,0.000000
371,1.000000,0.000000,0.000000,500.000000,0.000000,0.000000,0.000000,0.623833,0.623811,0.332911,0.332960,0.000000,-5.499910,0.000000
372,1.000000,0.000000,0.000000,500.000000,0.000000,0.000000,0.000000,0.615894,0.615875,0.347375,0.347424,0.000000,-5.500010,0.000000
373,1.000000,0.000000,0.000000,500.000000,0.000000,0.000000,0.000000,0.607624,0.607599,0.361650,0.361698,0.000000,-5.499910,0.000000
374,1.000000,0.000000,0.000000,500.000000,0.000000,0.000000,0.000000,0.599025,0.598995,0.375725,0.375773,0.000000,-5.500010,0.000000
375,1.000000,0.000000,0.000000,500.000000,0.000000,0.000000,0.000000,0.590094,0.590066,0.389600,0.389643,0.000000,-5.499910,0.000000
376,1.000000,0.000000,0.000000,500.000000,0.000000,0.000000,0.000000,0.580847,0.580814,0.403260,0.403303,0.000000,-5.500010,0.000000
377,1.000000,0.000000,0.000000,500.000000,0.000000,0.000000,0.000000,0.571278,0.571249,0.416704,0.416741,0.000000,-5.499910,0.000000
378,1.000000,0.000000,0.000000,500.000000,0.000000,0.000000,0.000000,0.561400,0.561371,0.429921,0.429953,0.000000,-5.500010,0.000000
379,1.000000,0.000000,0.000000,500.000000,0.000000,0.000000,0.000000,0.551220,0.551186,0.442901,0.442933,0.000000,-5.499910,0.000000
380,1.000000,0.000000,0.000000,500.000000,0.000000,0.000000,0.000000,0.540738,0.540704,0.455638,0.455671,0.000000,-5.500010,0.000000
381,1.000000,0.000000,0.000000,500.000000,0.000000,0.000000,0.000000,0.529961,0.529925,0.468132,0.468159,0.000000,-5.499910,0.000000
382,1.000000,0.000000,0.000000,500.000000,0.000000,0.000000,0.000000,0.518894,0.518860,0.480368,0.480395,0.000000,-5.500010,0.000000
383,1.000000,0.000000,0.000000,500.000000,0.000000,0.000000,0.000000,0.507545,0.507509,0.492344,0.492371,0.000000,-5.499910,0.000000
384,1.000000,0.000000,0.000000,500.000000,0.000000,0.000000,0.000000,0.495921,0.495883,0.504051,0.504077,0.000000,-5.500010,0.000000
385,1.000000,0.000000,0.000000,500.000000,0.000000,0.000000,0.000000,0.484026,0.483988,0.515483,0.515512,0.000000,-5.499910,0.000000
386,1.000000,0.000000,0.000000,500.000000,0.000000,0.000000,0.000000,0.471866,0.471828,0.526634,0.526667,0.000000,-5.500010,0.000000
387,1.000000,0.000000,0.000000,500.000000,0.000000,0.000000,0.000000,0.459452,0.459415,0.537499,0.537528,0.000000,-5.499910,0.000000
388,1.000000,0.000000,0.000000,500.000000,0.000000,0.000000,0.000000,0.446785,0.446747,0.548073,0.548102,0.000000,-5.500010,0.000000
389,1.000000,0.000000,0.000000,500.000000,0.000000,0.000000,0.000000,0.433875,0.433838,0.558350,0.558374,0.000000,-5.499910,0.000000
390,1.000000,0.000000,0.000000,500.000000,0.000000,0.000000,0.000000,0.420728,0.420691,0.568320,0.568348,0.000000,-5.500010,0.000000
391,1.000000,0.000000,0.000000,500.000000,0.000000,0.000000,0.000000,0.407354,0.407317,0.577982,0.578007,0.000000,-5.499910,0.000000
392,1.000000,0.000000,0.000000,500.000000,0.000000,0.000000,0.000000,0.393760,0.393722,0.587326,0.587354,0.000000,-5.500010,0.000000
393,1.000000,0.000000,0.000000,500.000000,0.000000,0.000000,0.000000,0.379949,0.379911,0.596351,0.596382,0.000000,-5.499910,0.000000
394,1.000000,0.000000,0.000000,500.000000,0.000000,0.000000,0.000000,0.365933,0.365895,0.605053,0.605082,0.000000,-5.500010,0.000000
395,1.000000,0.000000,0.000000,500.000000,0.000000,0.000000,0.000000,0.351718,0.351680,0.613426,0.613453,0.000000,-5.499910,0.000000
396,1.000000,0.000000,0.000000,500.000000,0.000000,0.000000,0.000000,0.337308,0.337270,0.621464,0.621494,0.000000,-5.500010,0.000000
397,1.000000,0.000000,0.000000,500.000000,0.000000,0.000000,0.000000,0.322715,0.322677,0.629162,0.629197,0.000000,-5.499910,0.000000
398,1.000000,0.000000,0.000000,500.000000,0.000000,0.000000,0.000000,0.307950,0.307912,0.636521,0.636552,0.000000,-5.500010,0.000000
399,1.000000,0.000000,0.000000,500.000000,0.000000,0.000000,0.000000,0.293017,0.292979,0.643534,0.643559,0.000000,-5.499910,0.000000
400,1.000000,0.000000,0.000000,500.000000,0.000000,0.000000,0.000000,0.277922,0.277884,0.650197,0.650218,0.000000,-5.500010,0.000000
401,1.000000,0.000000,0.000000,500.000000,0.000000,0.000000,0.000000,0.262676,0.262639,0.656503,0.656525,0.000000,-5.499910,0.000000
