frame,input.Throttle,car.Location.X,car.Location.Y,car.Location.Z,car.LinearVelocity.X,car.LinearVelocity.Y,car.LinearVelocity.Z,car.Quaternion.X,car.Quaternion.Y,car.Quaternion.Z,car.Quaternion.W,car.AngularVelocity.X,car.AngularVelocity.Y,car.AngularVelocity.Z
0,0.000000,0.180000,0.000000,17.000000,0.000000,0.000000,0.341000,0.000003,0.004815,0.000003,0.999988,0.000000,-0.000410,0.000000
1,0.000000,0.180000,0.000000,17.000000,0.000000,0.000000,0.341000,0.000003,0.004815,0.000003,0.999988,0.000000,-0.000410,0.000000
2,0.000000,0.180000,0.000000,17.000000,0.000000,0.000000,0.341000,0.000003,0.004815,0.000003,0.999988,0.000000,-0.000410,0.000000
3,0.000000,0.180000,0.000000,17.000000,0.000000,0.000000,0.341000,0.000003,0.004815,0.000003,0.999988,0.000000,-0.000410,0.000000
4,1.000000,0.290000,0.000000,17.000000,13.331000,0.000000,0.341000,0.000003,0.004809,0.000003,0.999988,0.000000,-0.001210,0.000000
5,1.000000,0.510000,0.000000,17.000000,26.550999,0.000000,0.341000,0.000003,0.004804,0.000003,0.999988,0.000000,-0.001610,0.000000
6,1.000000,0.840000,0.000000,17.000000,39.650997,0.000000,0.341000,0.000003,0.004799,0.000003,0.999988,0.000000,-0.001810,0.000000
7,1.000000,1.280000,0.000000,17.000000,52.640999,0.000000,0.341000,0.000003,0.004793,0.000003,0.999988,0.000000,-0.001810,0.000000
8,1.000000,1.830000,0.000000,17.000000,65.520996,0.000000,0.341000,0.000003,0.004788,0.000003,0.999988,0.000000,-0.001710,0.000000
9,1.000000,2.480000,0.000000,17.000000,78.291000,0.000000,0.341000,0.000003,0.004782,0.000003,0.999988,0.000000,-0.001610,0.000000
10,1.000000,3.240000,0.000000,17.000000,90.950996,0.000000,0.341000,0.000003,0.004777,0.000003,0.999989,0.000000,-0.001510,0.000000
11,1.000000,4.100000,0.000000,17.000000,103.500999,0.000000,0.341000,0.000003,0.004772,0.000003,0.999989,0.000000,-0.001410,0.000000
12,1.000000,5.070000,0.000000,17.000000,115.940994,0.000000,0.341000,0.000003,0.004766,0.000003,0.999989,0.000000,-0.001310,0.000000
13,1.000000,6.140000,0.000000,17.000000,128.281006,0.000000,0.341000,0.000003,0.004761,0.000003,0.999989,0.000000,-0.001110,0.000000
14,1.000000,7.310000,0.000000,17.000000,140.511002,0.000000,0.341000,0.000003,0.004756,0.000003,0.999989,0.000000,-0.001010,0.000000
15,1.000000,8.580000,0.000000,17.000000,152.641006,0.000000,0.341000,0.000003,0.004750,0.000003,0.999989,0.000000,-0.000810,0.000000
16,1.000000,9.950000,0.000000,17.000000,164.661011,0.000000,0.341000,0.000003,0.004745,0.000003,0.999989,0.000000,-0.000710,0.000000
17,1.000000,11.420000,0.000000,17.000000,176.581009,0.000000,0.341000,0.000003,0.004745,0.000003,0.999989,0.000000,-0.000510,0.000000
18,1.000000,12.990000,0.000000,17.000000,188.401001,0.000000,0.341000,0.000003,0.004745,0.000003,0.999989,0.000000,-0.000410,0.000000
19,1.000000,14.660000,0.000000,17.000000,200.111008,0.000000,0.341000,0.000003,0.004745,0.000003,0.999989,0.000000,-0.000410,0.000000
20,1.000000,16.420000,0.000000,17.000000,211.721008,0.000000,0.341000,0.000003,0.004745,0.000003,0.999989,0.000000,-0.000310,0.000000
21,1.000000,18.279999,0.000000,17.000000,223.231003,0.000000,0.341000,0.000003,0.004745,0.000003,0.999989,0.000000,-0.000310,0.000000
22,1.000000,20.240000,0.000000,17.000000,234.651001,0.000000,0.341000,0.000003,0.004745,0.000003,0.999989,0.000000,-0.000310,0.000000
23,1.000000,22.289999,0.000000,17.000000,245.971008,0.000000,0.341000,0.000003,0.004745,0.000003,0.999989,0.000000,-0.000310,0.000000
24,1.000000,24.430000,0.000000,17.000000,257.191010,0.000000,0.341000,0.000003,0.004745,0.000003,0.999989,0.000000,-0.000310,0.000000
25,1.000000,26.670000,0.000000,17.000000,268.321014,0.000000,0.341000,0.000003,0.004745,0.000003,0.999989,0.000000,-0.000310,0.000000
26,1.000000,29.000000,0.000000,17.000000,279.351013,0.000000,0.341000,0.000003,0.004745,0.000003,0.999989,0.000000,-0.000310,0.000000
27,1.000000,31.420000,0.000000,17.000000,290.291016,0.000000,0.341000,0.000003,0.004745,0.000003,0.999989,0.000000,-0.000210,0.000000
28,1.000000,33.930000,0.000000,17.000000,301.131012,0.000000,0.341000,0.000003,0.004745,0.000003,0.999989,0.000000,-0.000210,0.000000
29,1.000000,36.529999,0.000000,17.000000,311.881012,0.000000,0.341000,0.000003,0.004745,0.000003,0.999989,0.000000,-0.000210,0.000000
30,1.000000,39.219997,0.000000,17.000000,322.540985,0.000000,0.341000,0.000003,0.004745,0.000003,0.999989,0.000000,-0.000210,0.000000
31,1.000000,42.000000,0.000000,17.000000,333.101013,0.000000,0.341000,0.000003,0.004745,0.000003,0.999989,0.000000,-0.000210,0.000000
32,1.000000,44.860001,0.000000,17.000000,343.571014,0.000000,0.341000,0.000003,0.004745,0.000003,0.999989,0.000000,-0.000210,0.000000
33,1.000000,47.809998,0.000000,17.000000,353.950989,0.000000,0.341000,0.000003,0.004745,0.000003,0.999989,0.000000,-0.000210,0.000000
34,1.000000,50.849998,0.000000,17.000000,364.251007,0.000000,0.341000,0.000003,0.004745,0.000003,0.999989,0.000000,-0.000110,0.000000
35,1.000000,53.969997,0.000000,17.000000,374.460999,0.000000,0.341000,0.000003,0.004745,0.000003,0.999989,0.000000,-0.000110,0.000000
36,1.000000,57.169998,0.000000,17.000000,384.580994,0.000000,0.341000,0.000003,0.004745,0.000003,0.999989,0.000000,-0.000110,0.000000
37,1.000000,60.459999,0.000000,17.000000,394.610992,0.000000,0.341000,0.000003,0.004745,0.000003,0.999989,0.000000,-0.000110,0.000000
38,1.000000,63.829998,0.000000,17.000000,404.561005,0.000000,0.341000,0.000003,0.004745,0.000003,0.999989,0.000000,-0.000110,0.000000
39,1.000000,67.279999,0.000000,17.000000,414.420990,0.000000,0.341000,0.000003,0.004745,0.000003,0.999989,0.000000,-0.000110,0.000000
40,1.000000,70.820000,0.000000,17.000000,424.200989,0.000000,0.341000,0.000003,0.004745,0.000003,0.999989,0.000000,-0.000110,0.000000
41,1.000000,74.439995,0.000000,17.000000,433.890991,0.000000,0.341000,0.000003,0.004745,0.000003,0.999989,0.000000,-0.000110,0.000000
42,1.000000,78.139999,0.000000,17.000000,443.501007,0.000000,0.341000,0.000003,0.004745,0.000003,0.999989,0.000000,0.000000,0.000000
43,1.000000,81.919998,0.000000,17.000000,453.031006,0.000000,0.341000,0.000003,0.004745,0.000003,0.999989,0.000000,0.000000,0.000000
44,1.000000,85.769997,0.000000,17.000000,462.480988,0.000000,0.341000,0.000003,0.004745,0.000003,0.999989,0.000000,0.000000,0.000000
45,1.000000,89.699997,0.000000,17.000000,471.850983,0.000000,0.341000,0.000003,0.004745,0.000003,0.999989,0.000000,0.000000,0.000000
46,1.000000,93.709999,0.000000,17.000000,481.140991,0.000000,0.341000,0.000003,0.004745,0.000003,0.999989,0.000000,0.000000,0.000000
47,1.000000,97.799995,0.000000,17.000000,490.350983,0.000000,0.341000,0.000003,0.004745,0.000003,0.999989,0.000000,0.000000,0.000000
48,1.000000,101.959999,0.000000,17.000000,499.480988,0.000000,0.341000,0.000003,0.004745,0.000003,0.999989,0.000000,0.000000,0.000000
49,1.000000,106.199997,0.000000,17.000000,508.531006,0.000000,0.341000,0.000003,0.004745,0.000003,0.999989,0.000000,0.000000,0.000000
50,1.000000,110.509995,0.000000,17.000000,517.500977,0.000000,0.341000,0.000003,0.004745,0.000003,0.999989,0.000000,0.000000,0.000000
51,1.000000,114.899994,0.000000,17.000000,526.390991,0.000000,0.341000,0.000003,0.004745,0.000003,0.999989,0.000000,0.000000,0.000000
52,1.000000,119.360001,0.000000,17.000000,535.210938,0.000000,0.341000,0.000003,0.004745,0.000003,0.999989,0.000000,0.000000,0.000000
53,1.000000,123.889999,0.000000,17.000000,543.950989,0.000000,0.341000,0.000003,0.004745,0.000003,0.999989,0.000000,0.000000,0.000000
54,1.000000,128.500000,0.000000,17.000000,552.620972,0.000000,0.341000,0.000003,0.004745,0.000003,0.999989,0.000000,0.000000,0.000000
55,1.000000,133.179993,0.000000,17.000000,561.210938,0.000000,0.341000,0.000003,0.004745,0.000003,0.999989,0.000000,0.000000,0.000000
56,1.000000,137.929993,0.000000,17.000000,569.730957,0.000000,0.341000,0.000003,0.004745,0.000003,0.999989,0.000000,0.000000,0.000000
57,1.000000,142.750000,0.000000,17.000000,578.180969,0.000000,0.341000,0.000003,0.004745,0.000003,0.999989,0.000000,0.000000,0.000000
58,1.000000,147.639999,0.000000,17.000000,586.550964,0.000000,0.341000,0.000003,0.004745,0.000003,0.999989,0.000000,0.000000,0.000000
59,1.000000,152.599991,0.000000,17.000000,594.850952,0.000000,0.341000,0.000003,0.004745,0.000003,0.999989,0.000000,0.000000,0.000000
60,1.000000,157.629990,0.000000,17.000000,603.080933,0.000000,0.341000,0.000003,0.004745,0.000003,0.999989,0.000000,0.000000,0.000000
61,1.000000,162.720001,0.000000,17.000000,611.240967,0.000000,0.341000,0.000003,0.004745,0.000003,0.999989,0.000000,0.000000,0.000000
62,1.000000,167.879990,0.000000,17.000000,619.330933,0.000000,0.341000,0.000003,0.004745,0.000003,0.999989,0.000000,0.000000,0.000000
63,1.000000,173.110001,0.000000,17.000000,627.350952,0.000000,0.341000,0.000003,0.004745,0.000003,0.999989,0.000000,0.000000,0.000000
64,1.000000,178.399994,0.000000,17.000000,635.300964,0.000000,0.341000,0.000003,0.004745,0.000003,0.999989,0.000000,0.000000,0.000000
65,1.000000,183.759995,0.000000,17.000000,643.180969,0.000000,0.341000,0.000003,0.004745,0.000003,0.999989,0.000000,0.000000,0.000000
66,1.000000,189.190002,0.000000,17.000000,651.000977,0.000000,0.341000,0.000003,0.004745,0.000003,0.999989,0.000000,0.000000,0.000000
67,1.000000,194.679993,0.000000,17.000000,658.750977,0.000000,0.341000,0.000003,0.004745,0.000003,0.999989,0.000000,0.000000,0.000000
68,1.000000,200.229996,0.000000,17.000000,666.430969,0.000000,0.341000,0.000003,0.004745,0.000003,0.999989,0.000000,0.000000,0.000000
69,1.000000,205.849991,0.000000,17.000000,674.050964,0.000000,0.341000,0.000003,0.004745,0.000003,0.999989,0.000000,0.000000,0.000000
70,1.000000,211.529999,0.000000,17.000000,681.600952,0.000000,0.341000,0.000003,0.004745,0.000003,0.999989,0.000000,0.000000,0.000000
71,1.000000,217.269989,0.000000,17.000000,689.090942,0.000000,0.341000,0.000003,0.004745,0.000003,0.999989,0.000000,0.000000,0.000000
72,1.000000,223.069992,0.000000,17.000000,696.510986,0.000000,0.341000,0.000003,0.004745,0.000003,0.999989,0.000000,0.000000,0.000000
73,1.000000,228.940002,0.000000,17.000000,703.870972,0.000000,0.341000,0.000003,0.004745,0.000003,0.999989,0.000000,0.000110,0.000000
74,1.000000,234.869995,0.000000,17.000000,711.170959,0.000000,0.341000,0.000003,0.004745,0.000003,0.999989,0.000000,0.000110,0.000000
75,1.000000,240.860001,0.000000,17.000000,718.400940,0.000000,0.341000,0.000003,0.004745,0.000003,0.999989,0.000000,0.000110,0.000000
76,1.000000,246.909988,0.000000,17.000000,725.570984,0.000000,0.341000,0.000003,0.004745,0.000003,0.999989,0.000000,0.000110,0.000000
77,1.000000,253.019989,0.000000,17.000000,732.680969,0.000000,0.341000,0.000003,0.004745,0.000003,0.999989,0.000000,0.000110,0.000000
78,1.000000,259.179993,0.000000,17.000000,739.730957,0.000000,0.341000,0.000003,0.004745,0.000003,0.999989,0.000000,0.000110,0.000000
79,1.000000,265.399994,0.000000,17.000000,746.720947,0.000000,0.341000,0.000003,0.004745,0.000003,0.999989,0.000000,0.000110,0.000000
80,1.000000,271.679993,0.000000,17.000000,753.650940,0.000000,0.341000,0.000003,0.004745,0.000003,0.999989,0.000000,0.000110,0.000000
81,1.000000,278.019989,0.000000,17.000000,760.520935,0.000000,0.341000,0.000003,0.004745,0.000003,0.999989,0.000000,0.000110,0.000000
82,1.000000,284.410004,0.000000,17.000000,767.330933,0.000000,0.341000,0.000003,0.004745,0.000003,0.999989,0.000000,0.000110,0.000000
83,1.000000,290.859985,0.000000,17.000000,774.080933,0.000000,0.341000,0.000003,0.004745,0.000003,0.999989,0.000000,0.000210,0.000000
84,1.000000,297.369995,0.000000,17.000000,780.770935,0.000000,0.341000,0.000003,0.004745,0.000003,0.999989,0.000000,0.000210,0.000000
85,1.000000,303.929993,0.000000,17.000000,787.410950,0.000000,0.341000,0.000003,0.004745,0.000003,0.999989,0.000000,0.000210,0.000000
86,1.000000,310.549988,0.000000,17.000000,793.990967,0.000000,0.341000,0.000003,0.004745,0.000003,0.999989,0.000000,0.000210,0.000000
87,1.000000,317.220001,0.000000,17.000000,800.510986,0.000000,0.341000,0.000003,0.004745,0.000003,0.999989,0.000000,0.000210,0.000000
88,1.000000,323.940002,0.000000,17.000000,806.980957,0.000000,0.341000,0.000003,0.004745,0.000003,0.999989,0.000000,0.000210,0.000000
89,1.000000,330.720001,0.000000,17.000000,813.390930,0.000000,0.341000,0.000003,0.004745,0.000003,0.999989,0.000000,0.000210,0.000000
90,1.000000,337.549988,0.000000,17.000000,819.750977,0.000000,0.341000,0.000003,0.004745,0.000003,0.999989,0.000000,0.000210,0.000000
91,1.000000,344.429993,0.000000,17.000000,826.050964,0.000000,0.341000,0.000003,0.004745,0.000003,0.999989,0.000000,0.000210,0.000000
92,1.000000,351.369995,0.000000,17.000000,832.300964,0.000000,0.341000,0.000003,0.004745,0.000003,0.999989,0.000000,0.000210,0.000000
93,1.000000,358.359985,0.000000,17.000000,838.500977,0.000000,0.341000,0.000003,0.004745,0.000003,0.999989,0.000000,0.000210,0.000000
94,1.000000,365.399994,0.000000,17.000000,844.640930,0.000000,0.341000,0.000003,0.004745,0.000003,0.999989,0.000000,0.000210,0.000000
95,1.000000,372.489990,0.000000,17.000000,850.730957,0.000000,0.341000,0.000003,0.004745,0.000003,0.999989,0.000000,0.000310,0.000000
96,1.000000,379.630005,0.000000,17.000000,856.770935,0.000000,0.341000,0.000003,0.004745,0.000003,0.999989,0.000000,0.000310,0.000000
97,1.000000,386.819977,0.000000,17.000000,862.760986,0.000000,0.341000,0.000003,0.004745,0.000003,0.999989,0.000000,0.000310,0.000000
98,1.000000,394.059998,0.000000,17.000000,868.690979,0.000000,0.341000,0.000003,0.004745,0.000003,0.999989,0.000000,0.000310,0.000000
99,1.000000,401.350006,0.000000,17.000000,874.570984,0.000000,0.341000,0.000003,0.004745,0.000003,0.999989,0.000000,0.000310,0.000000
100,1.000000,408.690002,0.000000,17.000000,880.400940,0.000000,0.341000,0.000003,0.004745,0.000003,0.999989,0.000000,0.000310,0.000000
101,1.000000,416.069977,0.000000,17.000000,886.180969,0.000000,0.341000,0.000003,0.004745,0.000003,0.999989,0.000000,0.000310,0.000000
102,1.000000,423.500000,0.000000,17.000000,891.910950,0.000000,0.341000,0.000003,0.004745,0.000003,0.999989,0.000000,0.000310,0.000000
103,1.000000,430.979980,0.000000,17.000000,897.590942,0.000000,0.341000,0.000003,0.004745,0.000003,0.999989,0.000000,0.000310,0.000000
104,1.000000,438.509979,0.000000,17.000000,903.230957,0.000000,0.341000,0.000003,0.004745,0.000003,0.999989,0.000000,0.000310,0.000000
105,1.000000,446.079987,0.000000,17.000000,908.820984,0.000000,0.341000,0.000003,0.004745,0.000003,0.999989,0.000000,0.000310,0.000000
106,1.000000,453.699982,0.000000,17.000000,914.360962,0.000000,0.341000,0.000003,0.004745,0.000003,0.999989,0.000000,0.000310,0.000000
107,1.000000,461.369995,0.000000,17.000000,919.850952,0.000000,0.341000,0.000003,0.004745,0.000003,0.999989,0.000000,0.000310,0.000000
108,1.000000,469.079987,0.000000,17.000000,925.300964,0.000000,0.341000,0.000003,0.004745,0.000003,0.999989,0.000000,0.000310,0.000000
109,1.000000,476.839996,0.000000,17.000000,930.700928,0.000000,0.341000,0.000003,0.004745,0.000003,0.999989,0.000000,0.000410,0.000000
110,1.000000,484.639984,0.000000,17.000000,936.050964,0.000000,0.341000,0.000003,0.004745,0.000003,0.999989,0.000000,0.000410,0.000000
111,1.000000,492.479980,0.000000,17.000000,941.360962,0.000000,0.341000,0.000003,0.004745,0.000003,0.999989,0.000000,0.000410,0.000000
112,1.000000,500.369995,0.000000,17.000000,946.620972,0.000000,0.341000,0.000003,0.004745,0.000003,0.999989,0.000000,0.000410,0.000000
113,1.000000,508.299988,0.000000,17.000000,951.840942,0.000000,0.341000,0.000003,0.004745,0.000003,0.999989,0.000000,0.000410,0.000000
114,1.000000,516.279968,0.000000,17.000000,957.010925,0.000000,0.341000,0.000003,0.004745,0.000003,0.999989,0.000000,0.000410,0.000000
115,1.000000,524.299988,0.000000,17.000000,962.140930,0.000000,0.341000,0.000003,0.004745,0.000003,0.999989,0.000000,0.000410,0.000000
116,1.000000,532.359985,0.000000,17.000000,967.220947,0.000000,0.341000,0.000003,0.004745,0.000003,0.999989,0.000000,0.000410,0.000000
117,1.000000,540.459961,0.000000,17.000000,972.260925,0.000000,0.341000,0.000003,0.004745,0.000003,0.999989,0.000000,0.000410,0.000000
118,1.000000,548.599976,0.000000,17.000000,977.260925,0.000000,0.341000,0.000003,0.004745,0.000003,0.999989,0.000000,0.000410,0.000000
119,1.000000,556.789978,0.000000,17.000000,982.210938,0.000000,0.341000,0.000003,0.004745,0.000003,0.999989,0.000000,0.000410,0.000000
120,1.000000,565.019958,0.000000,17.000000,987.120972,0.000000,0.341000,0.000003,0.004745,0.000003,0.999989,0.000000,0.000410,0.000000
121,1.000000,573.289978,0.000000,17.000000,991.990967,0.000000,0.341000,0.000003,0.004745,0.000003,0.999989,0.000000,0.000410,0.000000
122,1.000000,581.599976,0.000000,17.000000,996.820984,0.000000,0.341000,0.000003,0.004745,0.000003,0.999989,0.000000,0.000410,0.000000
123,1.000000,589.950012,0.000000,17.000000,1001.610962,0.000000,0.341000,0.000003,0.004745,0.000003,0.999989,0.000000,0.000410,0.000000
124,1.000000,598.339966,0.000000,17.000000,1006.350952,0.000000,0.341000,0.000003,0.004745,0.000003,0.999989,0.000000,0.000410,0.000000
125,1.000000,606.769958,0.000000,17.000000,1011.050964,0.000000,0.341000,0.000003,0.004745,0.000003,0.999989,0.000000,0.000510,0.000000
126,1.000000,615.229980,0.000000,17.000000,1015.710938,0.000000,0.341000,0.000003,0.004745,0.000003,0.999989,0.000000,0.000510,0.000000
127,1.000000,623.729980,0.000000,17.000000,1020.330933,0.000000,0.341000,0.000003,0.004745,0.000003,0.999989,0.000000,0.000510,0.000000
128,1.000000,632.269958,0.000000,17.000000,1024.911011,0.000000,0.341000,0.000003,0.004745,0.000003,0.999989,0.000000,0.000510,0.000000
129,1.000000,640.849976,0.000000,17.000000,1029.450928,0.000000,0.341000,0.000003,0.004745,0.000003,0.999989,0.000000,0.000510,0.000000
130,1.000000,649.469971,0.000000,17.000000,1033.960938,0.000000,0.341000,0.000003,0.004745,0.000003,0.999989,0.000000,0.000510,0.000000
131,1.000000,658.119995,0.000000,17.000000,1038.430908,0.000000,0.341000,0.000003,0.004745,0.000003,0.999989,0.000000,0.000510,0.000000
132,1.000000,666.809998,0.000000,17.000000,1042.860962,0.000000,0.341000,0.000003,0.004745,0.000003,0.999989,0.000000,0.000510,0.000000
133,1.000000,675.539978,0.000000,17.000000,1047.250977,0.000000,0.341000,0.000003,0.004745,0.000003,0.999989,0.000000,0.000510,0.000000
134,1.000000,684.299988,0.000000,17.000000,1051.600952,0.000000,0.341000,0.000003,0.004745,0.000003,0.999989,0.000000,0.000510,0.000000
135,1.000000,693.099976,0.000000,17.000000,1055.920898,0.000000,0.341000,0.000003,0.004745,0.000003,0.999989,0.000000,0.000510,0.000000
136,1.000000,701.940002,0.000000,17.000000,1060.200928,0.000000,0.341000,0.000003,0.004745,0.000003,0.999989,0.000000,0.000510,0.000000
137,1.000000,710.809998,0.000000,17.000000,1064.440918,0.000000,0.341000,0.000003,0.004745,0.000003,0.999989,0.000000,0.000510,0.000000
138,1.000000,719.719971,0.000000,17.000000,1068.651001,0.000000,0.341000,0.000003,0.004745,0.000003,0.999989,0.000000,0.000510,0.000000
139,1.000000,728.659973,0.000000,17.000000,1072.820923,0.000000,0.341000,0.000003,0.004745,0.000003,0.999989,0.000000,0.000510,0.000000
140,1.000000,737.630005,0.000000,17.000000,1076.950928,0.000000,0.341000,0.000003,0.004745,0.000003,0.999989,0.000000,0.000510,0.000000
141,1.000000,746.639954,0.000000,17.000000,1081.050903,0.000000,0.341000,0.000003,0.004745,0.000003,0.999989,0.000000,0.000510,0.000000
142,1.000000,755.679993,0.000000,17.000000,1085.110962,0.000000,0.341000,0.000003,0.004745,0.000003,0.999989,0.000000,0.000510,0.000000
143,1.000000,764.760010,0.000000,17.000000,1089.140991,0.000000,0.341000,0.000003,0.004745,0.000003,0.999989,0.000000,0.000510,0.000000
144,1.000000,773.869995,0.000000,17.000000,1093.130981,0.000000,0.341000,0.000003,0.004745,0.000003,0.999989,0.000000,0.000610,0.000000
145,1.000000,783.010010,0.000000,17.000000,1097.090942,0.000000,0.341000,0.000003,0.004750,0.000003,0.999989,0.000000,0.000610,0.000000
146,1.000000,792.190002,0.000000,17.000000,1101.020996,0.000000,0.341000,0.000003,0.004750,0.000003,0.999989,0.000000,0.000610,0.000000
147,1.000000,801.399963,0.000000,17.000000,1104.911011,0.000000,0.341000,0.000003,0.004750,0.000003,0.999989,0.000000,0.000610,0.000000
148,1.000000,810.639954,0.000000,17.000000,1108.770996,0.000000,0.341000,0.000003,0.004750,0.000003,0.999989,0.000000,0.000610,0.000000
149,1.000000,819.909973,0.000000,17.000000,1112.600952,0.000000,0.341000,0.000003,0.004750,0.000003,0.999989,0.000000,0.000610,0.000000
150,1.000000,829.209961,0.000000,17.000000,1116.390991,0.000000,0.341000,0.000003,0.004750,0.000003,0.999989,0.000000,0.000610,0.000000
151,1.000000,838.539978,0.000000,17.000000,1120.151001,0.000000,0.341000,0.000003,0.004750,0.000003,0.999989,0.000000,0.000610,0.000000
152,1.000000,847.909973,0.000000,17.000000,1123.880981,0.000000,0.341000,0.000003,0.004750,0.000003,0.999989,0.000000,0.000610,0.000000
153,1.000000,857.309998,0.000000,17.000000,1127.580933,0.000000,0.341000,0.000003,0.004750,0.000003,0.999989,0.000000,0.000610,0.000000
154,1.000000,866.739990,0.000000,17.000000,1131.240967,0.000000,0.341000,0.000003,0.004750,0.000003,0.999989,0.000000,0.000610,0.000000
155,1.000000,876.199951,0.000000,17.000000,1134.870972,0.000000,0.341000,0.000003,0.004750,0.000003,0.999989,0.000000,0.000610,0.000000
156,1.000000,885.690002,0.000000,17.000000,1138.470947,0.000000,0.341000,0.000003,0.004750,0.000003,0.999989,0.000000,0.000610,0.000000
157,1.000000,895.209961,0.000000,17.000000,1142.040894,0.000000,0.341000,0.000003,0.004750,0.000003,0.999989,0.000000,0.000610,0.000000
158,1.000000,904.760010,0.000000,17.000000,1145.580933,0.000000,0.341000,0.000003,0.004750,0.000003,0.999989,0.000000,0.000610,0.000000
159,1.000000,914.339966,0.000000,17.000000,1149.090942,0.000000,0.341000,0.000003,0.004750,0.000003,0.999989,0.000000,0.000610,0.000000
160,1.000000,923.940002,0.000000,17.000000,1152.570923,0.000000,0.341000,0.000003,0.004750,0.000003,0.999989,0.000000,0.000610,0.000000
161,1.000000,933.570007,0.000000,17.000000,1156.020996,0.000000,0.341000,0.000003,0.004750,0.000003,0.999989,0.000000,0.000610,0.000000
162,1.000000,943.229980,0.000000,17.000000,1159.440918,0.000000,0.341000,0.000003,0.004756,0.000003,0.999989,0.000000,0.000610,0.000000
163,1.000000,952.919983,0.000000,17.000000,1162.830933,0.000000,0.341000,0.000003,0.004756,0.000003,0.999989,0.000000,0.000510,0.000000
164,1.000000,962.639954,0.000000,17.000000,1166.190918,0.000000,0.341000,0.000003,0.004756,0.000003,0.999989,0.000000,0.000510,0.000000
165,1.000000,972.389954,0.000000,17.000000,1169.520996,0.000000,0.341000,0.000003,0.004756,0.000003,0.999989,0.000000,0.000510,0.000000
166,1.000000,982.159973,0.000000,17.000000,1172.830933,0.000000,0.341000,0.000003,0.004756,0.000003,0.999989,0.000000,0.000510,0.000000
167,1.000000,991.959961,0.000000,17.000000,1176.110962,0.000000,0.341000,0.000003,0.004756,0.000003,0.999989,0.000000,0.000510,0.000000
168,1.000000,1001.789978,0.000000,17.000000,1179.360962,0.000000,0.341000,0.000003,0.004756,0.000003,0.999989,0.000000,0.000510,0.000000
169,1.000000,1011.639954,0.000000,17.000000,1182.580933,0.000000,0.341000,0.000003,0.004756,0.000003,0.999989,0.000000,0.000510,0.000000
170,1.000000,1021.519958,0.000000,17.000000,1185.770996,0.000000,0.341000,0.000003,0.004756,0.000003,0.999989,0.000000,0.000510,0.000000
171,1.000000,1031.429932,0.000000,17.000000,1188.940918,0.000000,0.341000,0.000003,0.004756,0.000003,0.999989,0.000000,0.000510,0.000000
172,1.000000,1041.359985,0.000000,17.000000,1192.080933,0.000000,0.341000,0.000003,0.004756,0.000003,0.999989,0.000000,0.000510,0.000000
173,1.000000,1051.319946,0.000000,17.000000,1195.190918,0.000000,0.341000,0.000003,0.004756,0.000003,0.999989,0.000000,0.000510,0.000000
174,1.000000,1061.309937,0.000000,17.000000,1198.281006,0.000000,0.341000,0.000003,0.004756,0.000003,0.999989,0.000000,0.000510,0.000000
175,1.000000,1071.319946,0.000000,17.000000,1201.340942,0.000000,0.341000,0.000003,0.004756,0.000003,0.999989,0.000000,0.000510,0.000000
176,1.000000,1081.359985,0.000000,17.000000,1204.370972,0.000000,0.341000,0.000003,0.004756,0.000003,0.999989,0.000000,0.000510,0.000000
177,1.000000,1091.419922,0.000000,17.000000,1207.380981,0.000000,0.341000,0.000003,0.004756,0.000003,0.999989,0.000000,0.000510,0.000000
178,1.000000,1101.510010,0.000000,17.000000,1210.360962,0.000000,0.341000,0.000003,0.004756,0.000003,0.999989,0.000000,0.000510,0.000000
179,1.000000,1111.619995,0.000000,17.000000,1213.320923,0.000000,0.341000,0.000003,0.004756,0.000003,0.999989,0.000000,0.000510,0.000000
180,1.000000,1121.760010,0.000000,17.000000,1216.250977,0.000000,0.341000,0.000003,0.004756,0.000003,0.999989,0.000000,0.000510,0.000000
181,1.000000,1131.919922,0.000000,17.000000,1219.151001,0.000000,0.341000,0.000003,0.004756,0.000003,0.999989,0.000000,0.000510,0.000000
182,1.000000,1142.099976,0.000000,17.000000,1222.031006,0.000000,0.341000,0.000003,0.004756,0.000003,0.999989,0.000000,0.000510,0.000000
183,1.000000,1152.309937,0.000000,17.000000,1224.890991,0.000000,0.341000,0.000003,0.004756,0.000003,0.999989,0.000000,0.000510,0.000000
184,1.000000,1162.539917,0.000000,17.000000,1227.720947,0.000000,0.341000,0.000003,0.004756,0.000003,0.999989,0.000000,0.000510,0.000000
185,1.000000,1172.789917,0.000000,17.000000,1230.531006,0.000000,0.341000,0.000003,0.004756,0.000003,0.999989,0.000000,0.000510,0.000000
186,1.000000,1183.069946,0.000000,17.000000,1233.310913,0.000000,0.341000,0.000003,0.004756,0.000003,0.999989,0.000000,0.000510,0.000000
187,1.000000,1193.369995,0.000000,17.000000,1236.070923,0.000000,0.341000,0.000003,0.004756,0.000003,0.999989,0.000000,0.000510,0.000000
188,1.000000,1203.689941,0.000000,17.000000,1238.800903,0.000000,0.341000,0.000003,0.004756,0.000003,0.999989,0.000000,0.000510,0.000000
189,1.000000,1214.039917,0.000000,17.000000,1241.510986,0.000000,0.341000,0.000003,0.004756,0.000003,0.999989,0.000000,0.000510,0.000000
190,1.000000,1224.409912,0.000000,17.000000,1244.200928,0.000000,0.341000,0.000003,0.004756,0.000003,0.999989,0.000000,0.000510,0.000000
191,1.000000,1234.799927,0.000000,17.000000,1246.870972,0.000000,0.341000,0.000003,0.004756,0.000003,0.999989,0.000000,0.000510,0.000000
192,1.000000,1245.209961,0.000000,17.000000,1249.510986,0.000000,0.341000,0.000003,0.004756,0.000003,0.999989,0.000000,0.000510,0.000000
193,1.000000,1255.640015,0.000000,17.000000,1252.130981,0.000000,0.341000,0.000003,0.004756,0.000003,0.999989,0.000000,0.000510,0.000000
194,1.000000,1266.099976,0.000000,17.000000,1254.730957,0.000000,0.341000,0.000003,0.004756,0.000003,0.999989,0.000000,0.000510,0.000000
195,1.000000,1276.579956,0.000000,17.000000,1257.310913,0.000000,0.341000,0.000003,0.004756,0.000003,0.999989,0.000000,0.000510,0.000000
196,1.000000,1287.079956,0.000000,17.000000,1259.860962,0.000000,0.341000,0.000003,0.004756,0.000003,0.999989,0.000000,0.000510,0.000000
197,1.000000,1297.599976,0.000000,17.000000,1262.390991,0.000000,0.341000,0.000003,0.004756,0.000003,0.999989,0.000000,0.000510,0.000000
198,1.000000,1308.140015,0.000000,17.000000,1264.901001,0.000000,0.341000,0.000003,0.004756,0.000003,0.999989,0.000000,0.000510,0.000000
199,1.000000,1318.699951,0.000000,17.000000,1267.390991,0.000000,0.341000,0.000003,0.004756,0.000003,0.999989,0.000000,0.000510,0.000000
200,1.000000,1329.280029,0.000000,17.000000,1269.860962,0.000000,0.341000,0.000003,0.004756,0.000003,0.999989,0.000000,0.000510,0.000000
201,1.000000,1339.880005,0.000000,17.000000,1272.310913,0.000000,0.341000,0.000003,0.004756,0.000003,0.999989,0.000000,0.000510,0.000000
202,1.000000,1350.500000,0.000000,17.000000,1274.730957,0.000000,0.341000,0.000003,0.004756,0.000003,0.999989,0.000000,0.000510,0.000000
203,1.000000,1361.140015,0.000000,17.000000,1277.130981,0.000000,0.341000,0.000003,0.004756,0.000003,0.999989,0.000000,0.000510,0.000000
204,1.000000,1371.799927,0.000000,17.000000,1279.510986,0.000000,0.341000,0.000003,0.004756,0.000003,0.999989,0.000000,0.000510,0.000000
205,1.000000,1382.479980,0.000000,17.000000,1281.870972,0.000000,0.341000,0.000003,0.004756,0.000003,0.999989,0.000000,0.000510,0.000000
206,1.000000,1393.179932,0.000000,17.000000,1284.210938,0.000000,0.341000,0.000003,0.004756,0.000003,0.999989,0.000000,0.000510,0.000000
207,1.000000,1403.900024,0.000000,17.000000,1286.531006,0.000000,0.341000,0.000003,0.004756,0.000003,0.999989,0.000000,0.000510,0.000000
208,1.000000,1414.640015,0.000000,17.000000,1288.830933,0.000000,0.341000,0.000003,0.004756,0.000003,0.999989,0.000000,0.000510,0.000000
209,1.000000,1425.400024,0.000000,17.000000,1291.110962,0.000000,0.341000,0.000003,0.004756,0.000003,0.999989,0.000000,0.000510,0.000000
210,1.000000,1436.179932,0.000000,17.000000,1293.370972,0.000000,0.341000,0.000003,0.004756,0.000003,0.999989,0.000000,0.000510,0.000000
211,1.000000,1446.979980,0.000000,17.000000,1295.610962,0.000000,0.341000,0.000003,0.004756,0.000003,0.999989,0.000000,0.000510,0.000000
212,1.000000,1457.799927,0.000000,17.000000,1297.830933,0.000000,0.341000,0.000003,0.004756,0.000003,0.999989,0.000000,0.000510,0.000000
213,1.000000,1468.630005,0.000000,17.000000,1300.040894,0.000000,0.341000,0.000003,0.004756,0.000003,0.999989,0.000000,0.000510,0.000000
214,1.000000,1479.479980,0.000000,17.000000,1302.230957,0.000000,0.341000,0.000003,0.004756,0.000003,0.999989,0.000000,0.000610,0.000000
215,1.000000,1490.349976,0.000000,17.000000,1304.401001,0.000000,0.341000,0.000003,0.004761,0.000003,0.999989,0.000000,0.000610,0.000000
216,1.000000,1501.239990,0.000000,17.000000,1306.550903,0.000000,0.341000,0.000003,0.004761,0.000003,0.999989,0.000000,0.000610,0.000000
217,1.000000,1512.150024,0.000000,17.000000,1308.680908,0.000000,0.341000,0.000003,0.004761,0.000003,0.999989,0.000000,0.000610,0.000000
218,1.000000,1523.069946,0.000000,17.000000,1310.790894,0.000000,0.341000,0.000003,0.004761,0.000003,0.999989,0.000000,0.000610,0.000000
219,1.000000,1534.010010,0.000000,17.000000,1312.880981,0.000000,0.341000,0.000003,0.004761,0.000003,0.999989,0.000000,0.000610,0.000000
220,1.000000,1544.969971,0.000000,17.000000,1314.960938,0.000000,0.341000,0.000003,0.004761,0.000003,0.999989,0.000000,0.000610,0.000000
221,1.000000,1555.949951,0.000000,17.000000,1317.020996,0.000000,0.341000,0.000003,0.004761,0.000003,0.999989,0.000000,0.000610,0.000000
222,1.000000,1566.939941,0.000000,17.000000,1319.060913,0.000000,0.341000,0.000003,0.004761,0.000003,0.999989,0.000000,0.000610,0.000000
223,1.000000,1577.949951,0.000000,17.000000,1321.080933,0.000000,0.341000,0.000003,0.004761,0.000003,0.999989,0.000000,0.000610,0.000000
224,1.000000,1588.979980,0.000000,17.000000,1323.090942,0.000000,0.341000,0.000003,0.004761,0.000003,0.999989,0.000000,0.000610,0.000000
225,1.000000,1600.020020,0.000000,17.000000,1325.080933,0.000000,0.341000,0.000003,0.004761,0.000003,0.999989,0.000000,0.000610,0.000000
226,1.000000,1611.079956,0.000000,17.000000,1327.050903,0.000000,0.341000,0.000003,0.004761,0.000003,0.999989,0.000000,0.000610,0.000000
227,1.000000,1622.159912,0.000000,17.000000,1329.010986,0.000000,0.341000,0.000003,0.004761,0.000003,0.999989,0.000000,0.000610,0.000000
228,1.000000,1633.250000,0.000000,17.000000,1330.950928,0.000000,0.341000,0.000003,0.004761,0.000003,0.999989,0.000000,0.000610,0.000000
229,1.000000,1644.359985,0.000000,17.000000,1332.870972,0.000000,0.341000,0.000003,0.004761,0.000003,0.999989,0.000000,0.000610,0.000000
230,1.000000,1655.479980,0.000000,17.000000,1334.781006,0.000000,0.341000,0.000003,0.004761,0.000003,0.999989,0.000000,0.000610,0.000000
231,1.000000,1666.619995,0.000000,17.000000,1336.670898,0.000000,0.341000,0.000003,0.004761,0.000003,0.999989,0.000000,0.000610,0.000000
232,1.000000,1677.770020,0.000000,17.000000,1338.540894,0.000000,0.341000,0.000003,0.004761,0.000003,0.999989,0.000000,0.000610,0.000000
233,1.000000,1688.939941,0.000000,17.000000,1340.401001,0.000000,0.341000,0.000003,0.004761,0.000003,0.999989,0.000000,0.000610,0.000000
234,1.000000,1700.130005,0.000000,17.000000,1342.240967,0.000000,0.341000,0.000003,0.004761,0.000003,0.999989,0.000000,0.000610,0.000000
235,1.000000,1711.329956,0.000000,17.000000,1344.070923,0.000000,0.341000,0.000003,0.004761,0.000003,0.999989,0.000000,0.000610,0.000000
236,1.000000,1722.549927,0.000000,17.000000,1345.880981,0.000000,0.341000,0.000003,0.004761,0.000003,0.999989,0.000000,0.000610,0.000000
237,1.000000,1733.779907,0.000000,17.000000,1347.670898,0.000000,0.341000,0.000003,0.004761,0.000003,0.999989,0.000000,0.000610,0.000000
238,1.000000,1745.029907,0.000000,17.000000,1349.450928,0.000000,0.341000,0.000003,0.004761,0.000003,0.999989,0.000000,0.000610,0.000000
239,1.000000,1756.289917,0.000000,17.000000,1351.210938,0.000000,0.341000,0.000003,0.004761,0.000003,0.999989,0.000000,0.000610,0.000000
240,1.000000,1767.559937,0.000000,17.000000,1352.960938,0.000000,0.341000,0.000003,0.004761,0.000003,0.999989,0.000000,0.000610,0.000000
241,1.000000,1778.849976,0.000000,17.000000,1354.690918,0.000000,0.341000,0.000003,0.004761,0.000003,0.999989,0.000000,0.000610,0.000000
242,1.000000,1790.149902,0.000000,17.000000,1356.410889,0.000000,0.341000,0.000003,0.004761,0.000003,0.999989,0.000000,0.000610,0.000000
243,1.000000,1801.469971,0.000000,17.000000,1358.110962,0.000000,0.341000,0.000003,0.004761,0.000003,0.999989,0.000000,0.000610,0.000000
244,1.000000,1812.799927,0.000000,17.000000,1359.800903,0.000000,0.341000,0.000003,0.004761,0.000003,0.999989,0.000000,0.000610,0.000000
245,1.000000,1824.149902,0.000000,17.000000,1361.470947,0.000000,0.341000,0.000003,0.004761,0.000003,0.999989,0.000000,0.000610,0.000000
246,1.000000,1835.510010,0.000000,17.000000,1363.130981,0.000000,0.341000,0.000003,0.004761,0.000003,0.999989,0.000000,0.000610,0.000000
247,1.000000,1846.880005,0.000000,17.000000,1364.781006,0.000000,0.341000,0.000003,0.004761,0.000003,0.999989,0.000000,0.000610,0.000000
248,1.000000,1858.269897,0.000000,17.000000,1366.410889,0.000000,0.341000,0.000003,0.004761,0.000003,0.999989,0.000000,0.000610,0.000000
249,1.000000,1869.669922,0.000000,17.000000,1368.031006,0.000000,0.341000,0.000003,0.004761,0.000003,0.999989,0.000000,0.000610,0.000000
250,1.000000,1881.079956,0.000000,17.000000,1369.630981,0.000000,0.341000,0.000003,0.004761,0.000003,0.999989,0.000000,0.000610,0.000000
251,1.000000,1892.510010,0.000000,17.000000,1371.220947,0.000000,0.341000,0.000003,0.004761,0.000003,0.999989,0.000000,0.000610,0.000000
252,1.000000,1903.949951,0.000000,17.000000,1372.800903,0.000000,0.341000,0.000003,0.004766,0.000003,0.999989,0.000000,0.000610,0.000000
253,1.000000,1915.399902,0.000000,17.000000,1374.360962,0.000000,0.341000,0.000003,0.004766,0.000003,0.999989,0.000000,0.000510,0.000000
254,1.000000,1926.869995,0.000000,17.000000,1375.910889,0.000000,0.341000,0.000003,0.004766,0.000003,0.999989,0.000000,0.000510,0.000000
255,1.000000,1938.349976,0.000000,17.000000,1377.450928,0.000000,0.341000,0.000003,0.004766,0.000003,0.999989,0.000000,0.000510,0.000000
256,1.000000,1949.839966,0.000000,17.000000,1378.970947,0.000000,0.341000,0.000003,0.004766,0.000003,0.999989,0.000000,0.000510,0.000000
257,1.000000,1961.339966,0.000000,17.000000,1380.480957,0.000000,0.341000,0.000003,0.004766,0.000003,0.999989,0.000000,0.000510,0.000000
258,1.000000,1972.859985,0.000000,17.000000,1381.980957,0.000000,0.341000,0.000003,0.004766,0.000003,0.999989,0.000000,0.000510,0.000000
259,1.000000,1984.390015,0.000000,17.000000,1383.460938,0.000000,0.341000,0.000003,0.004766,0.000003,0.999989,0.000000,0.000510,0.000000
260,1.000000,1995.929932,0.000000,17.000000,1384.930908,0.000000,0.341000,0.000003,0.004766,0.000003,0.999989,0.000000,0.000510,0.000000
261,1.000000,2007.479980,0.000000,17.000000,1386.390991,0.000000,0.341000,0.000003,0.004766,0.000003,0.999989,0.000000,0.000510,0.000000
262,1.000000,2019.049927,0.000000,17.000000,1387.840942,0.000000,0.341000,0.000003,0.004766,0.000003,0.999989,0.000000,0.000510,0.000000
263,1.000000,2030.630005,0.000000,17.000000,1389.270996,0.000000,0.341000,0.000003,0.004766,0.000003,0.999989,0.000000,0.000510,0.000000
264,1.000000,2042.219971,0.000000,17.000000,1390.690918,0.000000,0.341000,0.000003,0.004766,0.000003,0.999989,0.000000,0.000510,0.000000
265,1.000000,2053.820068,0.000000,17.000000,1392.100952,0.000000,0.341000,0.000003,0.004766,0.000003,0.999989,0.000000,0.000510,0.000000
266,1.000000,2065.429932,0.000000,17.000000,1393.500977,0.000000,0.341000,0.000003,0.004766,0.000003,0.999989,0.000000,0.000510,0.000000
267,1.000000,2077.050049,0.000000,17.000000,1394.890991,0.000000,0.341000,0.000003,0.004766,0.000003,0.999989,0.000000,0.000510,0.000000
268,1.000000,2088.689941,0.000000,17.000000,1396.260986,0.000000,0.341000,0.000003,0.004766,0.000003,0.999989,0.000000,0.000510,0.000000
269,1.000000,2100.339844,0.000000,17.000000,1397.620972,0.000000,0.341000,0.000003,0.004766,0.000003,0.999989,0.000000,0.000510,0.000000
270,1.000000,2112.000000,0.000000,17.000000,1398.970947,0.000000,0.341000,0.000003,0.004766,0.000003,0.999989,0.000000,0.000510,0.000000
271,1.000000,2123.669922,0.000000,17.000000,1400.310913,0.000000,0.341000,0.000003,0.004766,0.000003,0.999989,0.000000,0.000510,0.000000
272,1.000000,2135.349854,0.000000,17.000000,1401.610962,0.000000,0.341000,0.000003,0.004766,0.000003,0.999989,0.000000,0.000510,0.000000
273,1.000000,2147.040039,0.000000,17.000000,1402.730957,0.000000,0.341000,0.000003,0.004766,0.000003,0.999989,0.000000,0.000510,0.000000
274,1.000000,2158.739990,0.000000,17.000000,1403.700928,0.000000,0.341000,0.000003,0.004766,0.000003,0.999989,0.000000,0.000510,0.000000
275,1.000000,2170.439941,0.000000,17.000000,1404.540894,0.000000,0.341000,0.000003,0.004766,0.000003,0.999989,0.000000,0.000510,0.000000
276,1.000000,2182.149902,0.000000,17.000000,1405.270996,0.000000,0.341000,0.000003,0.004766,0.000003,0.999989,0.000000,0.000510,0.000000
277,1.000000,2193.869873,0.000000,17.000000,1405.910889,0.000000,0.341000,0.000003,0.004766,0.000003,0.999989,0.000000,0.000510,0.000000
278,1.000000,2205.589844,0.000000,17.000000,1406.460938,0.000000,0.341000,0.000003,0.004766,0.000003,0.999989,0.000000,0.000510,0.000000
279,1.000000,2217.310059,0.000000,17.000000,1406.940918,0.000000,0.341000,0.000003,0.004766,0.000003,0.999989,0.000000,0.000510,0.000000
280,1.000000,2229.040039,0.000000,17.000000,1407.350952,0.000000,0.341000,0.000003,0.004766,0.000003,0.999989,0.000000,0.000510,0.000000
281,1.000000,2240.770020,0.000000,17.000000,1407.710938,0.000000,0.341000,0.000003,0.004766,0.000003,0.999989,0.000000,0.000510,0.000000
282,1.000000,2252.500000,0.000000,17.000000,1408.020996,0.000000,0.341000,0.000003,0.004766,0.000003,0.999989,0.000000,0.000610,0.000000
283,1.000000,2264.239990,0.000000,17.000000,1408.290894,0.000000,0.341000,0.000003,0.004772,0.000003,0.999989,0.000000,0.000610,0.000000
284,1.000000,2275.979980,0.000000,17.000000,1408.520996,0.000000,0.341000,0.000003,0.004772,0.000003,0.999989,0.000000,0.000610,0.000000
285,1.000000,2287.719971,0.000000,17.000000,1408.720947,0.000000,0.341000,0.000003,0.004772,0.000003,0.999989,0.000000,0.000610,0.000000
286,1.000000,2299.459961,0.000000,17.000000,1408.901001,0.000000,0.341000,0.000003,0.004772,0.000003,0.999989,0.000000,0.000610,0.000000
287,1.000000,2311.199951,0.000000,17.000000,1409.050903,0.000000,0.341000,0.000003,0.004772,0.000003,0.999989,0.000000,0.000610,0.000000
288,1.000000,2322.939941,0.000000,17.000000,1409.180908,0.000000,0.341000,0.000003,0.004772,0.000003,0.999989,0.000000,0.000610,0.000000
289,1.000000,2334.679932,0.000000,17.000000,1409.290894,0.000000,0.341000,0.000003,0.004772,0.000003,0.999989,0.000000,0.000610,0.000000
290,1.000000,2346.419922,0.000000,17.000000,1409.390991,0.000000,0.341000,0.000003,0.004772,0.000003,0.999989,0.000000,0.000610,0.000000
291,1.000000,2358.169922,0.000000,17.000000,1409.480957,0.000000,0.341000,0.000003,0.004772,0.000003,0.999989,0.000000,0.000610,0.000000
292,1.000000,2369.919922,0.000000,17.000000,1409.550903,0.000000,0.341000,0.000003,0.004772,0.000003,0.999989,0.000000,0.000610,0.000000
293,1.000000,2381.669922,0.000000,17.000000,1409.610962,0.000000,0.341000,0.000003,0.004772,0.000003,0.999989,0.000000,0.000610,0.000000
294,1.000000,2393.419922,0.000000,17.000000,1409.670898,0.000000,0.341000,0.000003,0.004772,0.000003,0.999989,0.000000,0.000610,0.000000
295,1.000000,2405.169922,0.000000,17.000000,1409.720947,0.000000,0.341000,0.000003,0.004772,0.000003,0.999989,0.000000,0.000610,0.000000
296,1.000000,2416.919922,0.000000,17.000000,1409.760986,0.000000,0.341000,0.000003,0.004772,0.000003,0.999989,0.000000,0.000610,0.000000
297,1.000000,2428.669922,0.000000,17.000000,1409.800903,0.000000,0.341000,0.000003,0.004772,0.000003,0.999989,0.000000,0.000610,0.000000
298,1.000000,2440.419922,0.000000,17.000000,1409.830933,0.000000,0.341000,0.000003,0.004772,0.000003,0.999989,0.000000,0.000610,0.000000
299,1.000000,2452.169922,0.000000,17.000000,1409.860962,0.000000,0.341000,0.000003,0.004772,0.000003,0.999989,0.000000,0.000610,0.000000
300,1.000000,2463.919922,0.000000,17.000000,1409.880981,0.000000,0.341000,0.000003,0.004772,0.000003,0.999989,0.000000,0.000610,0.000000
301,1.000000,2475.669922,0.000000,17.000000,1409.901001,0.000000,0.341000,0.000003,0.004772,0.000003,0.999989,0.000000,0.000610,0.000000
302,1.000000,2487.419922,0.000000,17.000000,1409.920898,0.000000,0.341000,0.000003,0.004772,0.000003,0.999989,0.000000,0.000610,0.000000
303,1.000000,2499.169922,0.000000,17.000000,1409.940918,0.000000,0.341000,0.000003,0.004772,0.000003,0.999989,0.000000,0.000610,0.000000
304,1.000000,2510.919922,0.000000,17.000000,1409.950928,0.000000,0.341000,0.000003,0.004772,0.000003,0.999989,0.000000,0.000610,0.000000
305,1.000000,2522.669922,0.000000,17.000000,1409.960938,0.000000,0.341000,0.000003,0.004772,0.000003,0.999989,0.000000,0.000610,0.000000
306,1.000000,2534.419922,0.000000,17.000000,1409.970947,0.000000,0.341000,0.000003,0.004772,0.000003,0.999989,0.000000,0.000610,0.000000
307,1.000000,2546.169922,0.000000,17.000000,1409.980957,0.000000,0.341000,0.000003,0.004772,0.000003,0.999989,0.000000,0.000610,0.000000
308,1.000000,2557.919922,0.000000,17.000000,1409.990967,0.000000,0.341000,0.000003,0.004772,0.000003,0.999989,0.000000,0.000610,0.000000
309,1.000000,2569.669922,0.000000,17.000000,1410.000977,0.000000,0.341000,0.000003,0.004772,0.000003,0.999989,0.000000,0.000610,0.000000
310,1.000000,2581.419922,0.000000,17.000000,1410.000977,0.000000,0.341000,0.000003,0.004772,0.000003,0.999989,0.000000,0.000610,0.000000
311,1.000000,2593.169922,0.000000,17.000000,1410.000977,0.000000,0.341000,0.000003,0.004772,0.000003,0.999989,0.000000,0.000610,0.000000
312,1.000000,2604.919922,0.000000,17.000000,1410.000977,0.000000,0.341000,0.000003,0.004772,0.000003,0.999989,0.000000,0.000610,0.000000
313,1.000000,2616.669922,0.000000,17.000000,1410.000977,0.000000,0.341000,0.000003,0.004772,0.000003,0.999989,0.000000,0.000610,0.000000
314,1.000000,2628.419922,0.000000,17.000000,1410.000977,0.000000,0.341000,0.000003,0.004772,0.000003,0.999989,0.000000,0.000610,0.000000
315,1.000000,2640.169922,0.000000,17.000000,1410.000977,0.000000,0.341000,0.000003,0.004772,0.000003,0.999989,0.000000,0.000610,0.000000
316,1.000000,2651.919922,0.000000,17.000000,1410.000977,0.000000,0.341000,0.000003,0.004772,0.000003,0.999989,0.000000,0.000610,0.000000
317,1.000000,2663.669922,0.000000,17.000000,1410.000977,0.000000,0.341000,0.000003,0.004772,0.000003,0.999989,0.000000,0.000610,0.000000
318,1.000000,2675.419922,0.000000,17.000000,1410.000977,0.000000,0.341000,0.000003,0.004772,0.000003,0.999989,0.000000,0.000610,0.000000
319,1.000000,2687.169922,0.000000,17.000000,1410.000977,0.000000,0.341000,0.000003,0.004772,0.000003,0.999989,0.000000,0.000610,0.000000
320,1.000000,2698.919922,0.000000,17.000000,1410.000977,0.000000,0.341000,0.000003,0.004772,0.000003,0.999989,0.000000,0.000610,0.000000
321,1.000000,2710.669922,0.000000,17.000000,1410.000977,0.000000,0.341000,0.000003,0.004772,0.000003,0.999989,0.000000,0.000610,0.000000
322,1.000000,2722.419922,0.000000,17.000000,1410.000977,0.000000,0.341000,0.000003,0.004772,0.000003,0.999989,0.000000,0.000610,0.000000
323,1.000000,2734.169922,0.000000,17.000000,1410.000977,0.000000,0.341000,0.000003,0.004772,0.000003,0.999989,0.000000,0.000610,0.000000
324,1.000000,2745.919922,0.000000,17.000000,1410.000977,0.000000,0.341000,0.000003,0.004772,0.000003,0.999989,0.000000,0.000610,0.000000
325,1.000000,2757.669922,0.000000,17.000000,1410.000977,0.000000,0.341000,0.000003,0.004772,0.000003,0.999989,0.000000,0.000610,0.000000
326,1.000000,2769.419922,0.000000,17.000000,1410.000977,0.000000,0.341000,0.000003,0.004772,0.000003,0.999989,0.000000,0.000610,0.000000
327,1.000000,2781.169922,0.000000,17.000000,1410.000977,0.000000,0.341000,0.000003,0.004772,0.000003,0.999989,0.000000,0.000610,0.000000
328,1.000000,2792.919922,0.000000,17.000000,1410.000977,0.000000,0.341000,0.000003,0.004772,0.000003,0.999989,0.000000,0.000610,0.000000
329,1.000000,2804.669922,0.000000,17.000000,1410.000977,0.000000,0.341000,0.000003,0.004772,0.000003,0.999989,0.000000,0.000610,0.000000
330,1.000000,2816.419922,0.000000,17.000000,1410.000977,0.000000,0.341000,0.000003,0.004772,0.000003,0.999989,0.000000,0.000610,0.000000
331,1.000000,2828.169922,0.000000,17.000000,1410.000977,0.000000,0.341000,0.000003,0.004772,0.000003,0.999989,0.000000,0.000610,0.000000
332,1.000000,2839.919922,0.000000,17.000000,1410.000977,0.000000,0.341000,0.000003,0.004772,0.000003,0.999989,0.000000,0.000610,0.000000
333,1.000000,2851.669922,0.000000,17.000000,1410.000977,0.000000,0.341000,0.000003,0.004772,0.000003,0.999989,0.000000,0.000610,0.000000
334,1.000000,2863.419922,0.000000,17.000000,1410.000977,0.000000,0.341000,0.000003,0.004772,0.000003,0.999989,0.000000,0.000610,0.000000
335,1.000000,2875.169922,0.000000,17.000000,1410.000977,0.000000,0.341000,0.000003,0.004772,0.000003,0.999989,0.000000,0.000610,0.000000
336,1.000000,2886.919922,0.000000,17.000000,1410.000977,0.000000,0.341000,0.000003,0.004772,0.000003,0.999989,0.000000,0.000610,0.000000
337,1.000000,2898.669922,0.000000,17.000000,1410.000977,0.000000,0.341000,0.000003,0.004772,0.000003,0.999989,0.000000,0.000610,0.000000
338,1.000000,2910.419922,0.000000,17.000000,1410.000977,0.000000,0.341000,0.000003,0.004772,0.000003,0.999989,0.000000,0.000610,0.000000
339,1.000000,2922.169922,0.000000,17.000000,1410.000977,0.000000,0.341000,0.000003,0.004772,0.000003,0.999989,0.000000,0.000610,0.000000
340,1.000000,2933.919922,0.000000,17.000000,1410.000977,0.000000,0.341000,0.000003,0.004772,0.000003,0.999989,0.000000,0.000610,0.000000
341,1.000000,2945.669922,0.000000,17.000000,1410.000977,0.000000,0.341000,0.000003,0.004772,0.000003,0.999989,0.000000,0.000610,0.000000
342,1.000000,2957.419922,0.000000,17.000000,1410.000977,0.000000,0.341000,0.000003,0.004772,0.000003,0.999989,0.000000,0.000610,0.000000
343,1.000000,2969.169922,0.000000,17.000000,1410.000977,0.000000,0.341000,0.000003,0.004772,0.000003,0.999989,0.000000,0.000610,0.000000
344,1.000000,2980.919922,0.000000,17.000000,1410.000977,0.000000,0.341000,0.000003,0.004772,0.000003,0.999989,0.000000,0.000610,0.000000
345,1.000000,2992.669922,0.000000,17.000000,1410.000977,0.000000,0.341000,0.000003,0.004772,0.000003,0.999989,0.000000,0.000610,0.000000
346,1.000000,3004.419922,0.000000,17.000000,1410.000977,0.000000,0.341000,0.000003,0.004772,0.000003,0.999989,0.000000,0.000610,0.000000
347,1.000000,3016.169922,0.000000,17.000000,1410.000977,0.000000,0.341000,0.000003,0.004772,0.000003,0.999989,0.000000,0.000610,0.000000
348,1.000000,3027.919922,0.000000,17.000000,1410.000977,0.000000,0.341000,0.000003,0.004772,0.000003,0.999989,0.000000,0.000610,0.000000
349,1.000000,3039.669922,0.000000,17.000000,1410.000977,0.000000,0.341000,0.000003,0.004772,0.000003,0.999989,0.000000,0.000610,0.000000
350,1.000000,3051.419922,0.000000,17.000000,1410.000977,0.000000,0.341000,0.000003,0.004772,0.000003,0.999989,0.000000,0.000610,0.000000
351,1.000000,3063.169922,0.000000,17.000000,1410.000977,0.000000,0.341000,0.000003,0.004772,0.000003,0.999989,0.000000,0.000610,0.000000
352,1.000000,3074.919922,0.000000,17.000000,1410.000977,0.000000,0.341000,0.000003,0.004772,0.000003,0.999989,0.000000,0.000610,0.000000
353,1.000000,3086.669922,0.000000,17.000000,1410.000977,0.000000,0.341000,0.000003,0.004772,0.000003,0.999989,0.000000,0.000610,0.000000
354,1.000000,3098.419922,0.000000,17.000000,1410.000977,0.000000,0.341000,0.000003,0.004772,0.000003,0.999989,0.000000,0.000610,0.000000
355,1.000000,3110.169922,0.000000,17.000000,1410.000977,0.000000,0.341000,0.000003,0.004772,0.000003,0.999989,0.000000,0.000610,0.000000
356,1.000000,3121.919922,0.000000,17.000000,1410.000977,0.000000,0.341000,0.000003,0.004772,0.000003,0.999989,0.000000,0.000610,0.000000
357,1.000000,3133.669922,0.000000,17.000000,1410.000977,0.000000,0.341000,0.000003,0.004772,0.000003,0.999989,0.000000,0.000610,0.000000
358,1.000000,3145.419922,0.000000,17.000000,1410.000977,0.000000,0.341000,0.000003,0.004772,0.000003,0.999989,0.000000,0.000610,0.000000
359,1.000000,3157.169922,0.000000,17.000000,1410.000977,0.000000,0.341000,0.000003,0.004772,0.000003,0.999989,0.000000,0.000610,0.000000
360,1.000000,3168.919922,0.000000,17.000000,1410.000977,0.000000,0.341000,0.000003,0.004772,0.000003,0.999989,0.000000,0.000610,0.000000
361,1.000000,3180.669922,0.000000,17.000000,1410.000977,0.000000,0.341000,0.000003,0.004772,0.000003,0.999989,0.000000,0.000610,0.000000
362,1.000000,3192.419922,0.000000,17.000000,1410.000977,0.000000,0.341000,0.000003,0.004772,0.000003,0.999989,0.000000,0.000610,0.000000
363,1.000000,3204.169922,0.000000,17.000000,1410.000977,0.000000,0.341000,0.000003,0.004772,0.000003,0.999989,0.000000,0.000610,0.000000
364,1.000000,3215.919922,0.000000,17.000000,1410.000977,0.000000,0.341000,0.000003,0.004772,0.000003,0.999989,0.000000,0.000610,0.000000
365,1.000000,3227.669922,0.000000,17.000000,1410.000977,0.000000,0.341000,0.000003,0.004772,0.000003,0.999989,0.000000,0.000610,0.000000
366,1.000000,3239.419922,0.000000,17.000000,1410.000977,0.000000,0.341000,0.000003,0.004772,0.000003,0.999989,0.000000,0.000610,0.000000
367,1.000000,3251.169922,0.000000,17.000000,1410.000977,0.000000,0.341000,0.000003,0.004772,0.000003,0.999989,0.000000,0.000610,0.000000
368,1.000000,3262.919922,0.000000,17.000000,1410.000977,0.000000,0.341000,0.000003,0.004772,0.000003,0.999989,0.000000,0.000610,0.000000
369,1.000000,3274.669922,0.000000,17.000000,1410.000977,0.000000,0.341000,0.000003,0.004772,0.000003,0.999989,0.000000,0.000610,0.000000
370,1.000000,3286.419922,0.000000,17.000000,1410.000977,0.000000,0.341000,0.000003,0.004772,0.000003,0.999989,0.000000,0.000610,0.000000
371,1.000000,3298.169922,0.000000,17.000000,1410.000977,0.000000,0.341000,0.000003,0.004772,0.000003,0.999989,0.000000,0.000610,0.000000
372,1.000000,3309.919922,0.000000,17.000000,1410.000977,0.000000,0.341000,0.000003,0.004772,0.000003,0.999989,0.000000,0.000610,0.000000
373,1.000000,3321.669922,0.000000,17.000000,1410.000977,0.000000,0.341000,0.000003,0.004772,0.000003,0.999989,0.000000,0.000610,0.000000
374,1.000000,3333.419922,0.000000,17.000000,1410.000977,0.000000,0.341000,0.000003,0.004772,0.000003,0.999989,0.000000,0.000610,0.000000
375,1.000000,3345.169922,0.000000,17.000000,1410.000977,0.000000,0.341000,0.000003,0.004772,0.000003,0.999989,0.000000,0.000610,0.000000
376,1.000000,3356.919922,0.000000,17.000000,1410.000977,0.000000,0.341000,0.000003,0.004772,0.000003,0.999989,0.000000,0.000610,0.000000
377,1.000000,3368.669922,0.000000,17.000000,1410.000977,0.000000,0.341000,0.000003,0.004772,0.000003,0.999989,0.000000,0.000610,0.000000
378,1.000000,3380.419922,0.000000,17.000000,1410.000977,0.000000,0.341000,0.000003,0.004772,0.000003,0.999989,0.000000,0.000610,0.000000
379,1.000000,3392.169922,0.000000,17.000000,1410.000977,0.000000,0.341000,0.000003,0.004772,0.000003,0.999989,0.000000,0.000610,0.000000
380,1.000000,3403.919922,0.000000,17.000000,1410.000977,0.000000,0.341000,0.000003,0.004772,0.000003,0.999989,0.000000,0.000610,0.000000
381,1.000000,3415.669922,0.000000,17.000000,1410.000977,0.000000,0.341000,0.000003,0.004772,0.000003,0.999989,0.000000,0.000610,0.000000
382,1.000000,3427.419922,0.000000,17.000000,1410.000977,0.000000,0.341000,0.000003,0.004772,0.000003,0.999989,0.000000,0.000610,0.000000
383,1.000000,3439.169922,0.000000,17.000000,1410.000977,0.000000,0.341000,0.000003,0.004772,0.000003,0.999989,0.000000,0.000610,0.000000
384,1.000000,3450.919922,0.000000,17.000000,1410.000977,0.000000,0.341000,0.000003,0.004772,0.000003,0.999989,0.000000,0.000610,0.000000
385,1.000000,3462.669922,0.000000,17.000000,1410.000977,0.000000,0.341000,0.000003,0.004772,0.000003,0.999989,0.000000,0.000610,0.000000
386,1.000000,3474.419922,0.000000,17.000000,1410.000977,0.000000,0.341000,0.000003,0.004772,0.000003,0.999989,0.000000,0.000610,0.000000
387,1.000000,3486.169922,0.000000,17.000000,1410.000977,0.000000,0.341000,0.000003,0.004772,0.000003,0.999989,0.000000,0.000610,0.000000
388,1.000000,3497.919922,0.000000,17.000000,1410.000977,0.000000,0.341000,0.000003,0.004772,0.000003,0.999989,0.000000,0.000610,0.000000
389,1.000000,3509.669922,0.000000,17.000000,1410.000977,0.000000,0.341000,0.000003,0.004772,0.000003,0.999989,0.000000,0.000610,0.000000
390,1.000000,3521.419922,0.000000,17.000000,1410.000977,0.000000,0.341000,0.000003,0.004772,0.000003,0.999989,0.000000,0.000610,0.000000
391,1.000000,3533.169922,0.000000,17.000000,1410.000977,0.000000,0.341000,0.000003,0.004772,0.000003,0.999989,0.000000,0.000610,0.000000
392,1.000000,3544.919922,0.000000,17.000000,1410.000977,0.000000,0.341000,0.000003,0.004772,0.000003,0.999989,0.000000,0.000610,0.000000
393,1.000000,3556.669922,0.000000,17.000000,1410.000977,0.000000,0.341000,0.000003,0.004772,0.000003,0.999989,0.000000,0.000610,0.000000
394,1.000000,3568.419922,0.000000,17.000000,1410.000977,0.000000,0.341000,0.000003,0.004772,0.000003,0.999989,0.000000,0.000610,0.000000
395,1.000000,3580.169922,0.000000,17.000000,1410.000977,0.000000,0.341000,0.000003,0.004772,0.000003,0.999989,0.000000,0.000610,0.000000
396,1.000000,3591.919922,0.000000,17.000000,1410.000977,0.000000,0.341000,0.000003,0.004772,0.000003,0.999989,0.000000,0.000610,0.000000
397,1.000000,3603.669922,0.000000,17.000000,1410.000977,0.000000,0.341000,0.000003,0.004772,0.000003,0.999989,0.000000,0.000610,0.000000
398,1.000000,3615.419922,0.000000,17.000000,1410.000977,0.000000,0.341000,0.000003,0.004772,0.000003,0.999989,0.000000,0.000610,0.000000
399,1.000000,3627.169922,0.000000,17.000000,1410.000977,0.000000,0.341000,0.000003,0.004772,0.000003,0.999989,0.000000,0.000610,0.000000
400,1.000000,3638.919922,0.000000,17.000000,1410.000977,0.000000,0.341000,0.000003,0.004772,0.000003,0.999989,0.000000,0.000610,0.000000
401,1.000000,3650.669922,0.000000,17.000000,1410.000977,0.000000,0.341000,0.000003,0.004772,0.000003,0.999989,0.000000,0.000610,0.000000
402,1.000000,3662.419922,0.000000,17.000000,1410.000977,0.000000,0.341000,0.000003,0.004772,0.000003,0.999989,0.000000,0.000610,0.000000
