frame,input.bJump,input.bJumped,car.Location.X,car.Location.Y,car.Location.Z,car.LinearVelocity.X,car.LinearVelocity.Y,car.LinearVelocity.Z,car.Quaternion.X,car.Quaternion.Y,car.Quaternion.Z,car.Quaternion.W,car.AngularVelocity.X,car.AngularVelocity.Y,car.AngularVelocity.Z
0,False,False,0.000000,0.000000,21.000000,0.000000,0.000000,0.000000,0.000003,0.000003,0.000003,1.000000,0.000000,0.000000,0.000000
1,False,False,0.000000,0.000000,21.000000,0.000000,0.000000,0.000000,0.000003,0.000003,0.000003,1.000000,0.000000,0.000000,0.000000
2,False,False,0.000000,0.000000,21.000000,0.000000,0.000000,0.000000,0.000003,0.000003,0.000003,1.000000,0.000000,0.000000,0.000000
3,True,True,0.000000,0.000000,23.529999,0.000000,0.000000,303.811005,0.000003,0.000003,0.000003,1.000000,0.000000,0.000000,0.000000
4,False,False,0.000000,0.000000,26.160000,0.000000,0.000000,315.960999,0.000003,0.000003,0.000003,1.000000,0.000000,0.000000,0.000000
5,False,False,0.000000,0.000000,28.889999,0.000000,0.000000,328.110992,0.000003,0.000003,0.000003,1.000000,0.000000,0.000000,0.000000
6,False,False,0.000000,0.000000,31.619999,0.000000,0.000000,328.110992,0.000003,0.000003,0.000003,1.000000,0.000000,0.000000,0.000000
7,False,False,0.000000,0.000000,34.349998,0.000000,0.000000,328.110992,0.000003,0.000003,0.000003,1.000000,0.000000,0.000000,0.000000
8,False,False,0.000000,0.000000,37.079998,0.000000,0.000000,328.110992,0.000003,0.000003,0.000003,1.000000,0.000000,0.000000,0.000000
9,False,False,0.000000,0.000000,39.809998,0.000000,0.000000,328.110992,0.000003,0.000003,0.000003,1.000000,0.000000,0.000000,0.000000
10,False,False,0.000000,0.000000,42.540001,0.000000,0.000000,328.110992,0.000003,0.000003,0.000003,1.000000,0.000000,0.000000,0.000000
11,False,False,0.000000,0.000000,45.270000,0.000000,0.000000,328.110992,0.000003,0.000003,0.000003,1.000000,0.000000,0.000000,0.000000
12,False,False,0.000000,0.000000,48.000000,0.000000,0.000000,328.110992,0.000003,0.000003,0.000003,1.000000,0.000000,0.000000,0.000000
13,False,False,0.000000,0.000000,50.730000,0.000000,0.000000,328.110992,0.000003,0.000003,0.000003,1.000000,0.000000,0.000000,0.000000
14,False,False,0.000000,0.000000,53.459999,0.000000,0.000000,328.110992,0.000003,0.000003,0.000003,1.000000,0.000000,0.000000,0.000000
15,False,False,0.000000,0.000000,56.189999,0.000000,0.000000,328.110992,0.000003,0.000003,0.000003,1.000000,0.000000,0.000000,0.000000
16,False,False,0.000000,0.000000,58.919998,0.000000,0.000000,328.110992,0.000003,0.000003,0.000003,1.000000,0.000000,0.000000,0.000000
17,False,False,0.000000,0.000000,61.649998,0.000000,0.000000,328.110992,0.000003,0.000003,0.000003,1.000000,0.000000,0.000000,0.000000
18,False,False,0.000000,0.000000,64.379997,0.000000,0.000000,328.110992,0.000003,0.000003,0.000003,1.000000,0.000000,0.000000,0.000000
19,False,False,0.000000,0.000000,67.110001,0.000000,0.000000,328.110992,0.000003,0.000003,0.000003,1.000000,0.000000,0.000000,0.000000
20,False,False,0.000000,0.000000,69.839996,0.000000,0.000000,328.110992,0.000003,0.000003,0.000003,1.000000,0.000000,0.000000,0.000000
21,False,False,0.000000,0.000000,72.570000,0.000000,0.000000,328.110992,0.000003,0.000003,0.000003,1.000000,0.000000,0.000000,0.000000
22,False,False,0.000000,0.000000,75.299995,0.000000,0.000000,328.110992,0.000003,0.000003,0.000003,1.000000,0.000000,0.000000,0.000000
23,False,False,0.000000,0.000000,78.029999,0.000000,0.000000,328.110992,0.000003,0.000003,0.000003,1.000000,0.000000,0.000000,0.000000
24,False,False,0.000000,0.000000,80.759995,0.000000,0.000000,328.110992,0.000003,0.000003,0.000003,1.000000,0.000000,0.000000,0.000000
25,False,False,0.000000,0.000000,83.489998,0.000000,0.000000,328.110992,0.000003,0.000003,0.000003,1.000000,0.000000,0.000000,0.000000
26,False,False,0.000000,0.000000,86.220001,0.000000,0.000000,328.110992,0.000003,0.000003,0.000003,1.000000,0.000000,0.000000,0.000000
27,False,False,0.000000,0.000000,88.949997,0.000000,0.000000,328.110992,0.000003,0.000003,0.000003,1.000000,0.000000,0.000000,0.000000
28,False,False,0.000000,0.000000,91.680000,0.000000,0.000000,328.110992,0.000003,0.000003,0.000003,1.000000,0.000000,0.000000,0.000000
29,False,False,0.000000,0.000000,94.409996,0.000000,0.000000,328.110992,0.000003,0.000003,0.000003,1.000000,0.000000,0.000000,0.000000
30,False,False,0.000000,0.000000,97.139999,0.000000,0.000000,328.110992,0.000003,0.000003,0.000003,1.000000,0.000000,0.000000,0.000000
31,False,False,0.000000,0.000000,99.869995,0.000000,0.000000,328.110992,0.000003,0.000003,0.000003,1.000000,0.000000,0.000000,0.000000
32,False,False,0.000000,0.000000,102.599998,0.000000,0.000000,328.110992,0.000003,0.000003,0.000003,1.000000,0.000000,0.000000,0.000000
33,False,False,0.000000,0.000000,105.329994,0.000000,0.000000,328.110992,0.000003,0.000003,0.000003,1.000000,0.000000,0.000000,0.000000
34,False,False,0.000000,0.000000,108.059998,0.000000,0.000000,328.110992,0.000003,0.000003,0.000003,1.000000,0.000000,0.000000,0.000000
35,False,False,0.000000,0.000000,110.790001,0.000000,0.000000,328.110992,0.000003,0.000003,0.000003,1.000000,0.000000,0.000000,0.000000
36,False,False,0.000000,0.000000,113.519997,0.000000,0.000000,328.110992,0.000003,0.000003,0.000003,1.000000,0.000000,0.000000,0.000000
37,False,False,0.000000,0.000000,116.250000,0.000000,0.000000,328.110992,0.000003,0.000003,0.000003,1.000000,0.000000,0.000000,0.000000
38,False,False,0.000000,0.000000,118.979996,0.000000,0.000000,328.110992,0.000003,0.000003,0.000003,1.000000,0.000000,0.000000,0.000000
39,False,False,0.000000,0.000000,121.709999,0.000000,0.000000,328.110992,0.000003,0.000003,0.000003,1.000000,0.000000,0.000000,0.000000
40,False,False,0.000000,0.000000,124.439995,0.000000,0.000000,328.110992,0.000003,0.000003,0.000003,1.000000,0.000000,0.000000,0.000000
41,False,False,0.000000,0.000000,127.169998,0.000000,0.000000,328.110992,0.000003,0.000003,0.000003,1.000000,0.000000,0.000000,0.000000
42,False,False,0.000000,0.000000,129.899994,0.000000,0.000000,328.110992,0.000003,0.000003,0.000003,1.000000,0.000000,0.000000,0.000000
43,False,False,0.000000,0.000000,132.629990,0.000000,0.000000,328.110992,0.000003,0.000003,0.000003,1.000000,0.000000,0.000000,0.000000
44,False,False,0.000000,0.000000,135.360001,0.000000,0.000000,328.110992,0.000003,0.000003,0.000003,1.000000,0.000000,0.000000,0.000000
45,False,False,0.000000,0.000000,138.089996,0.000000,0.000000,328.110992,0.000003,0.000003,0.000003,1.000000,0.000000,0.000000,0.000000
46,False,False,0.000000,0.000000,140.819992,0.000000,0.000000,328.110992,0.000003,0.000003,0.000003,1.000000,0.000000,0.000000,0.000000
47,False,False,0.000000,0.000000,143.550003,0.000000,0.000000,328.110992,0.000003,0.000003,0.000003,1.000000,0.000000,0.000000,0.000000
48,False,False,0.000000,0.000000,146.279999,0.000000,0.000000,328.110992,0.000003,0.000003,0.000003,1.000000,0.000000,0.000000,0.000000
49,False,False,0.000000,0.000000,149.009995,0.000000,0.000000,328.110992,0.000003,0.000003,0.000003,1.000000,0.000000,0.000000,0.000000
50,False,False,0.000000,0.000000,151.739990,0.000000,0.000000,328.110992,0.000003,0.000003,0.000003,1.000000,0.000000,0.000000,0.000000
51,False,False,0.000000,0.000000,154.470001,0.000000,0.000000,328.110992,0.000003,0.000003,0.000003,1.000000,0.000000,0.000000,0.000000
52,False,False,0.000000,0.000000,157.199997,0.000000,0.000000,328.110992,0.000003,0.000003,0.000003,1.000000,0.000000,0.000000,0.000000
53,False,False,0.000000,0.000000,159.929993,0.000000,0.000000,328.110992,0.000003,0.000003,0.000003,1.000000,0.000000,0.000000,0.000000
54,False,False,0.000000,0.000000,162.660004,0.000000,0.000000,328.110992,0.000003,0.000003,0.000003,1.000000,0.000000,0.000000,0.000000
55,False,False,0.000000,0.000000,165.389999,0.000000,0.000000,328.110992,0.000003,0.000003,0.000003,1.000000,0.000000,0.000000,0.000000
56,False,False,0.000000,0.000000,168.119995,0.000000,0.000000,328.110992,0.000003,0.000003,0.000003,1.000000,0.000000,0.000000,0.000000
57,False,False,0.000000,0.000000,170.849991,0.000000,0.000000,328.110992,0.000003,0.000003,0.000003,1.000000,0.000000,0.000000,0.000000
58,False,False,0.000000,0.000000,173.580002,0.000000,0.000000,328.110992,0.000003,0.000003,0.000003,1.000000,0.000000,0.000000,0.000000
59,False,False,0.000000,0.000000,176.309998,0.000000,0.000000,328.110992,0.000003,0.000003,0.000003,1.000000,0.000000,0.000000,0.000000
60,False,False,0.000000,0.000000,179.039993,0.000000,0.000000,328.110992,0.000003,0.000003,0.000003,1.000000,0.000000,0.000000,0.000000
61,False,False,0.000000,0.000000,181.769989,0.000000,0.000000,328.110992,0.000003,0.000003,0.000003,1.000000,0.000000,0.000000,0.000000
62,False,False,0.000000,0.000000,184.500000,0.000000,0.000000,328.110992,0.000003,0.000003,0.000003,1.000000,0.000000,0.000000,0.000000
63,False,False,0.000000,0.000000,187.229996,0.000000,0.000000,328.110992,0.000003,0.000003,0.000003,1.000000,0.000000,0.000000,0.000000
64,False,False,0.000000,0.000000,189.959991,0.000000,0.000000,328.110992,0.000003,0.000003,0.000003,1.000000,0.000000,0.000000,0.000000
65,False,False,0.000000,0.000000,192.690002,0.000000,0.000000,328.110992,0.000003,0.000003,0.000003,1.000000,0.000000,0.000000,0.000000
66,False,False,0.000000,0.000000,195.419998,0.000000,0.000000,328.110992,0.000003,0.000003,0.000003,1.000000,0.000000,0.000000,0.000000
67,False,False,0.000000,0.000000,198.149994,0.000000,0.000000,328.110992,0.000003,0.000003,0.000003,1.000000,0.000000,0.000000,0.000000
68,False,False,0.000000,0.000000,200.879990,0.000000,0.000000,328.110992,0.000003,0.000003,0.000003,1.000000,0.000000,0.000000,0.000000
69,False,False,0.000000,0.000000,203.610001,0.000000,0.000000,328.110992,0.000003,0.000003,0.000003,1.000000,0.000000,0.000000,0.000000
70,False,False,0.000000,0.000000,206.339996,0.000000,0.000000,328.110992,0.000003,0.000003,0.000003,1.000000,0.000000,0.000000,0.000000
71,False,False,0.000000,0.000000,209.069992,0.000000,0.000000,328.110992,0.000003,0.000003,0.000003,1.000000,0.000000,0.000000,0.000000
72,False,False,0.000000,0.000000,211.799988,0.000000,0.000000,328.110992,0.000003,0.000003,0.000003,1.000000,0.000000,0.000000,0.000000
73,False,False,0.000000,0.000000,214.529999,0.000000,0.000000,328.110992,0.000003,0.000003,0.000003,1.000000,0.000000,0.000000,0.000000
74,False,False,0.000000,0.000000,217.259995,0.000000,0.000000,328.110992,0.000003,0.000003,0.000003,1.000000,0.000000,0.000000,0.000000
75,False,False,0.000000,0.000000,219.989990,0.000000,0.000000,328.110992,0.000003,0.000003,0.000003,1.000000,0.000000,0.000000,0.000000
76,False,False,0.000000,0.000000,222.720001,0.000000,0.000000,328.110992,0.000003,0.000003,0.000003,1.000000,0.000000,0.000000,0.000000
77,False,False,0.000000,0.000000,225.449997,0.000000,0.000000,328.110992,0.000003,0.000003,0.000003,1.000000,0.000000,0.000000,0.000000
78,False,False,0.000000,0.000000,228.179993,0.000000,0.000000,328.110992,0.000003,0.000003,0.000003,1.000000,0.000000,0.000000,0.000000
79,False,False,0.000000,0.000000,230.909988,0.000000,0.000000,328.110992,0.000003,0.000003,0.000003,1.000000,0.000000,0.000000,0.000000
80,False,False,0.000000,0.000000,233.639999,0.000000,0.000000,328.110992,0.000003,0.000003,0.000003,1.000000,0.000000,0.000000,0.000000
81,False,False,0.000000,0.000000,236.369995,0.000000,0.000000,328.110992,0.000003,0.000003,0.000003,1.000000,0.000000,0.000000,0.000000
82,False,False,0.000000,0.000000,239.099991,0.000000,0.000000,328.110992,0.000003,0.000003,0.000003,1.000000,0.000000,0.000000,0.000000
83,False,False,0.000000,0.000000,241.830002,0.000000,0.000000,328.110992,0.000003,0.000003,0.000003,1.000000,0.000000,0.000000,0.000000
84,False,False,0.000000,0.000000,244.559998,0.000000,0.000000,328.110992,0.000003,0.000003,0.000003,1.000000,0.000000,0.000000,0.000000
85,False,False,0.000000,0.000000,247.289993,0.000000,0.000000,328.110992,0.000003,0.000003,0.000003,1.000000,0.000000,0.000000,0.000000
86,False,False,0.000000,0.000000,250.019989,0.000000,0.000000,328.110992,0.000003,0.000003,0.000003,1.000000,0.000000,0.000000,0.000000
87,False,False,0.000000,0.000000,252.750000,0.000000,0.000000,328.110992,0.000003,0.000003,0.000003,1.000000,0.000000,0.000000,0.000000
88,False,False,0.000000,0.000000,255.479996,0.000000,0.000000,328.110992,0.000003,0.000003,0.000003,1.000000,0.000000,0.000000,0.000000
89,False,False,0.000000,0.000000,258.209991,0.000000,0.000000,328.110992,0.000003,0.000003,0.000003,1.000000,0.000000,0.000000,0.000000
90,False,False,0.000000,0.000000,260.940002,0.000000,0.000000,328.110992,0.000003,0.000003,0.000003,1.000000,0.000000,0.000000,0.000000
91,False,False,0.000000,0.000000,263.669983,0.000000,0.000000,328.110992,0.000003,0.000003,0.000003,1.000000,0.000000,0.000000,0.000000
92,False,False,0.000000,0.000000,266.399994,0.000000,0.000000,328.110992,0.000003,0.000003,0.000003,1.000000,0.000000,0.000000,0.000000
93,False,False,0.000000,0.000000,269.130005,0.000000,0.000000,328.110992,0.000003,0.000003,0.000003,1.000000,0.000000,0.000000,0.000000
94,False,False,0.000000,0.000000,271.859985,0.000000,0.000000,328.110992,0.000003,0.000003,0.000003,1.000000,0.000000,0.000000,0.000000
95,False,False,0.000000,0.000000,274.589996,0.000000,0.000000,328.110992,0.000003,0.000003,0.000003,1.000000,0.000000,0.000000,0.000000
96,False,False,0.000000,0.000000,277.320007,0.000000,0.000000,328.110992,0.000003,0.000003,0.000003,1.000000,0.000000,0.000000,0.000000
97,False,False,0.000000,0.000000,280.049988,0.000000,0.000000,328.110992,0.000003,0.000003,0.000003,1.000000,0.000000,0.000000,0.000000
98,False,False,0.000000,0.000000,282.779999,0.000000,0.000000,328.110992,0.000003,0.000003,0.000003,1.000000,0.000000,0.000000,0.000000
99,False,False,0.000000,0.000000,285.509979,0.000000,0.000000,328.110992,0.000003,0.000003,0.000003,1.000000,0.000000,0.000000,0.000000
100,False,False,0.000000,0.000000,288.239990,0.000000,0.000000,328.110992,0.000003,0.000003,0.000003,1.000000,0.000000,0.000000,0.000000
101,False,False,0.000000,0.000000,290.970001,0.000000,0.000000,328.110992,0.000003,0.000003,0.000003,1.000000,0.000000,0.000000,0.000000
102,False,False,0.000000,0.000000,293.699982,0.000000,0.000000,328.110992,0.000003,0.000003,0.000003,1.000000,0.000000,0.000000,0.000000
103,False,False,0.000000,0.000000,296.429993,0.000000,0.000000,328.110992,0.000003,0.000003,0.000003,1.000000,0.000000,0.000000,0.000000
104,False,False,0.000000,0.000000,299.160004,0.000000,0.000000,328.110992,0.000003,0.000003,0.000003,1.000000,0.000000,0.000000,0.000000
105,False,False,0.000000,0.000000,301.889984,0.000000,0.000000,328.110992,0.000003,0.000003,0.000003,1.000000,0.000000,0.000000,0.000000
106,False,False,0.000000,0.000000,304.619995,0.000000,0.000000,328.110992,0.000003,0.000003,0.000003,1.000000,0.000000,0.000000,0.000000
107,False,False,0.000000,0.000000,307.350006,0.000000,0.000000,328.110992,0.000003,0.000003,0.000003,1.000000,0.000000,0.000000,0.000000
108,False,False,0.000000,0.000000,310.079987,0.000000,0.000000,328.110992,0.000003,0.000003,0.000003,1.000000,0.000000,0.000000,0.000000
109,False,False,0.000000,0.000000,312.809998,0.000000,0.000000,328.110992,0.000003,0.000003,0.000003,1.000000,0.000000,0.000000,0.000000
110,False,False,0.000000,0.000000,315.539978,0.000000,0.000000,328.110992,0.000003,0.000003,0.000003,1.000000,0.000000,0.000000,0.000000
111,False,False,0.000000,0.000000,318.269989,0.000000,0.000000,328.110992,0.000003,0.000003,0.000003,1.000000,0.000000,0.000000,0.000000
112,False,False,0.000000,0.000000,321.000000,0.000000,0.000000,328.110992,0.000003,0.000003,0.000003,1.000000,0.000000,0.000000,0.000000
113,False,False,0.000000,0.000000,323.729980,0.000000,0.000000,328.110992,0.000003,0.000003,0.000003,1.000000,0.000000,0.000000,0.000000
114,False,False,0.000000,0.000000,326.459991,0.000000,0.000000,328.110992,0.000003,0.000003,0.000003,1.000000,0.000000,0.000000,0.000000
115,False,False,0.000000,0.000000,329.190002,0.000000,0.000000,328.110992,0.000003,0.000003,0.000003,1.000000,0.000000,0.000000,0.000000
116,False,False,0.000000,0.000000,331.919983,0.000000,0.000000,328.110992,0.000003,0.000003,0.000003,1.000000,0.000000,0.000000,0.000000
117,False,False,0.000000,0.000000,334.649994,0.000000,0.000000,328.110992,0.000003,0.000003,0.000003,1.000000,0.000000,0.000000,0.000000
118,False,False,0.000000,0.000000,337.380005,0.000000,0.000000,328.110992,0.000003,0.000003,0.000003,1.000000,0.000000,0.000000,0.000000
119,False,False,0.000000,0.000000,340.109985,0.000000,0.000000,328.110992,0.000003,0.000003,0.000003,1.000000,0.000000,0.000000,0.000000
120,False,False,0.000000,0.000000,342.839996,0.000000,0.000000,328.110992,0.000003,0.000003,0.000003,1.000000,0.000000,0.000000,0.000000
121,False,False,0.000000,0.000000,345.570007,0.000000,0.000000,328.110992,0.000003,0.000003,0.000003,1.000000,0.000000,0.000000,0.000000
122,False,False,0.000000,0.000000,348.299988,0.000000,0.000000,328.110992,0.000003,0.000003,0.000003,1.000000,0.000000,0.000000,0.000000
123,False,False,0.000000,0.000000,351.029999,0.000000,0.000000,328.110992,0.000003,0.000003,0.000003,1.000000,0.000000,0.000000,0.000000
124,True,True,0.000000,0.000000,356.190002,0.000000,0.000000,619.770935,0.000003,0.000003,0.000003,1.000000,0.000000,0.000000,0.000000
125,True,True,0.000000,0.000000,361.350006,0.000000,0.000000,619.770935,0.000003,0.000003,0.000003,1.000000,0.000000,0.000000,0.000000
126,True,True,0.000000,0.000000,366.509979,0.000000,0.000000,619.770935,0.000003,0.000003,0.000003,1.000000,0.000000,0.000000,0.000000
127,True,True,0.000000,0.000000,371.669983,0.000000,0.000000,619.770935,0.000003,0.000003,0.000003,1.000000,0.000000,0.000000,0.000000
128,True,True,0.000000,0.000000,376.829987,0.000000,0.000000,619.770935,0.000003,0.000003,0.000003,1.000000,0.000000,0.000000,0.000000
129,True,True,0.000000,0.000000,381.989990,0.000000,0.000000,619.770935,0.000003,0.000003,0.000003,1.000000,0.000000,0.000000,0.000000
130,True,True,0.000000,0.000000,387.149994,0.000000,0.000000,619.770935,0.000003,0.000003,0.000003,1.000000,0.000000,0.000000,0.000000
131,True,True,0.000000,0.000000,392.309998,0.000000,0.000000,619.770935,0.000003,0.000003,0.000003,1.000000,0.000000,0.000000,0.000000
132,True,True,0.000000,0.000000,397.470001,0.000000,0.000000,619.770935,0.000003,0.000003,0.000003,1.000000,0.000000,0.000000,0.000000
133,True,True,0.000000,0.000000,402.630005,0.000000,0.000000,619.770935,0.000003,0.000003,0.000003,1.000000,0.000000,0.000000,0.000000
134,True,True,0.000000,0.000000,407.789978,0.000000,0.000000,619.770935,0.000003,0.000003,0.000003,1.000000,0.000000,0.000000,0.000000
135,True,True,0.000000,0.000000,412.949982,0.000000,0.000000,619.770935,0.000003,0.000003,0.000003,1.000000,0.000000,0.000000,0.000000
136,True,True,0.000000,0.000000,418.109985,0.000000,0.000000,619.770935,0.000003,0.000003,0.000003,1.000000,0.000000,0.000000,0.000000
137,True,True,0.000000,0.000000,423.269989,0.000000,0.000000,619.770935,0.000003,0.000003,0.000003,1.000000,0.000000,0.000000,0.000000
138,True,True,0.000000,0.000000,428.429993,0.000000,0.000000,619.770935,0.000003,0.000003,0.000003,1.000000,0.000000,0.000000,0.000000
139,True,True,0.000000,0.000000,433.589996,0.000000,0.000000,619.770935,0.000003,0.000003,0.000003,1.000000,0.000000,0.000000,0.000000
140,True,True,0.000000,0.000000,438.750000,0.000000,0.000000,619.770935,0.000003,0.000003,0.000003,1.000000,0.000000,0.000000,0.000000
141,True,True,0.000000,0.000000,443.910004,0.000000,0.000000,619.770935,0.000003,0.000003,0.000003,1.000000,0.000000,0.000000,0.000000
142,True,True,0.000000,0.000000,449.069977,0.000000,0.000000,619.770935,0.000003,0.000003,0.000003,1.000000,0.000000,0.000000,0.000000
143,True,True,0.000000,0.000000,454.229980,0.000000,0.000000,619.770935,0.000003,0.000003,0.000003,1.000000,0.000000,0.000000,0.000000
144,True,True,0.000000,0.000000,459.389984,0.000000,0.000000,619.770935,0.000003,0.000003,0.000003,1.000000,0.000000,0.000000,0.000000
145,True,True,0.000000,0.000000,464.549988,0.000000,0.000000,619.770935,0.000003,0.000003,0.000003,1.000000,0.000000,0.000000,0.000000
146,True,True,0.000000,0.000000,469.709991,0.000000,0.000000,619.770935,0.000003,0.000003,0.000003,1.000000,0.000000,0.000000,0.000000
147,True,True,0.000000,0.000000,474.869995,0.000000,0.000000,619.770935,0.000003,0.000003,0.000003,1.000000,0.000000,0.000000,0.000000
148,True,True,0.000000,0.000000,480.029999,0.000000,0.000000,619.770935,0.000003,0.000003,0.000003,1.000000,0.000000,0.000000,0.000000
149,True,True,0.000000,0.000000,485.190002,0.000000,0.000000,619.770935,0.000003,0.000003,0.000003,1.000000,0.000000,0.000000,0.000000
150,True,True,0.000000,0.000000,490.349976,0.000000,0.000000,619.770935,0.000003,0.000003,0.000003,1.000000,0.000000,0.000000,0.000000
151,True,True,0.000000,0.000000,495.509979,0.000000,0.000000,619.770935,0.000003,0.000003,0.000003,1.000000,0.000000,0.000000,0.000000
152,True,True,0.000000,0.000000,500.669983,0.000000,0.000000,619.770935,0.000003,0.000003,0.000003,1.000000,0.000000,0.000000,0.000000
153,True,True,0.000000,0.000000,505.829987,0.000000,0.000000,619.770935,0.000003,0.000003,0.000003,1.000000,0.000000,0.000000,0.000000
154,True,True,0.000000,0.000000,510.989990,0.000000,0.000000,619.770935,0.000003,0.000003,0.000003,1.000000,0.000000,0.000000,0.000000
155,True,True,0.000000,0.000000,516.149963,0.000000,0.000000,619.770935,0.000003,0.000003,0.000003,1.000000,0.000000,0.000000,0.000000
156,True,True,0.000000,0.000000,521.309998,0.000000,0.000000,619.770935,0.000003,0.000003,0.000003,1.000000,0.000000,0.000000,0.000000
157,True,True,0.000000,0.000000,526.469971,0.000000,0.000000,619.770935,0.000003,0.000003,0.000003,1.000000,0.000000,0.000000,0.000000
158,True,True,0.000000,0.000000,531.630005,0.000000,0.000000,619.770935,0.000003,0.000003,0.000003,1.000000,0.000000,0.000000,0.000000
159,True,True,0.000000,0.000000,536.789978,0.000000,0.000000,619.770935,0.000003,0.000003,0.000003,1.000000,0.000000,0.000000,0.000000
160,True,True,0.000000,0.000000,541.950012,0.000000,0.000000,619.770935,0.000003,0.000003,0.000003,1.000000,0.000000,0.000000,0.000000
161,True,True,0.000000,0.000000,547.109985,0.000000,0.000000,619.770935,0.000003,0.000003,0.000003,1.000000,0.000000,0.000000,0.000000
162,True,True,0.000000,0.000000,552.269958,0.000000,0.000000,619.770935,0.000003,0.000003,0.000003,1.000000,0.000000,0.000000,0.000000
163,True,True,0.000000,0.000000,557.429993,0.000000,0.000000,619.770935,0.000003,0.000003,0.000003,1.000000,0.000000,0.000000,0.000000
164,True,True,0.000000,0.000000,562.589966,0.000000,0.000000,619.770935,0.000003,0.000003,0.000003,1.000000,0.000000,0.000000,0.000000
165,True,True,0.000000,0.000000,567.750000,0.000000,0.000000,619.770935,0.000003,0.000003,0.000003,1.000000,0.000000,0.000000,0.000000
166,True,True,0.000000,0.000000,572.909973,0.000000,0.000000,619.770935,0.000003,0.000003,0.000003,1.000000,0.000000,0.000000,0.000000
167,True,True,0.000000,0.000000,578.070007,0.000000,0.000000,619.770935,0.000003,0.000003,0.000003,1.000000,0.000000,0.000000,0.000000
168,True,True,0.000000,0.000000,583.229980,0.000000,0.000000,619.770935,0.000003,0.000003,0.000003,1.000000,0.000000,0.000000,0.000000
169,True,True,0.000000,0.000000,588.390015,0.000000,0.000000,619.770935,0.000003,0.000003,0.000003,1.000000,0.000000,0.000000,0.000000
170,True,True,0.000000,0.000000,593.549988,0.000000,0.000000,619.770935,0.000003,0.000003,0.000003,1.000000,0.000000,0.000000,0.000000
171,True,True,0.000000,0.000000,598.709961,0.000000,0.000000,619.770935,0.000003,0.000003,0.000003,1.000000,0.000000,0.000000,0.000000
172,True,True,0.000000,0.000000,603.869995,0.000000,0.000000,619.770935,0.000003,0.000003,0.000003,1.000000,0.000000,0.000000,0.000000
173,True,True,0.000000,0.000000,609.029968,0.000000,0.000000,619.770935,0.000003,0.000003,0.000003,1.000000,0.000000,0.000000,0.000000
174,True,True,0.000000,0.000000,614.190002,0.000000,0.000000,619.770935,0.000003,0.000003,0.000003,1.000000,0.000000,0.000000,0.000000
175,True,True,0.000000,0.000000,619.349976,0.000000,0.000000,619.770935,0.000003,0.000003,0.000003,1.000000,0.000000,0.000000,0.000000
176,True,True,0.000000,0.000000,624.510010,0.000000,0.000000,619.770935,0.000003,0.000003,0.000003,1.000000,0.000000,0.000000,0.000000
177,True,True,0.000000,0.000000,629.669983,0.000000,0.000000,619.770935,0.000003,0.000003,0.000003,1.000000,0.000000,0.000000,0.000000
178,True,True,0.000000,0.000000,634.829956,0.000000,0.000000,619.770935,0.000003,0.000003,0.000003,1.000000,0.000000,0.000000,0.000000
179,True,True,0.000000,0.000000,639.989990,0.000000,0.000000,619.770935,0.000003,0.000003,0.000003,1.000000,0.000000,0.000000,0.000000
180,True,True,0.000000,0.000000,645.149963,0.000000,0.000000,619.770935,0.000003,0.000003,0.000003,1.000000,0.000000,0.000000,0.000000
181,True,True,0.000000,0.000000,650.309998,0.000000,0.000000,619.770935,0.000003,0.000003,0.000003,1.000000,0.000000,0.000000,0.000000
182,True,True,0.000000,0.000000,655.469971,0.000000,0.000000,619.770935,0.000003,0.000003,0.000003,1.000000,0.000000,0.000000,0.000000
183,True,True,0.000000,0.000000,660.630005,0.000000,0.000000,619.770935,0.000003,0.000003,0.000003,1.000000,0.000000,0.000000,0.000000
184,True,True,0.000000,0.000000,665.789978,0.000000,0.000000,619.770935,0.000003,0.000003,0.000003,1.000000,0.000000,0.000000,0.000000
185,True,True,0.000000,0.000000,670.950012,0.000000,0.000000,619.770935,0.000003,0.000003,0.000003,1.000000,0.000000,0.000000,0.000000
186,True,True,0.000000,0.000000,676.109985,0.000000,0.000000,619.770935,0.000003,0.000003,0.000003,1.000000,0.000000,0.000000,0.000000
187,True,True,0.000000,0.000000,681.269958,0.000000,0.000000,619.770935,0.000003,0.000003,0.000003,1.000000,0.000000,0.000000,0.000000
188,True,True,0.000000,0.000000,686.429993,0.000000,0.000000,619.770935,0.000003,0.000003,0.000003,1.000000,0.000000,0.000000,0.000000
189,True,True,0.000000,0.000000,691.589966,0.000000,0.000000,619.770935,0.000003,0.000003,0.000003,1.000000,0.000000,0.000000,0.000000
190,True,True,0.000000,0.000000,696.750000,0.000000,0.000000,619.770935,0.000003,0.000003,0.000003,1.000000,0.000000,0.000000,0.000000
191,True,True,0.000000,0.000000,701.909973,0.000000,0.000000,619.770935,0.000003,0.000003,0.000003,1.000000,0.000000,0.000000,0.000000
192,True,True,0.000000,0.000000,707.070007,0.000000,0.000000,619.770935,0.000003,0.000003,0.000003,1.000000,0.000000,0.000000,0.000000
193,True,True,0.000000,0.000000,712.229980,0.000000,0.000000,619.770935,0.000003,0.000003,0.000003,1.000000,0.000000,0.000000,0.000000
194,True,True,0.000000,0.000000,717.389954,0.000000,0.000000,619.770935,0.000003,0.000003,0.000003,1.000000,0.000000,0.000000,0.000000
195,True,True,0.000000,0.000000,722.549988,0.000000,0.000000,619.770935,0.000003,0.000003,0.000003,1.000000,0.000000,0.000000,0.000000
196,True,True,0.000000,0.000000,727.709961,0.000000,0.000000,619.770935,0.000003,0.000003,0.000003,1.000000,0.000000,0.000000,0.000000
197,True,True,0.000000,0.000000,732.869995,0.000000,0.000000,619.770935,0.000003,0.000003,0.000003,1.000000,0.000000,0.000000,0.000000
198,True,True,0.000000,0.000000,738.029968,0.000000,0.000000,619.770935,0.000003,0.000003,0.000003,1.000000,0.000000,0.000000,0.000000
199,True,True,0.000000,0.000000,743.190002,0.000000,0.000000,619.770935,0.000003,0.000003,0.000003,1.000000,0.000000,0.000000,0.000000
200,True,True,0.000000,0.000000,748.349976,0.000000,0.000000,619.770935,0.000003,0.000003,0.000003,1.000000,0.000000,0.000000,0.000000
201,True,True,0.000000,0.000000,753.510010,0.000000,0.000000,619.770935,0.000003,0.000003,0.000003,1.000000,0.000000,0.000000,0.000000
202,True,True,0.000000,0.000000,758.669983,0.000000,0.000000,619.770935,0.000003,0.000003,0.000003,1.000000,0.000000,0.000000,0.000000
203,True,True,0.000000,0.000000,763.829956,0.000000,0.000000,619.770935,0.000003,0.000003,0.000003,1.000000,0.000000,0.000000,0.000000
204,True,True,0.000000,0.000000,768.989990,0.000000,0.000000,619.770935,0.000003,0.000003,0.000003,1.000000,0.000000,0.000000,0.000000
205,True,True,0.000000,0.000000,774.149963,0.000000,0.000000,619.770935,0.000003,0.000003,0.000003,1.000000,0.000000,0.000000,0.000000
206,True,True,0.000000,0.000000,779.309998,0.000000,0.000000,619.770935,0.000003,0.000003,0.000003,1.000000,0.000000,0.000000,0.000000
207,True,True,0.000000,0.000000,784.469971,0.000000,0.000000,619.770935,0.000003,0.000003,0.000003,1.000000,0.000000,0.000000,0.000000
208,True,True,0.000000,0.000000,789.630005,0.000000,0.000000,619.770935,0.000003,0.000003,0.000003,1.000000,0.000000,0.000000,0.000000
209,True,True,0.000000,0.000000,794.789978,0.000000,0.000000,619.770935,0.000003,0.000003,0.000003,1.000000,0.000000,0.000000,0.000000
210,True,True,0.000000,0.000000,799.950012,0.000000,0.000000,619.770935,0.000003,0.000003,0.000003,1.000000,0.000000,0.000000,0.000000
211,True,True,0.000000,0.000000,805.109985,0.000000,0.000000,619.770935,0.000003,0.000003,0.000003,1.000000,0.000000,0.000000,0.000000
212,True,True,0.000000,0.000000,810.269958,0.000000,0.000000,619.770935,0.000003,0.000003,0.000003,1.000000,0.000000,0.000000,0.000000
213,True,True,0.000000,0.000000,815.429993,0.000000,0.000000,619.770935,0.000003,0.000003,0.000003,1.000000,0.000000,0.000000,0.000000
214,True,True,0.000000,0.000000,820.589966,0.000000,0.000000,619.770935,0.000003,0.000003,0.000003,1.000000,0.000000,0.000000,0.000000
215,True,True,0.000000,0.000000,825.750000,0.000000,0.000000,619.770935,0.000003,0.000003,0.000003,1.000000,0.000000,0.000000,0.000000
216,True,True,0.000000,0.000000,830.909973,0.000000,0.000000,619.770935,0.000003,0.000003,0.000003,1.000000,0.000000,0.000000,0.000000
217,True,True,0.000000,0.000000,836.070007,0.000000,0.000000,619.770935,0.000003,0.000003,0.000003,1.000000,0.000000,0.000000,0.000000
218,True,True,0.000000,0.000000,841.229980,0.000000,0.000000,619.770935,0.000003,0.000003,0.000003,1.000000,0.000000,0.000000,0.000000
219,True,True,0.000000,0.000000,846.389954,0.000000,0.000000,619.770935,0.000003,0.000003,0.000003,1.000000,0.000000,0.000000,0.000000
220,True,True,0.000000,0.000000,851.549988,0.000000,0.000000,619.770935,0.000003,0.000003,0.000003,1.000000,0.000000,0.000000,0.000000
221,True,True,0.000000,0.000000,856.709961,0.000000,0.000000,619.770935,0.000003,0.000003,0.000003,1.000000,0.000000,0.000000,0.000000
222,True,True,0.000000,0.000000,861.869995,0.000000,0.000000,619.770935,0.000003,0.000003,0.000003,1.000000,0.000000,0.000000,0.000000
223,True,True,0.000000,0.000000,867.029968,0.000000,0.000000,619.770935,0.000003,0.000003,0.000003,1.000000,0.000000,0.000000,0.000000
224,True,True,0.000000,0.000000,872.190002,0.000000,0.000000,619.770935,0.000003,0.000003,0.000003,1.000000,0.000000,0.000000,0.000000
225,True,True,0.000000,0.000000,877.349976,0.000000,0.000000,619.770935,0.000003,0.000003,0.000003,1.000000,0.000000,0.000000,0.000000
226,True,True,0.000000,0.000000,882.510010,0.000000,0.000000,619.770935,0.000003,0.000003,0.000003,1.000000,0.000000,0.000000,0.000000
227,True,True,0.000000,0.000000,886.729980,0.000000,0.000000,531.230957,0.000003,0.000003,0.000003,1.000000,0.000000,0.000000,0.000000
228,True,True,0.000000,0.000000,891.119995,0.000000,0.000000,531.230957,0.000003,0.000003,0.000003,1.000000,0.000000,0.000000,0.000000
229,True,True,0.000000,0.000000,895.549988,0.000000,0.000000,531.230957,0.000003,0.000003,0.000003,1.000000,0.000000,0.000000,0.000000
230,True,True,0.000000,0.000000,899.979980,0.000000,0.000000,531.230957,0.000003,0.000003,0.000003,1.000000,0.000000,0.000000,0.000000
231,True,True,0.000000,0.000000,904.409973,0.000000,0.000000,531.230957,0.000003,0.000003,0.000003,1.000000,0.000000,0.000000,0.000000
232,True,True,0.000000,0.000000,908.839966,0.000000,0.000000,531.230957,0.000003,0.000003,0.000003,1.000000,0.000000,0.000000,0.000000
233,True,True,0.000000,0.000000,913.269958,0.000000,0.000000,531.230957,0.000003,0.000003,0.000003,1.000000,0.000000,0.000000,0.000000
234,True,True,0.000000,0.000000,917.699951,0.000000,0.000000,531.230957,0.000003,0.000003,0.000003,1.000000,0.000000,0.000000,0.000000
235,True,True,0.000000,0.000000,922.130005,0.000000,0.000000,531.230957,0.000003,0.000003,0.000003,1.000000,0.000000,0.000000,0.000000
236,True,True,0.000000,0.000000,926.559998,0.000000,0.000000,531.230957,0.000003,0.000003,0.000003,1.000000,0.000000,0.000000,0.000000
237,True,True,0.000000,0.000000,930.989990,0.000000,0.000000,531.230957,0.000003,0.000003,0.000003,1.000000,0.000000,0.000000,0.000000
238,True,True,0.000000,0.000000,935.419983,0.000000,0.000000,531.230957,0.000003,0.000003,0.000003,1.000000,0.000000,0.000000,0.000000
239,True,True,0.000000,0.000000,939.849976,0.000000,0.000000,531.230957,0.000003,0.000003,0.000003,1.000000,0.000000,0.000000,0.000000
240,True,True,0.000000,0.000000,944.279968,0.000000,0.000000,531.230957,0.000003,0.000003,0.000003,1.000000,0.000000,0.000000,0.000000
241,True,True,0.000000,0.000000,948.709961,0.000000,0.000000,531.230957,0.000003,0.000003,0.000003,1.000000,0.000000,0.000000,0.000000
242,True,True,0.000000,0.000000,953.139954,0.000000,0.000000,531.230957,0.000003,0.000003,0.000003,1.000000,0.000000,0.000000,0.000000
243,True,True,0.000000,0.000000,957.570007,0.000000,0.000000,531.230957,0.000003,0.000003,0.000003,1.000000,0.000000,0.000000,0.000000
244,True,True,0.000000,0.000000,962.000000,0.000000,0.000000,531.230957,0.000003,0.000003,0.000003,1.000000,0.000000,0.000000,0.000000
245,True,True,0.000000,0.000000,966.429993,0.000000,0.000000,531.230957,0.000003,0.000003,0.000003,1.000000,0.000000,0.000000,0.000000
246,True,True,0.000000,0.000000,970.859985,0.000000,0.000000,531.230957,0.000003,0.000003,0.000003,1.000000,0.000000,0.000000,0.000000
247,True,True,0.000000,0.000000,975.289978,0.000000,0.000000,531.230957,0.000003,0.000003,0.000003,1.000000,0.000000,0.000000,0.000000
248,True,True,0.000000,0.000000,979.719971,0.000000,0.000000,531.230957,0.000003,0.000003,0.000003,1.000000,0.000000,0.000000,0.000000
249,True,True,0.000000,0.000000,984.149963,0.000000,0.000000,531.230957,0.000003,0.000003,0.000003,1.000000,0.000000,0.000000,0.000000
250,True,True,0.000000,0.000000,988.579956,0.000000,0.000000,531.230957,0.000003,0.000003,0.000003,1.000000,0.000000,0.000000,0.000000
251,True,True,0.000000,0.000000,993.009949,0.000000,0.000000,531.230957,0.000003,0.000003,0.000003,1.000000,0.000000,0.000000,0.000000
252,True,True,0.000000,0.000000,997.440002,0.000000,0.000000,531.230957,0.000003,0.000003,0.000003,1.000000,0.000000,0.000000,0.000000
253,True,True,0.000000,0.000000,1001.869995,0.000000,0.000000,531.230957,0.000003,0.000003,0.000003,1.000000,0.000000,0.000000,0.000000
254,True,True,0.000000,0.000000,1006.299988,0.000000,0.000000,531.230957,0.000003,0.000003,0.000003,1.000000,0.000000,0.000000,0.000000
255,True,True,0.000000,0.000000,1010.729980,0.000000,0.000000,531.230957,0.000003,0.000003,0.000003,1.000000,0.000000,0.000000,0.000000
256,True,True,0.000000,0.000000,1015.159973,0.000000,0.000000,531.230957,0.000003,0.000003,0.000003,1.000000,0.000000,0.000000,0.000000
257,True,True,0.000000,0.000000,1019.589966,0.000000,0.000000,531.230957,0.000003,0.000003,0.000003,1.000000,0.000000,0.000000,0.000000
258,True,True,0.000000,0.000000,1024.020020,0.000000,0.000000,531.230957,0.000003,0.000003,0.000003,1.000000,0.000000,0.000000,0.000000
259,True,True,0.000000,0.000000,1028.449951,0.000000,0.000000,531.230957,0.000003,0.000003,0.000003,1.000000,0.000000,0.000000,0.000000
260,True,True,0.000000,0.000000,1032.880005,0.000000,0.000000,531.230957,0.000003,0.000003,0.000003,1.000000,0.000000,0.000000,0.000000
261,True,True,0.000000,0.000000,1037.309937,0.000000,0.000000,531.230957,0.000003,0.000003,0.000003,1.000000,0.000000,0.000000,0.000000
262,True,True,0.000000,0.000000,1041.739990,0.000000,0.000000,531.230957,0.000003,0.000003,0.000003,1.000000,0.000000,0.000000,0.000000
263,True,True,0.000000,0.000000,1046.169922,0.000000,0.000000,531.230957,0.000003,0.000003,0.000003,1.000000,0.000000,0.000000,0.000000
264,True,True,0.000000,0.000000,1050.599976,0.000000,0.000000,531.230957,0.000003,0.000003,0.000003,1.000000,0.000000,0.000000,0.000000
265,True,True,0.000000,0.000000,1055.030029,0.000000,0.000000,531.230957,0.000003,0.000003,0.000003,1.000000,0.000000,0.000000,0.000000
266,True,True,0.000000,0.000000,1059.459961,0.000000,0.000000,531.230957,0.000003,0.000003,0.000003,1.000000,0.000000,0.000000,0.000000
267,True,True,0.000000,0.000000,1063.890015,0.000000,0.000000,531.230957,0.000003,0.000003,0.000003,1.000000,0.000000,0.000000,0.000000
268,True,True,0.000000,0.000000,1068.319946,0.000000,0.000000,531.230957,0.000003,0.000003,0.000003,1.000000,0.000000,0.000000,0.000000
269,True,True,0.000000,0.000000,1072.750000,0.000000,0.000000,531.230957,0.000003,0.000003,0.000003,1.000000,0.000000,0.000000,0.000000
270,True,True,0.000000,0.000000,1077.179932,0.000000,0.000000,531.230957,0.000003,0.000003,0.000003,1.000000,0.000000,0.000000,0.000000
271,True,True,0.000000,0.000000,1081.609985,0.000000,0.000000,531.230957,0.000003,0.000003,0.000003,1.000000,0.000000,0.000000,0.000000
272,True,True,0.000000,0.000000,1086.039917,0.000000,0.000000,531.230957,0.000003,0.000003,0.000003,1.000000,0.000000,0.000000,0.000000
273,True,True,0.000000,0.000000,1090.469971,0.000000,0.000000,531.230957,0.000003,0.000003,0.000003,1.000000,0.000000,0.000000,0.000000
274,True,True,0.000000,0.000000,1094.900024,0.000000,0.000000,531.230957,0.000003,0.000003,0.000003,1.000000,0.000000,0.000000,0.000000
275,True,True,0.000000,0.000000,1099.329956,0.000000,0.000000,531.230957,0.000003,0.000003,0.000003,1.000000,0.000000,0.000000,0.000000
276,True,True,0.000000,0.000000,1103.760010,0.000000,0.000000,531.230957,0.000003,0.000003,0.000003,1.000000,0.000000,0.000000,0.000000
277,True,True,0.000000,0.000000,1108.189941,0.000000,0.000000,531.230957,0.000003,0.000003,0.000003,1.000000,0.000000,0.000000,0.000000
278,True,True,0.000000,0.000000,1112.619995,0.000000,0.000000,531.230957,0.000003,0.000003,0.000003,1.000000,0.000000,0.000000,0.000000
279,True,True,0.000000,0.000000,1117.049927,0.000000,0.000000,531.230957,0.000003,0.000003,0.000003,1.000000,0.000000,0.000000,0.000000
280,True,True,0.000000,0.000000,1121.479980,0.000000,0.000000,531.230957,0.000003,0.000003,0.000003,1.000000,0.000000,0.000000,0.000000
281,True,True,0.000000,0.000000,1125.910034,0.000000,0.000000,531.230957,0.000003,0.000003,0.000003,1.000000,0.000000,0.000000,0.000000
282,True,True,0.000000,0.000000,1130.339966,0.000000,0.000000,531.230957,0.000003,0.000003,0.000003,1.000000,0.000000,0.000000,0.000000
283,True,True,0.000000,0.000000,1134.770020,0.000000,0.000000,531.230957,0.000003,0.000003,0.000003,1.000000,0.000000,0.000000,0.000000
284,True,True,0.000000,0.000000,1139.199951,0.000000,0.000000,531.230957,0.000003,0.000003,0.000003,1.000000,0.000000,0.000000,0.000000
285,True,True,0.000000,0.000000,1143.630005,0.000000,0.000000,531.230957,0.000003,0.000003,0.000003,1.000000,0.000000,0.000000,0.000000
286,True,True,0.000000,0.000000,1148.059937,0.000000,0.000000,531.230957,0.000003,0.000003,0.000003,1.000000,0.000000,0.000000,0.000000
287,True,True,0.000000,0.000000,1152.489990,0.000000,0.000000,531.230957,0.000003,0.000003,0.000003,1.000000,0.000000,0.000000,0.000000
288,True,True,0.000000,0.000000,1156.919922,0.000000,0.000000,531.230957,0.000003,0.000003,0.000003,1.000000,0.000000,0.000000,0.000000
289,True,True,0.000000,0.000000,1161.349976,0.000000,0.000000,531.230957,0.000003,0.000003,0.000003,1.000000,0.000000,0.000000,0.000000
290,True,True,0.000000,0.000000,1165.780029,0.000000,0.000000,531.230957,0.000003,0.000003,0.000003,1.000000,0.000000,0.000000,0.000000
291,True,True,0.000000,0.000000,1170.209961,0.000000,0.000000,531.230957,0.000003,0.000003,0.000003,1.000000,0.000000,0.000000,0.000000
292,True,True,0.000000,0.000000,1174.640015,0.000000,0.000000,531.230957,0.000003,0.000003,0.000003,1.000000,0.000000,0.000000,0.000000
293,True,True,0.000000,0.000000,1179.069946,0.000000,0.000000,531.230957,0.000003,0.000003,0.000003,1.000000,0.000000,0.000000,0.000000
294,True,True,0.000000,0.000000,1183.500000,0.000000,0.000000,531.230957,0.000003,0.000003,0.000003,1.000000,0.000000,0.000000,0.000000
295,True,True,0.000000,0.000000,1187.929932,0.000000,0.000000,531.230957,0.000003,0.000003,0.000003,1.000000,0.000000,0.000000,0.000000
296,True,True,0.000000,0.000000,1192.359985,0.000000,0.000000,531.230957,0.000003,0.000003,0.000003,1.000000,0.000000,0.000000,0.000000
297,True,True,0.000000,0.000000,1196.789917,0.000000,0.000000,531.230957,0.000003,0.000003,0.000003,1.000000,0.000000,0.000000,0.000000
298,True,True,0.000000,0.000000,1201.219971,0.000000,0.000000,531.230957,0.000003,0.000003,0.000003,1.000000,0.000000,0.000000,0.000000
299,True,True,0.000000,0.000000,1205.650024,0.000000,0.000000,531.230957,0.000003,0.000003,0.000003,1.000000,0.000000,0.000000,0.000000
300,True,True,0.000000,0.000000,1210.079956,0.000000,0.000000,531.230957,0.000003,0.000003,0.000003,1.000000,0.000000,0.000000,0.000000
301,True,True,0.000000,0.000000,1214.510010,0.000000,0.000000,531.230957,0.000003,0.000003,0.000003,1.000000,0.000000,0.000000,0.000000
302,True,True,0.000000,0.000000,1218.939941,0.000000,0.000000,531.230957,0.000003,0.000003,0.000003,1.000000,0.000000,0.000000,0.000000
303,True,True,0.000000,0.000000,1223.369995,0.000000,0.000000,531.230957,0.000003,0.000003,0.000003,1.000000,0.000000,0.000000,0.000000
304,True,True,0.000000,0.000000,1227.799927,0.000000,0.000000,531.230957,0.000003,0.000003,0.000003,1.000000,0.000000,0.000000,0.000000
305,True,True,0.000000,0.000000,1232.229980,0.000000,0.000000,531.230957,0.000003,0.000003,0.000003,1.000000,0.000000,0.000000,0.000000
306,True,True,0.000000,0.000000,1236.659912,0.000000,0.000000,531.230957,0.000003,0.000003,0.000003,1.000000,0.000000,0.000000,0.000000
307,True,True,0.000000,0.000000,1241.089966,0.000000,0.000000,531.230957,0.000003,0.000003,0.000003,1.000000,0.000000,0.000000,0.000000
308,True,True,0.000000,0.000000,1245.520020,0.000000,0.000000,531.230957,0.000003,0.000003,0.000003,1.000000,0.000000,0.000000,0.000000
309,True,True,0.000000,0.000000,1249.949951,0.000000,0.000000,531.230957,0.000003,0.000003,0.000003,1.000000,0.000000,0.000000,0.000000
310,True,True,0.000000,0.000000,1254.380005,0.000000,0.000000,531.230957,0.000003,0.000003,0.000003,1.000000,0.000000,0.000000,0.000000
311,True,True,0.000000,0.000000,1258.809937,0.000000,0.000000,531.230957,0.000003,0.000003,0.000003,1.000000,0.000000,0.000000,0.000000
312,True,True,0.000000,0.000000,1263.239990,0.000000,0.000000,531.230957,0.000003,0.000003,0.000003,1.000000,0.000000,0.000000,0.000000
313,True,True,0.000000,0.000000,1267.669922,0.000000,0.000000,531.230957,0.000003,0.000003,0.000003,1.000000,0.000000,0.000000,0.000000
314,True,True,0.000000,0.000000,1272.099976,0.000000,0.000000,531.230957,0.000003,0.000003,0.000003,1.000000,0.000000,0.000000,0.000000
315,True,True,0.000000,0.000000,1276.530029,0.000000,0.000000,531.230957,0.000003,0.000003,0.000003,1.000000,0.000000,0.000000,0.000000
316,True,True,0.000000,0.000000,1280.959961,0.000000,0.000000,531.230957,0.000003,0.000003,0.000003,1.000000,0.000000,0.000000,0.000000
317,True,True,0.000000,0.000000,1285.390015,0.000000,0.000000,531.230957,0.000003,0.000003,0.000003,1.000000,0.000000,0.000000,0.000000
318,True,True,0.000000,0.000000,1289.819946,0.000000,0.000000,531.230957,0.000003,0.000003,0.000003,1.000000,0.000000,0.000000,0.000000
319,True,True,0.000000,0.000000,1294.250000,0.000000,0.000000,531.230957,0.000003,0.000003,0.000003,1.000000,0.000000,0.000000,0.000000
320,True,True,0.000000,0.000000,1298.679932,0.000000,0.000000,531.230957,0.000003,0.000003,0.000003,1.000000,0.000000,0.000000,0.000000
321,True,True,0.000000,0.000000,1303.109985,0.000000,0.000000,531.230957,0.000003,0.000003,0.000003,1.000000,0.000000,0.000000,0.000000
322,True,True,0.000000,0.000000,1307.539917,0.000000,0.000000,531.230957,0.000003,0.000003,0.000003,1.000000,0.000000,0.000000,0.000000
323,True,True,0.000000,0.000000,1311.969971,0.000000,0.000000,531.230957,0.000003,0.000003,0.000003,1.000000,0.000000,0.000000,0.000000
324,True,True,0.000000,0.000000,1316.400024,0.000000,0.000000,531.230957,0.000003,0.000003,0.000003,1.000000,0.000000,0.000000,0.000000
325,True,True,0.000000,0.000000,1320.829956,0.000000,0.000000,531.230957,0.000003,0.000003,0.000003,1.000000,0.000000,0.000000,0.000000
326,True,True,0.000000,0.000000,1325.260010,0.000000,0.000000,531.230957,0.000003,0.000003,0.000003,1.000000,0.000000,0.000000,0.000000
327,True,True,0.000000,0.000000,1329.689941,0.000000,0.000000,531.230957,0.000003,0.000003,0.000003,1.000000,0.000000,0.000000,0.000000
328,True,True,0.000000,0.000000,1334.119995,0.000000,0.000000,531.230957,0.000003,0.000003,0.000003,1.000000,0.000000,0.000000,0.000000
329,True,True,0.000000,0.000000,1338.549927,0.000000,0.000000,531.230957,0.000003,0.000003,0.000003,1.000000,0.000000,0.000000,0.000000
330,True,True,0.000000,0.000000,1342.979980,0.000000,0.000000,531.230957,0.000003,0.000003,0.000003,1.000000,0.000000,0.000000,0.000000
331,True,True,0.000000,0.000000,1347.409912,0.000000,0.000000,531.230957,0.000003,0.000003,0.000003,1.000000,0.000000,0.000000,0.000000
332,True,True,0.000000,0.000000,1351.839966,0.000000,0.000000,531.230957,0.000003,0.000003,0.000003,1.000000,0.000000,0.000000,0.000000
333,True,True,0.000000,0.000000,1356.270020,0.000000,0.000000,531.230957,0.000003,0.000003,0.000003,1.000000,0.000000,0.000000,0.000000
334,True,True,0.000000,0.000000,1360.699951,0.000000,0.000000,531.230957,0.000003,0.000003,0.000003,1.000000,0.000000,0.000000,0.000000
335,True,True,0.000000,0.000000,1365.130005,0.000000,0.000000,531.230957,0.000003,0.000003,0.000003,1.000000,0.000000,0.000000,0.000000
336,True,True,0.000000,0.000000,1369.559937,0.000000,0.000000,531.230957,0.000003,0.000003,0.000003,1.000000,0.000000,0.000000,0.000000
337,True,True,0.000000,0.000000,1373.989990,0.000000,0.000000,531.230957,0.000003,0.000003,0.000003,1.000000,0.000000,0.000000,0.000000
338,True,True,0.000000,0.000000,1378.419922,0.000000,0.000000,531.230957,0.000003,0.000003,0.000003,1.000000,0.000000,0.000000,0.000000
339,True,True,0.000000,0.000000,1382.849976,0.000000,0.000000,531.230957,0.000003,0.000003,0.000003,1.000000,0.000000,0.000000,0.000000
340,True,True,0.000000,0.000000,1387.280029,0.000000,0.000000,531.230957,0.000003,0.000003,0.000003,1.000000,0.000000,0.000000,0.000000
341,True,True,0.000000,0.000000,1391.709961,0.000000,0.000000,531.230957,0.000003,0.000003,0.000003,1.000000,0.000000,0.000000,0.000000
342,True,True,0.000000,0.000000,1396.140015,0.000000,0.000000,531.230957,0.000003,0.000003,0.000003,1.000000,0.000000,0.000000,0.000000
343,True,True,0.000000,0.000000,1400.569946,0.000000,0.000000,531.230957,0.000003,0.000003,0.000003,1.000000,0.000000,0.000000,0.000000
344,True,True,0.000000,0.000000,1405.000000,0.000000,0.000000,531.230957,0.000003,0.000003,0.000003,1.000000,0.000000,0.000000,0.000000
345,True,True,0.000000,0.000000,1409.429932,0.000000,0.000000,531.230957,0.000003,0.000003,0.000003,1.000000,0.000000,0.000000,0.000000
346,True,True,0.000000,0.000000,1413.859985,0.000000,0.000000,531.230957,0.000003,0.000003,0.000003,1.000000,0.000000,0.000000,0.000000
347,True,True,0.000000,0.000000,1418.289917,0.000000,0.000000,531.230957,0.000003,0.000003,0.000003,1.000000,0.000000,0.000000,0.000000
348,True,True,0.000000,0.000000,1422.719971,0.000000,0.000000,531.230957,0.000003,0.000003,0.000003,1.000000,0.000000,0.000000,0.000000
349,True,True,0.000000,0.000000,1427.150024,0.000000,0.000000,531.230957,0.000003,0.000003,0.000003,1.000000,0.000000,0.000000,0.000000
350,True,True,0.000000,0.000000,1431.579956,0.000000,0.000000,531.230957,0.000003,0.000003,0.000003,1.000000,0.000000,0.000000,0.000000
351,True,True,0.000000,0.000000,1436.010010,0.000000,0.000000,531.230957,0.000003,0.000003,0.000003,1.000000,0.000000,0.000000,0.000000
352,True,True,0.000000,0.000000,1440.439941,0.000000,0.000000,531.230957,0.000003,0.000003,0.000003,1.000000,0.000000,0.000000,0.000000
353,True,True,0.000000,0.000000,1444.869995,0.000000,0.000000,531.230957,0.000003,0.000003,0.000003,1.000000,0.000000,0.000000,0.000000
354,True,True,0.000000,0.000000,1449.299927,0.000000,0.000000,531.230957,0.000003,0.000003,0.000003,1.000000,0.000000,0.000000,0.000000
355,True,True,0.000000,0.000000,1453.729980,0.000000,0.000000,531.230957,0.000003,0.000003,0.000003,1.000000,0.000000,0.000000,0.000000
356,True,True,0.000000,0.000000,1458.159912,0.000000,0.000000,531.230957,0.000003,0.000003,0.000003,1.000000,0.000000,0.000000,0.000000
357,True,True,0.000000,0.000000,1462.589966,0.000000,0.000000,531.230957,0.000003,0.000003,0.000003,1.000000,0.000000,0.000000,0.000000
358,True,True,0.000000,0.000000,1467.020020,0.000000,0.000000,531.230957,0.000003,0.000003,0.000003,1.000000,0.000000,0.000000,0.000000
359,True,True,0.000000,0.000000,1471.449951,0.000000,0.000000,531.230957,0.000003,0.000003,0.000003,1.000000,0.000000,0.000000,0.000000
360,True,True,0.000000,0.000000,1475.880005,0.000000,0.000000,531.230957,0.000003,0.000003,0.000003,1.000000,0.000000,0.000000,0.000000
361,True,True,0.000000,0.000000,1480.309937,0.000000,0.000000,531.230957,0.000003,0.000003,0.000003,1.000000,0.000000,0.000000,0.000000
362,True,True,0.000000,0.000000,1484.739990,0.000000,0.000000,531.230957,0.000003,0.000003,0.000003,1.000000,0.000000,0.000000,0.000000
363,True,True,0.000000,0.000000,1489.169922,0.000000,0.000000,531.230957,0.000003,0.000003,0.000003,1.000000,0.000000,0.000000,0.000000
364,True,True,0.000000,0.000000,1493.599976,0.000000,0.000000,531.230957,0.000003,0.000003,0.000003,1.000000,0.000000,0.000000,0.000000
365,True,True,0.000000,0.000000,1498.029907,0.000000,0.000000,531.230957,0.000003,0.000003,0.000003,1.000000,0.000000,0.000000,0.000000
366,True,True,0.000000,0.000000,1502.459961,0.000000,0.000000,531.230957,0.000003,0.000003,0.000003,1.000000,0.000000,0.000000,0.000000
367,True,True,0.000000,0.000000,1506.890015,0.000000,0.000000,531.230957,0.000003,0.000003,0.000003,1.000000,0.000000,0.000000,0.000000
368,True,True,0.000000,0.000000,1511.319946,0.000000,0.000000,531.230957,0.000003,0.000003,0.000003,1.000000,0.000000,0.000000,0.000000
369,True,True,0.000000,0.000000,1515.750000,0.000000,0.000000,531.230957,0.000003,0.000003,0.000003,1.000000,0.000000,0.000000,0.000000
370,True,True,0.000000,0.000000,1520.179932,0.000000,0.000000,531.230957,0.000003,0.000003,0.000003,1.000000,0.000000,0.000000,0.000000
371,True,True,0.000000,0.000000,1524.609985,0.000000,0.000000,531.230957,0.000003,0.000003,0.000003,1.000000,0.000000,0.000000,0.000000
372,True,True,0.000000,0.000000,1529.039917,0.000000,0.000000,531.230957,0.000003,0.000003,0.000003,1.000000,0.000000,0.000000,0.000000
373,True,True,0.000000,0.000000,1533.469971,0.000000,0.000000,531.230957,0.000003,0.000003,0.000003,1.000000,0.000000,0.000000,0.000000
374,True,True,0.000000,0.000000,1537.900024,0.000000,0.000000,531.230957,0.000003,0.000003,0.000003,1.000000,0.000000,0.000000,0.000000
375,True,True,0.000000,0.000000,1542.329956,0.000000,0.000000,531.230957,0.000003,0.000003,0.000003,1.000000,0.000000,0.000000,0.000000
376,True,True,0.000000,0.000000,1546.760010,0.000000,0.000000,531.230957,0.000003,0.000003,0.000003,1.000000,0.000000,0.000000,0.000000
377,True,True,0.000000,0.000000,1551.189941,0.000000,0.000000,531.230957,0.000003,0.000003,0.000003,1.000000,0.000000,0.000000,0.000000
378,True,True,0.000000,0.000000,1555.619995,0.000000,0.000000,531.230957,0.000003,0.000003,0.000003,1.000000,0.000000,0.000000,0.000000
379,True,True,0.000000,0.000000,1560.049927,0.000000,0.000000,531.230957,0.000003,0.000003,0.000003,1.000000,0.000000,0.000000,0.000000
380,True,True,0.000000,0.000000,1564.479980,0.000000,0.000000,531.230957,0.000003,0.000003,0.000003,1.000000,0.000000,0.000000,0.000000
381,True,True,0.000000,0.000000,1568.909912,0.000000,0.000000,531.230957,0.000003,0.000003,0.000003,1.000000,0.000000,0.000000,0.000000
382,True,True,0.000000,0.000000,1573.339966,0.000000,0.000000,531.230957,0.000003,0.000003,0.000003,1.000000,0.000000,0.000000,0.000000
383,True,True,0.000000,0.000000,1577.770020,0.000000,0.000000,531.230957,0.000003,0.000003,0.000003,1.000000,0.000000,0.000000,0.000000
384,True,True,0.000000,0.000000,1582.199951,0.000000,0.000000,531.230957,0.000003,0.000003,0.000003,1.000000,0.000000,0.000000,0.000000
385,True,True,0.000000,0.000000,1586.630005,0.000000,0.000000,531.230957,0.000003,0.000003,0.000003,1.000000,0.000000,0.000000,0.000000
386,True,True,0.000000,0.000000,1591.059937,0.000000,0.000000,531.230957,0.000003,0.000003,0.000003,1.000000,0.000000,0.000000,0.000000
387,True,True,0.000000,0.000000,1595.489990,0.000000,0.000000,531.230957,0.000003,0.000003,0.000003,1.000000,0.000000,0.000000,0.000000
388,True,True,0.000000,0.000000,1599.919922,0.000000,0.000000,531.230957,0.000003,0.000003,0.000003,1.000000,0.000000,0.000000,0.000000
389,True,True,0.000000,0.000000,1604.349976,0.000000,0.000000,531.230957,0.000003,0.000003,0.000003,1.000000,0.000000,0.000000,0.000000
390,True,True,0.000000,0.000000,1608.779907,0.000000,0.000000,531.230957,0.000003,0.000003,0.000003,1.000000,0.000000,0.000000,0.000000
391,True,True,0.000000,0.000000,1613.209961,0.000000,0.000000,531.230957,0.000003,0.000003,0.000003,1.000000,0.000000,0.000000,0.000000
392,True,True,0.000000,0.000000,1617.640015,0.000000,0.000000,531.230957,0.000003,0.000003,0.000003,1.000000,0.000000,0.000000,0.000000
393,True,True,0.000000,0.000000,1622.069946,0.000000,0.000000,531.230957,0.000003,0.000003,0.000003,1.000000,0.000000,0.000000,0.000000
394,True,True,0.000000,0.000000,1626.500000,0.000000,0.000000,531.230957,0.000003,0.000003,0.000003,1.000000,0.000000,0.000000,0.000000
395,True,True,0.000000,0.000000,1630.929932,0.000000,0.000000,531.230957,0.000003,0.000003,0.000003,1.000000,0.000000,0.000000,0.000000
396,True,True,0.000000,0.000000,1635.359985,0.000000,0.000000,531.230957,0.000003,0.000003,0.000003,1.000000,0.000000,0.000000,0.000000
397,True,True,0.000000,0.000000,1639.789917,0.000000,0.000000,531.230957,0.000003,0.000003,0.000003,1.000000,0.000000,0.000000,0.000000
398,True,True,0.000000,0.000000,1642.579956,0.000000,0.000000,379.080994,0.000003,0.000003,0.000003,1.000000,-0.000110,0.000000,0.000000
399,True,True,0.000000,0.000000,1645.659912,0.000000,0.000000,379.080994,0.000003,0.000003,0.000003,1.000000,-0.000110,0.000000,0.000000
400,True,True,0.000000,0.000000,1648.819946,0.000000,0.000000,379.080994,0.000003,0.000003,0.000003,1.000000,-0.000110,0.000000,0.000000
401,True,True,0.000000,0.000000,1651.979980,0.000000,0.000000,379.080994,0.000003,0.000003,0.000003,1.000000,-0.000110,0.000000,0.000000
402,True,True,0.000000,0.000000,1655.140015,0.000000,0.000000,379.080994,0.000003,0.000003,0.000003,1.000000,-0.000110,0.000000,0.000000
403,True,True,0.000000,0.000000,1658.299927,0.000000,0.000000,379.080994,0.000003,0.000003,0.000003,1.000000,-0.000110,0.000000,0.000000
404,True,True,0.000000,0.000000,1661.459961,0.000000,0.000000,379.080994,0.000003,0.000003,0.000003,1.000000,-0.000110,0.000000,0.000000
405,True,True,0.000000,0.000000,1664.619995,0.000000,0.000000,379.080994,0.000003,0.000003,0.000003,1.000000,-0.000110,0.000000,0.000000
406,True,True,0.000000,0.000000,1667.779907,0.000000,0.000000,379.080994,0.000003,0.000003,0.000003,1.000000,-0.000110,0.000000,0.000000
407,True,True,0.000000,0.000000,1670.939941,0.000000,0.000000,379.080994,0.000003,0.000003,0.000003,1.000000,-0.000110,0.000000,0.000000
408,True,True,0.000000,0.000000,1674.099976,0.000000,0.000000,379.080994,0.000003,0.000003,0.000003,1.000000,-0.000110,0.000000,0.000000
409,True,True,0.000000,0.000000,1677.260010,0.000000,0.000000,379.080994,0.000003,0.000003,0.000003,1.000000,-0.000110,0.000000,0.000000
410,True,True,0.000000,0.000000,1680.419922,0.000000,0.000000,379.080994,0.000003,0.000003,0.000003,1.000000,-0.000110,0.000000,0.000000
411,True,True,0.000000,0.000000,1683.579956,0.000000,0.000000,379.080994,0.000003,0.000003,0.000003,1.000000,-0.000110,0.000000,0.000000
412,True,True,0.000000,0.000000,1686.739990,0.000000,0.000000,379.080994,0.000003,0.000003,0.000003,1.000000,-0.000110,0.000000,0.000000
413,True,True,0.000000,0.000000,1689.899902,0.000000,0.000000,379.080994,0.000003,0.000003,0.000003,1.000000,-0.000110,0.000000,0.000000
414,True,True,0.000000,0.000000,1693.059937,0.000000,0.000000,379.080994,0.000003,0.000003,0.000003,1.000000,-0.000110,0.000000,0.000000
415,True,True,0.000000,0.000000,1696.219971,0.000000,0.000000,379.080994,0.000003,0.000003,0.000003,1.000000,-0.000110,0.000000,0.000000
416,True,True,0.000000,0.000000,1699.380005,0.000000,0.000000,379.080994,0.000003,0.000003,0.000003,1.000000,-0.000110,0.000000,0.000000
417,True,True,0.000000,0.000000,1702.539917,0.000000,0.000000,379.080994,0.000003,0.000003,0.000003,1.000000,-0.000110,0.000000,0.000000
418,True,True,0.000000,0.000000,1705.699951,0.000000,0.000000,379.080994,0.000003,0.000003,0.000003,1.000000,-0.000110,0.000000,0.000000
419,True,True,0.000000,0.000000,1708.859985,0.000000,0.000000,379.080994,0.000003,0.000003,0.000003,1.000000,-0.000110,0.000000,0.000000
420,True,True,0.000000,0.000000,1712.020020,0.000000,0.000000,379.080994,0.000003,0.000003,0.000003,1.000000,-0.000110,0.000000,0.000000
421,True,True,0.000000,0.000000,1715.179932,0.000000,0.000000,379.080994,0.000003,0.000003,0.000003,1.000000,-0.000110,0.000000,0.000000
422,True,True,0.000000,0.000000,1718.339966,0.000000,0.000000,379.080994,0.000003,0.000003,0.000003,1.000000,-0.000110,0.000000,0.000000
423,True,True,0.000000,0.000000,1721.500000,0.000000,0.000000,379.080994,0.000003,0.000003,0.000003,1.000000,-0.000110,0.000000,0.000000
424,True,True,0.000000,0.000000,1724.659912,0.000000,0.000000,379.080994,0.000003,0.000003,0.000003,1.000000,-0.000110,0.000000,0.000000
425,True,True,0.000000,0.000000,1727.819946,0.000000,0.000000,379.080994,0.000003,0.000003,0.000003,1.000000,-0.000110,0.000000,0.000000
426,True,True,0.000000,0.000000,1730.979980,0.000000,0.000000,379.080994,0.000003,0.000003,0.000003,1.000000,-0.000110,0.000000,0.000000
427,True,True,0.000000,0.000000,1734.140015,0.000000,0.000000,379.080994,0.000003,0.000003,0.000003,1.000000,-0.000110,0.000000,0.000000
428,True,True,0.000000,0.000000,1737.299927,0.000000,0.000000,379.080994,0.000003,0.000003,0.000003,1.000000,-0.000110,0.000000,0.000000
429,True,True,0.000000,0.000000,1740.459961,0.000000,0.000000,379.080994,0.000003,0.000003,0.000003,1.000000,-0.000110,0.000000,0.000000
430,True,True,0.000000,0.000000,1743.619995,0.000000,0.000000,379.080994,0.000003,0.000003,0.000003,1.000000,-0.000110,0.000000,0.000000
431,True,True,0.000000,0.000000,1746.779907,0.000000,0.000000,379.080994,0.000003,0.000003,0.000003,1.000000,-0.000110,0.000000,0.000000
432,True,True,0.000000,0.000000,1749.939941,0.000000,0.000000,379.080994,0.000003,0.000003,0.000003,1.000000,-0.000110,0.000000,0.000000
433,True,True,0.000000,0.000000,1753.099976,0.000000,0.000000,379.080994,0.000003,0.000003,0.000003,1.000000,-0.000110,0.000000,0.000000
434,True,True,0.000000,0.000000,1756.260010,0.000000,0.000000,379.080994,0.000003,0.000003,0.000003,1.000000,-0.000110,0.000000,0.000000
435,True,True,0.000000,0.000000,1759.419922,0.000000,0.000000,379.080994,0.000003,0.000003,0.000003,1.000000,-0.000110,0.000000,0.000000
436,True,True,0.000000,0.000000,1762.579956,0.000000,0.000000,379.080994,0.000003,0.000003,0.000003,1.000000,-0.000110,0.000000,0.000000
437,True,True,0.000000,0.000000,1764.359985,0.000000,0.000000,236.850998,0.000003,0.000003,0.000003,1.000000,-0.000210,0.000000,0.000000
438,True,True,0.000000,0.000000,1766.289917,0.000000,0.000000,236.850998,0.000003,0.000003,0.000003,1.000000,-0.000210,0.000000,0.000000
439,True,True,0.000000,0.000000,1768.260010,0.000000,0.000000,236.850998,0.000003,0.000003,0.000003,1.000000,-0.000210,0.000000,0.000000
440,True,True,0.000000,0.000000,1770.229980,0.000000,0.000000,236.850998,0.000003,0.000003,0.000003,1.000000,-0.000210,0.000000,0.000000
441,True,True,0.000000,0.000000,1772.199951,0.000000,0.000000,236.850998,0.000003,0.000003,0.000003,1.000000,-0.000210,0.000000,0.000000
442,True,True,0.000000,0.000000,1774.169922,0.000000,0.000000,236.850998,0.000003,0.000003,0.000003,1.000000,-0.000210,0.000000,0.000000
443,True,True,0.000000,0.000000,1776.140015,0.000000,0.000000,236.850998,0.000003,0.000003,0.000003,1.000000,-0.000210,0.000000,0.000000
444,True,True,0.000000,0.000000,1778.109985,0.000000,0.000000,236.850998,0.000003,0.000003,0.000003,1.000000,-0.000210,0.000000,0.000000
445,True,True,0.000000,0.000000,1780.079956,0.000000,0.000000,236.850998,0.000003,0.000003,0.000003,1.000000,-0.000210,0.000000,0.000000
446,True,True,0.000000,0.000000,1782.049927,0.000000,0.000000,236.850998,0.000003,0.000003,0.000003,1.000000,-0.000210,0.000000,0.000000
447,True,True,0.000000,0.000000,1784.020020,0.000000,0.000000,236.850998,0.000003,0.000003,0.000003,1.000000,-0.000210,0.000000,0.000000
448,True,True,0.000000,0.000000,1785.989990,0.000000,0.000000,236.850998,0.000003,0.000003,0.000003,1.000000,-0.000210,0.000000,0.000000
449,True,True,0.000000,0.000000,1787.959961,0.000000,0.000000,236.850998,0.000003,0.000003,0.000003,1.000000,-0.000210,0.000000,0.000000
450,True,True,0.000000,0.000000,1789.929932,0.000000,0.000000,236.850998,0.000003,0.000003,0.000003,1.000000,-0.000210,0.000000,0.000000
451,True,True,0.000000,0.000000,1791.899902,0.000000,0.000000,236.850998,0.000003,0.000003,0.000003,1.000000,-0.000210,0.000000,0.000000
452,True,True,0.000000,0.000000,1793.869995,0.000000,0.000000,236.850998,0.000003,0.000003,0.000003,1.000000,-0.000210,0.000000,0.000000
453,True,True,0.000000,0.000000,1795.839966,0.000000,0.000000,236.850998,0.000003,0.000003,0.000003,1.000000,-0.000210,0.000000,0.000000
454,True,True,0.000000,0.000000,1797.809937,0.000000,0.000000,236.850998,0.000003,0.000003,0.000003,1.000000,-0.000210,0.000000,0.000000
455,True,True,0.000000,0.000000,1799.779907,0.000000,0.000000,236.850998,0.000003,0.000003,0.000003,1.000000,-0.000210,0.000000,0.000000
456,True,True,0.000000,0.000000,1801.750000,0.000000,0.000000,236.850998,0.000003,0.000003,0.000003,1.000000,-0.000210,0.000000,0.000000
457,True,True,0.000000,0.000000,1803.719971,0.000000,0.000000,236.850998,0.000003,0.000003,0.000003,1.000000,-0.000210,0.000000,0.000000
458,True,True,0.000000,0.000000,1804.390015,0.000000,0.000000,129.981003,0.000003,0.000003,0.000003,1.000000,-0.000210,0.000000,0.000000
459,True,True,0.000000,0.000000,1805.390015,0.000000,0.000000,129.981003,0.000003,0.000003,0.000003,1.000000,-0.000210,0.000000,0.000000
460,True,True,0.000000,0.000000,1806.469971,0.000000,0.000000,129.981003,0.000003,0.000003,0.000003,1.000000,-0.000210,0.000000,0.000000
461,True,True,0.000000,0.000000,1807.549927,0.000000,0.000000,129.981003,0.000003,0.000003,0.000003,1.000000,-0.000210,0.000000,0.000000
462,True,True,0.000000,0.000000,1808.630005,0.000000,0.000000,129.981003,0.000003,0.000003,0.000003,1.000000,-0.000210,0.000000,0.000000
463,True,True,0.000000,0.000000,1809.709961,0.000000,0.000000,129.981003,0.000003,0.000003,0.000003,1.000000,-0.000210,0.000000,0.000000
464,True,True,0.000000,0.000000,1810.789917,0.000000,0.000000,129.981003,0.000003,0.000003,0.000003,1.000000,-0.000210,0.000000,0.000000
465,True,True,0.000000,0.000000,1811.869995,0.000000,0.000000,129.981003,0.000003,0.000003,0.000003,1.000000,-0.000210,0.000000,0.000000
466,True,True,0.000000,0.000000,1812.949951,0.000000,0.000000,129.981003,0.000003,0.000003,0.000003,1.000000,-0.000210,0.000000,0.000000
467,True,True,0.000000,0.000000,1814.029907,0.000000,0.000000,129.981003,0.000003,0.000003,0.000003,1.000000,-0.000210,0.000000,0.000000
468,True,True,0.000000,0.000000,1815.109985,0.000000,0.000000,129.981003,0.000003,0.000003,0.000003,1.000000,-0.000210,0.000000,0.000000
469,True,True,0.000000,0.000000,1816.189941,0.000000,0.000000,129.981003,0.000003,0.000003,0.000003,1.000000,-0.000210,0.000000,0.000000
470,True,True,0.000000,0.000000,1817.270020,0.000000,0.000000,129.981003,0.000003,0.000003,0.000003,1.000000,-0.000210,0.000000,0.000000
471,True,True,0.000000,0.000000,1818.349976,0.000000,0.000000,129.981003,0.000003,0.000003,0.000003,1.000000,-0.000210,0.000000,0.000000
472,True,True,0.000000,0.000000,1818.849976,0.000000,0.000000,59.660999,0.000003,0.000003,0.000003,1.000000,-0.000210,0.000000,0.000000
473,True,True,0.000000,0.000000,1819.349976,0.000000,0.000000,59.660999,0.000003,0.000003,0.000003,1.000000,-0.000210,0.000000,0.000000
474,True,True,0.000000,0.000000,1819.849976,0.000000,0.000000,59.660999,0.000003,0.000003,0.000003,1.000000,-0.000210,0.000000,0.000000
475,True,True,0.000000,0.000000,1820.349976,0.000000,0.000000,59.660999,0.000003,0.000003,0.000003,1.000000,-0.000210,0.000000,0.000000
476,True,True,0.000000,0.000000,1820.849976,0.000000,0.000000,59.660999,0.000003,0.000003,0.000003,1.000000,-0.000210,0.000000,0.000000
477,True,True,0.000000,0.000000,1821.349976,0.000000,0.000000,59.660999,0.000003,0.000003,0.000003,1.000000,-0.000210,0.000000,0.000000
478,True,True,0.000000,0.000000,1821.849976,0.000000,0.000000,59.660999,0.000003,0.000003,0.000003,1.000000,-0.000210,0.000000,0.000000
479,True,True,0.000000,0.000000,1822.349976,0.000000,0.000000,59.660999,0.000003,0.000003,0.000003,1.000000,-0.000210,0.000000,0.000000
480,True,True,0.000000,0.000000,1822.849976,0.000000,0.000000,59.660999,0.000003,0.000003,0.000003,1.000000,-0.000210,0.000000,0.000000
481,True,True,0.000000,0.000000,1823.349976,0.000000,0.000000,59.660999,0.000003,0.000003,0.000003,1.000000,-0.000210,0.000000,0.000000
482,True,True,0.000000,0.000000,1823.849976,0.000000,0.000000,59.660999,0.000003,0.000003,0.000003,1.000000,-0.000210,0.000000,0.000000
483,True,True,0.000000,0.000000,1824.349976,0.000000,0.000000,59.660999,0.000003,0.000003,0.000003,1.000000,-0.000210,0.000000,0.000000
484,True,True,0.000000,0.000000,1824.510010,0.000000,0.000000,18.691000,0.000003,0.000003,0.000003,1.000000,-0.000210,0.000000,0.000000
485,True,True,0.000000,0.000000,1824.669922,0.000000,0.000000,18.691000,0.000003,0.000003,0.000003,1.000000,-0.000210,0.000000,0.000000
486,True,True,0.000000,0.000000,1824.829956,0.000000,0.000000,18.691000,0.000003,0.000003,0.000003,1.000000,-0.000210,0.000000,0.000000
487,True,True,0.000000,0.000000,1824.989990,0.000000,0.000000,18.691000,0.000003,0.000003,0.000003,1.000000,-0.000210,0.000000,0.000000
488,True,True,0.000000,0.000000,1825.149902,0.000000,0.000000,18.691000,0.000003,0.000003,0.000003,1.000000,-0.000210,0.000000,0.000000
489,True,True,0.000000,0.000000,1825.309937,0.000000,0.000000,18.691000,0.000003,0.000003,0.000003,1.000000,-0.000210,0.000000,0.000000
490,True,True,0.000000,0.000000,1825.469971,0.000000,0.000000,18.691000,0.000003,0.000003,0.000003,1.000000,-0.000210,0.000000,0.000000
491,True,True,0.000000,0.000000,1825.630005,0.000000,0.000000,18.691000,0.000003,0.000003,0.000003,1.000000,-0.000210,0.000000,0.000000
492,True,True,0.000000,0.000000,1825.789917,0.000000,0.000000,18.691000,0.000003,0.000003,0.000003,1.000000,-0.000210,0.000000,0.000000
493,True,True,0.000000,0.000000,1825.949951,0.000000,0.000000,18.691000,0.000003,0.000003,0.000003,1.000000,-0.000210,0.000000,0.000000
494,True,True,0.000000,0.000000,1826.109985,0.000000,0.000000,18.691000,0.000003,0.000003,0.000003,1.000000,-0.000210,0.000000,0.000000
495,True,True,0.000000,0.000000,1826.270020,0.000000,0.000000,18.691000,0.000003,0.000003,0.000003,1.000000,-0.000210,0.000000,0.000000
496,True,True,0.000000,0.000000,1826.169922,0.000000,0.000000,-11.851000,0.000003,0.000003,0.000003,1.000000,-0.000210,0.000000,0.000000
497,True,True,0.000000,0.000000,1826.069946,0.000000,0.000000,-11.851000,0.000003,0.000003,0.000003,1.000000,-0.000210,0.000000,0.000000
498,True,True,0.000000,0.000000,1825.969971,0.000000,0.000000,-11.851000,0.000003,0.000003,0.000003,1.000000,-0.000210,0.000000,0.000000
499,True,True,0.000000,0.000000,1825.869995,0.000000,0.000000,-11.851000,0.000003,0.000003,0.000003,1.000000,-0.000210,0.000000,0.000000
500,True,True,0.000000,0.000000,1825.770020,0.000000,0.000000,-11.851000,0.000003,0.000003,0.000003,1.000000,-0.000210,0.000000,0.000000
501,True,True,0.000000,0.000000,1825.669922,0.000000,0.000000,-11.851000,0.000003,0.000003,0.000003,1.000000,-0.000210,0.000000,0.000000
502,True,True,0.000000,0.000000,1825.569946,0.000000,0.000000,-11.851000,0.000003,0.000003,0.000003,1.000000,-0.000210,0.000000,0.000000
503,True,True,0.000000,0.000000,1825.469971,0.000000,0.000000,-11.851000,0.000003,0.000003,0.000003,1.000000,-0.000210,0.000000,0.000000
504,True,True,0.000000,0.000000,1825.369995,0.000000,0.000000,-11.851000,0.000003,0.000003,0.000003,1.000000,-0.000210,0.000000,0.000000
505,True,True,0.000000,0.000000,1825.270020,0.000000,0.000000,-11.851000,0.000003,0.000003,0.000003,1.000000,-0.000210,0.000000,0.000000
506,True,True,0.000000,0.000000,1825.169922,0.000000,0.000000,-11.851000,0.000003,0.000003,0.000003,1.000000,-0.000210,0.000000,0.000000
507,True,True,0.000000,0.000000,1825.069946,0.000000,0.000000,-11.851000,0.000003,0.000003,0.000003,1.000000,-0.000210,0.000000,0.000000
508,True,True,0.000000,0.000000,1824.969971,0.000000,0.000000,-11.851000,0.000003,0.000003,0.000003,1.000000,-0.000210,0.000000,0.000000
509,True,True,0.000000,0.000000,1824.869995,0.000000,0.000000,-11.851000,0.000003,0.000003,0.000003,1.000000,-0.000210,0.000000,0.000000
510,True,True,0.000000,0.000000,1824.770020,0.000000,0.000000,-11.851000,0.000003,0.000003,0.000003,1.000000,-0.000210,0.000000,0.000000
511,True,True,0.000000,0.000000,1824.669922,0.000000,0.000000,-11.851000,0.000003,0.000003,0.000003,1.000000,-0.000210,0.000000,0.000000
512,True,True,0.000000,0.000000,1824.429932,0.000000,0.000000,-28.710999,0.000003,0.000003,0.000003,1.000000,-0.000210,0.000000,0.000000
513,True,True,0.000000,0.000000,1824.189941,0.000000,0.000000,-28.710999,0.000003,0.000003,0.000003,1.000000,-0.000210,0.000000,0.000000
514,True,True,0.000000,0.000000,1823.949951,0.000000,0.000000,-28.710999,0.000003,0.000003,0.000003,1.000000,-0.000210,0.000000,0.000000
515,True,True,0.000000,0.000000,1823.709961,0.000000,0.000000,-28.710999,0.000003,0.000003,0.000003,1.000000,-0.000210,0.000000,0.000000
516,True,True,0.000000,0.000000,1823.469971,0.000000,0.000000,-28.710999,0.000003,0.000003,0.000003,1.000000,-0.000210,0.000000,0.000000
517,True,True,0.000000,0.000000,1823.229980,0.000000,0.000000,-28.710999,0.000003,0.000003,0.000003,1.000000,-0.000210,0.000000,0.000000
518,True,True,0.000000,0.000000,1822.989990,0.000000,0.000000,-28.710999,0.000003,0.000003,0.000003,1.000000,-0.000210,0.000000,0.000000
519,True,True,0.000000,0.000000,1822.750000,0.000000,0.000000,-28.710999,0.000003,0.000003,0.000003,1.000000,-0.000210,0.000000,0.000000
520,True,True,0.000000,0.000000,1822.510010,0.000000,0.000000,-28.710999,0.000003,0.000003,0.000003,1.000000,-0.000210,0.000000,0.000000
521,True,True,0.000000,0.000000,1822.270020,0.000000,0.000000,-28.710999,0.000003,0.000003,0.000003,1.000000,-0.000210,0.000000,0.000000
522,True,True,0.000000,0.000000,1822.029907,0.000000,0.000000,-28.710999,0.000003,0.000003,0.000003,1.000000,-0.000210,0.000000,0.000000
523,True,True,0.000000,0.000000,1821.789917,0.000000,0.000000,-28.710999,0.000003,0.000003,0.000003,1.000000,-0.000210,0.000000,0.000000
524,True,True,0.000000,0.000000,1821.549927,0.000000,0.000000,-28.710999,0.000003,0.000003,0.000003,1.000000,-0.000210,0.000000,0.000000
525,True,True,0.000000,0.000000,1821.309937,0.000000,0.000000,-28.710999,0.000003,0.000003,0.000003,1.000000,-0.000210,0.000000,0.000000
526,True,True,0.000000,0.000000,1821.069946,0.000000,0.000000,-28.710999,0.000003,0.000003,0.000003,1.000000,-0.000210,0.000000,0.000000
527,True,True,0.000000,0.000000,1820.829956,0.000000,0.000000,-28.710999,0.000003,0.000003,0.000003,1.000000,-0.000210,0.000000,0.000000
528,True,True,0.000000,0.000000,1820.589966,0.000000,0.000000,-28.710999,0.000003,0.000003,0.000003,1.000000,-0.000210,0.000000,0.000000
529,True,True,0.000000,0.000000,1820.349976,0.000000,0.000000,-28.710999,0.000003,0.000003,0.000003,1.000000,-0.000210,0.000000,0.000000
530,True,True,0.000000,0.000000,1820.109985,0.000000,0.000000,-28.710999,0.000003,0.000003,0.000003,1.000000,-0.000210,0.000000,0.000000
531,True,True,0.000000,0.000000,1819.869995,0.000000,0.000000,-28.710999,0.000003,0.000003,0.000003,1.000000,-0.000210,0.000000,0.000000
532,True,True,0.000000,0.000000,1819.630005,0.000000,0.000000,-28.710999,0.000003,0.000003,0.000003,1.000000,-0.000210,0.000000,0.000000
533,True,True,0.000000,0.000000,1819.390015,0.000000,0.000000,-28.710999,0.000003,0.000003,0.000003,1.000000,-0.000210,0.000000,0.000000
534,True,True,0.000000,0.000000,1819.149902,0.000000,0.000000,-28.710999,0.000003,0.000003,0.000003,1.000000,-0.000210,0.000000,0.000000
535,True,True,0.000000,0.000000,1818.909912,0.000000,0.000000,-28.710999,0.000003,0.000003,0.000003,1.000000,-0.000210,0.000000,0.000000
536,True,True,0.000000,0.000000,1818.669922,0.000000,0.000000,-28.710999,0.000003,0.000003,0.000003,1.000000,-0.000210,0.000000,0.000000
537,True,True,0.000000,0.000000,1818.429932,0.000000,0.000000,-28.710999,0.000003,0.000003,0.000003,1.000000,-0.000210,0.000000,0.000000
538,True,True,0.000000,0.000000,1818.189941,0.000000,0.000000,-28.710999,0.000003,0.000003,0.000003,1.000000,-0.000210,0.000000,0.000000
539,True,True,0.000000,0.000000,1817.949951,0.000000,0.000000,-28.710999,0.000003,0.000003,0.000003,1.000000,-0.000210,0.000000,0.000000
540,True,True,0.000000,0.000000,1817.709961,0.000000,0.000000,-28.710999,0.000003,0.000003,0.000003,1.000000,-0.000210,0.000000,0.000000
541,True,True,0.000000,0.000000,1817.469971,0.000000,0.000000,-28.710999,0.000003,0.000003,0.000003,1.000000,-0.000210,0.000000,0.000000
542,True,True,0.000000,0.000000,1817.229980,0.000000,0.000000,-28.710999,0.000003,0.000003,0.000003,1.000000,-0.000210,0.000000,0.000000
543,True,True,0.000000,0.000000,1816.989990,0.000000,0.000000,-28.710999,0.000003,0.000003,0.000003,1.000000,-0.000210,0.000000,0.000000
544,True,True,0.000000,0.000000,1816.750000,0.000000,0.000000,-28.710999,0.000003,0.000003,0.000003,1.000000,-0.000210,0.000000,0.000000
545,True,True,0.000000,0.000000,1816.510010,0.000000,0.000000,-28.710999,0.000003,0.000003,0.000003,1.000000,-0.000210,0.000000,0.000000
546,True,True,0.000000,0.000000,1816.270020,0.000000,0.000000,-28.710999,0.000003,0.000003,0.000003,1.000000,-0.000210,0.000000,0.000000
547,True,True,0.000000,0.000000,1816.029907,0.000000,0.000000,-28.710999,0.000003,0.000003,0.000003,1.000000,-0.000210,0.000000,0.000000
548,True,True,0.000000,0.000000,1815.789917,0.000000,0.000000,-28.710999,0.000003,0.000003,0.000003,1.000000,-0.000210,0.000000,0.000000
549,True,True,0.000000,0.000000,1815.549927,0.000000,0.000000,-28.710999,0.000003,0.000003,0.000003,1.000000,-0.000210,0.000000,0.000000
550,True,True,0.000000,0.000000,1815.309937,0.000000,0.000000,-28.710999,0.000003,0.000003,0.000003,1.000000,-0.000210,0.000000,0.000000
551,True,True,0.000000,0.000000,1815.069946,0.000000,0.000000,-28.710999,0.000003,0.000003,0.000003,1.000000,-0.000210,0.000000,0.000000
552,True,True,0.000000,0.000000,1814.829956,0.000000,0.000000,-28.710999,0.000003,0.000003,0.000003,1.000000,-0.000210,0.000000,0.000000
553,True,True,0.000000,0.000000,1814.589966,0.000000,0.000000,-28.710999,0.000003,0.000003,0.000003,1.000000,-0.000210,0.000000,0.000000
554,True,True,0.000000,0.000000,1814.349976,0.000000,0.000000,-28.710999,0.000003,0.000003,0.000003,1.000000,-0.000210,0.000000,0.000000
555,True,True,0.000000,0.000000,1814.109985,0.000000,0.000000,-28.710999,0.000003,0.000003,0.000003,1.000000,-0.000210,0.000000,0.000000
556,True,True,0.000000,0.000000,1813.869995,0.000000,0.000000,-28.710999,0.000003,0.000003,0.000003,1.000000,-0.000210,0.000000,0.000000
557,True,True,0.000000,0.000000,1813.630005,0.000000,0.000000,-28.710999,0.000003,0.000003,0.000003,1.000000,-0.000210,0.000000,0.000000
558,True,True,0.000000,0.000000,1813.390015,0.000000,0.000000,-28.710999,0.000003,0.000003,0.000003,1.000000,-0.000210,0.000000,0.000000
559,True,True,0.000000,0.000000,1813.149902,0.000000,0.000000,-28.710999,0.000003,0.000003,0.000003,1.000000,-0.000210,0.000000,0.000000
560,True,True,0.000000,0.000000,1812.909912,0.000000,0.000000,-28.710999,0.000003,0.000003,0.000003,1.000000,-0.000210,0.000000,0.000000
561,True,True,0.000000,0.000000,1812.669922,0.000000,0.000000,-28.710999,0.000003,0.000003,0.000003,1.000000,-0.000210,0.000000,0.000000
562,True,True,0.000000,0.000000,1812.429932,0.000000,0.000000,-28.710999,0.000003,0.000003,0.000003,1.000000,-0.000210,0.000000,0.000000
563,True,True,0.000000,0.000000,1812.189941,0.000000,0.000000,-28.710999,0.000003,0.000003,0.000003,1.000000,-0.000210,0.000000,0.000000
564,True,True,0.000000,0.000000,1811.949951,0.000000,0.000000,-28.710999,0.000003,0.000003,0.000003,1.000000,-0.000210,0.000000,0.000000
565,True,True,0.000000,0.000000,1811.709961,0.000000,0.000000,-28.710999,0.000003,0.000003,0.000003,1.000000,-0.000210,0.000000,0.000000
566,True,True,0.000000,0.000000,1811.469971,0.000000,0.000000,-28.710999,0.000003,0.000003,0.000003,1.000000,-0.000210,0.000000,0.000000
567,True,True,0.000000,0.000000,1811.229980,0.000000,0.000000,-28.710999,0.000003,0.000003,0.000003,1.000000,-0.000210,0.000000,0.000000
568,True,True,0.000000,0.000000,1810.989990,0.000000,0.000000,-28.710999,0.000003,0.000003,0.000003,1.000000,-0.000210,0.000000,0.000000
569,True,True,0.000000,0.000000,1810.750000,0.000000,0.000000,-28.710999,0.000003,0.000003,0.000003,1.000000,-0.000210,0.000000,0.000000
570,True,True,0.000000,0.000000,1810.510010,0.000000,0.000000,-28.710999,0.000003,0.000003,0.000003,1.000000,-0.000210,0.000000,0.000000
571,True,True,0.000000,0.000000,1810.270020,0.000000,0.000000,-28.710999,0.000003,0.000003,0.000003,1.000000,-0.000210,0.000000,0.000000
572,True,True,0.000000,0.000000,1810.029907,0.000000,0.000000,-28.710999,0.000003,0.000003,0.000003,1.000000,-0.000210,0.000000,0.000000
573,True,True,0.000000,0.000000,1809.789917,0.000000,0.000000,-28.710999,0.000003,0.000003,0.000003,1.000000,-0.000210,0.000000,0.000000
574,True,True,0.000000,0.000000,1809.549927,0.000000,0.000000,-28.710999,0.000003,0.000003,0.000003,1.000000,-0.000210,0.000000,0.000000
575,True,True,0.000000,0.000000,1809.309937,0.000000,0.000000,-28.710999,0.000003,0.000003,0.000003,1.000000,-0.000210,0.000000,0.000000
576,True,True,0.000000,0.000000,1809.069946,0.000000,0.000000,-28.710999,0.000003,0.000003,0.000003,1.000000,-0.000210,0.000000,0.000000
577,True,True,0.000000,0.000000,1808.829956,0.000000,0.000000,-28.710999,0.000003,0.000003,0.000003,1.000000,-0.000210,0.000000,0.000000
578,True,True,0.000000,0.000000,1808.589966,0.000000,0.000000,-28.710999,0.000003,0.000003,0.000003,1.000000,-0.000210,0.000000,0.000000
579,True,True,0.000000,0.000000,1808.349976,0.000000,0.000000,-28.710999,0.000003,0.000003,0.000003,1.000000,-0.000210,0.000000,0.000000
580,True,True,0.000000,0.000000,1808.109985,0.000000,0.000000,-28.710999,0.000003,0.000003,0.000003,1.000000,-0.000210,0.000000,0.000000
581,True,True,0.000000,0.000000,1807.869995,0.000000,0.000000,-28.710999,0.000003,0.000003,0.000003,1.000000,-0.000210,0.000000,0.000000
582,True,True,0.000000,0.000000,1807.630005,0.000000,0.000000,-28.710999,0.000003,0.000003,0.000003,1.000000,-0.000210,0.000000,0.000000
583,True,True,0.000000,0.000000,1807.390015,0.000000,0.000000,-28.710999,0.000003,0.000003,0.000003,1.000000,-0.000210,0.000000,0.000000
584,True,True,0.000000,0.000000,1807.149902,0.000000,0.000000,-28.710999,0.000003,0.000003,0.000003,1.000000,-0.000210,0.000000,0.000000
585,True,True,0.000000,0.000000,1806.909912,0.000000,0.000000,-28.710999,0.000003,0.000003,0.000003,1.000000,-0.000210,0.000000,0.000000
586,True,True,0.000000,0.000000,1806.669922,0.000000,0.000000,-28.710999,0.000003,0.000003,0.000003,1.000000,-0.000210,0.000000,0.000000
587,True,True,0.000000,0.000000,1806.429932,0.000000,0.000000,-28.710999,0.000003,0.000003,0.000003,1.000000,-0.000210,0.000000,0.000000
588,True,True,0.000000,0.000000,1806.189941,0.000000,0.000000,-28.710999,0.000003,0.000003,0.000003,1.000000,-0.000210,0.000000,0.000000
589,True,True,0.000000,0.000000,1805.949951,0.000000,0.000000,-28.710999,0.000003,0.000003,0.000003,1.000000,-0.000210,0.000000,0.000000
590,True,True,0.000000,0.000000,1805.709961,0.000000,0.000000,-28.710999,0.000003,0.000003,0.000003,1.000000,-0.000210,0.000000,0.000000
591,True,True,0.000000,0.000000,1805.469971,0.000000,0.000000,-28.710999,0.000003,0.000003,0.000003,1.000000,-0.000210,0.000000,0.000000
592,True,True,0.000000,0.000000,1805.229980,0.000000,0.000000,-28.710999,0.000003,0.000003,0.000003,1.000000,-0.000210,0.000000,0.000000
593,True,True,0.000000,0.000000,1804.989990,0.000000,0.000000,-28.710999,0.000003,0.000003,0.000003,1.000000,-0.000210,0.000000,0.000000
594,True,True,0.000000,0.000000,1804.750000,0.000000,0.000000,-28.710999,0.000003,0.000003,0.000003,1.000000,-0.000210,0.000000,0.000000
595,True,True,0.000000,0.000000,1804.510010,0.000000,0.000000,-28.710999,0.000003,0.000003,0.000003,1.000000,-0.000210,0.000000,0.000000
596,True,True,0.000000,0.000000,1804.270020,0.000000,0.000000,-28.710999,0.000003,0.000003,0.000003,1.000000,-0.000210,0.000000,0.000000
597,True,True,0.000000,0.000000,1804.029907,0.000000,0.000000,-28.710999,0.000003,0.000003,0.000003,1.000000,-0.000210,0.000000,0.000000
598,True,True,0.000000,0.000000,1803.789917,0.000000,0.000000,-28.710999,0.000003,0.000003,0.000003,1.000000,-0.000210,0.000000,0.000000
599,True,True,0.000000,0.000000,1803.549927,0.000000,0.000000,-28.710999,0.000003,0.000003,0.000003,1.000000,-0.000210,0.000000,0.000000
600,True,True,0.000000,0.000000,1803.309937,0.000000,0.000000,-28.710999,0.000003,0.000003,0.000003,1.000000,-0.000210,0.000000,0.000000
601,True,True,0.000000,0.000000,1803.069946,0.000000,0.000000,-28.710999,0.000003,0.000003,0.000003,1.000000,-0.000210,0.000000,0.000000
602,True,True,0.000000,0.000000,1802.829956,0.000000,0.000000,-28.710999,0.000003,0.000003,0.000003,1.000000,-0.000210,0.000000,0.000000
603,True,True,0.000000,0.000000,1802.589966,0.000000,0.000000,-28.710999,0.000003,0.000003,0.000003,1.000000,-0.000210,0.000000,0.000000
604,True,True,0.000000,0.000000,1802.349976,0.000000,0.000000,-28.710999,0.000003,0.000003,0.000003,1.000000,-0.000210,0.000000,0.000000
605,True,True,0.000000,0.000000,1802.109985,0.000000,0.000000,-28.710999,0.000003,0.000003,0.000003,1.000000,-0.000210,0.000000,0.000000
606,True,True,0.000000,0.000000,1801.869995,0.000000,0.000000,-28.710999,0.000003,0.000003,0.000003,1.000000,-0.000210,0.000000,0.000000
607,True,True,0.000000,0.000000,1801.630005,0.000000,0.000000,-28.710999,0.000003,0.000003,0.000003,1.000000,-0.000210,0.000000,0.000000
608,True,True,0.000000,0.000000,1801.390015,0.000000,0.000000,-28.710999,0.000003,0.000003,0.000003,1.000000,-0.000210,0.000000,0.000000
609,True,True,0.000000,0.000000,1801.149902,0.000000,0.000000,-28.710999,0.000003,0.000003,0.000003,1.000000,-0.000210,0.000000,0.000000
610,True,True,0.000000,0.000000,1800.909912,0.000000,0.000000,-28.710999,0.000003,0.000003,0.000003,1.000000,-0.000210,0.000000,0.000000
611,True,True,0.000000,0.000000,1800.669922,0.000000,0.000000,-28.710999,0.000003,0.000003,0.000003,1.000000,-0.000210,0.000000,0.000000
612,True,True,0.000000,0.000000,1800.429932,0.000000,0.000000,-28.710999,0.000003,0.000003,0.000003,1.000000,-0.000210,0.000000,0.000000
613,True,True,0.000000,0.000000,1800.189941,0.000000,0.000000,-28.710999,0.000003,0.000003,0.000003,1.000000,-0.000210,0.000000,0.000000
614,True,True,0.000000,0.000000,1799.949951,0.000000,0.000000,-28.710999,0.000003,0.000003,0.000003,1.000000,-0.000210,0.000000,0.000000
615,True,True,0.000000,0.000000,1799.709961,0.000000,0.000000,-28.710999,0.000003,0.000003,0.000003,1.000000,-0.000210,0.000000,0.000000
616,True,True,0.000000,0.000000,1799.469971,0.000000,0.000000,-28.710999,0.000003,0.000003,0.000003,1.000000,-0.000210,0.000000,0.000000
617,True,True,0.000000,0.000000,1799.229980,0.000000,0.000000,-28.710999,0.000003,0.000003,0.000003,1.000000,-0.000210,0.000000,0.000000
618,True,True,0.000000,0.000000,1798.989990,0.000000,0.000000,-28.710999,0.000003,0.000003,0.000003,1.000000,-0.000210,0.000000,0.000000
619,True,True,0.000000,0.000000,1798.750000,0.000000,0.000000,-28.710999,0.000003,0.000003,0.000003,1.000000,-0.000210,0.000000,0.000000
620,True,True,0.000000,0.000000,1798.510010,0.000000,0.000000,-28.710999,0.000003,0.000003,0.000003,1.000000,-0.000210,0.000000,0.000000
621,True,True,0.000000,0.000000,1798.270020,0.000000,0.000000,-28.710999,0.000003,0.000003,0.000003,1.000000,-0.000210,0.000000,0.000000
622,True,True,0.000000,0.000000,1798.029907,0.000000,0.000000,-28.710999,0.000003,0.000003,0.000003,1.000000,-0.000210,0.000000,0.000000
623,True,True,0.000000,0.000000,1797.789917,0.000000,0.000000,-28.710999,0.000003,0.000003,0.000003,1.000000,-0.000210,0.000000,0.000000
624,True,True,0.000000,0.000000,1797.549927,0.000000,0.000000,-28.710999,0.000003,0.000003,0.000003,1.000000,-0.000210,0.000000,0.000000
625,True,True,0.000000,0.000000,1797.309937,0.000000,0.000000,-28.710999,0.000003,0.000003,0.000003,1.000000,-0.000210,0.000000,0.000000
626,True,True,0.000000,0.000000,1797.069946,0.000000,0.000000,-28.710999,0.000003,0.000003,0.000003,1.000000,-0.000210,0.000000,0.000000
627,True,True,0.000000,0.000000,1796.829956,0.000000,0.000000,-28.710999,0.000003,0.000003,0.000003,1.000000,-0.000210,0.000000,0.000000
628,True,True,0.000000,0.000000,1796.589966,0.000000,0.000000,-28.710999,0.000003,0.000003,0.000003,1.000000,-0.000210,0.000000,0.000000
629,True,True,0.000000,0.000000,1796.349976,0.000000,0.000000,-28.710999,0.000003,0.000003,0.000003,1.000000,-0.000210,0.000000,0.000000
630,True,True,0.000000,0.000000,1796.109985,0.000000,0.000000,-28.710999,0.000003,0.000003,0.000003,1.000000,-0.000210,0.000000,0.000000
631,True,True,0.000000,0.000000,1795.869995,0.000000,0.000000,-28.710999,0.000003,0.000003,0.000003,1.000000,-0.000210,0.000000,0.000000
632,True,True,0.000000,0.000000,1795.630005,0.000000,0.000000,-28.710999,0.000003,0.000003,0.000003,1.000000,-0.000210,0.000000,0.000000
633,True,True,0.000000,0.000000,1795.390015,0.000000,0.000000,-28.710999,0.000003,0.000003,0.000003,1.000000,-0.000210,0.000000,0.000000
634,True,True,0.000000,0.000000,1795.149902,0.000000,0.000000,-28.710999,0.000003,0.000003,0.000003,1.000000,-0.000210,0.000000,0.000000
635,True,True,0.000000,0.000000,1794.909912,0.000000,0.000000,-28.710999,0.000003,0.000003,0.000003,1.000000,-0.000210,0.000000,0.000000
636,True,True,0.000000,0.000000,1794.669922,0.000000,0.000000,-28.710999,0.000003,0.000003,0.000003,1.000000,-0.000210,0.000000,0.000000
637,True,True,0.000000,0.000000,1794.429932,0.000000,0.000000,-28.710999,0.000003,0.000003,0.000003,1.000000,-0.000210,0.000000,0.000000
638,True,True,0.000000,0.000000,1794.189941,0.000000,0.000000,-28.710999,0.000003,0.000003,0.000003,1.000000,-0.000210,0.000000,0.000000
639,True,True,0.000000,0.000000,1793.949951,0.000000,0.000000,-28.710999,0.000003,0.000003,0.000003,1.000000,-0.000210,0.000000,0.000000
640,True,True,0.000000,0.000000,1793.709961,0.000000,0.000000,-28.710999,0.000003,0.000003,0.000003,1.000000,-0.000210,0.000000,0.000000
641,True,True,0.000000,0.000000,1793.469971,0.000000,0.000000,-28.710999,0.000003,0.000003,0.000003,1.000000,-0.000210,0.000000,0.000000
642,True,True,0.000000,0.000000,1793.229980,0.000000,0.000000,-28.710999,0.000003,0.000003,0.000003,1.000000,-0.000210,0.000000,0.000000
643,True,True,0.000000,0.000000,1792.989990,0.000000,0.000000,-28.710999,0.000003,0.000003,0.000003,1.000000,-0.000210,0.000000,0.000000
644,True,True,0.000000,0.000000,1792.750000,0.000000,0.000000,-28.710999,0.000003,0.000003,0.000003,1.000000,-0.000210,0.000000,0.000000
645,True,True,0.000000,0.000000,1792.510010,0.000000,0.000000,-28.710999,0.000003,0.000003,0.000003,1.000000,-0.000210,0.000000,0.000000
646,True,True,0.000000,0.000000,1792.270020,0.000000,0.000000,-28.710999,0.000003,0.000003,0.000003,1.000000,-0.000210,0.000000,0.000000
647,True,True,0.000000,0.000000,1792.029907,0.000000,0.000000,-28.710999,0.000003,0.000003,0.000003,1.000000,-0.000210,0.000000,0.000000
648,True,True,0.000000,0.000000,1791.789917,0.000000,0.000000,-28.710999,0.000003,0.000003,0.000003,1.000000,-0.000210,0.000000,0.000000
649,True,True,0.000000,0.000000,1791.549927,0.000000,0.000000,-28.710999,0.000003,0.000003,0.000003,1.000000,-0.000210,0.000000,0.000000
650,True,True,0.000000,0.000000,1791.309937,0.000000,0.000000,-28.710999,0.000003,0.000003,0.000003,1.000000,-0.000210,0.000000,0.000000
651,True,True,0.000000,0.000000,1791.069946,0.000000,0.000000,-28.710999,0.000003,0.000003,0.000003,1.000000,-0.000210,0.000000,0.000000
652,True,True,0.000000,0.000000,1790.829956,0.000000,0.000000,-28.710999,0.000003,0.000003,0.000003,1.000000,-0.000210,0.000000,0.000000
653,True,True,0.000000,0.000000,1790.589966,0.000000,0.000000,-28.710999,0.000003,0.000003,0.000003,1.000000,-0.000210,0.000000,0.000000
654,True,True,0.000000,0.000000,1790.349976,0.000000,0.000000,-28.710999,0.000003,0.000003,0.000003,1.000000,-0.000210,0.000000,0.000000
655,True,True,0.000000,0.000000,1790.109985,0.000000,0.000000,-28.710999,0.000003,0.000003,0.000003,1.000000,-0.000210,0.000000,0.000000
656,True,True,0.000000,0.000000,1789.869995,0.000000,0.000000,-28.710999,0.000003,0.000003,0.000003,1.000000,-0.000210,0.000000,0.000000
657,True,True,0.000000,0.000000,1789.630005,0.000000,0.000000,-28.710999,0.000003,0.000003,0.000003,1.000000,-0.000210,0.000000,0.000000
658,True,True,0.000000,0.000000,1789.390015,0.000000,0.000000,-28.710999,0.000003,0.000003,0.000003,1.000000,-0.000210,0.000000,0.000000
659,True,True,0.000000,0.000000,1789.149902,0.000000,0.000000,-28.710999,0.000003,0.000003,0.000003,1.000000,-0.000210,0.000000,0.000000
660,True,True,0.000000,0.000000,1788.909912,0.000000,0.000000,-28.710999,0.000003,0.000003,0.000003,1.000000,-0.000210,0.000000,0.000000
661,True,True,0.000000,0.000000,1788.669922,0.000000,0.000000,-28.710999,0.000003,0.000003,0.000003,1.000000,-0.000210,0.000000,0.000000
662,True,True,0.000000,0.000000,1788.429932,0.000000,0.000000,-28.710999,0.000003,0.000003,0.000003,1.000000,-0.000210,0.000000,0.000000
663,True,True,0.000000,0.000000,1788.189941,0.000000,0.000000,-28.710999,0.000003,0.000003,0.000003,1.000000,-0.000210,0.000000,0.000000
664,True,True,0.000000,0.000000,1787.949951,0.000000,0.000000,-28.710999,0.000003,0.000003,0.000003,1.000000,-0.000210,0.000000,0.000000
665,True,True,0.000000,0.000000,1787.709961,0.000000,0.000000,-28.710999,0.000003,0.000003,0.000003,1.000000,-0.000210,0.000000,0.000000
666,True,True,0.000000,0.000000,1787.469971,0.000000,0.000000,-28.710999,0.000003,0.000003,0.000003,1.000000,-0.000210,0.000000,0.000000
667,True,True,0.000000,0.000000,1787.229980,0.000000,0.000000,-28.710999,0.000003,0.000003,0.000003,1.000000,-0.000210,0.000000,0.000000
668,True,True,0.000000,0.000000,1786.989990,0.000000,0.000000,-28.710999,0.000003,0.000003,0.000003,1.000000,-0.000210,0.000000,0.000000
669,True,True,0.000000,0.000000,1786.750000,0.000000,0.000000,-28.710999,0.000003,0.000003,0.000003,1.000000,-0.000210,0.000000,0.000000
670,True,True,0.000000,0.000000,1786.510010,0.000000,0.000000,-28.710999,0.000003,0.000003,0.000003,1.000000,-0.000210,0.000000,0.000000
671,True,True,0.000000,0.000000,1786.270020,0.000000,0.000000,-28.710999,0.000003,0.000003,0.000003,1.000000,-0.000210,0.000000,0.000000
672,True,True,0.000000,0.000000,1786.029907,0.000000,0.000000,-28.710999,0.000003,0.000003,0.000003,1.000000,-0.000210,0.000000,0.000000
673,True,True,0.000000,0.000000,1785.789917,0.000000,0.000000,-28.710999,0.000003,0.000003,0.000003,1.000000,-0.000210,0.000000,0.000000
674,True,True,0.000000,0.000000,1785.549927,0.000000,0.000000,-28.710999,0.000003,0.000003,0.000003,1.000000,-0.000210,0.000000,0.000000
675,True,True,0.000000,0.000000,1785.309937,0.000000,0.000000,-28.710999,0.000003,0.000003,0.000003,1.000000,-0.000210,0.000000,0.000000
676,True,True,0.000000,0.000000,1785.069946,0.000000,0.000000,-28.710999,0.000003,0.000003,0.000003,1.000000,-0.000210,0.000000,0.000000
677,True,True,0.000000,0.000000,1784.829956,0.000000,0.000000,-28.710999,0.000003,0.000003,0.000003,1.000000,-0.000210,0.000000,0.000000
678,True,True,0.000000,0.000000,1784.589966,0.000000,0.000000,-28.710999,0.000003,0.000003,0.000003,1.000000,-0.000210,0.000000,0.000000
679,True,True,0.000000,0.000000,1784.349976,0.000000,0.000000,-28.710999,0.000003,0.000003,0.000003,1.000000,-0.000210,0.000000,0.000000
680,True,True,0.000000,0.000000,1784.109985,0.000000,0.000000,-28.710999,0.000003,0.000003,0.000003,1.000000,-0.000210,0.000000,0.000000
681,True,True,0.000000,0.000000,1783.869995,0.000000,0.000000,-28.710999,0.000003,0.000003,0.000003,1.000000,-0.000210,0.000000,0.000000
682,True,True,0.000000,0.000000,1783.630005,0.000000,0.000000,-28.710999,0.000003,0.000003,0.000003,1.000000,-0.000210,0.000000,0.000000
683,True,True,0.000000,0.000000,1783.390015,0.000000,0.000000,-28.710999,0.000003,0.000003,0.000003,1.000000,-0.000210,0.000000,0.000000
684,True,True,0.000000,0.000000,1783.149902,0.000000,0.000000,-28.710999,0.000003,0.000003,0.000003,1.000000,-0.000210,0.000000,0.000000
685,True,True,0.000000,0.000000,1782.909912,0.000000,0.000000,-28.710999,0.000003,0.000003,0.000003,1.000000,-0.000210,0.000000,0.000000
686,True,True,0.000000,0.000000,1782.669922,0.000000,0.000000,-28.710999,0.000003,0.000003,0.000003,1.000000,-0.000210,0.000000,0.000000
687,True,True,0.000000,0.000000,1782.429932,0.000000,0.000000,-28.710999,0.000003,0.000003,0.000003,1.000000,-0.000210,0.000000,0.000000
688,True,True,0.000000,0.000000,1782.189941,0.000000,0.000000,-28.710999,0.000003,0.000003,0.000003,1.000000,-0.000210,0.000000,0.000000
689,True,True,0.000000,0.000000,1781.949951,0.000000,0.000000,-28.710999,0.000003,0.000003,0.000003,1.000000,-0.000210,0.000000,0.000000
690,True,True,0.000000,0.000000,1781.709961,0.000000,0.000000,-28.710999,0.000003,0.000003,0.000003,1.000000,-0.000210,0.000000,0.000000
691,True,True,0.000000,0.000000,1781.469971,0.000000,0.000000,-28.710999,0.000003,0.000003,0.000003,1.000000,-0.000210,0.000000,0.000000
692,True,True,0.000000,0.000000,1781.229980,0.000000,0.000000,-28.710999,0.000003,0.000003,0.000003,1.000000,-0.000210,0.000000,0.000000
693,True,True,0.000000,0.000000,1780.989990,0.000000,0.000000,-28.710999,0.000003,0.000003,0.000003,1.000000,-0.000210,0.000000,0.000000
694,True,True,0.000000,0.000000,1780.750000,0.000000,0.000000,-28.710999,0.000003,0.000003,0.000003,1.000000,-0.000210,0.000000,0.000000
695,True,True,0.000000,0.000000,1780.510010,0.000000,0.000000,-28.710999,0.000003,0.000003,0.000003,1.000000,-0.000210,0.000000,0.000000
696,True,True,0.000000,0.000000,1780.270020,0.000000,0.000000,-28.710999,0.000003,0.000003,0.000003,1.000000,-0.000210,0.000000,0.000000
697,True,True,0.000000,0.000000,1780.029907,0.000000,0.000000,-28.710999,0.000003,0.000003,0.000003,1.000000,-0.000210,0.000000,0.000000
698,True,True,0.000000,0.000000,1779.789917,0.000000,0.000000,-28.710999,0.000003,0.000003,0.000003,1.000000,-0.000210,0.000000,0.000000
699,True,True,0.000000,0.000000,1779.549927,0.000000,0.000000,-28.710999,0.000003,0.000003,0.000003,1.000000,-0.000210,0.000000,0.000000
700,True,True,0.000000,0.000000,1779.309937,0.000000,0.000000,-28.710999,0.000003,0.000003,0.000003,1.000000,-0.000210,0.000000,0.000000
701,True,True,0.000000,0.000000,1779.069946,0.000000,0.000000,-28.710999,0.000003,0.000003,0.000003,1.000000,-0.000210,0.000000,0.000000
702,True,True,0.000000,0.000000,1778.829956,0.000000,0.000000,-28.710999,0.000003,0.000003,0.000003,1.000000,-0.000210,0.000000,0.000000
703,True,True,0.000000,0.000000,1778.589966,0.000000,0.000000,-28.710999,0.000003,0.000003,0.000003,1.000000,-0.000210,0.000000,0.000000
704,True,True,0.000000,0.000000,1778.349976,0.000000,0.000000,-28.710999,0.000003,0.000003,0.000003,1.000000,-0.000210,0.000000,0.000000
705,True,True,0.000000,0.000000,1778.109985,0.000000,0.000000,-28.710999,0.000003,0.000003,0.000003,1.000000,-0.000210,0.000000,0.000000
706,True,True,0.000000,0.000000,1777.869995,0.000000,0.000000,-28.710999,0.000003,0.000003,0.000003,1.000000,-0.000210,0.000000,0.000000
707,True,True,0.000000,0.000000,1777.630005,0.000000,0.000000,-28.710999,0.000003,0.000003,0.000003,1.000000,-0.000210,0.000000,0.000000
708,True,True,0.000000,0.000000,1777.390015,0.000000,0.000000,-28.710999,0.000003,0.000003,0.000003,1.000000,-0.000210,0.000000,0.000000
709,True,True,0.000000,0.000000,1777.149902,0.000000,0.000000,-28.710999,0.000003,0.000003,0.000003,1.000000,-0.000210,0.000000,0.000000
710,True,True,0.000000,0.000000,1776.909912,0.000000,0.000000,-28.710999,0.000003,0.000003,0.000003,1.000000,-0.000210,0.000000,0.000000
711,True,True,0.000000,0.000000,1776.669922,0.000000,0.000000,-28.710999,0.000003,0.000003,0.000003,1.000000,-0.000210,0.000000,0.000000
712,True,True,0.000000,0.000000,1776.429932,0.000000,0.000000,-28.710999,0.000003,0.000003,0.000003,1.000000,-0.000210,0.000000,0.000000
713,True,True,0.000000,0.000000,1776.189941,0.000000,0.000000,-28.710999,0.000003,0.000003,0.000003,1.000000,-0.000210,0.000000,0.000000
714,True,True,0.000000,0.000000,1775.949951,0.000000,0.000000,-28.710999,0.000003,0.000003,0.000003,1.000000,-0.000210,0.000000,0.000000
715,True,True,0.000000,0.000000,1775.709961,0.000000,0.000000,-28.710999,0.000003,0.000003,0.000003,1.000000,-0.000210,0.000000,0.000000
716,True,True,0.000000,0.000000,1775.469971,0.000000,0.000000,-28.710999,0.000003,0.000003,0.000003,1.000000,-0.000210,0.000000,0.000000
717,True,True,0.000000,0.000000,1775.229980,0.000000,0.000000,-28.710999,0.000003,0.000003,0.000003,1.000000,-0.000210,0.000000,0.000000
718,True,True,0.000000,0.000000,1774.989990,0.000000,0.000000,-28.710999,0.000003,0.000003,0.000003,1.000000,-0.000210,0.000000,0.000000
719,True,True,0.000000,0.000000,1774.750000,0.000000,0.000000,-28.710999,0.000003,0.000003,0.000003,1.000000,-0.000210,0.000000,0.000000
720,True,True,0.000000,0.000000,1774.510010,0.000000,0.000000,-28.710999,0.000003,0.000003,0.000003,1.000000,-0.000210,0.000000,0.000000
721,True,True,0.000000,0.000000,1774.270020,0.000000,0.000000,-28.710999,0.000003,0.000003,0.000003,1.000000,-0.000210,0.000000,0.000000
722,True,True,0.000000,0.000000,1774.029907,0.000000,0.000000,-28.710999,0.000003,0.000003,0.000003,1.000000,-0.000210,0.000000,0.000000
