frame,input.bActivateBoost,input.bHoldingBoost,input.Throttle,input.Steer,input.bJump,input.bJumped,car.Location.X,car.Location.Y,car.Location.Z,car.LinearVelocity.X,car.LinearVelocity.Y,car.LinearVelocity.Z,car.Quaternion.X,car.Quaternion.Y,car.Quaternion.Z,car.Quaternion.W,car.AngularVelocity.X,car.AngularVelocity.Y,car.AngularVelocity.Z
0,False,False,0.000000,0.000000,False,False,3500.119873,0.000000,18.639999,0.000000,0.000000,0.351000,0.000003,0.003008,0.000003,0.999995,0.000000,-0.000410,0.000000
1,False,False,0.000000,0.000000,False,False,3500.119873,0.000000,18.639999,0.000000,0.000000,0.351000,0.000003,0.003008,0.000003,0.999995,0.000000,-0.000410,0.000000
2,False,False,0.000000,0.000000,False,False,3500.119873,0.000000,18.639999,0.000000,0.000000,0.351000,0.000003,0.003008,0.000003,0.999995,0.000000,-0.000410,0.000000
3,False,False,0.000000,0.000000,False,False,3500.119873,0.000000,18.639999,0.000000,0.000000,0.351000,0.000003,0.003008,0.000003,0.999995,0.000000,-0.000410,0.000000
4,False,False,1.000000,0.000000,False,False,3500.229980,0.000000,18.639999,13.331000,0.000000,0.351000,0.000003,0.003002,0.000003,0.999995,0.000000,-0.000810,0.000000
5,False,False,1.000000,0.000000,False,False,3500.449951,0.000000,18.639999,26.550999,0.000000,0.351000,0.000003,0.002997,0.000003,0.999995,0.000000,-0.001010,0.000000
6,False,False,1.000000,0.000000,False,False,3500.780029,0.000000,18.639999,39.650997,0.000000,0.351000,0.000003,0.002991,0.000003,0.999995,0.000000,-0.001010,0.000000
7,False,False,1.000000,0.000000,False,False,3501.219971,0.000000,18.639999,52.640999,0.000000,0.351000,0.000003,0.002986,0.000003,0.999995,0.000000,-0.001010,0.000000
8,False,False,1.000000,0.000000,False,False,3501.770020,0.000000,18.639999,65.520996,0.000000,0.351000,0.000003,0.002981,0.000003,0.999996,0.000000,-0.000910,0.000000
9,False,False,1.000000,0.000000,False,False,3502.419922,0.000000,18.639999,78.291000,0.000000,0.351000,0.000003,0.002975,0.000003,0.999996,0.000000,-0.000810,0.000000
10,False,False,1.000000,0.000000,False,False,3503.179932,0.000000,18.639999,90.950996,0.000000,0.351000,0.000003,0.002970,0.000003,0.999996,0.000000,-0.000710,0.000000
11,False,False,1.000000,0.000000,False,False,3504.040039,0.000000,18.639999,103.500999,0.000000,0.351000,0.000003,0.002970,0.000003,0.999996,0.000000,-0.000610,0.000000
12,False,False,1.000000,0.000000,False,False,3505.010010,0.000000,18.639999,115.940994,0.000000,0.351000,0.000003,0.002970,0.000003,0.999996,0.000000,-0.000510,0.000000
13,False,False,1.000000,0.000000,False,False,3506.079834,0.000000,18.639999,128.281006,0.000000,0.351000,0.000003,0.002970,0.000003,0.999996,0.000000,-0.000410,0.000000
14,False,False,1.000000,0.000000,False,False,3507.250000,0.000000,18.639999,140.511002,0.000000,0.351000,0.000003,0.002970,0.000003,0.999996,0.000000,-0.000410,0.000000
15,False,False,1.000000,0.000000,False,False,3508.520020,0.000000,18.639999,152.630997,0.000000,0.351000,0.000003,0.002970,0.000003,0.999996,0.000000,-0.000410,0.000000
16,False,False,1.000000,0.000000,False,False,3509.889893,0.000000,18.639999,164.651001,0.000000,0.351000,0.000003,0.002970,0.000003,0.999996,0.000000,-0.000410,0.000000
17,False,False,1.000000,0.000000,False,False,3511.359863,0.000000,18.639999,176.570999,0.000000,0.351000,0.000003,0.002970,0.000003,0.999996,0.000000,-0.000410,0.000000
18,False,False,1.000000,0.000000,False,False,3512.929932,0.000000,18.639999,188.391006,0.000000,0.351000,0.000003,0.002970,0.000003,0.999996,0.000000,-0.000410,0.000000
19,False,False,1.000000,0.000000,False,False,3514.599854,0.000000,18.639999,200.100998,0.000000,0.351000,0.000003,0.002970,0.000003,0.999996,0.000000,-0.000410,0.000000
20,False,False,1.000000,0.000000,False,False,3516.359863,0.000000,18.639999,211.710999,0.000000,0.351000,0.000003,0.002970,0.000003,0.999996,0.000000,-0.000410,0.000000
21,False,False,1.000000,0.000000,False,False,3518.219971,0.000000,18.639999,223.221008,0.000000,0.351000,0.000003,0.002970,0.000003,0.999996,0.000000,-0.000310,0.000000
22,False,False,1.000000,0.000000,False,False,3520.179932,0.000000,18.639999,234.641006,0.000000,0.351000,0.000003,0.002970,0.000003,0.999996,0.000000,-0.000310,0.000000
23,False,False,1.000000,0.000000,False,False,3522.229980,0.000000,18.639999,245.960999,0.000000,0.351000,0.000003,0.002970,0.000003,0.999996,0.000000,-0.000310,0.000000
24,False,False,1.000000,0.000000,False,False,3524.369873,0.000000,18.639999,257.181000,0.000000,0.351000,0.000003,0.002970,0.000003,0.999996,0.000000,-0.000310,0.000000
25,False,False,1.000000,0.000000,False,False,3526.609863,0.000000,18.639999,268.311005,0.000000,0.351000,0.000003,0.002970,0.000003,0.999996,0.000000,-0.000310,0.000000
26,False,False,1.000000,0.000000,False,False,3528.939941,0.000000,18.639999,279.341003,0.000000,0.351000,0.000003,0.002970,0.000003,0.999996,0.000000,-0.000310,0.000000
27,False,False,1.000000,0.000000,False,False,3531.359863,0.000000,18.639999,290.281006,0.000000,0.351000,0.000003,0.002970,0.000003,0.999996,0.000000,-0.000310,0.000000
28,False,False,1.000000,0.000000,False,False,3533.869873,0.000000,18.639999,301.121002,0.000000,0.351000,0.000003,0.002970,0.000003,0.999996,0.000000,-0.000310,0.000000
29,False,False,1.000000,0.000000,False,False,3536.469971,0.000000,18.639999,311.871002,0.000000,0.351000,0.000003,0.002970,0.000003,0.999996,0.000000,-0.000310,0.000000
30,False,False,1.000000,0.000000,False,False,3539.159912,0.000000,18.639999,322.531006,0.000000,0.351000,0.000003,0.002970,0.000003,0.999996,0.000000,-0.000310,0.000000
31,False,False,1.000000,0.000000,False,False,3541.939941,0.000000,18.639999,333.091003,0.000000,0.351000,0.000003,0.002970,0.000003,0.999996,0.000000,-0.000310,0.000000
32,False,False,1.000000,0.000000,False,False,3544.799805,0.000000,18.639999,343.561005,0.000000,0.351000,0.000003,0.002970,0.000003,0.999996,0.000000,-0.000310,0.000000
33,False,False,1.000000,0.000000,False,False,3547.750000,0.000000,18.639999,353.941010,0.000000,0.351000,0.000003,0.002970,0.000003,0.999996,0.000000,-0.000310,0.000000
34,False,False,1.000000,0.000000,False,False,3550.790039,0.000000,18.639999,364.240997,0.000000,0.351000,0.000003,0.002970,0.000003,0.999996,0.000000,-0.000310,0.000000
35,False,False,1.000000,0.000000,False,False,3553.909912,0.000000,18.639999,374.450989,0.000000,0.351000,0.000003,0.002970,0.000003,0.999996,0.000000,-0.000310,0.000000
36,False,False,1.000000,0.000000,False,False,3557.109863,0.000000,18.639999,384.570984,0.000000,0.351000,0.000003,0.002970,0.000003,0.999996,0.000000,-0.000210,0.000000
37,False,False,1.000000,0.000000,False,False,3560.399902,0.000000,18.639999,394.601013,0.000000,0.351000,0.000003,0.002970,0.000003,0.999996,0.000000,-0.000210,0.000000
38,False,False,1.000000,0.000000,False,False,3563.770020,0.000000,18.639999,404.550995,0.000000,0.351000,0.000003,0.002970,0.000003,0.999996,0.000000,-0.000210,0.000000
39,False,False,1.000000,0.000000,False,False,3567.219971,0.000000,18.639999,414.411011,0.000000,0.351000,0.000003,0.002970,0.000003,0.999996,0.000000,-0.000210,0.000000
40,False,False,1.000000,0.000000,False,False,3570.760010,0.000000,18.639999,424.191010,0.000000,0.351000,0.000003,0.002970,0.000003,0.999996,0.000000,-0.000210,0.000000
41,False,False,1.000000,0.000000,False,False,3574.379883,0.000000,18.639999,433.881012,0.000000,0.351000,0.000003,0.002970,0.000003,0.999996,0.000000,-0.000210,0.000000
42,False,False,1.000000,0.000000,False,False,3578.079834,0.000000,18.639999,443.490997,0.000000,0.351000,0.000003,0.002970,0.000003,0.999996,0.000000,-0.000210,0.000000
43,False,False,1.000000,0.000000,False,False,3581.849854,0.000000,18.639999,453.020996,0.000000,0.351000,0.000003,0.002970,0.000003,0.999996,0.000000,-0.000210,0.000000
44,False,False,1.000000,0.000000,False,False,3585.699951,0.000000,18.639999,462.471008,0.000000,0.351000,0.000003,0.002970,0.000003,0.999996,0.000000,-0.000210,0.000000
45,False,False,1.000000,0.000000,False,False,3589.629883,0.000000,18.639999,471.841003,0.000000,0.351000,0.000003,0.002970,0.000003,0.999996,0.000000,-0.000210,0.000000
46,False,False,1.000000,0.000000,False,False,3593.639893,0.000000,18.639999,481.121002,0.000000,0.351000,0.000003,0.002970,0.000003,0.999996,0.000000,-0.000210,0.000000
47,False,False,1.000000,0.000000,False,False,3597.729980,0.000000,18.639999,490.330994,0.000000,0.351000,0.000003,0.002970,0.000003,0.999996,0.000000,-0.000210,0.000000
48,False,False,1.000000,0.000000,False,False,3601.889893,0.000000,18.639999,499.460999,0.000000,0.351000,0.000003,0.002970,0.000003,0.999996,0.000000,-0.000210,0.000000
49,False,False,1.000000,0.000000,False,False,3606.129883,0.000000,18.639999,508.510986,0.000000,0.351000,0.000003,0.002970,0.000003,0.999996,0.000000,-0.000210,0.000000
50,False,False,1.000000,0.000000,False,False,3610.439941,0.000000,18.639999,517.480957,0.000000,0.351000,0.000003,0.002970,0.000003,0.999996,0.000000,-0.000210,0.000000
51,False,False,1.000000,0.000000,False,False,3614.829834,0.000000,18.639999,526.370972,0.000000,0.351000,0.000003,0.002970,0.000003,0.999996,0.000000,-0.000210,0.000000
52,False,False,1.000000,0.000000,False,False,3619.290039,0.000000,18.639999,535.190979,0.000000,0.351000,0.000003,0.002970,0.000003,0.999996,0.000000,-0.000110,0.000000
53,False,False,1.000000,0.000000,False,False,3623.819824,0.000000,18.639999,543.930969,0.000000,0.351000,0.000003,0.002970,0.000003,0.999996,0.000000,-0.000110,0.000000
54,False,False,1.000000,0.000000,False,False,3628.419922,0.000000,18.639999,552.600952,0.000000,0.351000,0.000003,0.002970,0.000003,0.999996,0.000000,-0.000110,0.000000
55,False,False,1.000000,0.000000,False,False,3633.099854,0.000000,18.639999,561.190979,0.000000,0.351000,0.000003,0.002970,0.000003,0.999996,0.000000,-0.000110,0.000000
56,False,False,1.000000,0.000000,False,False,3637.849854,0.000000,18.639999,569.710938,0.000000,0.351000,0.000003,0.002970,0.000003,0.999996,0.000000,-0.000110,0.000000
57,False,False,1.000000,0.000000,False,False,3642.669922,0.000000,18.639999,578.160950,0.000000,0.351000,0.000003,0.002970,0.000003,0.999996,0.000000,-0.000110,0.000000
58,False,False,1.000000,0.000000,False,False,3647.559814,0.000000,18.639999,586.530945,0.000000,0.351000,0.000003,0.002970,0.000003,0.999996,0.000000,-0.000110,0.000000
59,False,False,1.000000,0.000000,False,False,3652.520020,0.000000,18.639999,594.830994,0.000000,0.351000,0.000003,0.002970,0.000003,0.999996,0.000000,-0.000110,0.000000
60,False,False,1.000000,0.000000,False,False,3657.549805,0.000000,18.639999,603.060974,0.000000,0.351000,0.000003,0.002970,0.000003,0.999996,0.000000,-0.000110,0.000000
61,False,False,1.000000,0.000000,False,False,3662.639893,0.000000,18.639999,611.220947,0.000000,0.351000,0.000003,0.002970,0.000003,0.999996,0.000000,-0.000110,0.000000
62,False,False,1.000000,0.000000,False,False,3667.799805,0.000000,18.639999,619.310974,0.000000,0.351000,0.000003,0.002970,0.000003,0.999996,0.000000,-0.000110,0.000000
63,False,False,1.000000,0.000000,False,False,3673.030029,0.000000,18.639999,627.330933,0.000000,0.351000,0.000003,0.002970,0.000003,0.999996,0.000000,-0.000110,0.000000
64,False,False,1.000000,0.000000,False,False,3678.319824,0.000000,18.639999,635.280945,0.000000,0.351000,0.000003,0.002970,0.000003,0.999996,0.000000,-0.000110,0.000000
65,False,False,1.000000,0.000000,False,False,3683.679932,0.000000,18.639999,643.160950,0.000000,0.351000,0.000003,0.002970,0.000003,0.999996,0.000000,-0.000110,0.000000
66,False,False,1.000000,0.000000,False,False,3689.099854,0.000000,18.639999,650.980957,0.000000,0.351000,0.000003,0.002970,0.000003,0.999996,0.000000,-0.000110,0.000000
67,False,False,1.000000,0.000000,False,False,3694.589844,0.000000,18.639999,658.730957,0.000000,0.351000,0.000003,0.002970,0.000003,0.999996,0.000000,-0.000110,0.000000
68,False,False,1.000000,0.000000,False,False,3700.139893,0.000000,18.639999,666.410950,0.000000,0.351000,0.000003,0.002970,0.000003,0.999996,0.000000,-0.000110,0.000000
69,False,False,1.000000,0.000000,False,False,3705.760010,0.000000,18.639999,674.030945,0.000000,0.351000,0.000003,0.002970,0.000003,0.999996,0.000000,-0.000110,0.000000
70,False,False,1.000000,0.000000,False,False,3711.439941,0.000000,18.639999,681.580933,0.000000,0.351000,0.000003,0.002970,0.000003,0.999996,0.000000,-0.000110,0.000000
71,False,False,1.000000,0.000000,False,False,3717.179932,0.000000,18.639999,689.070984,0.000000,0.351000,0.000003,0.002970,0.000003,0.999996,0.000000,-0.000110,0.000000
72,False,False,1.000000,0.000000,False,False,3722.979980,0.000000,18.639999,696.490967,0.000000,0.351000,0.000003,0.002970,0.000003,0.999996,0.000000,0.000000,0.000000
73,False,False,1.000000,0.000000,False,False,3728.849854,0.000000,18.639999,703.850952,0.000000,0.351000,0.000003,0.002970,0.000003,0.999996,0.000000,0.000000,0.000000
74,False,False,1.000000,0.000000,False,False,3734.780029,0.000000,18.639999,711.150940,0.000000,0.351000,0.000003,0.002970,0.000003,0.999996,0.000000,0.000000,0.000000
75,False,False,1.000000,0.000000,False,False,3740.770020,0.000000,18.639999,718.380981,0.000000,0.351000,0.000003,0.002970,0.000003,0.999996,0.000000,0.000000,0.000000
76,False,False,1.000000,0.000000,False,False,3746.819824,0.000000,18.639999,725.550964,0.000000,0.351000,0.000003,0.002970,0.000003,0.999996,0.000000,0.000000,0.000000
77,False,False,1.000000,0.000000,False,False,3752.929932,0.000000,18.639999,732.660950,0.000000,0.351000,0.000003,0.002970,0.000003,0.999996,0.000000,0.000000,0.000000
78,False,False,1.000000,0.000000,False,False,3759.089844,0.000000,18.639999,739.710938,0.000000,0.351000,0.000003,0.002970,0.000003,0.999996,0.000000,0.000000,0.000000
79,False,False,1.000000,0.000000,False,False,3765.309814,0.000000,18.639999,746.700989,0.000000,0.351000,0.000003,0.002970,0.000003,0.999996,0.000000,0.000000,0.000000
80,False,False,1.000000,0.000000,False,False,3771.589844,0.000000,18.639999,753.630981,0.000000,0.351000,0.000003,0.002970,0.000003,0.999996,0.000000,0.000000,0.000000
81,False,False,1.000000,0.000000,False,False,3777.929932,0.000000,18.639999,760.500977,0.000000,0.351000,0.000003,0.002970,0.000003,0.999996,0.000000,0.000000,0.000000
82,False,False,1.000000,0.000000,False,False,3784.319824,0.000000,18.639999,767.310974,0.000000,0.351000,0.000003,0.002970,0.000003,0.999996,0.000000,0.000000,0.000000
83,False,False,1.000000,0.000000,False,False,3790.770020,0.000000,18.639999,774.060974,0.000000,0.351000,0.000003,0.002970,0.000003,0.999996,0.000000,0.000000,0.000000
84,False,False,1.000000,0.000000,False,False,3797.270020,0.000000,18.699999,779.700989,0.000000,7.541000,0.000003,0.002042,0.000003,0.999998,0.000000,-0.223010,0.000000
85,False,False,1.000000,0.000000,False,False,3803.809814,0.000000,18.889999,784.640930,0.000000,22.700998,0.000003,-0.000839,0.000003,1.000000,0.000000,-0.691710,0.000000
86,False,False,1.000000,0.000000,False,False,3810.399902,0.000000,19.139999,790.320984,0.000000,30.330999,0.000003,-0.004642,0.000003,0.999989,0.000000,-0.912310,0.000000
87,False,False,1.000000,0.000000,False,False,3817.039795,0.000000,19.420000,796.340942,0.000000,34.160999,0.000003,-0.008856,0.000003,0.999961,0.000000,-1.010710,0.000000
88,False,False,1.000000,0.000000,False,False,3823.729980,0.000000,19.719999,802.510986,0.000000,35.931000,0.000003,-0.013209,0.000003,0.999913,0.000000,-1.045510,0.000000
89,False,False,1.000000,0.000000,False,False,3830.469971,0.000000,20.029999,808.680969,0.000000,37.050999,0.000003,-0.017644,0.000003,0.999844,0.000000,-1.064710,0.000000
90,False,False,1.000000,0.000000,False,False,3837.260010,0.000000,20.340000,814.830933,0.000000,37.750999,0.000003,-0.022127,0.000003,0.999755,0.000000,-1.075710,0.000000
91,False,False,1.000000,0.000000,False,False,3844.099854,0.000000,20.660000,820.950928,0.000000,38.130997,0.000003,-0.026637,0.000003,0.999645,0.000000,-1.082310,0.000000
92,False,False,1.000000,0.000000,False,False,3850.879883,0.000000,21.320000,813.790955,0.000000,78.931000,0.000003,-0.036299,0.000003,0.999341,0.000000,-2.320110,0.000000
93,False,False,1.000000,0.000000,False,False,3857.659912,0.000000,22.150000,813.370972,0.000000,99.210999,0.000003,-0.048524,0.000003,0.998822,0.000000,-2.936310,0.000000
94,False,False,1.000000,0.000000,False,False,3864.459961,0.000000,23.049999,816.310974,0.000000,108.460999,0.000003,-0.061951,0.000003,0.998079,0.000000,-3.227610,0.000000
95,False,False,1.000000,0.000000,False,False,3871.299805,0.000000,23.980000,821.110962,0.000000,111.320999,0.000003,-0.075827,0.000003,0.997121,0.000000,-3.337910,0.000000
96,False,False,1.000000,0.000000,False,False,3878.189941,0.000000,24.910000,826.520935,0.000000,111.721001,0.000003,-0.089902,0.000003,0.995951,0.000000,-3.390310,0.000000
97,False,False,1.000000,0.000000,False,False,3885.089844,0.000000,26.109999,828.490967,0.000000,143.401001,0.000003,-0.101085,0.000003,0.994878,0.000000,-2.696110,0.000000
98,False,False,1.000000,0.000000,False,False,3892.030029,0.000000,27.420000,832.320984,0.000000,157.581009,0.000003,-0.111017,0.000003,0.993818,0.000000,-2.397010,0.000000
99,False,False,1.000000,0.000000,False,False,3898.819824,0.000000,29.119999,814.650940,0.000000,203.651001,0.000003,-0.125842,0.000003,0.992050,0.000000,-3.583010,0.000000
100,False,False,1.000000,0.000000,False,False,3905.559814,0.000000,30.990000,809.200989,0.000000,224.410995,0.000003,-0.143143,0.000003,0.989702,0.000000,-4.190010,0.000000
101,False,False,1.000000,0.000000,False,False,3912.309814,0.000000,32.930000,809.890930,0.000000,232.940994,0.000003,-0.161507,0.000003,0.986871,0.000000,-4.460010,0.000000
102,False,False,1.000000,0.000000,False,False,3919.089844,0.000000,34.880001,814.080933,0.000000,234.151001,0.000003,-0.180152,0.000003,0.983639,0.000000,-4.541110,0.000000
103,False,False,1.000000,0.000000,False,False,3925.750000,0.000000,37.329998,799.670959,0.000000,293.550995,0.000003,-0.193105,0.000003,0.981178,0.000000,-3.164710,0.000000
104,False,False,1.000000,0.000000,False,False,3932.379883,0.000000,40.000000,795.550964,0.000000,320.601013,0.000003,-0.203598,0.000003,0.979055,0.000000,-2.569110,0.000000
105,False,False,1.000000,0.000000,False,False,3938.780029,0.000000,43.049999,767.710938,0.000000,366.240997,0.000003,-0.218131,0.000003,0.975919,0.000000,-3.568210,0.000000
106,False,False,1.000000,0.000000,False,False,3945.089844,0.000000,46.270000,757.210938,0.000000,386.830994,0.000003,-0.234742,0.000003,0.972058,0.000000,-4.092610,0.000000
107,False,False,1.000000,0.000000,False,False,3951.379883,0.000000,49.559998,755.400940,0.000000,394.960999,0.000003,-0.252286,0.000003,0.967653,0.000000,-4.341010,0.000000
108,False,False,1.000000,0.000000,False,False,3957.699951,0.000000,52.869999,758.280945,0.000000,396.691010,0.000003,-0.270035,0.000003,0.962851,0.000000,-4.412910,0.000000
109,False,False,1.000000,0.000000,False,False,3964.049805,0.000000,56.169998,762.310974,0.000000,396.441010,0.000003,-0.287897,0.000003,0.957661,0.000000,-4.464810,0.000000
110,False,False,1.000000,0.000000,False,False,3970.169922,0.000000,59.949997,734.730957,0.000000,453.501007,0.000003,-0.299863,0.000003,0.953982,0.000000,-3.004410,0.000000
111,False,False,1.000000,0.000000,False,False,3976.209961,0.000000,63.939999,724.410950,0.000000,479.181000,0.000003,-0.309288,0.000003,0.950969,0.000000,-2.374310,0.000000
112,False,False,1.000000,0.000000,False,False,3981.929932,0.000000,68.269997,685.930969,0.000000,519.480957,0.000003,-0.322980,0.000003,0.946406,0.000000,-3.463410,0.000000
113,False,False,1.000000,0.000000,False,False,3987.520020,0.000000,72.739998,671.060974,0.000000,536.460938,0.000003,-0.338873,0.000003,0.940832,0.000000,-4.042010,0.000000
114,False,False,1.000000,0.000000,False,False,3993.079834,0.000000,77.259995,667.510986,0.000000,542.970947,0.000003,-0.355618,0.000003,0.934631,0.000000,-4.285210,0.000000
115,False,False,1.000000,0.000000,False,False,3998.659912,0.000000,81.799995,669.560974,0.000000,544.260986,0.000003,-0.372536,0.000003,0.928017,0.000000,-4.359310,0.000000
116,False,False,1.000000,0.000000,False,False,4003.929932,0.000000,86.739998,632.530945,0.000000,592.220947,0.000003,-0.384060,0.000003,0.923308,0.000000,-2.987810,0.000000
117,False,False,1.000000,0.000000,False,False,4009.079834,0.000000,91.849998,617.750977,0.000000,613.720947,0.000003,-0.393285,0.000003,0.919417,0.000000,-2.403510,0.000000
118,False,False,1.000000,0.000000,False,False,4013.849854,0.000000,97.220001,572.430969,0.000000,644.530945,0.000003,-0.406632,0.000003,0.913592,0.000000,-3.494910,0.000000
119,False,False,1.000000,0.000000,False,False,4018.469971,0.000000,102.699997,554.640991,0.000000,657.260986,0.000003,-0.422077,0.000003,0.906560,0.000000,-4.073410,0.000000
120,False,False,1.000000,0.000000,False,False,4023.049805,0.000000,108.220001,549.790955,0.000000,662.180969,0.000003,-0.438272,0.000003,0.898842,0.000000,-4.305010,0.000000
121,False,False,1.000000,0.000000,False,False,4027.639893,0.000000,113.750000,551.190979,0.000000,663.190979,0.000003,-0.454586,0.000003,0.890703,0.000000,-4.375710,0.000000
122,False,False,1.000000,0.000000,False,False,4032.260010,0.000000,119.269997,554.460938,0.000000,662.780945,0.000003,-0.470927,0.000003,0.882172,0.000000,-4.424110,0.000000
123,False,False,1.000000,0.000000,False,False,4036.479980,0.000000,125.139999,505.901001,0.000000,704.730957,0.000003,-0.481679,0.000003,0.876348,0.000000,-2.934710,0.000000
124,False,False,1.000000,0.000000,False,False,4040.169922,0.000000,131.279999,443.040985,0.000000,736.350952,0.000003,-0.494756,0.000003,0.869032,0.000000,-3.595910,0.000000
125,False,False,1.000000,0.000000,False,False,4043.639893,0.000000,137.529999,416.911011,0.000000,750.020935,0.000003,-0.509106,0.000003,0.860704,0.000000,-3.982610,0.000000
126,False,False,1.000000,0.000000,False,False,4047.049805,0.000000,143.819992,409.681000,0.000000,754.230957,0.000003,-0.524098,0.000003,0.851658,0.000000,-4.201910,0.000000
127,False,False,1.000000,0.000000,False,False,4050.469971,0.000000,150.119995,409.941010,0.000000,755.470947,0.000003,-0.539139,0.000003,0.842217,0.000000,-4.262510,0.000000
128,False,False,1.000000,0.000000,False,False,4053.909912,0.000000,156.419998,412.490997,0.000000,755.500977,0.000003,-0.554169,0.000003,0.832404,0.000000,-4.308610,0.000000
129,False,False,1.000000,0.000000,False,False,4056.889893,0.000000,162.970001,357.740997,0.000000,786.210938,0.000003,-0.564052,0.000003,0.825739,0.000000,-2.860210,0.000000
130,False,False,1.000000,0.000000,False,False,4059.679932,0.000000,169.639999,335.230988,0.000000,799.890930,0.000003,-0.571756,0.000003,0.820424,0.000000,-2.245610,0.000000
131,False,False,1.000000,0.000000,False,False,4062.020020,0.000000,176.389999,280.460999,0.000000,809.510986,0.000003,-0.583393,0.000003,0.812190,0.000000,-3.421710,0.000000
132,False,False,1.000000,0.000000,False,False,4064.179932,0.000000,183.169998,258.700989,0.000000,813.270935,0.000003,-0.596988,0.000003,0.802250,0.000000,-4.042210,0.000000
133,False,False,1.000000,0.000000,False,False,4066.280029,0.000000,189.959991,251.770996,0.000000,814.980957,0.000003,-0.611252,0.000003,0.791436,0.000000,-4.296310,0.000000
134,False,False,1.000000,0.000000,False,False,4068.389893,0.000000,196.759995,252.621002,0.000000,815.420959,0.000003,-0.625586,0.000003,0.780155,0.000000,-4.377210,0.000000
135,False,False,1.000000,0.000000,False,False,4070.010010,0.000000,203.709991,194.201004,0.000000,833.910950,0.000003,-0.635259,0.000003,0.772299,0.000000,-2.991110,0.000000
136,False,False,1.000000,0.000000,False,False,4071.429932,0.000000,210.729996,169.850998,0.000000,842.460938,0.000003,-0.642962,0.000003,0.765898,0.000000,-2.404210,0.000000
137,False,False,1.000000,0.000000,False,False,4072.599854,0.000000,217.779999,139.981003,0.000000,845.800964,0.000003,-0.651966,0.000003,0.758248,0.000000,-2.835610,0.000000
138,False,False,1.000000,0.000000,False,False,4073.679932,0.000000,224.839996,129.801010,0.000000,847.110962,0.000003,-0.661661,0.000003,0.749803,0.000000,-3.086310,0.000000
139,False,False,1.000000,0.000000,False,False,4074.750000,0.000000,231.909988,127.861000,0.000000,847.990967,0.000003,-0.671479,0.000003,0.741023,0.000000,-3.160410,0.000000
140,False,False,1.000000,0.000000,False,False,4075.819824,0.000000,238.979996,128.481003,0.000000,848.590942,0.000003,-0.681314,0.000003,0.731991,0.000000,-3.204810,0.000000
141,False,False,1.000000,0.000000,False,False,4076.909912,0.000000,246.049988,130.611008,0.000000,848.990967,0.000003,-0.691127,0.000003,0.722733,0.000000,-3.238710,0.000000
142,False,False,1.000000,0.000000,False,False,4077.469971,0.000000,253.179993,66.630997,0.000000,855.490967,0.000003,-0.696317,0.000003,0.717734,0.000000,-1.730010,0.000000
143,False,False,1.000000,0.000000,False,False,4077.799805,0.000000,260.339996,39.280998,0.000000,858.920959,0.000003,-0.699619,0.000003,0.714516,0.000000,-1.106410,0.000000
144,False,False,1.000000,0.000000,False,False,4078.039795,0.000000,267.509979,29.150999,0.000000,860.560974,0.000003,-0.702257,0.000003,0.711924,0.000000,-0.887010,0.000000
145,False,False,1.000000,0.000000,False,False,4078.270020,0.000000,274.690002,27.591000,0.000000,861.340942,0.000003,-0.704787,0.000003,0.709419,0.000000,-0.853710,0.000000
146,False,False,1.000000,0.000000,False,False,4078.500000,0.000000,281.869995,27.511000,0.000000,861.990967,-0.000003,0.707274,-0.000003,-0.706939,0.000000,-0.842310,0.000000
147,False,False,1.000000,0.000000,False,False,4078.739990,0.000000,289.059998,28.341000,0.000000,862.560974,-0.000003,0.709751,-0.000003,-0.704452,0.000000,-0.843210,0.000000
148,False,False,1.000000,0.000000,False,False,4078.989990,0.000000,296.250000,29.750999,0.000000,863.070984,-0.000003,0.712248,-0.000003,-0.701928,0.000000,-0.851910,0.000000
149,False,False,1.000000,0.000000,False,False,4078.989990,0.000000,303.440002,-0.061000,0.000000,863.190979,-0.000003,0.712631,-0.000003,-0.701539,0.000000,-0.130810,0.000000
150,False,False,1.000000,0.000000,False,False,4078.889893,0.000000,310.639984,-12.281000,0.000000,863.700928,-0.000003,0.712206,-0.000003,-0.701971,0.000000,0.145410,0.000000
151,False,False,1.000000,0.000000,False,False,4078.760010,0.000000,317.839996,-15.411000,0.000000,864.210938,-0.000003,0.711615,-0.000003,-0.702570,0.000000,0.202610,0.000000
152,False,False,1.000000,0.000000,False,False,4078.619873,0.000000,325.049988,-16.250999,0.000000,864.710938,-0.000003,0.710991,-0.000003,-0.703201,0.000000,0.213410,0.000000
153,False,False,1.000000,0.000000,False,False,4078.479980,0.000000,332.259979,-16.230999,0.000000,865.210938,-0.000003,0.710372,-0.000003,-0.703827,0.000000,0.211710,0.000000
154,False,False,1.000000,1.000000,False,False,4078.349854,0.120000,339.449982,-15.601000,14.771000,862.500977,0.001038,0.709776,-0.001033,-0.704426,-0.352010,0.202210,-0.003210
155,False,False,1.000000,1.000000,False,False,4078.229980,0.340000,346.619995,-14.651000,25.910999,860.590942,0.002857,0.709220,-0.002840,-0.704976,-0.615910,0.188310,-0.004410
156,False,False,1.000000,1.000000,False,False,4078.119873,0.640000,353.779999,-13.521000,36.201000,858.890930,0.005360,0.708697,-0.005338,-0.705472,-0.848410,0.172410,-0.004710
157,False,False,1.000000,1.000000,False,False,4078.020020,1.020000,360.919983,-12.311000,45.990997,857.340942,0.008462,0.708207,-0.008435,-0.705904,-1.052110,0.155710,-0.004610
158,False,False,1.000000,1.000000,False,False,4077.929932,1.480000,368.049988,-11.091001,55.560997,855.880981,0.012087,0.707747,-0.012055,-0.706260,-1.229810,0.139210,-0.004310
159,False,False,1.000000,1.000000,False,False,4077.849854,2.020000,375.169983,-9.901000,65.111000,854.460938,0.016166,0.707299,-0.016133,-0.706546,-1.384610,0.123610,-0.004010
160,False,False,1.000000,1.000000,False,False,4077.780029,2.640000,382.279999,-8.771000,74.800995,853.030945,0.020643,0.706861,-0.020606,-0.706751,-1.519210,0.109110,-0.003710
161,False,False,1.000000,1.000000,False,False,4077.719971,3.350000,389.380005,-7.731000,84.740997,851.550964,-0.025461,-0.706422,0.025423,0.706876,-1.636210,0.095810,-0.003410
162,False,False,1.000000,1.000000,False,False,4077.659912,4.140000,396.459991,-6.791000,95.020996,849.970947,-0.030581,-0.705974,0.030537,0.706918,-1.737910,0.083910,-0.003310
163,False,False,1.000000,1.000000,False,False,4077.609863,5.020000,403.529999,-5.911000,105.670998,848.260986,-0.035959,-0.705505,0.035911,0.706881,-1.826410,0.073310,-0.003310
164,False,False,1.000000,1.000000,False,False,4077.569824,5.990000,410.579987,-5.121000,116.730995,846.380981,-0.041564,-0.705008,0.041505,0.706762,-1.903410,0.063910,-0.003310
165,False,False,1.000000,1.000000,False,False,4077.530029,7.060000,417.619995,-4.421000,128.210999,844.310974,-0.047364,-0.704479,0.047294,0.706561,-1.970510,0.055610,-0.003410
166,False,False,1.000000,1.000000,False,False,4077.500000,8.230000,424.639984,-3.791000,140.100998,842.010986,-0.053336,-0.703913,0.053249,0.706276,-2.029110,0.048210,-0.003610
167,False,False,1.000000,1.000000,False,False,4077.469971,9.500000,431.639984,-3.251000,152.401001,839.470947,-0.059459,-0.703303,0.059346,0.705909,-2.080310,0.041810,-0.003810
168,False,False,1.000000,1.000000,False,False,4077.449951,10.880000,438.609985,-2.761000,165.081009,836.660950,-0.065712,-0.702645,0.065566,0.705459,-2.125210,0.036210,-0.004010
169,False,False,1.000000,1.000000,False,False,4077.429932,12.360000,445.559998,-2.351000,178.111008,833.570984,-0.072077,-0.701933,0.071899,0.704929,-2.164510,0.031310,-0.004110
170,False,False,1.000000,1.000000,False,False,4077.409912,13.960000,452.479980,-2.001000,191.481003,830.190979,-0.078540,-0.701162,0.078325,0.704322,-2.199010,0.027010,-0.004310
171,False,False,1.000000,1.000000,False,False,4077.399902,15.670000,459.369995,-1.681000,205.151001,826.500977,-0.085084,-0.700336,0.084831,0.703629,-2.229410,0.023310,-0.004410
172,False,False,1.000000,1.000000,False,False,4077.389893,17.500000,466.220001,-1.431000,219.091003,822.500977,-0.091698,-0.699446,0.091407,0.702859,-2.256110,0.020110,-0.004410
173,False,False,1.000000,1.000000,False,False,4077.379883,19.439999,473.039978,-1.221000,233.261002,818.180969,-0.098377,-0.698497,0.098043,0.702006,-2.279610,0.017210,-0.004410
174,False,False,1.000000,1.000000,False,False,4077.369873,21.500000,479.819977,-1.041000,247.641006,813.530945,-0.105110,-0.697477,0.104727,0.701078,-2.300310,0.014810,-0.004410
175,False,False,1.000000,1.000000,False,False,4077.359863,23.689999,486.559998,-0.871000,262.200989,808.560974,-0.111886,-0.696393,0.111454,0.700069,-2.318610,0.012610,-0.004410
176,False,False,1.000000,1.000000,False,False,4077.349854,26.000000,493.250000,-0.721000,276.911011,803.260986,-0.118699,-0.695244,0.118214,0.698979,-2.334810,0.010710,-0.004310
177,False,False,1.000000,1.000000,False,False,4077.349854,28.430000,499.899994,-0.581000,291.751007,797.630981,-0.125545,-0.694024,0.125006,0.697812,-2.349110,0.009110,-0.004210
178,False,False,1.000000,1.000000,False,False,4077.349854,30.990000,506.500000,-0.491000,306.681000,791.670959,-0.132413,-0.692735,0.131820,0.696569,-2.361710,0.007710,-0.004010
179,False,False,1.000000,1.000000,False,False,4077.349854,33.669998,513.039978,-0.431000,321.691010,785.380981,-0.139302,-0.691375,0.138655,0.695248,-2.372810,0.006510,-0.003810
180,False,False,1.000000,1.000000,False,False,4077.349854,36.480000,519.529968,-0.391000,336.751007,778.770935,-0.146202,-0.689946,0.145506,0.693850,-2.382610,0.005410,-0.003610
181,False,False,1.000000,1.000000,False,False,4077.349854,39.410000,525.959961,-0.361000,351.830994,771.840942,-0.153113,-0.688446,0.152369,0.692374,-2.391310,0.004510,-0.003410
182,False,False,1.000000,1.000000,False,False,4077.349854,42.469997,532.330017,-0.341000,366.920990,764.590942,-0.160035,-0.686876,0.159236,0.690821,-2.398910,0.003710,-0.003210
183,False,False,1.000000,1.000000,False,False,4077.349854,45.649998,538.640015,-0.331000,382.001007,757.030945,-0.166956,-0.685236,0.166104,0.689193,-2.405610,0.003010,-0.003010
184,False,False,1.000000,1.000000,False,False,4077.349854,48.959999,544.880005,-0.321000,397.050995,749.160950,-0.173878,-0.683526,0.172977,0.687487,-2.411510,0.002510,-0.002810
185,False,False,1.000000,1.000000,False,False,4077.349854,52.389999,551.049988,-0.311000,412.061005,740.990967,-0.180799,-0.681740,0.179844,0.685710,-2.416710,0.002110,-0.002610
186,False,False,1.000000,1.000000,False,False,4077.349854,55.949997,557.149963,-0.311000,427.010986,732.520935,-0.187715,-0.679884,0.186706,0.683857,-2.421210,0.001710,-0.002410
187,False,False,1.000000,1.000000,False,False,4077.349854,59.629997,563.179993,-0.311000,441.890991,723.760986,-0.194621,-0.677958,0.193563,0.681930,-2.425110,0.001410,-0.002210
188,False,False,1.000000,1.000000,False,False,4077.349854,63.439999,569.140015,-0.311000,456.681000,714.720947,-0.201515,-0.675962,0.200409,0.679928,-2.428510,0.001110,-0.002010
189,False,False,1.000000,1.000000,False,False,4077.349854,67.369995,575.019958,-0.311000,471.380981,705.390991,-0.208399,-0.673891,0.207245,0.677857,-2.431510,0.000910,-0.001810
190,False,False,1.000000,1.000000,False,False,4077.349854,71.419998,580.820007,-0.311000,485.971008,695.790955,-0.215267,-0.671749,0.214064,0.675714,-2.434010,0.000710,-0.001710
191,False,False,1.000000,1.000000,False,False,4077.349854,75.589996,586.539978,-0.301000,500.441010,685.920959,-0.222118,-0.669537,0.220867,0.673499,-2.436210,0.000510,-0.001510
192,False,False,1.000000,1.000000,False,False,4077.349854,79.879997,592.169983,-0.301000,514.790955,675.780945,-0.228953,-0.667255,0.227653,0.671211,-2.438010,0.000310,-0.001310
193,False,False,1.000000,1.000000,False,False,4077.349854,84.290001,597.709961,-0.301000,529.010986,665.380981,-0.235767,-0.664903,0.234418,0.668854,-2.439510,0.000210,-0.001210
194,False,False,1.000000,1.000000,False,False,4077.349854,88.820000,603.169983,-0.301000,543.080994,654.730957,-0.242559,-0.662481,0.241167,0.666425,-2.440810,0.000110,-0.001010
195,False,False,1.000000,1.000000,False,False,4077.349854,93.459999,608.539978,-0.301000,557.010986,643.830933,-0.249330,-0.659994,0.247895,0.663921,-2.441810,0.000000,-0.000910
196,False,False,1.000000,1.000000,False,False,4077.349854,98.220001,613.809998,-0.301000,570.780945,632.680969,-0.256078,-0.657437,0.254595,0.661349,-2.442610,0.000000,-0.000810
197,False,False,1.000000,1.000000,False,False,4077.349854,103.089996,618.989990,-0.301000,584.390991,621.290955,-0.262800,-0.654809,0.261274,0.658708,-2.443210,0.000000,-0.000710
198,False,False,1.000000,1.000000,False,False,4077.349854,108.070000,624.070007,-0.301000,597.840942,609.660950,-0.269495,-0.652112,0.267925,0.656002,-2.443610,0.000000,-0.000610
199,False,False,1.000000,1.000000,False,False,4077.349854,113.159996,629.049988,-0.301000,611.120972,597.800964,-0.276163,-0.649350,0.274550,0.653223,-2.443810,0.000000,-0.000510
200,False,False,1.000000,1.000000,False,False,4077.349854,118.360001,633.929993,-0.301000,624.220947,585.710938,-0.282804,-0.646518,0.281148,0.650379,-2.443910,0.000000,-0.000410
201,False,False,1.000000,1.000000,False,False,4077.349854,123.669998,638.709961,-0.301000,637.150940,573.400940,-0.289413,-0.643620,0.287714,0.647467,-2.443810,0.000000,-0.000310
202,False,False,1.000000,1.000000,False,False,4077.349854,129.089996,643.380005,-0.301000,649.890991,560.860962,-0.295989,-0.640659,0.294252,0.644486,-2.443610,0.000000,-0.000210
203,False,False,1.000000,1.000000,False,False,4077.349854,134.610001,647.950012,-0.301000,662.450989,548.110962,-0.302533,-0.637632,0.300758,0.641438,-2.443310,0.000000,-0.000110
204,False,False,1.000000,1.000000,False,False,4077.349854,140.229996,652.409973,-0.301000,674.820984,535.140991,-0.309045,-0.634536,0.307232,0.638329,-2.442910,0.000000,-0.000110
205,False,False,1.000000,1.000000,False,False,4077.349854,145.949997,656.760010,-0.301000,686.990967,521.960938,-0.315524,-0.631374,0.313673,0.635154,-2.442410,0.000000,-0.000110
206,False,False,1.000000,1.000000,False,False,4077.349854,151.769989,661.000000,-0.301000,698.970947,508.580994,-0.321971,-0.628148,0.320083,0.631911,-2.441810,0.000000,0.000000
207,False,False,1.000000,1.000000,False,False,4077.349854,157.690002,665.119995,-0.301000,710.750977,494.990997,-0.328380,-0.624863,0.326454,0.628602,-2.441110,-0.000110,0.000000
208,False,False,1.000000,1.000000,False,False,4077.349854,163.709991,669.130005,-0.301000,722.320984,481.200989,-0.334756,-0.621513,0.332793,0.625227,-2.440310,-0.000110,0.000000
209,False,False,1.000000,1.000000,False,False,4077.349854,169.819992,673.019958,-0.301000,733.690979,467.210999,-0.341095,-0.618098,0.339094,0.621791,-2.439410,-0.000110,0.000000
210,False,False,1.000000,1.000000,False,False,4077.349854,176.029999,676.799988,-0.301000,744.850952,453.020996,-0.347396,-0.614618,0.345357,0.618295,-2.438410,-0.000110,0.000000
211,False,False,1.000000,1.000000,False,False,4077.349854,182.330002,680.459961,-0.301000,755.800964,438.640991,-0.353660,-0.611079,0.351583,0.614733,-2.437410,-0.000110,0.000000
212,False,False,1.000000,1.000000,False,False,4077.349854,188.720001,683.989990,-0.301000,766.540955,424.061005,-0.359880,-0.607481,0.357765,0.611112,-2.436310,-0.000110,0.000000
213,False,False,1.000000,1.000000,False,False,4077.349854,195.199997,687.399963,-0.301000,777.060974,409.300995,-0.366063,-0.603818,0.363910,0.607431,-2.435110,-0.000110,0.000000
214,False,False,1.000000,1.000000,False,False,4077.349854,201.759995,690.690002,-0.301000,787.360962,394.351013,-0.372202,-0.600095,0.370012,0.603691,-2.433810,-0.000110,0.000000
215,False,False,1.000000,1.000000,False,False,4077.349854,208.409988,693.849976,-0.301000,797.440979,379.221008,-0.378303,-0.596313,0.376075,0.599887,-2.432510,-0.000110,0.000000
216,False,False,1.000000,1.000000,False,False,4077.349854,215.139999,696.880005,-0.301000,807.290955,363.901001,-0.384362,-0.592472,0.382096,0.596024,-2.431110,-0.000110,0.000000
217,False,False,1.000000,1.000000,False,False,4077.349854,221.949997,699.779968,-0.301000,816.920959,348.401001,-0.390377,-0.588572,0.388073,0.592105,-2.429610,-0.000210,0.000000
218,False,False,1.000000,1.000000,False,False,4077.349854,228.839996,702.549988,-0.301000,826.320984,332.730988,-0.396349,-0.584617,0.394008,0.588122,-2.428110,-0.000210,0.000000
219,False,False,1.000000,1.000000,False,False,4077.349854,235.799988,705.190002,-0.301000,835.480957,316.881012,-0.402278,-0.580604,0.399899,0.584083,-2.426510,-0.000210,0.000000
220,False,False,1.000000,1.000000,False,False,4077.349854,242.839996,707.700012,-0.301000,844.410950,300.860992,-0.408158,-0.576536,0.405747,0.579985,-2.424810,-0.000210,0.000000
221,False,False,1.000000,1.000000,False,False,4077.349854,249.949997,710.070007,-0.301000,853.100952,284.670990,-0.413996,-0.572409,0.411546,0.575834,-2.423110,-0.000210,0.000000
222,False,False,1.000000,1.000000,False,False,4077.349854,257.130005,712.309998,-0.301000,861.550964,268.311005,-0.419784,-0.568228,0.417303,0.571626,-2.421310,-0.000210,0.000000
223,False,False,1.000000,1.000000,False,False,4077.349854,264.380005,714.409973,-0.301000,869.750977,251.791000,-0.425524,-0.563993,0.423010,0.567365,-2.419410,-0.000210,0.000000
224,False,False,1.000000,1.000000,False,False,4077.349854,271.690002,716.369995,-0.301000,877.700928,235.100998,-0.431216,-0.559704,0.428669,0.563051,-2.417410,-0.000210,0.000000
225,False,False,1.000000,1.000000,False,False,4077.349854,279.070007,718.190002,-0.301000,885.400940,218.251007,-0.436859,-0.555361,0.434280,0.558685,-2.415310,-0.000210,0.000000
226,False,False,1.000000,1.000000,False,False,4077.349854,286.509979,719.869995,-0.301000,892.850952,201.251007,-0.442453,-0.550965,0.439842,0.554267,-2.413210,-0.000210,0.000000
227,False,False,1.000000,1.000000,False,False,4077.349854,294.009979,721.399963,-0.301000,900.040955,184.091003,-0.447999,-0.546519,0.445356,0.549792,-2.411010,-0.000210,0.000000
228,False,False,1.000000,1.000000,False,False,4077.349854,301.570007,722.789978,-0.301000,906.970947,166.781006,-0.453496,-0.542020,0.450815,0.545272,-2.408710,-0.000210,0.000000
229,False,False,1.000000,1.000000,False,False,4077.349854,309.179993,724.029968,-0.301000,913.640930,149.320999,-0.458940,-0.537472,0.456226,0.540699,-2.406310,-0.000210,0.000000
230,False,False,1.000000,1.000000,False,False,4077.349854,316.850006,725.130005,-0.301000,920.040955,131.710999,-0.464335,-0.532876,0.461589,0.536072,-2.403810,-0.000210,0.000000
231,False,False,1.000000,1.000000,False,False,4077.349854,324.570007,726.079956,-0.301000,926.170959,113.960999,-0.469675,-0.528231,0.466897,0.531398,-2.401210,-0.000210,0.000000
232,False,False,1.000000,1.000000,False,False,4077.349854,332.339996,726.880005,-0.301000,932.030945,96.070999,-0.474962,-0.523537,0.472152,0.526680,-2.398510,-0.000210,0.000000
233,False,False,1.000000,1.000000,False,False,4077.349854,340.149994,727.529968,-0.301000,937.610962,78.041000,-0.480195,-0.518801,0.477352,0.521913,-2.395710,-0.000210,0.000000
234,False,False,1.000000,1.000000,False,False,4077.349854,348.009979,728.029968,-0.301000,942.910950,59.880997,-0.485374,-0.514015,0.482499,0.517102,-2.392710,-0.000210,0.000000
235,False,False,1.000000,1.000000,False,False,4077.349854,355.910004,728.380005,-0.301000,947.930969,41.591000,-0.490499,-0.509187,0.487592,0.512243,-2.389610,-0.000210,0.000000
236,False,False,1.000000,1.000000,False,False,4077.349854,363.850006,728.570007,-0.301000,952.660950,23.181000,-0.495571,-0.504316,0.492630,0.507337,-2.386410,-0.000210,0.000000
237,False,False,1.000000,1.000000,False,False,4077.349854,371.829987,728.609985,-0.301000,957.100952,4.641000,-0.500582,-0.499401,0.497615,0.502389,-2.383110,-0.000110,0.000000
238,False,False,1.000000,1.000000,False,False,4077.349854,379.839996,728.489990,-0.301000,961.250977,-14.011000,0.505542,0.494443,-0.502541,-0.497399,-2.379710,-0.000110,0.000000
239,False,False,1.000000,1.000000,False,False,4077.349854,387.880005,728.219971,-0.301000,965.100952,-32.771000,0.510441,0.489442,-0.507412,-0.492371,-2.376110,-0.000110,0.000000
240,False,False,1.000000,1.000000,False,False,4077.349854,395.949982,727.789978,-0.301000,968.650940,-51.650997,0.515284,0.484403,-0.512224,-0.487300,-2.372410,-0.000110,0.000000
241,False,False,1.000000,1.000000,False,False,4077.349854,404.049988,727.200012,-0.301000,971.900940,-70.630997,0.520069,0.479327,-0.516977,-0.482191,-2.368610,-0.000110,0.000000
242,False,False,1.000000,1.000000,False,False,4077.349854,412.169983,726.450012,-0.301000,974.840942,-89.710999,0.524790,0.474212,-0.521676,-0.477045,-2.364610,-0.000110,0.000000
243,False,False,1.000000,1.000000,False,False,4077.349854,420.319977,725.539978,-0.301000,977.470947,-108.890999,0.529454,0.469060,-0.526316,-0.471860,-2.360510,-0.000110,0.000000
244,False,False,1.000000,1.000000,False,False,4077.349854,428.479980,724.469971,-0.301000,979.790955,-128.161011,0.534062,0.463871,-0.530896,-0.466638,-2.356210,-0.000110,0.000000
245,False,False,1.000000,1.000000,False,False,4077.349854,436.660004,723.239990,-0.301000,981.790955,-147.521011,0.538605,0.458648,-0.535417,-0.461384,-2.351710,-0.000110,0.000000
246,False,False,1.000000,1.000000,False,False,4077.349854,444.859985,721.849976,-0.301000,983.480957,-166.960999,0.543089,0.453389,-0.539878,-0.456097,-2.347110,-0.000110,0.000000
247,False,False,1.000000,1.000000,False,False,4077.349854,453.069977,720.299988,-0.301000,984.850952,-186.471008,0.547521,0.448096,-0.544275,-0.450772,-2.342310,-0.000110,0.000000
248,False,False,1.000000,1.000000,False,False,4077.349854,461.289978,718.579956,-0.301000,985.880981,-206.081009,0.551890,0.442771,-0.548612,-0.445415,-2.337910,-0.000110,0.000000
249,False,False,1.000000,1.000000,False,False,4077.349854,469.509979,716.700012,-0.301000,986.570984,-225.791000,0.556200,0.437414,-0.552891,-0.440026,-2.334210,0.000000,0.000000
250,False,False,1.000000,1.000000,False,False,4077.349854,477.729980,714.649963,-0.301000,986.910950,-245.591003,0.560444,0.432025,-0.557115,-0.434604,-2.331210,0.000000,0.000000
251,False,False,1.000000,1.000000,False,False,4077.349854,485.949982,712.440002,-0.301000,986.910950,-265.471008,0.564637,0.426598,-0.561279,-0.429144,-2.328710,0.000000,0.000000
252,False,False,1.000000,1.000000,False,False,4077.349854,494.169983,710.059998,-0.301000,986.550964,-285.420990,0.568766,0.421138,-0.565390,-0.423652,-2.326710,0.000000,0.000000
253,False,False,1.000000,1.000000,False,False,4077.349854,502.389984,707.510010,-0.301000,985.840942,-305.441010,0.572846,0.415641,-0.569442,-0.418123,-2.325110,0.000000,0.000000
254,False,False,1.000000,-1.000000,False,False,4077.349854,510.639984,705.019958,-0.311000,990.430969,-299.101013,0.575762,0.411654,-0.572333,-0.414093,-1.680510,-0.003610,0.001110
255,False,False,1.000000,-1.000000,False,False,4077.349854,518.929993,702.529968,-0.311000,994.330933,-298.601013,0.577799,0.408854,-0.574335,-0.411250,-1.178310,-0.005310,0.001710
256,False,False,1.000000,-1.000000,False,False,4077.349854,527.250000,700.029968,-0.311000,998.130981,-299.601013,0.579059,0.407117,-0.575570,-0.409469,-0.732110,-0.006110,0.002010
257,False,False,1.000000,-1.000000,False,False,4077.349854,535.599976,697.519958,-0.311000,1001.940979,-301.460999,0.579645,0.406324,-0.576131,-0.408638,-0.338210,-0.006310,0.002110
258,False,False,1.000000,-1.000000,False,False,4077.349854,543.979980,694.989990,-0.311000,1005.850952,-303.631012,0.579645,0.406356,-0.576104,-0.408644,0.007810,-0.006010,0.002110
259,False,False,1.000000,-1.000000,False,False,4077.349854,552.399963,692.440002,-0.311000,1009.960938,-305.670990,0.579124,0.407117,-0.575570,-0.409378,0.310710,-0.005410,0.002010
260,False,False,1.000000,-1.000000,False,False,4077.349854,560.849976,689.880005,-0.311000,1014.330933,-307.210999,0.578149,0.408509,-0.574583,-0.410753,0.574910,-0.004610,0.001710
261,False,False,1.000000,-1.000000,False,False,4077.349854,569.339966,687.309998,-0.311000,1019.000977,-307.960999,0.576779,0.410440,-0.573202,-0.412679,0.804710,-0.003710,0.001410
262,False,False,1.000000,-1.000000,False,False,4077.349854,577.869995,684.750000,-0.311000,1023.990967,-307.710999,0.575053,0.412841,-0.571476,-0.415080,1.004010,-0.002710,0.001110
263,False,False,1.000000,-1.000000,False,False,4077.349854,586.450012,682.200012,-0.311000,1029.290894,-306.300995,0.573015,0.415641,-0.569442,-0.417891,1.176210,-0.001810,0.000810
264,False,False,1.000000,-1.000000,False,False,4077.349854,595.070007,679.669983,-0.311000,1034.870972,-303.661011,0.570698,0.418781,-0.567138,-0.421047,1.324910,-0.000910,0.000510
265,False,False,1.000000,-1.000000,False,False,4077.349854,603.739990,677.169983,-0.311000,1040.690918,-299.770996,0.568140,0.422206,-0.564592,-0.424494,1.453610,-0.000110,0.000210
266,False,False,1.000000,-1.000000,False,False,4077.349854,612.459961,674.709961,-0.311000,1046.690918,-294.631012,0.565356,0.425880,-0.561830,-0.428189,1.565210,0.000510,0.000000
267,False,False,1.000000,-1.000000,False,False,4077.349854,621.229980,672.309998,-0.311000,1052.820923,-288.281006,0.562377,0.429759,-0.558868,-0.432095,1.662310,0.001010,-0.000110
268,False,False,1.000000,-1.000000,False,False,4077.349854,630.059998,669.969971,-0.311000,1059.010986,-280.740997,0.559216,0.433811,-0.555728,-0.436179,1.747010,0.001410,-0.000210
269,False,False,1.000000,-1.000000,False,False,4077.349854,638.940002,667.700012,-0.311000,1065.210938,-272.061005,0.555882,0.438013,-0.552427,-0.440414,1.821010,0.001710,-0.000310
270,False,False,1.000000,-1.000000,False,False,4077.349854,647.869995,665.510010,-0.311000,1071.370972,-262.291016,0.552399,0.442335,-0.548974,-0.444773,1.885910,0.001910,-0.000410
271,False,False,1.000000,-1.000000,False,False,4077.349854,656.849976,663.409973,-0.311000,1077.440918,-251.481003,0.548776,0.446758,-0.545381,-0.449234,1.943010,0.002110,-0.000510
272,False,False,1.000000,-1.000000,False,False,4077.349854,665.880005,661.409973,-0.311000,1083.360962,-239.690994,0.545023,0.451268,-0.541653,-0.453782,1.993310,0.002210,-0.000610
273,False,False,1.000000,-1.000000,False,False,4077.349854,674.959961,659.519958,-0.311000,1089.090942,-226.981003,0.541147,0.455843,-0.537807,-0.458400,2.037710,0.002310,-0.000610
274,False,False,1.000000,-1.000000,False,False,4077.349854,684.079956,657.739990,-0.311000,1094.590942,-213.401001,0.537157,0.460472,-0.533847,-0.463072,2.077010,0.002310,-0.000510
275,False,False,1.000000,-1.000000,False,False,4077.349854,693.250000,656.079956,-0.311000,1099.810913,-199.011002,0.533058,0.465144,-0.529779,-0.467787,2.111910,0.002310,-0.000510
276,False,False,1.000000,-1.000000,False,False,4077.349854,702.459961,654.549988,-0.311000,1104.730957,-183.861008,0.528856,0.469848,-0.525609,-0.472535,2.142910,0.002210,-0.000410
277,False,False,1.000000,-1.000000,False,False,4077.349854,711.700012,653.149963,-0.311000,1109.300903,-168.011002,0.524556,0.474579,-0.521342,-0.477304,2.170510,0.002110,-0.000310
278,False,False,1.000000,-1.000000,False,False,4077.349854,720.979980,651.890015,-0.311000,1113.500977,-151.511002,0.520164,0.479321,-0.516983,-0.482089,2.195210,0.002010,-0.000210
279,False,False,1.000000,-1.000000,False,False,4077.349854,730.289978,650.769958,-0.311000,1117.300903,-134.411011,0.515680,0.484074,-0.512537,-0.486880,2.217310,0.001910,-0.000110
280,False,False,1.000000,-1.000000,False,False,4077.349854,739.630005,649.799988,-0.311000,1120.680908,-116.760994,0.511115,0.488827,-0.508006,-0.491670,2.237110,0.001810,-0.000110
281,False,False,1.000000,-1.000000,False,False,4077.349854,748.989990,648.979980,-0.311000,1123.620972,-98.611000,0.506470,0.493574,-0.503393,-0.496455,2.254810,0.001610,0.000000
282,False,False,1.000000,-1.000000,False,False,4077.349854,758.369995,648.309998,-0.311000,1126.090942,-80.000999,0.501745,0.498311,-0.498705,-0.501230,2.270710,0.001510,0.000000
283,False,False,1.000000,-1.000000,False,False,4077.349854,767.769958,647.799988,-0.311000,1128.080933,-60.970997,-0.496946,-0.503032,0.493941,0.505990,2.285010,0.001310,0.000000
284,False,False,1.000000,-1.000000,False,False,4077.349854,777.179993,647.450012,-0.311000,1129.580933,-41.570999,-0.492075,-0.507736,0.489108,0.510725,2.297910,0.001210,0.000000
285,False,False,1.000000,-1.000000,False,False,4077.349854,786.599976,647.269958,-0.311000,1130.570923,-21.841000,-0.487133,-0.512419,0.484204,0.515437,2.309510,0.001110,0.000000
286,False,False,1.000000,-1.000000,False,False,4077.349854,796.029968,647.250000,-0.311000,1131.050903,-1.811000,-0.482127,-0.517074,0.479230,0.520122,2.320010,0.000910,0.000000
287,False,False,1.000000,-1.000000,False,False,4077.349854,805.459961,647.399963,-0.311000,1131.000977,18.460999,-0.477056,-0.521698,0.474191,0.524778,2.329510,0.000810,0.000000
288,False,False,1.000000,-1.000000,False,False,4077.349854,814.880005,647.719971,-0.311000,1130.420898,38.960999,-0.471920,-0.526289,0.469087,0.529404,2.338110,0.000710,0.000000
289,False,False,1.000000,-1.000000,False,False,4077.349854,824.289978,648.219971,-0.311000,1129.300903,59.650997,-0.466719,-0.530847,0.463925,0.533993,2.345910,0.000610,0.000000
290,False,False,1.000000,-1.000000,False,False,4077.349854,833.690002,648.890015,-0.311000,1127.640991,80.500999,-0.461459,-0.535368,0.458697,0.538547,2.353010,0.000510,0.000000
291,False,False,1.000000,-1.000000,False,False,4077.349854,843.070007,649.739990,-0.311000,1125.430908,101.471001,-0.456140,-0.539851,0.453410,0.543062,2.359410,0.000410,0.000000
292,False,False,1.000000,-1.000000,False,False,4077.349854,852.429993,650.760010,-0.311000,1122.670898,122.541000,-0.450767,-0.544291,0.448069,0.547531,2.365310,0.000310,0.000000
293,False,False,1.000000,-1.000000,False,False,4077.349854,861.760010,651.959961,-0.311000,1119.360962,143.681000,-0.445334,-0.548688,0.442669,0.551963,2.370610,0.000210,0.000000
294,False,False,1.000000,-1.000000,False,False,4077.349854,871.059998,653.329956,-0.311000,1115.510986,164.861008,-0.439847,-0.553042,0.437215,0.556347,2.375510,0.000110,0.000000
295,False,False,1.000000,-1.000000,False,False,4077.349854,880.320007,654.880005,-0.311000,1111.110962,186.061005,-0.434307,-0.557352,0.431712,0.560679,2.379910,0.000000,0.000110
296,False,False,1.000000,-1.000000,False,False,4077.349854,889.539978,656.609985,-0.311000,1106.161011,207.251007,-0.428718,-0.561614,0.426155,0.564962,2.383910,0.000000,0.000110
297,False,False,1.000000,-1.000000,False,False,4077.349854,898.709961,658.510010,-0.311000,1100.670898,228.410995,-0.423075,-0.565827,0.420550,0.569196,2.387610,0.000000,0.000110
298,False,False,1.000000,-1.000000,False,False,4077.349854,907.829956,660.589966,-0.311000,1094.640991,249.511002,-0.417383,-0.569987,0.414891,0.573386,2.390910,0.000000,0.000000
299,False,False,1.000000,-1.000000,False,False,4077.349854,916.899963,662.839966,-0.311000,1088.080933,270.531006,-0.411643,-0.574098,0.409183,0.577521,2.394010,0.000000,0.000000
300,False,False,1.000000,-1.000000,False,False,4077.349854,925.909973,665.269958,-0.311000,1080.990967,291.460999,-0.405855,-0.578154,0.403432,0.581603,2.396810,0.000000,0.000000
301,False,False,1.000000,-1.000000,False,False,4077.349854,934.849976,667.869995,-0.311000,1073.380981,312.260986,-0.400018,-0.582157,0.397633,0.585633,2.399310,0.000000,0.000000
302,False,False,1.000000,-1.000000,False,False,4077.349854,943.729980,670.640015,-0.311000,1065.250977,332.931000,-0.394137,-0.586106,0.391790,0.589606,2.401610,0.000000,0.000000
303,False,False,1.000000,-1.000000,False,False,4077.349854,952.539978,673.589966,-0.311000,1056.610962,353.441010,-0.388214,-0.590001,0.385899,0.593523,2.403710,0.000000,0.000000
304,False,False,1.000000,-1.000000,False,False,4077.349854,961.269958,676.700012,-0.311000,1047.470947,373.770996,-0.382247,-0.593842,0.379965,0.597382,2.405610,0.000000,0.000000
305,False,False,1.000000,-1.000000,False,False,4077.349854,969.919983,679.979980,-0.311000,1037.830933,393.911011,-0.376237,-0.597624,0.373988,0.601185,2.407310,0.000000,0.000000
306,False,False,1.000000,-1.000000,False,False,4077.349854,978.479980,683.429993,-0.311000,1027.700928,413.841003,-0.370184,-0.601347,0.367972,0.604931,2.408910,0.000000,0.000000
307,False,False,1.000000,-1.000000,False,False,4077.349854,986.959961,687.039978,-0.311000,1017.090942,433.540985,-0.364088,-0.605010,0.361914,0.608622,2.410310,0.000000,0.000000
308,False,False,1.000000,-1.000000,False,False,4077.349854,995.339966,690.820007,-0.311000,1006.010925,453.001007,-0.357954,-0.608614,0.355818,0.612251,2.411610,0.000000,0.000000
309,False,False,1.000000,-1.000000,False,False,4077.349854,1003.630005,694.760010,-0.311000,994.470947,472.210999,-0.351783,-0.612158,0.349684,0.615819,2.412710,0.000000,0.000000
310,False,False,1.000000,-1.000000,False,False,4077.349854,1011.820007,698.849976,-0.311000,982.480957,491.151001,-0.345573,-0.615643,0.343512,0.619324,2.413710,0.000000,0.000000
311,False,False,1.000000,-1.000000,False,False,4077.349854,1019.899963,703.099976,-0.311000,970.060974,509.811005,-0.339326,-0.619069,0.337303,0.622767,2.414610,0.000000,0.000000
312,False,False,1.000000,-1.000000,False,False,4077.349854,1027.880005,707.500000,-0.311000,957.210938,528.170959,-0.333041,-0.622430,0.331056,0.626153,2.415410,0.000000,0.000000
313,False,False,1.000000,-1.000000,False,False,4077.349854,1035.750000,712.049988,-0.311000,943.940979,546.230957,-0.326718,-0.625731,0.324771,0.629475,2.416110,0.000000,0.000000
314,False,False,1.000000,-1.000000,False,False,4077.349854,1043.500000,716.750000,-0.311000,930.260925,563.970947,-0.320363,-0.628968,0.318453,0.632735,2.416710,0.000000,0.000000
315,False,False,1.000000,-1.000000,False,False,4077.349854,1051.130005,721.589966,-0.311000,916.180969,581.380981,-0.313976,-0.632146,0.312104,0.635926,2.417210,0.000000,0.000000
316,False,False,1.000000,-1.000000,False,False,4077.349854,1058.640015,726.579956,-0.311000,901.710938,598.450989,-0.307556,-0.635259,0.305722,0.639054,2.417610,0.000000,0.000000
317,False,False,1.000000,-1.000000,False,False,4077.349854,1066.030029,731.709961,-0.311000,886.870972,615.170959,-0.301104,-0.638307,0.299307,0.642119,2.417910,0.000000,0.000000
318,False,False,1.000000,-1.000000,False,False,4077.349854,1073.289917,736.969971,-0.311000,871.670959,631.530945,-0.294619,-0.641290,0.292860,0.645120,2.418110,0.000000,0.000000
319,False,False,1.000000,-1.000000,False,False,4077.349854,1080.419922,742.369995,-0.311000,856.110962,647.530945,-0.288102,-0.644209,0.286387,0.648055,2.418210,0.000000,0.000000
320,False,False,1.000000,-1.000000,False,False,4077.349854,1087.419922,747.899963,-0.311000,840.220947,663.150940,-0.281558,-0.647062,0.279880,0.650924,2.418210,0.000000,0.000000
321,False,False,1.000000,-1.000000,False,False,4077.349854,1094.289917,753.549988,-0.311000,824.000977,678.390991,-0.274987,-0.649852,0.273347,0.653725,2.418210,0.000000,0.000000
322,False,False,1.000000,-1.000000,False,False,4077.349854,1101.020020,759.329956,-0.311000,807.460938,693.240967,-0.268384,-0.652570,0.266787,0.656465,2.418110,0.000000,0.000000
323,False,False,1.000000,-1.000000,False,False,4077.349854,1107.609985,765.229980,-0.311000,790.620972,707.690979,-0.261759,-0.655225,0.260200,0.659135,2.417910,0.000000,0.000000
324,False,False,1.000000,-1.000000,False,False,4077.349854,1114.059937,771.239990,-0.311000,773.490967,721.740967,-0.255107,-0.657814,0.253586,0.661736,2.417610,0.000000,0.000000
325,False,False,1.000000,-1.000000,False,False,4077.349854,1120.359985,777.369995,-0.311000,756.090942,735.380981,-0.248429,-0.660334,0.246950,0.664273,2.417310,0.000000,0.000000
326,False,False,1.000000,-1.000000,False,False,4077.349854,1126.510010,783.609985,-0.311000,738.420959,748.610962,-0.241728,-0.662788,0.240288,0.666739,2.416910,0.000000,0.000000
327,False,False,1.000000,-1.000000,False,False,4077.349854,1132.510010,789.959961,-0.311000,720.500977,761.420959,-0.235001,-0.665173,0.233604,0.669140,2.416410,0.000000,0.000000
328,False,False,1.000000,-1.000000,False,False,4077.349854,1138.359985,796.409973,-0.311000,702.340942,773.810974,-0.228252,-0.667493,0.226898,0.671470,2.415810,0.000000,0.000000
329,False,False,1.000000,-1.000000,False,False,4077.349854,1144.059937,802.959961,-0.311000,683.950989,785.770935,-0.221482,-0.669742,0.220171,0.673733,2.415210,0.000000,0.000000
330,False,False,1.000000,-1.000000,False,False,4077.349854,1149.599976,809.599976,-0.311000,665.340942,797.310974,-0.214695,-0.671922,0.213422,0.675928,2.414510,0.000000,0.000000
331,False,False,1.000000,-1.000000,False,False,4077.349854,1154.989990,816.339966,-0.311000,646.530945,808.410950,-0.207887,-0.674037,0.206651,0.678051,2.413710,0.000000,0.000000
332,False,False,1.000000,-1.000000,False,False,4077.349854,1160.219971,823.169983,-0.311000,627.530945,819.080933,-0.201057,-0.676081,0.199864,0.680106,2.412910,0.000000,0.000000
333,False,False,1.000000,-1.000000,False,False,4077.349854,1165.289917,830.079956,-0.311000,608.350952,829.310974,-0.194211,-0.678056,0.193062,0.682092,2.412010,0.000000,0.000000
334,False,False,1.000000,-1.000000,False,False,4077.349854,1170.199951,837.070007,-0.311000,589.010986,839.100952,-0.187348,-0.679960,0.186243,0.684009,2.411010,0.000000,0.000000
335,False,False,1.000000,-1.000000,False,False,4077.349854,1174.949951,844.139954,-0.311000,569.520935,848.450928,-0.180470,-0.681794,0.179407,0.685857,2.410010,0.000000,0.000000
336,False,False,1.000000,-1.000000,False,False,4077.349854,1179.530029,851.279968,-0.311000,549.890991,857.360962,-0.173576,-0.683558,0.172556,0.687636,2.408910,0.000000,0.000000
337,False,False,1.000000,-1.000000,False,False,4077.349854,1183.949951,858.500000,-0.311000,530.130981,865.830933,-0.166670,-0.685252,0.165688,0.689346,2.407810,0.000000,0.000000
338,False,False,1.000000,-1.000000,False,False,4077.349854,1188.199951,865.779968,-0.311000,510.251007,873.860962,-0.159749,-0.686882,0.158810,0.690980,2.406610,0.000000,0.000000
339,False,False,1.000000,-1.000000,False,False,4077.349854,1192.289917,873.130005,-0.311000,490.260986,881.450928,-0.152816,-0.688441,0.151915,0.692545,2.405310,0.000000,0.000000
340,False,False,1.000000,-1.000000,False,False,4077.349854,1196.209961,880.539978,-0.311000,470.181000,888.610962,-0.145873,-0.689930,0.145010,0.694039,2.404010,0.000000,0.000000
341,False,False,1.000000,-1.000000,False,False,4077.349854,1199.959961,888.000000,-0.311000,450.010986,895.330933,-0.138919,-0.691348,0.138094,0.695463,2.402610,0.000000,0.000000
342,False,False,1.000000,-1.000000,False,False,4077.349854,1203.539917,895.510010,-0.311000,429.770996,901.610962,-0.131955,-0.692697,0.131172,0.696816,2.401310,0.000000,0.000000
343,False,False,1.000000,-1.000000,False,False,4077.349854,1206.949951,903.070007,-0.311000,409.441010,907.460938,-0.124979,-0.693976,0.124235,0.698100,2.400510,0.000110,0.000000
344,False,False,1.000000,-1.000000,False,False,4077.349854,1210.189941,910.679993,-0.311000,389.040985,912.870972,-0.117993,-0.695184,0.117286,0.699314,2.400110,0.000110,0.000000
345,False,False,1.000000,-1.000000,False,False,4077.349854,1213.260010,918.329956,-0.311000,368.570984,917.850952,-0.110996,-0.696323,0.110327,0.700459,2.400110,0.000110,0.000000
346,False,False,1.000000,-1.000000,False,False,4077.349854,1216.159912,926.019958,-0.311000,348.061005,922.400940,-0.103982,-0.697391,0.103357,0.701535,2.400410,0.000110,0.000000
347,False,False,1.000000,-1.000000,False,False,4077.349854,1218.890015,933.739990,-0.311000,327.510986,926.520935,-0.096958,-0.698389,0.096376,0.702541,2.401010,0.000110,0.000000
348,False,False,1.000000,-1.000000,False,False,4077.349854,1221.449951,941.489990,-0.311000,306.931000,930.220947,-0.089924,-0.699317,0.089384,0.703477,2.401810,0.000110,0.000000
349,False,False,1.000000,-1.000000,False,False,4077.349854,1223.839966,949.269958,-0.311000,286.330994,933.490967,-0.082878,-0.700174,0.082376,0.704345,2.402810,0.000110,0.000000
350,False,False,1.000000,-1.000000,False,False,4077.349854,1226.049927,957.070007,-0.311000,265.721008,936.340942,-0.075816,-0.700962,0.075357,0.705142,2.404010,0.000110,0.000000
351,False,False,1.000000,-1.000000,False,False,4077.349854,1228.089966,964.889954,-0.311000,245.111008,938.770935,-0.068743,-0.701680,0.068328,0.705869,2.405310,0.000000,0.000000
352,False,False,1.000000,-1.000000,False,False,4077.349854,1229.959961,972.729980,-0.311000,224.511002,940.790955,-0.061660,-0.702327,0.061288,0.706526,2.406710,0.000000,0.000000
353,False,False,1.000000,-1.000000,False,False,4077.349854,1231.659912,980.579956,-0.311000,203.931000,942.400940,-0.054566,-0.702904,0.054237,0.707111,2.408210,0.000000,0.000000
354,False,False,1.000000,-1.000000,True,True,4074.879883,1233.189941,988.459961,-296.001007,183.651001,945.390930,-0.047461,-0.703411,0.047175,0.707626,2.409710,-0.000110,0.000000
355,False,False,1.000000,-1.000000,True,True,4072.379883,1234.559937,996.339966,-300.031006,164.291000,946.180969,-0.040340,-0.703854,0.040097,0.708064,2.414510,-0.000210,0.000000
356,False,False,1.000000,-1.000000,True,True,4069.849854,1235.780029,1004.229980,-304.061005,145.981003,946.540955,-0.033192,-0.704226,0.032992,0.708432,2.422110,-0.000310,0.000000
357,False,False,1.000000,-1.000000,True,True,4067.280029,1236.849976,1012.119995,-308.091003,128.591003,946.530945,-0.026011,-0.704523,0.025855,0.708733,2.432110,-0.000410,0.000000
358,False,False,1.000000,-1.000000,True,True,4064.679932,1237.780029,1020.000000,-312.121002,112.010994,946.180969,-0.018793,-0.704749,0.018680,0.708961,2.444110,-0.000510,0.000000
359,False,False,1.000000,-1.000000,True,True,4062.049805,1238.579956,1027.880005,-316.151001,96.160995,945.530945,-0.011531,-0.704906,0.011461,0.709115,2.457810,-0.000610,0.000000
360,False,False,1.000000,-1.000000,True,True,4059.379883,1239.380005,1035.719971,-320.170990,96.160995,940.180969,-0.004270,-0.704987,0.004243,0.709195,2.457810,-0.000610,0.000000
361,False,False,1.000000,-1.000000,True,True,4056.609863,1240.179932,1043.510010,-332.321014,96.160995,935.390930,0.002878,-0.704997,-0.002862,0.709198,2.418510,-0.000510,-0.000310
362,False,False,1.000000,-1.000000,True,True,4053.739990,1240.979980,1051.260010,-344.471008,96.151001,930.600952,0.009908,-0.704938,-0.009854,0.709131,2.379810,-0.000410,-0.000610
363,False,False,1.000000,-1.000000,True,True,4050.770020,1241.780029,1058.979980,-356.621002,96.130997,925.810974,0.016824,-0.704809,-0.016732,0.709001,2.341710,-0.000310,-0.000910
364,False,False,1.000000,-1.000000,True,True,4047.699951,1242.579956,1066.660034,-368.770996,96.100998,921.020935,0.023627,-0.704614,-0.023503,0.708807,2.304210,-0.000210,-0.001210
365,False,False,1.000000,-1.000000,True,True,4044.530029,1243.380005,1074.299927,-380.920990,96.050995,916.230957,0.030316,-0.704361,-0.030165,0.708553,2.267310,-0.000110,-0.001410
366,False,False,1.000000,-1.000000,True,True,4041.250000,1244.179932,1081.900024,-393.070984,95.990997,911.430969,0.036898,-0.704048,-0.036714,0.708242,2.231010,0.000000,-0.001610
367,False,False,1.000000,-1.000000,True,True,4037.869873,1244.979980,1089.459961,-405.221008,95.920998,906.630981,0.043372,-0.703681,-0.043156,0.707877,2.195310,0.000000,-0.001810
368,False,False,1.000000,-1.000000,True,True,4034.389893,1245.780029,1096.979980,-417.371002,95.840996,901.830933,0.049737,-0.703266,-0.049495,0.707456,2.160210,0.000000,-0.002010
369,False,False,1.000000,-1.000000,True,True,4030.809814,1246.579956,1104.459961,-429.520996,95.750999,897.030945,0.055996,-0.702802,-0.055726,0.706986,2.125610,0.000000,-0.002210
370,False,False,1.000000,-1.000000,True,True,4027.129883,1247.380005,1111.900024,-441.670990,95.651001,892.230957,0.062146,-0.702289,-0.061854,0.706471,2.091610,0.000000,-0.002410
371,False,False,1.000000,-1.000000,True,True,4023.349854,1248.179932,1119.299927,-453.820984,95.541000,887.430969,0.068193,-0.701733,-0.067880,0.705912,2.058110,0.000000,-0.002610
372,False,False,1.000000,-1.000000,True,True,4019.469971,1248.979980,1126.660034,-465.971008,95.420998,882.630981,0.074138,-0.701135,-0.073809,0.705313,2.025210,0.000000,-0.002710
373,False,False,1.000000,-1.000000,True,True,4015.489990,1249.770020,1133.979980,-478.121002,95.291000,877.820984,0.079986,-0.700498,-0.079636,0.704672,1.992810,0.000000,-0.002810
374,False,False,1.000000,-1.000000,True,True,4011.399902,1250.559937,1141.260010,-490.270996,95.151001,873.010986,0.085732,-0.699824,-0.085365,0.703995,1.960910,0.000000,-0.002910
375,False,False,1.000000,-1.000000,True,True,4007.209961,1251.349976,1148.500000,-502.420990,95.000999,868.200928,0.091380,-0.699117,-0.090997,0.703281,1.929510,0.000000,-0.003010
376,False,False,1.000000,-1.000000,True,True,4002.919922,1252.140015,1155.689941,-514.570984,94.840996,863.390930,0.096931,-0.698378,-0.096532,0.702534,1.898610,0.000000,-0.003110
377,False,False,1.000000,-1.000000,True,True,3998.530029,1252.929932,1162.839966,-526.720947,94.670998,858.570984,0.102386,-0.697606,-0.101976,0.701757,1.868210,0.000000,-0.003210
378,False,False,1.000000,-1.000000,True,True,3994.139893,1253.719971,1169.949951,-526.710938,94.510994,853.680969,0.107748,-0.696808,-0.107327,0.700949,1.838310,0.000000,-0.003310
379,False,False,1.000000,-1.000000,True,True,3989.750000,1254.510010,1177.020020,-526.700989,94.340996,848.790955,0.113019,-0.695983,-0.112587,0.700114,1.808910,0.000000,-0.003410
380,False,False,1.000000,-1.000000,True,True,3985.359863,1255.289917,1184.049927,-526.690979,94.160995,843.900940,0.118198,-0.695130,-0.117755,0.699254,1.780010,0.000000,-0.003510
381,False,False,1.000000,-1.000000,True,True,3980.969971,1256.069946,1191.039917,-526.680969,93.971001,839.000977,0.123285,-0.694256,-0.122837,0.698369,1.751510,0.000000,-0.003610
382,False,False,1.000000,-1.000000,True,True,3976.579834,1256.849976,1197.989990,-526.670959,93.780998,834.100952,0.128286,-0.693355,-0.127833,0.697467,1.723510,0.000000,-0.003710
383,False,False,1.000000,-1.000000,True,True,3972.189941,1257.630005,1204.900024,-526.660950,93.580994,829.200928,0.133201,-0.692438,-0.132742,0.696539,1.695910,0.000000,-0.003710
384,False,False,1.000000,-1.000000,True,True,3967.799805,1258.409912,1211.770020,-526.650940,93.370995,824.300964,0.138029,-0.691500,-0.137565,0.695595,1.668810,0.000000,-0.003710
385,False,False,1.000000,-1.000000,True,True,3963.409912,1259.189941,1218.599976,-526.640991,93.151001,819.390930,0.142776,-0.690545,-0.142302,0.694632,1.642110,0.000000,-0.003710
386,False,False,1.000000,-1.000000,True,True,3959.020020,1259.959961,1225.390015,-526.630981,92.931000,814.480957,0.147438,-0.689574,-0.146957,0.693653,1.615810,0.000000,-0.003710
387,False,False,1.000000,-1.000000,True,True,3954.629883,1260.729980,1232.140015,-526.620972,92.700996,809.570984,0.152018,-0.688586,-0.151532,0.692660,1.589910,0.000000,-0.003710
388,False,False,1.000000,-1.000000,True,True,3950.239990,1261.500000,1238.849976,-526.610962,92.460999,804.650940,0.156517,-0.687588,-0.156026,0.691651,1.564510,0.000000,-0.003710
389,False,False,1.000000,-1.000000,True,True,3945.849854,1262.270020,1245.510010,-526.600952,92.221001,799.730957,0.160941,-0.686574,-0.160445,0.690631,1.539510,0.000000,-0.003710
390,False,False,1.000000,-1.000000,True,True,3941.459961,1263.039917,1252.130005,-526.590942,91.971001,794.810974,0.165284,-0.685549,-0.164787,0.689600,1.514910,0.000000,-0.003710
391,False,False,1.000000,-1.000000,True,True,3937.069824,1263.799927,1258.709961,-526.580994,91.710999,789.880981,0.169551,-0.684513,-0.169055,0.688560,1.490710,0.000000,-0.003710
392,False,False,1.000000,-1.000000,True,True,3932.679932,1264.559937,1265.250000,-526.570984,91.450996,784.950989,0.173748,-0.683472,-0.173246,0.687505,1.466810,0.000000,-0.003710
393,False,False,1.000000,-1.000000,True,True,3928.289795,1265.319946,1271.750000,-526.560974,91.181000,780.020935,0.177870,-0.682420,-0.177363,0.686446,1.443310,0.000000,-0.003710
394,False,False,1.000000,-1.000000,True,True,3923.899902,1266.079956,1278.209961,-526.550964,90.910995,775.080933,0.181916,-0.681363,-0.181409,0.685377,1.420210,0.000000,-0.003710
395,False,False,1.000000,-1.000000,True,True,3919.510010,1266.839966,1284.630005,-526.540955,90.630997,770.140930,0.185892,-0.680300,-0.185385,0.684302,1.397510,0.000000,-0.003710
396,False,False,1.000000,-1.000000,True,True,3915.119873,1267.589966,1291.010010,-526.530945,90.340996,765.200989,0.189798,-0.679232,-0.189291,0.683220,1.375110,0.000000,-0.003710
397,False,False,1.000000,-1.000000,True,True,3910.729980,1268.339966,1297.349976,-526.520935,90.050995,760.260986,0.193633,-0.678158,-0.193126,0.682136,1.353110,0.000000,-0.003710
398,False,False,1.000000,-1.000000,True,True,3906.339844,1269.089966,1303.640015,-526.510986,89.750999,755.310974,0.197404,-0.677079,-0.196897,0.681048,1.331410,0.000000,-0.003710
399,False,False,1.000000,-1.000000,True,True,3901.949951,1269.839966,1309.890015,-526.500977,89.450996,750.360962,0.201111,-0.675995,-0.200604,0.679959,1.310110,0.000000,-0.003710
400,False,False,1.000000,-1.000000,True,True,3897.559814,1270.579956,1316.099976,-526.490967,89.140999,745.410950,0.204752,-0.674910,-0.204245,0.678864,1.289110,0.000000,-0.003710
401,False,False,1.000000,-1.000000,True,True,3893.169922,1271.319946,1322.270020,-526.480957,88.830994,740.450989,0.208329,-0.673826,-0.207822,0.677767,1.268510,0.000000,-0.003710
402,False,False,1.000000,-1.000000,True,True,3888.780029,1272.059937,1328.400024,-526.470947,88.510994,735.490967,0.211841,-0.672736,-0.211334,0.676674,1.248210,0.000000,-0.003710
403,False,False,1.000000,-1.000000,True,True,3884.389893,1272.789917,1334.489990,-526.460938,88.190994,730.530945,0.215288,-0.671647,-0.214787,0.675580,1.228210,0.000000,-0.003710
404,False,False,1.000000,-1.000000,True,True,3880.000000,1273.520020,1340.539917,-526.450989,87.861000,725.560974,0.218676,-0.670562,-0.218174,0.674483,1.208510,0.000000,-0.003710
405,False,False,1.000000,-1.000000,True,True,3875.609863,1274.250000,1346.539917,-526.440979,87.530998,720.590942,0.222005,-0.669478,-0.221503,0.673387,1.189110,0.000000,-0.003710
406,False,False,1.000000,-1.000000,True,True,3871.219971,1274.979980,1352.500000,-526.430969,87.200996,715.620972,0.225274,-0.668393,-0.224772,0.672294,1.170110,0.000000,-0.003710
407,False,False,1.000000,-1.000000,True,True,3866.829834,1275.699951,1358.419922,-526.420959,86.861000,710.640930,0.228484,-0.667309,-0.227988,0.671204,1.151410,0.000000,-0.003710
408,False,False,1.000000,-1.000000,True,True,3862.439941,1276.419922,1364.299927,-526.410950,86.520996,705.660950,0.231640,-0.666230,-0.231144,0.670114,1.133010,0.000000,-0.003710
409,False,False,1.000000,-1.000000,True,True,3858.049805,1277.140015,1370.140015,-526.400940,86.170998,700.680969,0.234742,-0.665151,-0.234246,0.669028,1.114910,0.000000,-0.003710
410,False,False,1.000000,-1.000000,True,True,3853.659912,1277.859985,1375.939941,-526.390991,85.820999,695.690979,0.237790,-0.664078,-0.237294,0.667943,1.097010,0.000000,-0.003710
411,False,False,1.000000,-1.000000,True,True,3849.270020,1278.569946,1381.699951,-526.380981,85.460999,690.700989,0.240784,-0.663009,-0.240288,0.666861,1.079410,0.000000,-0.003710
412,False,False,1.000000,-1.000000,True,True,3844.879883,1279.280029,1387.409912,-526.370972,85.100998,685.710938,0.243724,-0.661941,-0.243228,0.665787,1.062110,0.000000,-0.003610
413,False,False,1.000000,-1.000000,True,True,3840.489990,1279.989990,1393.079956,-526.360962,84.740997,680.710938,0.246611,-0.660879,-0.246120,0.664716,1.045110,0.000000,-0.003610
414,False,False,1.000000,-1.000000,True,True,3836.099854,1280.689941,1398.709961,-526.350952,84.370995,675.710938,0.249448,-0.659821,-0.248957,0.663650,1.028410,0.000000,-0.003510
415,False,False,1.000000,-1.000000,True,True,3831.709961,1281.390015,1404.299927,-526.340942,84.000999,670.710938,0.252232,-0.658769,-0.251746,0.662590,1.011910,0.000000,-0.003410
416,False,False,1.000000,-1.000000,True,True,3827.319824,1282.089966,1409.849976,-526.330994,83.630997,665.700989,0.254967,-0.657723,-0.254487,0.661535,0.995710,0.000000,-0.003410
417,False,False,1.000000,-1.000000,True,True,3822.929932,1282.780029,1415.359985,-526.320984,83.250999,660.690979,0.257654,-0.656681,-0.257179,0.660487,0.979710,0.000000,-0.003310
418,False,False,1.000000,-1.000000,True,True,3818.539795,1283.469971,1420.819946,-526.310974,82.870995,655.680969,0.260297,-0.655646,-0.259822,0.659444,0.964010,0.000000,-0.003210
419,False,False,1.000000,-1.000000,True,True,3814.149902,1284.159912,1426.239990,-526.300964,82.490997,650.660950,0.262892,-0.654615,-0.262423,0.658408,0.948610,0.000000,-0.003210
420,False,False,1.000000,-1.000000,True,True,3809.760010,1284.839966,1431.619995,-526.290955,82.100998,645.640991,0.265444,-0.653596,-0.264975,0.657374,0.933410,0.000000,-0.003110
421,False,False,1.000000,-1.000000,True,True,3805.369873,1285.520020,1436.959961,-526.280945,81.710999,640.620972,0.267947,-0.652581,-0.267483,0.656349,0.918410,0.000000,-0.003110
422,False,False,1.000000,-1.000000,True,True,3800.979980,1286.199951,1442.260010,-526.270935,81.320999,635.600952,0.270407,-0.651572,-0.269949,0.655333,0.903710,0.000000,-0.003010
423,False,False,1.000000,-1.000000,True,True,3796.589844,1286.869995,1447.510010,-526.260986,80.920998,630.570984,0.272824,-0.650569,-0.272371,0.654325,0.889210,0.000000,-0.003010
424,False,False,1.000000,-1.000000,True,True,3792.199951,1287.539917,1452.719971,-526.250977,80.520996,625.540955,0.275198,-0.649576,-0.274750,0.653322,0.875010,0.000000,-0.002910
425,False,False,1.000000,-1.000000,True,True,3787.809814,1288.209961,1457.890015,-526.240967,80.120995,620.510986,0.277534,-0.648589,-0.277086,0.652327,0.861010,0.000000,-0.002910
426,False,False,1.000000,-1.000000,True,True,3783.419922,1288.869995,1463.020020,-526.230957,79.721001,615.470947,0.279826,-0.647613,-0.279384,0.651337,0.847210,0.000000,-0.002810
427,False,False,1.000000,-1.000000,True,True,3779.030029,1289.530029,1468.109985,-526.220947,79.310997,610.430969,0.282081,-0.646642,-0.281639,0.650357,0.833610,0.000000,-0.002710
428,False,False,1.000000,-1.000000,True,True,3774.639893,1290.189941,1473.150024,-526.210938,78.901001,605.390991,0.284293,-0.645676,-0.283856,0.649388,0.820210,0.000000,-0.002710
429,False,False,1.000000,-1.000000,True,True,3770.260010,1290.839966,1478.150024,-526.200989,78.490997,600.350952,0.286467,-0.644721,-0.286036,0.648425,0.807110,0.000000,-0.002610
430,False,False,1.000000,-1.000000,True,True,3765.869873,1291.489990,1483.109985,-526.190979,78.070999,595.300964,0.288604,-0.643772,-0.288172,0.647474,0.794210,0.000000,-0.002610
431,False,False,1.000000,-1.000000,True,True,3761.489990,1292.140015,1488.029907,-526.180969,77.651001,590.250977,0.290702,-0.642833,-0.290276,0.646527,0.781510,0.000000,-0.002610
432,False,False,1.000000,-1.000000,True,True,3757.109863,1292.780029,1492.909912,-526.170959,77.230995,585.200989,0.292763,-0.641905,-0.292342,0.645588,0.769010,0.000000,-0.002510
433,False,False,1.000000,-1.000000,True,True,3752.729980,1293.419922,1497.739990,-526.160950,76.810997,580.140991,0.294792,-0.640982,-0.294371,0.644659,0.756710,0.000000,-0.002510
434,False,False,1.000000,-1.000000,True,True,3748.349854,1294.059937,1502.529907,-526.150940,76.390999,575.080994,0.296782,-0.640071,-0.296367,0.643736,0.744610,0.000000,-0.002410
435,False,False,1.000000,-1.000000,True,True,3743.969971,1294.689941,1507.279907,-526.140991,75.960999,570.020935,0.298741,-0.639164,-0.298325,0.642826,0.732710,0.000000,-0.002410
436,False,False,1.000000,-1.000000,True,True,3739.589844,1295.319946,1511.989990,-526.130981,75.530998,564.960938,0.300667,-0.638269,-0.300251,0.641920,0.721010,0.000000,-0.002310
437,False,False,1.000000,-1.000000,True,True,3735.209961,1295.949951,1516.659912,-526.120972,75.100998,559.890991,0.302555,-0.637379,-0.302145,0.641028,0.709410,0.000000,-0.002310
438,False,False,1.000000,-1.000000,True,True,3730.829834,1296.569946,1521.279907,-526.110962,74.670998,554.820984,0.304411,-0.636499,-0.304006,0.640143,0.698010,0.000000,-0.002310
439,False,False,1.000000,-1.000000,True,True,3726.449951,1297.189941,1525.859985,-526.100952,74.230995,549.750977,0.306234,-0.635631,-0.305835,0.639264,0.686810,0.000000,-0.002210
440,False,False,1.000000,-1.000000,True,True,3722.069824,1297.799927,1530.400024,-526.090942,73.791000,544.680969,0.308025,-0.634768,-0.307631,0.638399,0.675810,0.000000,-0.002210
441,False,False,1.000000,-1.000000,True,True,3717.689941,1298.409912,1534.900024,-526.080994,73.350998,539.600952,0.309789,-0.633915,-0.309395,0.637539,0.665010,0.000000,-0.002110
442,False,False,1.000000,-1.000000,True,True,3713.309814,1299.020020,1539.349976,-526.070984,72.910995,534.520935,0.311521,-0.633074,-0.311127,0.636688,0.654310,0.000000,-0.002110
443,False,False,1.000000,-1.000000,True,True,3708.929932,1299.619995,1543.760010,-526.060974,72.471001,529.440979,0.313220,-0.632237,-0.312832,0.635850,0.643810,0.000000,-0.002110
444,False,False,1.000000,-1.000000,True,True,3704.549805,1300.219971,1548.130005,-526.050964,72.020996,524.360962,0.314893,-0.631412,-0.314504,0.635018,0.633510,0.000000,-0.002010
445,False,False,1.000000,-1.000000,True,True,3700.169922,1300.819946,1552.459961,-526.040955,71.570999,519.270935,0.316538,-0.630597,-0.316150,0.634192,0.623310,0.000000,-0.002010
446,False,False,1.000000,-1.000000,True,True,3695.790039,1301.409912,1556.739990,-526.030945,71.120995,514.180969,0.318151,-0.629788,-0.317768,0.633380,0.613310,0.000000,-0.002010
447,False,False,1.000000,-1.000000,True,True,3691.409912,1302.000000,1560.979980,-526.020935,70.670998,509.091003,0.319737,-0.628990,-0.319354,0.632576,0.603510,0.000000,-0.001910
448,False,False,1.000000,-1.000000,True,True,3687.030029,1302.589966,1565.179932,-526.010986,70.221001,504.001007,0.321296,-0.628202,-0.320913,0.631779,0.593810,0.000000,-0.001910
449,False,False,1.000000,-1.000000,True,True,3682.649902,1303.169922,1569.339966,-526.000977,69.770996,498.911011,0.322829,-0.627420,-0.322445,0.630995,0.584310,0.000000,-0.001910
450,False,False,1.000000,-1.000000,True,True,3678.270020,1303.750000,1573.459961,-525.990967,69.310997,493.811005,0.324334,-0.626648,-0.323951,0.630218,0.574910,0.000000,-0.001810
451,False,False,1.000000,-1.000000,True,True,3673.889893,1304.319946,1577.529907,-525.980957,68.850998,488.710999,0.325812,-0.625888,-0.325434,0.629447,0.565710,0.000000,-0.001810
452,False,False,1.000000,-1.000000,True,True,3669.510010,1304.890015,1581.559937,-525.970947,68.390999,483.610992,0.327268,-0.625132,-0.326891,0.628687,0.556610,0.000000,-0.001810
