frame,input.bActivateBoost,input.bHoldingBoost,input.Throttle,input.Steer,car.Location.X,car.Location.Y,car.Location.Z,car.LinearVelocity.X,car.LinearVelocity.Y,car.LinearVelocity.Z,car.Quaternion.X,car.Quaternion.Y,car.Quaternion.Z,car.Quaternion.W,car.AngularVelocity.X,car.AngularVelocity.Y,car.AngularVelocity.Z
0,False,False,0.000000,0.000000,3500.179932,0.000000,17.000000,0.000000,0.000000,0.321000,0.000003,0.004799,0.000003,0.999988,0.000000,-0.000310,0.000000
1,False,False,0.000000,0.000000,3500.179932,0.000000,17.000000,0.000000,0.000000,0.321000,0.000003,0.004799,0.000003,0.999988,0.000000,-0.000310,0.000000
2,False,False,0.000000,0.000000,3500.179932,0.000000,17.000000,0.000000,0.000000,0.321000,0.000003,0.004799,0.000003,0.999988,0.000000,-0.000310,0.000000
3,False,False,0.000000,0.000000,3500.179932,0.000000,17.000000,0.000000,0.000000,0.321000,0.000003,0.004799,0.000003,0.999988,0.000000,-0.000310,0.000000
4,False,False,1.000000,0.000000,3500.290039,0.000000,17.000000,13.331000,0.000000,0.321000,0.000003,0.004793,0.000003,0.999988,0.000000,-0.001010,0.000000
5,False,False,1.000000,0.000000,3500.510010,0.000000,17.000000,26.550999,0.000000,0.321000,0.000003,0.004788,0.000003,0.999988,0.000000,-0.001410,0.000000
6,False,False,1.000000,0.000000,3500.839844,0.000000,17.000000,39.650997,0.000000,0.321000,0.000003,0.004782,0.000003,0.999989,0.000000,-0.001610,0.000000
7,False,False,1.000000,0.000000,3501.280029,0.000000,17.000000,52.640999,0.000000,0.321000,0.000003,0.004777,0.000003,0.999989,0.000000,-0.001610,0.000000
8,False,False,1.000000,0.000000,3501.829834,0.000000,17.000000,65.520996,0.000000,0.321000,0.000003,0.004772,0.000003,0.999989,0.000000,-0.001610,0.000000
9,False,False,1.000000,0.000000,3502.479980,0.000000,17.000000,78.291000,0.000000,0.321000,0.000003,0.004766,0.000003,0.999989,0.000000,-0.001510,0.000000
10,False,False,1.000000,0.000000,3503.239990,0.000000,17.000000,90.950996,0.000000,0.321000,0.000003,0.004761,0.000003,0.999989,0.000000,-0.001410,0.000000
11,False,False,1.000000,0.000000,3504.099854,0.000000,17.000000,103.500999,0.000000,0.321000,0.000003,0.004756,0.000003,0.999989,0.000000,-0.001310,0.000000
12,False,False,1.000000,0.000000,3505.069824,0.000000,17.000000,115.940994,0.000000,0.321000,0.000003,0.004750,0.000003,0.999989,0.000000,-0.001210,0.000000
13,False,False,1.000000,0.000000,3506.139893,0.000000,17.000000,128.281006,0.000000,0.321000,0.000003,0.004745,0.000003,0.999989,0.000000,-0.001110,0.000000
14,False,False,1.000000,0.000000,3507.309814,0.000000,17.000000,140.511002,0.000000,0.321000,0.000003,0.004739,0.000003,0.999989,0.000000,-0.000910,0.000000
15,False,False,1.000000,0.000000,3508.579834,0.000000,17.000000,152.641006,0.000000,0.321000,0.000003,0.004734,0.000003,0.999989,0.000000,-0.000810,0.000000
16,False,False,1.000000,0.000000,3509.949951,0.000000,17.000000,164.661011,0.000000,0.321000,0.000003,0.004729,0.000003,0.999989,0.000000,-0.000610,0.000000
17,False,False,1.000000,0.000000,3511.419922,0.000000,17.000000,176.581009,0.000000,0.321000,0.000003,0.004729,0.000003,0.999989,0.000000,-0.000510,0.000000
18,False,False,1.000000,0.000000,3512.989990,0.000000,17.000000,188.401001,0.000000,0.321000,0.000003,0.004729,0.000003,0.999989,0.000000,-0.000410,0.000000
19,False,False,1.000000,0.000000,3514.659912,0.000000,17.000000,200.111008,0.000000,0.321000,0.000003,0.004729,0.000003,0.999989,0.000000,-0.000310,0.000000
20,False,False,1.000000,0.000000,3516.419922,0.000000,17.000000,211.721008,0.000000,0.321000,0.000003,0.004729,0.000003,0.999989,0.000000,-0.000310,0.000000
21,False,False,1.000000,0.000000,3518.280029,0.000000,17.000000,223.231003,0.000000,0.321000,0.000003,0.004729,0.000003,0.999989,0.000000,-0.000310,0.000000
22,False,False,1.000000,0.000000,3520.239990,0.000000,17.000000,234.651001,0.000000,0.321000,0.000003,0.004729,0.000003,0.999989,0.000000,-0.000210,0.000000
23,False,False,1.000000,0.000000,3522.290039,0.000000,17.000000,245.971008,0.000000,0.321000,0.000003,0.004729,0.000003,0.999989,0.000000,-0.000210,0.000000
24,False,False,1.000000,0.000000,3524.429932,0.000000,17.000000,257.191010,0.000000,0.321000,0.000003,0.004729,0.000003,0.999989,0.000000,-0.000210,0.000000
25,False,False,1.000000,0.000000,3526.669922,0.000000,17.000000,268.321014,0.000000,0.321000,0.000003,0.004729,0.000003,0.999989,0.000000,-0.000210,0.000000
26,False,False,1.000000,0.000000,3529.000000,0.000000,17.000000,279.351013,0.000000,0.321000,0.000003,0.004729,0.000003,0.999989,0.000000,-0.000210,0.000000
27,False,False,1.000000,0.000000,3531.419922,0.000000,17.000000,290.291016,0.000000,0.321000,0.000003,0.004729,0.000003,0.999989,0.000000,-0.000210,0.000000
28,False,False,1.000000,0.000000,3533.929932,0.000000,17.000000,301.131012,0.000000,0.321000,0.000003,0.004729,0.000003,0.999989,0.000000,-0.000210,0.000000
29,False,False,1.000000,0.000000,3536.530029,0.000000,17.000000,311.881012,0.000000,0.321000,0.000003,0.004729,0.000003,0.999989,0.000000,-0.000110,0.000000
30,False,False,1.000000,0.000000,3539.219971,0.000000,17.000000,322.540985,0.000000,0.321000,0.000003,0.004729,0.000003,0.999989,0.000000,-0.000110,0.000000
31,False,False,1.000000,0.000000,3542.000000,0.000000,17.000000,333.101013,0.000000,0.321000,0.000003,0.004729,0.000003,0.999989,0.000000,-0.000110,0.000000
32,False,False,1.000000,0.000000,3544.859863,0.000000,17.000000,343.571014,0.000000,0.321000,0.000003,0.004729,0.000003,0.999989,0.000000,-0.000110,0.000000
33,False,False,1.000000,0.000000,3547.809814,0.000000,17.000000,353.950989,0.000000,0.321000,0.000003,0.004729,0.000003,0.999989,0.000000,-0.000110,0.000000
34,False,False,1.000000,0.000000,3550.849854,0.000000,17.000000,364.251007,0.000000,0.321000,0.000003,0.004729,0.000003,0.999989,0.000000,-0.000110,0.000000
35,False,False,1.000000,0.000000,3553.969971,0.000000,17.000000,374.460999,0.000000,0.321000,0.000003,0.004729,0.000003,0.999989,0.000000,-0.000110,0.000000
36,False,False,1.000000,0.000000,3557.169922,0.000000,17.000000,384.580994,0.000000,0.321000,0.000003,0.004729,0.000003,0.999989,0.000000,-0.000110,0.000000
37,False,False,1.000000,0.000000,3560.459961,0.000000,17.000000,394.610992,0.000000,0.321000,0.000003,0.004729,0.000003,0.999989,0.000000,0.000000,0.000000
38,False,False,1.000000,0.000000,3563.829834,0.000000,17.000000,404.561005,0.000000,0.321000,0.000003,0.004729,0.000003,0.999989,0.000000,0.000000,0.000000
39,False,False,1.000000,0.000000,3567.280029,0.000000,17.000000,414.420990,0.000000,0.321000,0.000003,0.004729,0.000003,0.999989,0.000000,0.000000,0.000000
40,False,False,1.000000,0.000000,3570.819824,0.000000,17.000000,424.200989,0.000000,0.321000,0.000003,0.004729,0.000003,0.999989,0.000000,0.000000,0.000000
41,False,False,1.000000,0.000000,3574.439941,0.000000,17.000000,433.890991,0.000000,0.321000,0.000003,0.004729,0.000003,0.999989,0.000000,0.000000,0.000000
42,False,False,1.000000,0.000000,3578.139893,0.000000,17.000000,443.501007,0.000000,0.321000,0.000003,0.004729,0.000003,0.999989,0.000000,0.000000,0.000000
43,False,False,1.000000,0.000000,3581.919922,0.000000,17.000000,453.031006,0.000000,0.321000,0.000003,0.004729,0.000003,0.999989,0.000000,0.000000,0.000000
44,False,False,1.000000,0.000000,3585.770020,0.000000,17.000000,462.480988,0.000000,0.321000,0.000003,0.004729,0.000003,0.999989,0.000000,0.000000,0.000000
45,False,False,1.000000,0.000000,3589.699951,0.000000,17.000000,471.850983,0.000000,0.321000,0.000003,0.004729,0.000003,0.999989,0.000000,0.000000,0.000000
46,False,False,1.000000,0.000000,3593.709961,0.000000,17.000000,481.140991,0.000000,0.321000,0.000003,0.004729,0.000003,0.999989,0.000000,0.000000,0.000000
47,False,False,1.000000,0.000000,3597.799805,0.000000,17.000000,490.350983,0.000000,0.321000,0.000003,0.004729,0.000003,0.999989,0.000000,0.000000,0.000000
48,False,False,1.000000,0.000000,3601.959961,0.000000,17.000000,499.480988,0.000000,0.321000,0.000003,0.004729,0.000003,0.999989,0.000000,0.000000,0.000000
49,False,False,1.000000,0.000000,3606.199951,0.000000,17.000000,508.531006,0.000000,0.321000,0.000003,0.004729,0.000003,0.999989,0.000000,0.000000,0.000000
50,False,False,1.000000,0.000000,3610.510010,0.000000,17.000000,517.500977,0.000000,0.321000,0.000003,0.004729,0.000003,0.999989,0.000000,0.000000,0.000000
51,False,False,1.000000,0.000000,3614.899902,0.000000,17.000000,526.390991,0.000000,0.321000,0.000003,0.004729,0.000003,0.999989,0.000000,0.000000,0.000000
52,False,False,1.000000,0.000000,3619.359863,0.000000,17.000000,535.210938,0.000000,0.321000,0.000003,0.004729,0.000003,0.999989,0.000000,0.000000,0.000000
53,False,False,1.000000,0.000000,3623.889893,0.000000,17.000000,543.950989,0.000000,0.321000,0.000003,0.004729,0.000003,0.999989,0.000000,0.000000,0.000000
54,False,False,1.000000,0.000000,3628.500000,0.000000,17.000000,552.620972,0.000000,0.321000,0.000003,0.004729,0.000003,0.999989,0.000000,0.000000,0.000000
55,False,False,1.000000,0.000000,3633.179932,0.000000,17.000000,561.210938,0.000000,0.321000,0.000003,0.004729,0.000003,0.999989,0.000000,0.000000,0.000000
56,False,False,1.000000,0.000000,3637.929932,0.000000,17.000000,569.730957,0.000000,0.321000,0.000003,0.004729,0.000003,0.999989,0.000000,0.000000,0.000000
57,False,False,1.000000,0.000000,3642.750000,0.000000,17.000000,578.180969,0.000000,0.321000,0.000003,0.004729,0.000003,0.999989,0.000000,0.000000,0.000000
58,False,False,1.000000,0.000000,3647.639893,0.000000,17.000000,586.550964,0.000000,0.321000,0.000003,0.004729,0.000003,0.999989,0.000000,0.000000,0.000000
59,False,False,1.000000,0.000000,3652.599854,0.000000,17.000000,594.850952,0.000000,0.321000,0.000003,0.004729,0.000003,0.999989,0.000000,0.000000,0.000000
60,False,False,1.000000,0.000000,3657.629883,0.000000,17.000000,603.080933,0.000000,0.321000,0.000003,0.004729,0.000003,0.999989,0.000000,0.000000,0.000000
61,False,False,1.000000,0.000000,3662.719971,0.000000,17.000000,611.240967,0.000000,0.321000,0.000003,0.004729,0.000003,0.999989,0.000000,0.000000,0.000000
62,False,False,1.000000,0.000000,3667.879883,0.000000,17.000000,619.330933,0.000000,0.321000,0.000003,0.004729,0.000003,0.999989,0.000000,0.000000,0.000000
63,False,False,1.000000,0.000000,3673.109863,0.000000,17.000000,627.350952,0.000000,0.321000,0.000003,0.004729,0.000003,0.999989,0.000000,0.000000,0.000000
64,False,False,1.000000,0.000000,3678.399902,0.000000,17.000000,635.300964,0.000000,0.321000,0.000003,0.004729,0.000003,0.999989,0.000000,0.000000,0.000000
65,False,False,1.000000,0.000000,3683.760010,0.000000,17.000000,643.180969,0.000000,0.321000,0.000003,0.004729,0.000003,0.999989,0.000000,0.000000,0.000000
66,False,False,1.000000,0.000000,3689.189941,0.000000,17.000000,651.000977,0.000000,0.321000,0.000003,0.004729,0.000003,0.999989,0.000000,0.000000,0.000000
67,False,False,1.000000,0.000000,3694.679932,0.000000,17.000000,658.750977,0.000000,0.321000,0.000003,0.004729,0.000003,0.999989,0.000000,0.000000,0.000000
68,False,False,1.000000,0.000000,3700.229980,0.000000,17.000000,666.430969,0.000000,0.321000,0.000003,0.004729,0.000003,0.999989,0.000000,0.000000,0.000000
69,False,False,1.000000,0.000000,3705.849854,0.000000,17.000000,674.050964,0.000000,0.321000,0.000003,0.004729,0.000003,0.999989,0.000000,0.000110,0.000000
70,False,False,1.000000,0.000000,3711.530029,0.000000,17.000000,681.600952,0.000000,0.321000,0.000003,0.004729,0.000003,0.999989,0.000000,0.000110,0.000000
71,False,False,1.000000,0.000000,3717.270020,0.000000,17.000000,689.090942,0.000000,0.321000,0.000003,0.004729,0.000003,0.999989,0.000000,0.000110,0.000000
72,False,False,1.000000,0.000000,3723.069824,0.000000,17.000000,696.510986,0.000000,0.321000,0.000003,0.004729,0.000003,0.999989,0.000000,0.000110,0.000000
73,False,False,1.000000,0.000000,3728.939941,0.000000,17.000000,703.870972,0.000000,0.321000,0.000003,0.004729,0.000003,0.999989,0.000000,0.000110,0.000000
74,False,False,1.000000,0.000000,3734.869873,0.000000,17.000000,711.170959,0.000000,0.321000,0.000003,0.004729,0.000003,0.999989,0.000000,0.000110,0.000000
75,False,False,1.000000,0.000000,3740.859863,0.000000,17.000000,718.400940,0.000000,0.321000,0.000003,0.004729,0.000003,0.999989,0.000000,0.000110,0.000000
76,False,False,1.000000,0.000000,3746.909912,0.000000,17.000000,725.570984,0.000000,0.321000,0.000003,0.004729,0.000003,0.999989,0.000000,0.000110,0.000000
77,False,False,1.000000,0.000000,3753.020020,0.000000,17.000000,732.680969,0.000000,0.321000,0.000003,0.004729,0.000003,0.999989,0.000000,0.000110,0.000000
78,False,False,1.000000,0.000000,3759.179932,0.000000,17.000000,739.730957,0.000000,0.321000,0.000003,0.004729,0.000003,0.999989,0.000000,0.000210,0.000000
79,False,False,1.000000,0.000000,3765.399902,0.000000,17.000000,746.720947,0.000000,0.321000,0.000003,0.004729,0.000003,0.999989,0.000000,0.000210,0.000000
80,False,False,1.000000,0.000000,3771.679932,0.000000,17.000000,753.650940,0.000000,0.321000,0.000003,0.004729,0.000003,0.999989,0.000000,0.000210,0.000000
81,False,False,1.000000,0.000000,3778.020020,0.000000,17.000000,760.520935,0.000000,0.321000,0.000003,0.004729,0.000003,0.999989,0.000000,0.000210,0.000000
82,False,False,1.000000,0.000000,3784.409912,0.000000,17.000000,767.330933,0.000000,0.321000,0.000003,0.004729,0.000003,0.999989,0.000000,0.000210,0.000000
83,False,False,1.000000,0.000000,3790.859863,0.000000,17.000000,774.080933,0.000000,0.321000,0.000003,0.004729,0.000003,0.999989,0.000000,0.000210,0.000000
84,False,False,1.000000,0.000000,3797.359863,0.000000,17.059999,779.740967,0.000000,7.471000,0.000003,0.003768,0.000003,0.999993,0.000000,-0.230410,0.000000
85,False,False,1.000000,0.000000,3803.899902,0.000000,17.250000,784.680969,0.000000,22.750999,0.000003,0.000763,0.000003,1.000000,0.000000,-0.721110,0.000000
86,False,False,1.000000,0.000000,3810.489990,0.000000,17.500000,790.400940,0.000000,30.091000,0.000003,-0.003159,0.000003,0.999995,0.000000,-0.940910,0.000000
87,False,False,1.000000,0.000000,3817.129883,0.000000,17.779999,796.460938,0.000000,33.591000,0.000003,-0.007464,0.000003,0.999972,0.000000,-1.033010,0.000000
88,False,False,1.000000,0.000000,3823.819824,0.000000,18.070000,802.670959,0.000000,35.080997,0.000003,-0.011887,0.000003,0.999929,0.000000,-1.061810,0.000000
89,False,False,1.000000,0.000000,3830.559814,0.000000,18.369999,808.870972,0.000000,36.080997,0.000003,-0.016381,0.000003,0.999866,0.000000,-1.078510,0.000000
90,False,False,1.000000,0.000000,3837.349854,0.000000,18.680000,815.040955,0.000000,36.701000,0.000003,-0.020913,0.000003,0.999781,0.000000,-1.087310,0.000000
91,False,False,1.000000,0.000000,3844.189941,0.000000,18.990000,821.180969,0.000000,36.970997,0.000003,-0.025461,0.000003,0.999676,0.000000,-1.092010,0.000000
92,False,False,1.000000,0.000000,3850.969971,0.000000,19.639999,814.000977,0.000000,77.960999,0.000003,-0.035436,0.000003,0.999372,0.000000,-2.394810,0.000000
93,False,False,1.000000,0.000000,3857.750000,0.000000,20.449999,813.910950,0.000000,97.350998,0.000003,-0.047957,0.000003,0.998849,0.000000,-3.008110,0.000000
94,False,False,1.000000,0.000000,3864.559814,0.000000,21.330000,817.180969,0.000000,105.750999,0.000003,-0.061601,0.000003,0.998101,0.000000,-3.278810,0.000000
95,False,False,1.000000,0.000000,3871.409912,0.000000,22.230000,822.290955,0.000000,107.800995,0.000003,-0.075573,0.000003,0.997140,0.000000,-3.361510,0.000000
96,False,False,1.000000,0.000000,3878.289795,0.000000,23.230000,826.170959,0.000000,119.970993,0.000003,-0.088613,0.000003,0.996066,0.000000,-3.139610,0.000000
97,False,False,1.000000,0.000000,3885.199951,0.000000,24.410000,829.270935,0.000000,141.880997,0.000003,-0.099742,0.000003,0.995013,0.000000,-2.683010,0.000000
98,False,False,1.000000,0.000000,3892.139893,0.000000,25.689999,833.350952,0.000000,153.761002,0.000003,-0.109857,0.000003,0.993947,0.000000,-2.440610,0.000000
99,False,False,1.000000,0.000000,3898.939941,0.000000,27.359999,815.780945,0.000000,199.850998,0.000003,-0.125108,0.000003,0.992143,0.000000,-3.685710,0.000000
100,False,False,1.000000,0.000000,3905.699951,0.000000,29.199999,810.840942,0.000000,220.660995,0.000003,-0.142712,0.000003,0.989764,0.000000,-4.263210,0.000000
101,False,False,1.000000,0.000000,3912.469971,0.000000,31.099998,812.200989,0.000000,228.311005,0.000003,-0.161227,0.000003,0.986917,0.000000,-4.495410,0.000000
102,False,False,1.000000,0.000000,3919.270020,0.000000,33.009998,816.540955,0.000000,229.531006,0.000003,-0.179958,0.000003,0.983674,0.000000,-4.562910,0.000000
103,False,False,1.000000,0.000000,3925.969971,0.000000,35.369999,804.050964,0.000000,282.950989,0.000003,-0.193698,0.000003,0.981061,0.000000,-3.357310,0.000000
104,False,False,1.000000,0.000000,3932.629883,0.000000,37.969997,799.290955,0.000000,312.290985,0.000003,-0.204790,0.000003,0.978806,0.000000,-2.717110,0.000000
105,False,False,1.000000,0.000000,3939.049805,0.000000,40.980000,770.640930,0.000000,361.371002,0.000003,-0.219804,0.000003,0.975544,0.000000,-3.687110,0.000000
106,False,False,1.000000,0.000000,3945.379883,0.000000,44.189999,759.880981,0.000000,384.601013,0.000003,-0.236538,0.000003,0.971622,0.000000,-4.125510,0.000000
107,False,False,1.000000,0.000000,3951.699951,0.000000,47.459999,758.630981,0.000000,392.721008,0.000003,-0.254001,0.000003,0.967204,0.000000,-4.323810,0.000000
108,False,False,1.000000,0.000000,3958.049805,0.000000,50.750000,761.510986,0.000000,394.890991,0.000003,-0.271594,0.000003,0.962412,0.000000,-4.375910,0.000000
109,False,False,1.000000,0.000000,3964.429932,0.000000,54.039997,765.510986,0.000000,394.980988,0.000003,-0.289251,0.000003,0.957253,0.000000,-4.414410,0.000000
110,False,False,1.000000,0.000000,3970.609863,0.000000,57.759998,741.020935,0.000000,446.381012,0.000003,-0.301735,0.000003,0.953392,0.000000,-3.135910,0.000000
111,False,False,1.000000,0.000000,3976.419922,0.000000,61.930000,697.300964,0.000000,500.420990,0.000003,-0.316436,0.000003,0.948614,0.000000,-3.709310,0.000000
112,False,False,1.000000,0.000000,3982.069824,0.000000,66.320000,678.310974,0.000000,527.200989,0.000003,-0.332021,0.000003,0.943272,0.000000,-3.954210,0.000000
113,False,False,1.000000,0.000000,3987.669922,0.000000,70.799995,672.600952,0.000000,538.090942,0.000003,-0.348022,0.000003,0.937486,0.000000,-4.083910,0.000000
114,False,False,1.000000,0.000000,3993.280029,0.000000,75.309998,673.760986,0.000000,541.010986,0.000003,-0.364083,0.000003,0.931367,0.000000,-4.125210,0.000000
115,False,False,1.000000,0.000000,3998.919922,0.000000,79.830002,676.540955,0.000000,541.840942,0.000003,-0.380175,0.000003,0.924914,0.000000,-4.161810,0.000000
116,False,False,1.000000,0.000000,4004.280029,0.000000,84.699997,643.720947,0.000000,584.830994,0.000003,-0.391548,0.000003,0.920158,0.000000,-2.958010,0.000000
117,False,False,1.000000,0.000000,4009.510010,0.000000,89.769997,627.500977,0.000000,608.170959,0.000003,-0.400471,0.000003,0.916310,0.000000,-2.332010,0.000000
118,False,False,1.000000,0.000000,4014.349854,0.000000,95.110001,580.940979,0.000000,641.330933,0.000003,-0.413332,0.000003,0.910580,0.000000,-3.378710,0.000000
119,False,False,1.000000,0.000000,4019.039795,0.000000,100.579994,562.270935,0.000000,655.840942,0.000003,-0.428044,0.000003,0.903758,0.000000,-3.892510,0.000000
120,False,False,1.000000,0.000000,4023.679932,0.000000,106.089996,557.000977,0.000000,661.300964,0.000003,-0.443494,0.000003,0.896277,0.000000,-4.120510,0.000000
121,False,False,1.000000,0.000000,4028.329834,0.000000,111.610001,558.060974,0.000000,662.710938,0.000003,-0.459058,0.000003,0.888406,0.000000,-4.186010,0.000000
122,False,False,1.000000,0.000000,4032.649902,0.000000,117.419998,518.800964,0.000000,696.660950,0.000003,-0.470323,0.000003,0.882494,0.000000,-3.052710,0.000000
123,False,False,1.000000,0.000000,4036.809814,0.000000,123.379997,498.941010,0.000000,715.160950,0.000003,-0.479354,0.000003,0.877622,0.000000,-2.462210,0.000000
124,False,False,1.000000,0.000000,4040.539795,0.000000,129.529999,447.070984,0.000000,737.690979,0.000003,-0.492096,0.000003,0.870541,0.000000,-3.498810,0.000000
125,False,False,1.000000,0.000000,4044.089844,0.000000,135.759995,425.631012,0.000000,747.880981,0.000003,-0.506533,0.000003,0.862221,0.000000,-3.999310,0.000000
126,False,False,1.000000,0.000000,4047.579834,0.000000,142.020004,419.121002,0.000000,751.770935,0.000003,-0.521617,0.000003,0.853180,0.000000,-4.220410,0.000000
127,False,False,1.000000,0.000000,4051.079834,0.000000,148.289993,419.540985,0.000000,752.960938,0.000003,-0.536749,0.000003,0.843742,0.000000,-4.280710,0.000000
128,False,False,1.000000,0.000000,4054.599854,0.000000,154.569992,421.990997,0.000000,753.090942,0.000003,-0.551866,0.000003,0.833933,0.000000,-4.324710,0.000000
129,False,False,1.000000,0.000000,4057.709961,0.000000,161.069992,373.661011,0.000000,780.290955,0.000003,-0.562520,0.000003,0.826784,0.000000,-3.078910,0.000000
130,False,False,1.000000,0.000000,4060.619873,0.000000,167.699997,348.971008,0.000000,795.180969,0.000003,-0.570850,0.000003,0.821054,0.000000,-2.427010,0.000000
131,False,False,1.000000,0.000000,4063.039795,0.000000,174.429993,290.321014,0.000000,807.320984,0.000003,-0.582870,0.000003,0.812566,0.000000,-3.531210,0.000000
132,False,False,1.000000,0.000000,4065.260010,0.000000,181.199997,266.531006,0.000000,812.770935,0.000003,-0.596551,0.000003,0.802575,0.000000,-4.065010,0.000000
133,False,False,1.000000,0.000000,4067.419922,0.000000,187.989990,259.601013,0.000000,814.870972,0.000003,-0.610788,0.000003,0.791794,0.000000,-4.285310,0.000000
134,False,False,1.000000,0.000000,4069.589844,0.000000,194.789993,260.001007,0.000000,815.650940,0.000003,-0.625030,0.000003,0.780601,0.000000,-4.348310,0.000000
135,False,False,1.000000,0.000000,4071.319824,0.000000,201.720001,207.871002,0.000000,832.190979,0.000003,-0.635210,0.000003,0.772339,0.000000,-3.146210,0.000000
136,False,False,1.000000,0.000000,4072.829834,0.000000,208.729996,181.191010,0.000000,841.500977,0.000003,-0.643286,0.000003,0.765626,0.000000,-2.520210,0.000000
137,False,False,1.000000,0.000000,4074.059814,0.000000,215.779999,147.481003,0.000000,846.250977,0.000003,-0.652387,0.000003,0.757886,0.000000,-2.867310,0.000000
138,False,False,1.000000,0.000000,4075.179932,0.000000,222.849991,134.781006,0.000000,848.530945,0.000003,-0.661958,0.000003,0.749541,0.000000,-3.047210,0.000000
139,False,False,1.000000,0.000000,4076.280029,0.000000,229.929993,132.251007,0.000000,849.640930,0.000003,-0.671604,0.000003,0.740911,0.000000,-3.106410,0.000000
140,False,False,1.000000,0.000000,4077.379883,0.000000,237.019989,132.431000,0.000000,850.400940,0.000003,-0.681244,0.000003,0.732056,0.000000,-3.142110,0.000000
141,False,False,1.000000,0.000000,4078.500000,0.000000,244.110001,134.210999,0.000000,850.900940,0.000003,-0.690858,0.000003,0.722991,0.000000,-3.171910,0.000000
142,False,False,1.000000,0.000000,4079.149902,0.000000,251.250000,77.510994,0.000000,856.640930,0.000003,-0.696490,0.000003,0.717567,0.000000,-1.876610,0.000000
143,False,False,1.000000,0.000000,4079.549805,0.000000,258.419983,47.900997,0.000000,860.300964,0.000003,-0.700126,0.000003,0.714019,0.000000,-1.218510,0.000000
144,False,False,1.000000,0.000000,4079.829834,0.000000,265.609985,33.131001,0.000000,862.410950,0.000003,-0.702807,0.000003,0.711380,0.000000,-0.903710,0.000000
145,False,False,1.000000,0.000000,4080.069824,0.000000,272.809998,28.560999,0.000000,863.480957,0.000003,-0.705208,0.000003,0.709001,0.000000,-0.811110,0.000000
146,False,False,1.000000,0.000000,4080.299805,0.000000,280.009979,27.761000,0.000000,864.180969,-0.000003,0.707543,-0.000003,-0.706670,0.000000,-0.791610,0.000000
147,False,False,1.000000,0.000000,4080.530029,0.000000,287.220001,28.150999,0.000000,864.770935,-0.000003,0.709863,-0.000003,-0.704339,0.000000,-0.789210,0.000000
148,False,False,1.000000,0.000000,4080.770020,0.000000,294.429993,29.341000,0.000000,865.290955,-0.000003,0.712200,-0.000003,-0.701976,0.000000,-0.797810,0.000000
149,False,False,1.000000,0.000000,4080.789795,0.000000,301.639984,2.471000,0.000000,865.400940,-0.000003,0.712700,-0.000003,-0.701469,0.000000,-0.170010,0.000000
150,False,False,1.000000,0.000000,4080.699951,0.000000,308.859985,-10.961000,0.000000,865.900940,-0.000003,0.712328,-0.000003,-0.701847,0.000000,0.127610,0.000000
151,False,False,1.000000,0.000000,4080.569824,0.000000,316.079987,-15.991000,0.000000,866.390930,-0.000003,0.711663,-0.000003,-0.702521,0.000000,0.226510,0.000000
152,False,False,1.000000,0.000000,4080.429932,0.000000,323.299988,-17.341000,0.000000,866.880981,-0.000003,0.710943,-0.000003,-0.703250,0.000000,0.245810,0.000000
153,False,False,1.000000,0.000000,4080.280029,0.000000,330.529999,-17.650999,0.000000,867.360962,-0.000003,0.710217,-0.000003,-0.703983,0.000000,0.248110,0.000000
154,False,False,1.000000,1.000000,4080.139893,0.120000,337.739990,-17.210999,14.691000,864.650940,0.001103,0.709514,-0.001098,-0.704690,-0.373110,0.239710,-0.003310
155,False,False,1.000000,1.000000,4080.000000,0.330000,344.929993,-16.341000,25.750999,862.740967,0.003024,0.708848,-0.003008,-0.705348,-0.650410,0.225110,-0.004110
156,False,False,1.000000,1.000000,4079.869873,0.630000,352.109985,-15.181000,35.990997,861.050964,0.005656,0.708225,-0.005635,-0.705941,-0.892810,0.207210,-0.004110
157,False,False,1.000000,1.000000,4079.750000,1.010000,359.269989,-13.871000,45.780998,859.510986,0.008910,0.707636,-0.008883,-0.706465,-1.103510,0.188010,-0.003910
158,False,False,1.000000,1.000000,4079.649902,1.470000,366.419983,-12.501000,55.390999,858.060974,0.012702,0.707084,-0.012670,-0.706902,-1.286010,0.168610,-0.003710
159,False,False,1.000000,1.000000,4079.559814,2.010000,373.559998,-11.171000,65.041000,856.640930,-0.016959,-0.706551,0.016921,0.707256,-1.443710,0.150010,-0.003710
160,False,False,1.000000,1.000000,4079.479980,2.630000,380.690002,-9.911000,74.890999,855.200928,-0.021614,-0.706033,0.021571,0.707520,-1.579910,0.132610,-0.003910
161,False,False,1.000000,1.000000,4079.409912,3.340000,387.799988,-8.731000,85.041000,853.690979,-0.026621,-0.705521,0.026561,0.707691,-1.697410,0.116610,-0.004210
162,False,False,1.000000,1.000000,4079.349854,4.140000,394.899994,-7.661000,95.570999,852.080933,-0.031929,-0.704997,0.031848,0.707775,-1.798910,0.102110,-0.004610
163,False,False,1.000000,1.000000,4079.289795,5.030000,401.989990,-6.691000,106.520996,850.320984,-0.037497,-0.704463,0.037383,0.707763,-1.886610,0.089110,-0.005110
164,False,False,1.000000,1.000000,4079.239990,6.010000,409.059998,-5.801000,117.910995,848.370972,-0.043285,-0.703902,0.043140,0.707663,-1.962510,0.077510,-0.005510
165,False,False,1.000000,1.000000,4079.199951,7.090000,416.109985,-5.001000,129.740997,846.210938,-0.049268,-0.703314,0.049079,0.707469,-2.028310,0.067310,-0.005910
166,False,False,1.000000,1.000000,4079.159912,8.270000,423.139984,-4.301000,142.001007,843.810974,-0.055418,-0.702688,0.055181,0.707187,-2.085410,0.058310,-0.006210
167,False,False,1.000000,1.000000,4079.129883,9.559999,430.149994,-3.671000,154.681000,841.150940,-0.061714,-0.702019,0.061423,0.706815,-2.135010,0.050410,-0.006410
168,False,False,1.000000,1.000000,4079.099854,10.960000,437.139984,-3.121000,167.751007,838.210938,-0.068134,-0.701302,0.067783,0.706356,-2.178310,0.043510,-0.006610
169,False,False,1.000000,1.000000,4079.079834,12.469999,444.099976,-2.631000,181.181000,834.970947,-0.074662,-0.700536,0.074246,0.705806,-2.216010,0.037510,-0.006710
170,False,False,1.000000,1.000000,4079.059814,14.090000,451.029999,-2.221000,194.941010,831.420959,-0.081281,-0.699710,0.080796,0.705174,-2.249010,0.032310,-0.006710
171,False,False,1.000000,1.000000,4079.039795,15.830000,457.929993,-1.861000,208.990997,827.550964,-0.087981,-0.698826,0.087420,0.704457,-2.277910,0.027710,-0.006610
172,False,False,1.000000,1.000000,4079.030029,17.690001,464.789978,-1.541000,223.311005,823.350952,-0.094746,-0.697882,0.094110,0.703653,-2.303210,0.023710,-0.006410
173,False,False,1.000000,1.000000,4079.020020,19.670000,471.609985,-1.291000,237.861008,818.820984,-0.101571,-0.696873,0.100859,0.702765,-2.325410,0.020310,-0.006210
174,False,False,1.000000,1.000000,4079.010010,21.779999,478.389984,-1.081000,252.611008,813.950989,-0.108444,-0.695799,0.107651,0.701794,-2.344910,0.017310,-0.005910
175,False,False,1.000000,1.000000,4079.000000,24.010000,485.129974,-0.901000,267.531006,808.750977,-0.115355,-0.694661,0.114486,0.700737,-2.362010,0.014710,-0.005610
176,False,False,1.000000,1.000000,4078.989990,26.359999,491.819977,-0.741000,282.580994,803.210938,-0.122298,-0.693452,0.121354,0.699600,-2.377110,0.012510,-0.005310
177,False,False,1.000000,1.000000,4078.989990,28.840000,498.459991,-0.591000,297.740997,797.330933,-0.129268,-0.692174,0.128243,0.698383,-2.390410,0.010610,-0.005010
178,False,False,1.000000,1.000000,4078.989990,31.449999,505.049988,-0.491000,312.990997,791.110962,-0.136260,-0.690825,0.135154,0.697085,-2.402010,0.008910,-0.004710
179,False,False,1.000000,1.000000,4078.989990,34.189999,511.589996,-0.421000,328.300995,784.560974,-0.143267,-0.689406,0.142081,0.695706,-2.412210,0.007510,-0.004410
180,False,False,1.000000,1.000000,4078.989990,37.049999,518.070007,-0.371000,343.651001,777.670959,-0.150286,-0.687917,0.149018,0.694246,-2.421210,0.006310,-0.004110
181,False,False,1.000000,1.000000,4078.989990,40.040001,524.489990,-0.341000,359.010986,770.460938,-0.157310,-0.686358,0.155967,0.692705,-2.429110,0.005210,-0.003810
182,False,False,1.000000,1.000000,4078.989990,43.160000,530.849976,-0.321000,374.360992,762.930969,-0.164340,-0.684724,0.162921,0.691088,-2.436010,0.004310,-0.003510
183,False,False,1.000000,1.000000,4078.989990,46.410000,537.140015,-0.311000,389.691010,755.080933,-0.171369,-0.683019,0.169875,0.689391,-2.442010,0.003510,-0.003210
184,False,False,1.000000,1.000000,4078.989990,49.779999,543.359985,-0.301000,404.980988,746.910950,-0.178399,-0.681239,0.176823,0.687620,-2.447210,0.002910,-0.002910
185,False,False,1.000000,1.000000,4078.989990,53.279999,549.510010,-0.291000,420.210999,738.440979,-0.185417,-0.679388,0.183766,0.685771,-2.451810,0.002410,-0.002610
186,False,False,1.000000,1.000000,4078.989990,56.910000,555.589966,-0.291000,435.360992,729.670959,-0.192430,-0.677462,0.190704,0.683848,-2.455710,0.001910,-0.002410
187,False,False,1.000000,1.000000,4078.989990,60.660000,561.599976,-0.291000,450.431000,720.600952,-0.199433,-0.675466,0.197631,0.681846,-2.459110,0.001510,-0.002110
188,False,False,1.000000,1.000000,4078.989990,64.540001,567.529968,-0.291000,465.401001,711.240967,-0.206419,-0.673400,0.204547,0.679768,-2.462010,0.001210,-0.001910
189,False,False,1.000000,1.000000,4078.989990,68.540001,573.380005,-0.291000,480.260986,701.600952,-0.213395,-0.671258,0.211447,0.677617,-2.464510,0.000910,-0.001710
190,False,False,1.000000,1.000000,4078.989990,72.669998,579.140015,-0.291000,495.001007,691.680969,-0.220354,-0.669046,0.218331,0.675391,-2.466610,0.000710,-0.001510
191,False,False,1.000000,1.000000,4078.989990,76.919998,584.820007,-0.291000,509.610992,681.480957,-0.227292,-0.666764,0.225199,0.673089,-2.468310,0.000510,-0.001310
192,False,False,1.000000,1.000000,4078.989990,81.290001,590.409973,-0.291000,524.080994,671.020935,-0.234208,-0.664407,0.232045,0.670720,-2.469710,0.000410,-0.001210
193,False,False,1.000000,1.000000,4078.989990,85.779999,595.909973,-0.291000,538.410950,660.290955,-0.241102,-0.661979,0.238869,0.668278,-2.470810,0.000310,-0.001110
194,False,False,1.000000,1.000000,4078.989990,90.379997,601.320007,-0.291000,552.590942,649.310974,-0.247975,-0.659481,0.245672,0.665761,-2.471710,0.000210,-0.001010
195,False,False,1.000000,1.000000,4078.989990,95.099998,606.640015,-0.291000,566.610962,638.070984,-0.254821,-0.656913,0.252448,0.663175,-2.472410,0.000110,-0.000910
196,False,False,1.000000,1.000000,4078.989990,99.939995,611.859985,-0.291000,580.460938,626.590942,-0.261641,-0.654275,0.259202,0.660517,-2.472810,0.000000,-0.000810
197,False,False,1.000000,1.000000,4078.989990,104.889999,616.979980,-0.291000,594.140991,614.860962,-0.268433,-0.651567,0.265929,0.657789,-2.473110,0.000000,-0.000710
198,False,False,1.000000,1.000000,4078.989990,109.949997,622.000000,-0.291000,607.650940,602.890991,-0.275198,-0.648794,0.272630,0.654985,-2.473210,0.000000,-0.000610
199,False,False,1.000000,1.000000,4078.989990,115.119995,626.919983,-0.291000,620.980957,590.690979,-0.281936,-0.645951,0.279298,0.652113,-2.473110,0.000000,-0.000510
200,False,False,1.000000,1.000000,4078.989990,120.399994,631.739990,-0.291000,634.120972,578.260986,-0.288642,-0.643038,0.285939,0.649174,-2.472910,0.000000,-0.000410
201,False,False,1.000000,1.000000,4078.989990,125.790001,636.450012,-0.291000,647.070984,565.600952,-0.295315,-0.640060,0.292547,0.646164,-2.472610,0.000000,-0.000410
202,False,False,1.000000,1.000000,4078.989990,131.289993,641.059998,-0.291000,659.830933,552.720947,-0.301956,-0.637012,0.299124,0.643089,-2.472110,0.000000,-0.000410
203,False,False,1.000000,1.000000,4078.989990,136.889999,645.559998,-0.291000,672.390991,539.620972,-0.308565,-0.633899,0.305668,0.639943,-2.471510,0.000000,-0.000410
204,False,False,1.000000,1.000000,4078.989990,142.599991,649.950012,-0.281000,684.750977,526.300964,-0.315136,-0.630716,0.312179,0.636735,-2.470810,0.000000,-0.000410
205,False,False,1.000000,1.000000,4078.989990,148.410004,654.219971,-0.281000,696.910950,512.770935,-0.321674,-0.627468,0.318653,0.633458,-2.470010,0.000000,-0.000410
206,False,False,1.000000,1.000000,4078.989990,154.319992,658.380005,-0.281000,708.870972,499.031006,-0.328175,-0.624156,0.325089,0.630117,-2.469210,0.000000,-0.000310
207,False,False,1.000000,1.000000,4078.989990,160.330002,662.419983,-0.281000,720.620972,485.080994,-0.334638,-0.620779,0.331493,0.626709,-2.468310,0.000000,-0.000210
208,False,False,1.000000,1.000000,4078.989990,166.429993,666.339966,-0.281000,732.150940,470.931000,-0.341063,-0.617337,0.337858,0.623236,-2.467310,-0.000110,-0.000210
209,False,False,1.000000,1.000000,4078.989990,172.629990,670.140015,-0.281000,743.470947,456.580994,-0.347450,-0.613830,0.344181,0.619701,-2.466210,-0.000110,-0.000210
210,False,False,1.000000,1.000000,4078.989990,178.919998,673.820007,-0.281000,754.570984,442.031006,-0.353800,-0.610264,0.350466,0.616098,-2.465010,-0.000110,-0.000210
211,False,False,1.000000,1.000000,4078.989990,185.300003,677.380005,-0.281000,765.450989,427.290985,-0.360107,-0.606634,0.356713,0.612433,-2.463810,-0.000110,-0.000110
212,False,False,1.000000,1.000000,4078.989990,191.769989,680.820007,-0.281000,776.110962,412.350983,-0.366370,-0.602944,0.362917,0.608706,-2.462510,-0.000110,-0.000110
213,False,False,1.000000,1.000000,4078.989990,198.319992,684.130005,-0.281000,786.540955,397.230988,-0.372596,-0.599189,0.369078,0.604918,-2.461110,-0.000110,-0.000110
214,False,False,1.000000,1.000000,4078.989990,204.959991,687.309998,-0.281000,796.750977,381.920990,-0.378778,-0.595375,0.375201,0.601066,-2.459710,-0.000110,0.000000
215,False,False,1.000000,1.000000,4078.989990,211.679993,690.359985,-0.281000,806.720947,366.420990,-0.384917,-0.591501,0.381281,0.597151,-2.458210,-0.000110,0.000000
216,False,False,1.000000,1.000000,4078.989990,218.479996,693.279968,-0.281000,816.460938,350.740997,-0.391008,-0.587568,0.387318,0.593178,-2.456610,0.000000,0.000000
217,False,False,1.000000,1.000000,4078.989990,225.360001,696.070007,-0.281000,825.960938,334.881012,-0.397056,-0.583576,0.393306,0.589148,-2.454910,0.000000,0.000000
218,False,False,1.000000,1.000000,4078.989990,232.319992,698.729980,-0.281000,835.220947,318.841003,-0.403055,-0.579525,0.399252,0.585061,-2.453210,0.000000,0.000000
219,False,False,1.000000,1.000000,4078.989990,239.360001,701.250000,-0.281000,844.240967,302.631012,-0.409011,-0.575414,0.405148,0.580917,-2.451410,0.000000,0.000000
220,False,False,1.000000,1.000000,4078.989990,246.470001,703.640015,-0.281000,853.020935,286.240997,-0.414918,-0.571249,0.411001,0.576711,-2.449510,0.000000,0.000000
221,False,False,1.000000,1.000000,4078.989990,253.649994,705.890015,-0.281000,861.550964,269.681000,-0.420777,-0.567030,0.416806,0.572447,-2.447610,0.000000,0.000000
222,False,False,1.000000,1.000000,4078.989990,260.899994,708.000000,-0.281000,869.820984,252.960999,-0.426587,-0.562752,0.422563,0.568132,-2.445610,0.000000,0.000000
223,False,False,1.000000,1.000000,4078.989990,268.220001,709.969971,-0.281000,877.840942,236.070999,-0.432349,-0.558420,0.428270,0.563761,-2.443510,0.000000,0.000000
224,False,False,1.000000,1.000000,4078.989990,275.600006,711.799988,-0.281000,885.600952,219.020996,-0.438062,-0.554034,0.433929,0.559333,-2.441310,-0.000110,0.000000
225,False,False,1.000000,1.000000,4078.989990,283.040009,713.479980,-0.281000,893.100952,201.811005,-0.443726,-0.549594,0.439535,0.554853,-2.439010,-0.000110,0.000000
226,False,False,1.000000,1.000000,4078.989990,290.540009,715.019958,-0.281000,900.340942,184.441010,-0.449337,-0.545106,0.445091,0.550318,-2.436610,-0.000110,0.000000
227,False,False,1.000000,1.000000,4078.989990,298.100006,716.409973,-0.281000,907.310974,166.921005,-0.454894,-0.540563,0.450599,0.545732,-2.434110,-0.000110,0.000000
228,False,False,1.000000,1.000000,4078.989990,305.720001,717.649963,-0.281000,914.010986,149.240997,-0.460402,-0.535972,0.456054,0.541090,-2.431510,-0.000110,0.000000
229,False,False,1.000000,1.000000,4078.989990,313.389984,718.750000,-0.281000,920.440979,131.421005,-0.465856,-0.531327,0.461454,0.536404,-2.428910,-0.000110,0.000000
230,False,False,1.000000,1.000000,4078.989990,321.109985,719.700012,-0.281000,926.590942,113.450996,-0.471256,-0.526634,0.466800,0.531669,-2.426110,-0.000110,0.000000
231,False,False,1.000000,1.000000,4078.989990,328.880005,720.489990,-0.281000,932.460938,95.340996,-0.476602,-0.521892,0.472092,0.526885,-2.423210,-0.000110,0.000000
232,False,False,1.000000,1.000000,4078.989990,336.699982,721.130005,-0.281000,938.040955,77.090996,-0.481889,-0.517107,0.477331,0.522052,-2.420210,-0.000110,0.000000
233,False,False,1.000000,1.000000,4078.989990,344.559998,721.619995,-0.281000,943.340942,58.710999,-0.487122,-0.512273,0.482515,0.517173,-2.417110,-0.000110,0.000000
234,False,False,1.000000,1.000000,4078.989990,352.459991,721.959961,-0.281000,948.350952,40.201000,-0.492301,-0.507396,0.487646,0.512241,-2.413910,-0.000110,0.000000
235,False,False,1.000000,1.000000,4078.989990,360.399994,722.139954,-0.281000,953.060974,21.560999,-0.497421,-0.502471,0.492717,0.507273,-2.410610,0.000000,0.000000
236,False,False,1.000000,1.000000,4078.989990,368.380005,722.159973,-0.281000,957.470947,2.801000,0.502481,0.497502,-0.497734,-0.502260,-2.407110,0.000000,0.000000
237,False,False,1.000000,1.000000,4078.989990,376.389984,722.029968,-0.281000,961.580933,-16.070999,0.507485,0.492490,-0.502692,-0.497205,-2.403510,0.000000,0.000000
238,False,False,1.000000,1.000000,4078.989990,384.429993,721.739990,-0.281000,965.390930,-35.060997,0.512430,0.487441,-0.507590,-0.492107,-2.399810,0.000000,0.000000
239,False,False,1.000000,1.000000,4078.989990,392.500000,721.289978,-0.281000,968.890930,-54.160999,0.517321,0.482348,-0.512429,-0.486966,-2.395910,-0.000110,0.000000
240,False,False,1.000000,1.000000,4078.989990,400.600006,720.679993,-0.281000,972.080933,-73.370995,0.522149,0.477217,-0.517209,-0.481787,-2.391910,-0.000110,0.000000
241,False,False,1.000000,1.000000,4078.989990,408.720001,719.909973,-0.281000,974.960938,-92.681000,0.526915,0.472049,-0.521930,-0.476570,-2.387710,-0.000110,0.000000
242,False,False,1.000000,1.000000,4078.989990,416.869995,718.979980,-0.281000,977.520935,-112.080994,0.531621,0.466843,-0.526591,-0.471315,-2.383410,-0.000110,0.000000
243,False,False,1.000000,1.000000,4078.989990,425.029999,717.880005,-0.281000,979.760925,-131.570999,0.536268,0.461599,-0.531193,-0.466023,-2.378910,-0.000110,0.000000
244,False,False,1.000000,1.000000,4078.989990,433.209991,716.619995,-0.281000,981.680969,-151.151001,0.540850,0.456323,-0.535735,-0.460693,-2.374310,-0.000110,0.000000
245,False,False,1.000000,1.000000,4078.989990,441.399994,715.200012,-0.281000,983.280945,-170.811005,0.545371,0.451015,-0.540213,-0.455331,-2.369510,-0.000110,0.000000
246,False,False,1.000000,1.000000,4078.989990,449.599976,713.609985,-0.281000,984.550964,-190.541000,0.549831,0.445669,-0.544631,-0.449936,-2.364510,-0.000110,0.000000
247,False,False,1.000000,1.000000,4078.989990,457.809998,711.859985,-0.281000,985.480957,-210.361008,0.554232,0.440290,-0.548985,-0.444509,-2.360010,-0.000110,0.000000
248,False,False,1.000000,1.000000,4078.989990,466.029999,709.940002,-0.281000,986.050964,-230.281006,0.558573,0.434879,-0.553279,-0.439044,-2.356310,-0.000110,0.000000
249,False,False,1.000000,1.000000,4078.989990,474.250000,707.849976,-0.281000,986.270935,-250.291000,0.562851,0.429435,-0.557514,-0.433546,-2.353310,-0.000110,0.000000
250,False,False,1.000000,1.000000,4078.989990,482.470001,705.599976,-0.281000,986.130981,-270.381012,0.567070,0.423954,-0.561695,-0.428011,-2.350910,0.000000,0.000000
251,False,False,1.000000,1.000000,4078.989990,490.679993,703.179993,-0.281000,985.630981,-290.541016,0.571235,0.418436,-0.565817,-0.422438,-2.349010,0.000000,0.000000
252,False,False,1.000000,1.000000,4078.989990,498.889984,700.589966,-0.281000,984.770935,-310.770996,0.575337,0.412879,-0.569884,-0.416833,-2.347510,0.000000,0.000000
253,False,False,1.000000,1.000000,4078.989990,507.089996,697.829956,-0.281000,983.550964,-331.061005,0.579383,0.407290,-0.573893,-0.411190,-2.346310,0.000000,0.000000
254,False,False,1.000000,-1.000000,4078.989990,515.330017,695.119995,-0.301000,988.270935,-325.230988,0.582233,0.403319,-0.576687,-0.407150,-1.662910,-0.006110,0.002110
255,False,False,1.000000,-1.000000,4078.989990,523.599976,692.409973,-0.311000,992.150940,-325.270996,0.584166,0.400606,-0.578575,-0.404371,-1.135510,-0.008310,0.003010
256,False,False,1.000000,-1.000000,4078.989990,531.899963,689.690002,-0.311000,995.910950,-326.740997,0.585311,0.399009,-0.579676,-0.402715,-0.670310,-0.008810,0.003310
257,False,False,1.000000,-1.000000,4078.989990,540.229980,686.950012,-0.311000,999.680969,-328.980988,0.585769,0.398394,-0.580097,-0.402051,-0.262610,-0.008210,0.003310
258,False,False,1.000000,-1.000000,4078.989990,548.589966,684.190002,-0.311000,1003.590942,-331.431000,0.585628,0.398637,-0.579929,-0.402256,0.092810,-0.007110,0.003010
259,False,False,1.000000,-1.000000,4078.989990,556.989990,681.409973,-0.301000,1007.750977,-333.621002,0.584964,0.399624,-0.579250,-0.403222,0.401510,-0.005610,0.002510
260,False,False,1.000000,-1.000000,4078.989990,565.429993,678.619995,-0.301000,1012.220947,-335.181000,0.583843,0.401248,-0.578127,-0.404841,0.668710,-0.004110,0.002010
261,False,False,1.000000,-1.000000,4078.989990,573.909973,675.820007,-0.301000,1017.050964,-335.821014,0.582325,0.403422,-0.576617,-0.407015,0.899310,-0.002710,0.001510
262,False,False,1.000000,-1.000000,4078.989990,582.429993,673.029968,-0.301000,1022.260925,-335.341003,0.580457,0.406060,-0.574767,-0.409669,1.097610,-0.001510,0.000910
263,False,False,1.000000,-1.000000,4078.989990,591.000000,670.250000,-0.301000,1027.830933,-333.601013,0.578285,0.409092,-0.572614,-0.412728,1.267610,-0.000410,0.000410
264,False,False,1.000000,-1.000000,4078.989990,599.609985,667.500000,-0.301000,1033.720947,-330.550995,0.575841,0.412458,-0.570197,-0.416127,1.413510,0.000410,0.000000
265,False,False,1.000000,-1.000000,4078.989990,608.279968,664.779968,-0.301000,1039.880981,-326.191010,0.573158,0.416105,-0.567543,-0.419811,1.539110,0.001110,-0.000210
266,False,False,1.000000,-1.000000,4078.989990,617.000000,662.109985,-0.301000,1046.240967,-320.531006,0.570257,0.419989,-0.564678,-0.423739,1.647510,0.001610,-0.000410
267,False,False,1.000000,-1.000000,4078.989990,625.769958,659.500000,-0.301000,1052.740967,-313.610992,0.567165,0.424068,-0.561619,-0.427871,1.741310,0.002010,-0.000610
268,False,False,1.000000,-1.000000,4078.989990,634.599976,656.950012,-0.301000,1059.320923,-305.471008,0.563896,0.428313,-0.558388,-0.432171,1.822810,0.002310,-0.000710
269,False,False,1.000000,-1.000000,4078.989990,643.479980,654.479980,-0.301000,1065.920898,-296.161011,0.560467,0.432699,-0.554995,-0.436611,1.893710,0.002510,-0.000810
270,False,False,1.000000,-1.000000,4078.989990,652.419983,652.099976,-0.301000,1072.480957,-285.730988,0.556888,0.437199,-0.551455,-0.441169,1.955610,0.002610,-0.000810
271,False,False,1.000000,-1.000000,4078.989990,661.409973,649.809998,-0.301000,1078.940918,-274.251007,0.553166,0.441795,-0.547782,-0.445825,2.009910,0.002710,-0.000810
272,False,False,1.000000,-1.000000,4078.989990,670.450012,647.630005,-0.301000,1085.250977,-261.770996,0.549321,0.446467,-0.543978,-0.450556,2.057510,0.002710,-0.000810
273,False,False,1.000000,-1.000000,4078.989990,679.539978,645.559998,-0.301000,1091.360962,-248.361008,0.545352,0.451204,-0.540056,-0.455352,2.099510,0.002710,-0.000710
274,False,False,1.000000,-1.000000,4078.989990,688.679993,643.609985,-0.301000,1097.230957,-234.070999,0.541271,0.455989,-0.536021,-0.460197,2.136510,0.002610,-0.000610
275,False,False,1.000000,-1.000000,4078.989990,697.869995,641.789978,-0.301000,1102.820923,-218.971008,0.537084,0.460806,-0.531883,-0.465079,2.169310,0.002510,-0.000510
276,False,False,1.000000,-1.000000,4078.989990,707.099976,640.099976,-0.301000,1108.080933,-203.111008,0.532802,0.465651,-0.527643,-0.469983,2.198410,0.002410,-0.000410
277,False,False,1.000000,-1.000000,4078.989990,716.369995,638.549988,-0.301000,1112.990967,-186.551010,0.528414,0.470517,-0.523311,-0.474908,2.224210,0.002310,-0.000310
278,False,False,1.000000,-1.000000,4078.989990,725.679993,637.140015,-0.301000,1117.510986,-169.341003,0.523938,0.475394,-0.518887,-0.479839,2.247210,0.002110,-0.000210
279,False,False,1.000000,-1.000000,4078.989990,735.029968,635.880005,-0.301000,1121.620972,-151.541000,0.519379,0.480271,-0.514377,-0.484770,2.267710,0.001910,-0.000210
280,False,False,1.000000,-1.000000,4078.989990,744.409973,634.769958,-0.301000,1125.290894,-133.201004,0.514736,0.485142,-0.509781,-0.489701,2.286010,0.001710,-0.000210
281,False,False,1.000000,-1.000000,4078.989990,753.809998,633.820007,-0.301000,1128.500977,-114.361000,0.510007,0.490009,-0.505109,-0.494621,2.302410,0.001610,-0.000110
282,False,False,1.000000,-1.000000,4078.989990,763.239990,633.029968,-0.301000,1131.230957,-95.070999,0.505207,0.494858,-0.500356,-0.499525,2.317110,0.001410,-0.000110
283,False,False,1.000000,-1.000000,4078.989990,772.690002,632.399963,-0.301000,1133.460938,-75.370995,-0.500329,-0.499692,0.495527,0.504412,2.330310,0.001310,-0.000110
284,False,False,1.000000,-1.000000,4078.989990,782.149963,631.940002,-0.301000,1135.180908,-55.310997,-0.495382,-0.504499,0.490629,0.509275,2.342210,0.001210,0.000000
285,False,False,1.000000,-1.000000,4078.989990,791.619995,631.649963,-0.301000,1136.380981,-34.920998,-0.490365,-0.509284,0.485660,0.514107,2.352910,0.001110,0.000000
286,False,False,1.000000,-1.000000,4078.989990,801.099976,631.529968,-0.301000,1137.040894,-14.251000,-0.485277,-0.514037,0.480627,0.518912,2.362610,0.001010,0.000000
287,False,False,1.000000,-1.000000,4078.989990,810.579956,631.589966,-0.301000,1137.161011,6.661000,-0.480125,-0.518758,0.475529,0.523682,2.371410,0.000910,0.000000
288,False,False,1.000000,-1.000000,4078.989990,820.049988,631.820007,-0.301000,1136.730957,27.790998,-0.474908,-0.523446,0.470366,0.528415,2.379310,0.000810,0.000000
289,False,False,1.000000,-1.000000,4078.989990,829.510010,632.229980,-0.301000,1135.740967,49.100998,-0.469627,-0.528096,0.465138,0.533115,2.386510,0.000710,0.000000
290,False,False,1.000000,-1.000000,4078.989990,838.959961,632.820007,-0.301000,1134.190918,70.560997,-0.464286,-0.532709,0.459852,0.537770,2.393010,0.000710,0.000000
291,False,False,1.000000,-1.000000,4078.989990,848.389954,633.589966,-0.301000,1132.080933,92.140999,-0.458886,-0.537278,0.454505,0.542385,2.398910,0.000710,0.000000
292,False,False,1.000000,-1.000000,4078.989990,857.799988,634.539978,-0.301000,1129.411011,113.800995,-0.453426,-0.541804,0.449100,0.546957,2.404210,0.000710,0.000000
293,False,False,1.000000,-1.000000,4078.989990,867.179993,635.669983,-0.301000,1126.170898,135.531006,-0.447913,-0.546282,0.443640,0.551483,2.409110,0.000610,0.000000
294,False,False,1.000000,-1.000000,4078.989990,876.529968,636.979980,-0.301000,1122.370972,157.291000,-0.442345,-0.550716,0.438127,0.555956,2.413510,0.000510,0.000000
295,False,False,1.000000,-1.000000,4078.989990,885.849976,638.469971,-0.301000,1118.000977,179.051010,-0.436724,-0.555102,0.432559,0.560380,2.417510,0.000510,0.000000
296,False,False,1.000000,-1.000000,4078.989990,895.130005,640.140015,-0.301000,1113.070923,200.791000,-0.431049,-0.559434,0.426938,0.564760,2.421210,0.000510,0.000000
297,False,False,1.000000,-1.000000,4078.989990,904.359985,641.989990,-0.301000,1107.580933,222.490997,-0.425319,-0.563718,0.421268,0.569086,2.424510,0.000510,0.000000
298,False,False,1.000000,-1.000000,4078.989990,913.539978,644.019958,-0.301000,1101.540894,244.130997,-0.419541,-0.567948,0.415544,0.573362,2.427610,0.000510,0.000000
299,False,False,1.000000,-1.000000,4078.989990,922.659973,646.229980,-0.301000,1094.950928,265.681000,-0.413715,-0.572123,0.409771,0.577583,2.430410,0.000410,0.000000
300,False,False,1.000000,-1.000000,4078.989990,931.729980,648.619995,-0.301000,1087.820923,287.121002,-0.407840,-0.576245,0.403950,0.581750,2.432910,0.000310,0.000000
301,False,False,1.000000,-1.000000,4078.989990,940.729980,651.190002,-0.301000,1080.151001,308.431000,-0.401917,-0.580312,0.398081,0.585860,2.435210,0.000310,0.000000
302,False,False,1.000000,-1.000000,4078.989990,949.659973,653.940002,-0.301000,1071.950928,329.591003,-0.395945,-0.584326,0.392168,0.589911,2.437310,0.000210,0.000110
303,False,False,1.000000,-1.000000,4078.989990,958.519958,656.859985,-0.301000,1063.220947,350.580994,-0.389929,-0.588280,0.386212,0.593903,2.439210,0.000210,0.000110
304,False,False,1.000000,-1.000000,4078.989990,967.299988,659.950012,-0.301000,1053.970947,371.390991,-0.383865,-0.592176,0.380208,0.597844,2.440910,0.000210,0.000110
305,False,False,1.000000,-1.000000,4078.989990,976.000000,663.219971,-0.301000,1044.210938,391.990997,-0.377759,-0.596017,0.374160,0.601720,2.442510,0.000110,0.000110
306,False,False,1.000000,-1.000000,4078.989990,984.619995,666.659973,-0.301000,1033.950928,412.371002,-0.371608,-0.599798,0.368070,0.605536,2.443910,0.000110,0.000110
307,False,False,1.000000,-1.000000,4078.989990,993.149963,670.260010,-0.301000,1023.200928,432.520996,-0.365421,-0.603515,0.361941,0.609291,2.445210,0.000110,0.000110
308,False,False,1.000000,-1.000000,4078.989990,1001.579956,674.029968,-0.301000,1011.970947,452.420990,-0.359190,-0.607173,0.355769,0.612986,2.446410,0.000110,0.000110
309,False,False,1.000000,-1.000000,4078.989990,1009.919983,677.959961,-0.301000,1000.260925,472.050995,-0.352921,-0.610772,0.349560,0.616614,2.447410,0.000000,0.000110
310,False,False,1.000000,-1.000000,4078.989990,1018.149963,682.059998,-0.301000,988.090942,491.401001,-0.346614,-0.614305,0.343313,0.620181,2.448310,0.000000,0.000110
311,False,False,1.000000,-1.000000,4078.989990,1026.280029,686.309998,-0.301000,975.470947,510.460999,-0.340265,-0.617774,0.337028,0.623689,2.449110,0.000000,0.000110
312,False,False,1.000000,-1.000000,4078.989990,1034.299927,690.719971,-0.301000,962.410950,529.210938,-0.333883,-0.621184,0.330705,0.627127,2.449810,0.000000,0.000110
313,False,False,1.000000,-1.000000,4078.989990,1042.209961,695.279968,-0.301000,948.910950,547.640991,-0.327463,-0.624528,0.324345,0.630502,2.450410,0.000000,0.000110
314,False,False,1.000000,-1.000000,4078.989990,1050.000000,699.989990,-0.301000,934.990967,565.740967,-0.321005,-0.627808,0.317952,0.633813,2.450910,0.000000,0.000110
315,False,False,1.000000,-1.000000,4078.989990,1057.669922,704.849976,-0.301000,920.670959,583.500977,-0.314515,-0.631024,0.311521,0.637059,2.451310,0.000000,0.000110
316,False,False,1.000000,-1.000000,4078.989990,1065.219971,709.859985,-0.301000,905.950928,600.910950,-0.307993,-0.634174,0.305058,0.640237,2.451610,0.000000,0.000110
317,False,False,1.000000,-1.000000,4078.989990,1072.640015,715.010010,-0.301000,890.840942,617.960938,-0.301438,-0.637260,0.298563,0.643347,2.451810,0.000000,0.000110
318,False,False,1.000000,-1.000000,4078.989990,1079.929932,720.299988,-0.301000,875.360962,634.640991,-0.294851,-0.640276,0.292035,0.646394,2.451910,0.000110,0.000110
319,False,False,1.000000,-1.000000,4078.989990,1087.089966,725.719971,-0.301000,859.520935,650.940979,-0.288232,-0.643227,0.285480,0.649371,2.452010,0.000110,0.000110
320,False,False,1.000000,-1.000000,4078.989990,1094.119995,731.279968,-0.301000,843.340942,666.850952,-0.281580,-0.646108,0.278893,0.652286,2.452010,0.000110,0.000110
321,False,False,1.000000,-1.000000,4078.989990,1101.010010,736.969971,-0.301000,826.820984,682.360962,-0.274901,-0.648924,0.272279,0.655127,2.451910,0.000110,0.000110
322,False,False,1.000000,-1.000000,4078.989990,1107.760010,742.779968,-0.301000,809.980957,697.470947,-0.268195,-0.651670,0.265638,0.657902,2.451710,0.000110,0.000110
323,False,False,1.000000,-1.000000,4078.989990,1114.369995,748.709961,-0.301000,792.830933,712.170959,-0.261463,-0.654351,0.258970,0.660603,2.451410,0.000110,0.000110
324,False,False,1.000000,-1.000000,4078.989990,1120.829956,754.760010,-0.301000,775.380981,726.450989,-0.254703,-0.656962,0.252275,0.663238,2.451110,0.000110,0.000110
325,False,False,1.000000,-1.000000,4078.989990,1127.140015,760.929993,-0.301000,757.650940,740.310974,-0.247916,-0.659503,0.245553,0.665806,2.450710,0.000110,0.000110
326,False,False,1.000000,-1.000000,4078.989990,1133.299927,767.209961,-0.301000,739.650940,753.750977,-0.241108,-0.661974,0.238810,0.668302,2.450210,0.000110,0.000110
327,False,False,1.000000,-1.000000,4078.989990,1139.309937,773.599976,-0.301000,721.390930,766.750977,-0.234273,-0.664374,0.232039,0.670732,2.449610,0.000110,0.000110
328,False,False,1.000000,-1.000000,4078.989990,1145.169922,780.089966,-0.301000,702.880981,779.320984,-0.227416,-0.666705,0.225247,0.673090,2.449010,0.000000,0.000110
329,False,False,1.000000,-1.000000,4078.989990,1150.869995,786.690002,-0.301000,684.140991,791.450989,-0.220537,-0.668971,0.218433,0.675373,2.448310,0.000000,0.000110
330,False,False,1.000000,-1.000000,4078.989990,1156.410034,793.380005,-0.301000,665.180969,803.130981,-0.213637,-0.671166,0.211598,0.677584,2.447510,0.000000,0.000110
331,False,False,1.000000,-1.000000,4078.989990,1161.789917,800.169983,-0.301000,646.010986,814.370972,-0.206716,-0.673287,0.204747,0.679730,2.446710,0.000000,0.000110
332,False,False,1.000000,-1.000000,4078.989990,1167.010010,807.049988,-0.301000,626.650940,825.160950,-0.199778,-0.675337,0.197874,0.681803,2.445810,0.000000,0.000110
333,False,False,1.000000,-1.000000,4078.989990,1172.069946,814.010010,-0.301000,607.110962,835.500977,-0.192824,-0.677317,0.190985,0.683802,2.444810,0.000000,0.000110
334,False,False,1.000000,-1.000000,4078.989990,1176.969971,821.049988,-0.301000,587.400940,845.390930,-0.185849,-0.679226,0.184079,0.685731,2.443810,0.000000,0.000110
335,False,False,1.000000,-1.000000,4078.989990,1181.699951,828.169983,-0.301000,567.540955,854.820984,-0.178857,-0.681066,0.177158,0.687586,2.442710,0.000000,0.000110
336,False,False,1.000000,-1.000000,4078.989990,1186.260010,835.369995,-0.301000,547.540955,863.800964,-0.171855,-0.682836,0.170220,0.689367,2.441510,0.000000,0.000110
337,False,False,1.000000,-1.000000,4078.989990,1190.660034,842.639954,-0.301000,527.410950,872.320984,-0.164836,-0.684529,0.163266,0.691081,2.440310,0.000000,0.000110
338,False,False,1.000000,-1.000000,4078.989990,1194.890015,849.979980,-0.301000,507.161011,880.390930,-0.157806,-0.686153,0.156301,0.692720,2.439010,0.000000,0.000110
339,False,False,1.000000,-1.000000,4078.989990,1198.949951,857.380005,-0.301000,486.800995,888.010986,-0.150761,-0.687707,0.149326,0.694285,2.437610,0.000000,0.000110
340,False,False,1.000000,-1.000000,4078.989990,1202.839966,864.839966,-0.301000,466.350983,895.170959,-0.143704,-0.689185,0.142340,0.695782,2.436210,0.000000,0.000110
341,False,False,1.000000,-1.000000,4078.989990,1206.559937,872.359985,-0.301000,445.820984,901.880981,-0.136637,-0.690593,0.135342,0.697204,2.434710,0.000000,0.000110
342,False,False,1.000000,-1.000000,4078.989990,1210.099976,879.929993,-0.301000,425.210999,908.140930,-0.129559,-0.691931,0.128335,0.698553,2.433210,0.000000,0.000000
343,False,False,1.000000,-1.000000,4078.989990,1213.469971,887.549988,-0.301000,404.550995,913.960938,-0.122476,-0.693194,0.121316,0.699832,2.431610,0.000000,0.000000
344,False,False,1.000000,-1.000000,4078.989990,1216.669922,895.209961,-0.301000,383.811005,919.330933,-0.115382,-0.694386,0.114292,0.701037,2.430610,0.000000,0.000000
345,False,False,1.000000,-1.000000,4078.989990,1219.699951,902.909973,-0.301000,363.010986,924.260986,-0.108277,-0.695508,0.107257,0.702169,2.430110,-0.000110,0.000000
346,False,False,1.000000,-1.000000,4078.989990,1222.549927,910.649963,-0.301000,342.161011,928.740967,-0.101161,-0.696560,0.100211,0.703227,2.430010,-0.000110,0.000000
347,False,False,1.000000,-1.000000,4078.989990,1225.229980,918.419983,-0.301000,321.281006,932.780945,-0.094034,-0.697542,0.093155,0.704212,2.430210,-0.000110,0.000000
348,False,False,1.000000,-1.000000,4078.989990,1227.729980,926.219971,-0.301000,300.371002,936.390930,-0.086897,-0.698448,0.086088,0.705130,2.430710,-0.000110,0.000000
349,False,False,1.000000,-1.000000,4078.989990,1230.059937,934.049988,-0.301000,279.450989,939.560974,-0.079749,-0.699284,0.079004,0.705974,2.431510,-0.000110,0.000000
350,False,False,1.000000,-1.000000,4078.989990,1232.209961,941.899963,-0.301000,258.520996,942.300964,-0.072590,-0.700050,0.071910,0.706745,2.432510,-0.000110,0.000000
351,False,False,1.000000,-1.000000,4078.989990,1234.189941,949.769958,-0.301000,237.600998,944.610962,-0.065420,-0.700746,0.064805,0.707443,2.433610,-0.000110,0.000000
352,False,False,1.000000,-1.000000,4078.989990,1236.000000,957.659973,-0.301000,216.691010,946.490967,-0.058240,-0.701367,0.057695,0.708071,2.434910,0.000000,0.000000
353,False,False,1.000000,-1.000000,4078.989990,1237.630005,965.559998,-0.301000,195.801010,947.950928,-0.051048,-0.701917,0.050574,0.708625,2.436310,0.000000,0.000000
354,True,True,1.000000,-1.000000,4078.989990,1239.099976,973.539978,-0.221000,176.121002,957.170959,-0.043846,-0.702397,0.043442,0.709104,2.437710,0.000000,0.000000
355,True,True,1.000000,-1.000000,4078.989990,1240.400024,981.589966,-0.161000,156.341003,965.950928,-0.036644,-0.702802,0.036304,0.709513,2.437610,0.000000,0.000000
356,True,True,1.000000,-1.000000,4078.989990,1241.539917,989.709961,-0.121000,136.421005,974.300964,-0.029442,-0.703136,0.029167,0.709846,2.436410,0.000000,0.000000
357,True,True,1.000000,-1.000000,4078.989990,1242.510010,997.899963,-0.101000,116.350998,982.210938,-0.022240,-0.703395,0.022035,0.710109,2.434410,0.000000,0.000000
358,True,True,1.000000,-1.000000,4078.989990,1243.309937,1006.149963,-0.081000,96.130997,989.680969,-0.015043,-0.703584,0.014909,0.710296,2.431610,0.000000,0.000000
359,True,True,1.000000,-1.000000,4078.989990,1243.939941,1014.459961,-0.071000,75.750999,996.710938,-0.007858,-0.703697,0.007787,0.710414,2.428110,0.000000,0.000000
360,True,True,1.000000,-1.000000,4078.989990,1244.400024,1022.820007,-0.061000,55.220997,1003.300964,-0.000682,-0.703740,0.000682,0.710456,2.424010,0.000000,0.000000
361,True,True,1.000000,-1.000000,4078.989990,1244.689941,1031.229980,-0.061000,34.510998,1009.440979,0.006482,-0.703713,-0.006412,0.710425,2.420110,0.000000,0.000000
362,True,True,1.000000,-1.000000,4078.989990,1244.799927,1039.689941,-0.061000,13.611000,1015.120972,0.013635,-0.703611,-0.013495,0.710326,2.416710,0.000000,0.000000
363,True,True,1.000000,-1.000000,4078.989990,1244.739990,1048.189941,-0.061000,-7.451000,1020.340942,0.020778,-0.703438,-0.020573,0.710155,2.413710,0.000000,0.000000
364,True,True,1.000000,-1.000000,4078.989990,1244.500000,1056.729980,-0.061000,-28.690998,1025.100952,0.027910,-0.703196,-0.027640,0.709911,2.411110,0.000000,0.000000
365,True,True,1.000000,-1.000000,4078.989990,1244.079956,1065.309937,-0.061000,-50.080997,1029.401001,0.035031,-0.702883,-0.034697,0.709595,2.408810,0.000000,0.000000
366,True,True,1.000000,-1.000000,4078.989990,1243.479980,1073.919922,-0.061000,-71.620995,1033.240967,0.042147,-0.702500,-0.041742,0.709208,2.406810,0.000000,0.000000
367,True,True,1.000000,-1.000000,4078.989990,1242.699951,1082.559937,-0.061000,-93.310997,1036.610962,0.049252,-0.702046,-0.048783,0.708749,2.405010,0.000000,0.000000
368,True,True,1.000000,-1.000000,4078.989990,1241.739990,1091.219971,-0.061000,-115.130997,1039.510986,0.056346,-0.701523,-0.055812,0.708220,2.403410,0.000000,0.000000
369,True,True,1.000000,-1.000000,4078.989990,1240.599976,1099.900024,-0.061000,-137.070999,1041.950928,0.063430,-0.700930,-0.062831,0.707620,2.401910,0.000000,0.000000
370,True,True,1.000000,-1.000000,4078.989990,1239.270020,1108.599976,-0.061000,-159.130997,1043.911011,0.070502,-0.700266,-0.069839,0.706951,2.400510,0.000000,0.000000
371,True,True,1.000000,-1.000000,4078.989990,1237.760010,1117.309937,-0.061000,-181.301010,1045.401001,0.077564,-0.699532,-0.076836,0.706211,2.399210,0.000000,0.000000
372,True,True,1.000000,-1.000000,4078.989990,1236.059937,1126.030029,-0.061000,-203.561005,1046.420898,0.084615,-0.698729,-0.083822,0.705402,2.398010,0.000000,0.000000
373,True,True,1.000000,-1.000000,4078.989990,1234.179932,1134.750000,-0.061000,-225.910995,1046.970947,0.091655,-0.697855,-0.090797,0.704524,2.396810,0.000000,0.000000
374,True,True,1.000000,-1.000000,4078.989990,1232.109985,1143.479980,-0.061000,-248.341003,1047.040894,0.098685,-0.696916,-0.097757,0.703572,2.395710,0.000000,0.000000
375,True,True,1.000000,-1.000000,4078.989990,1229.849976,1152.199951,-0.061000,-270.841003,1046.630981,0.105698,-0.695907,-0.104705,0.702551,2.394610,0.000000,0.000000
376,True,True,1.000000,-1.000000,4078.989990,1227.400024,1160.910034,-0.061000,-293.411011,1045.750977,0.112700,-0.694828,-0.111638,0.701462,2.393510,0.000000,0.000000
377,True,True,1.000000,-1.000000,4078.989990,1224.770020,1169.609985,-0.061000,-316.031006,1044.390991,0.119687,-0.693679,-0.118559,0.700306,2.392410,0.000000,0.000000
378,True,True,1.000000,-1.000000,4078.989990,1221.949951,1178.299927,-0.061000,-338.691010,1042.550903,0.126657,-0.692465,-0.125465,0.699077,2.391310,0.000000,0.000000
379,True,True,1.000000,-1.000000,4078.989990,1218.939941,1186.969971,-0.051000,-361.390991,1040.230957,0.133611,-0.691181,-0.132354,0.697782,2.390210,0.000000,0.000000
380,True,True,1.000000,-1.000000,4078.989990,1215.739990,1195.619995,-0.051000,-384.110992,1037.440918,0.140548,-0.689827,-0.139227,0.696420,2.389110,0.000000,0.000000
381,True,True,1.000000,-1.000000,4078.989990,1212.349976,1204.239990,-0.051000,-406.851013,1034.170898,0.147470,-0.688408,-0.146084,0.694986,2.387910,0.000000,0.000000
382,True,True,1.000000,-1.000000,4078.989990,1208.770020,1212.829956,-0.051000,-429.591003,1030.420898,0.154375,-0.686919,-0.152924,0.693487,2.386710,0.000000,0.000000
383,True,True,1.000000,-1.000000,4078.989990,1205.000000,1221.380005,-0.051000,-452.330994,1026.190918,0.161259,-0.685366,-0.159743,0.691919,2.385510,0.000000,0.000000
384,True,True,1.000000,-1.000000,4078.989990,1201.039917,1229.890015,-0.051000,-475.061005,1021.480957,0.168127,-0.683747,-0.166546,0.690279,2.384210,0.000000,0.000110
385,True,True,1.000000,-1.000000,4078.989990,1196.890015,1238.359985,-0.051000,-497.770996,1016.300964,0.174973,-0.682059,-0.173327,0.688577,2.382910,0.000000,0.000110
386,True,True,1.000000,-1.000000,4078.989990,1192.549927,1246.780029,-0.051000,-520.450989,1010.640930,0.181797,-0.680305,-0.180087,0.686806,2.381510,0.000000,0.000110
387,True,True,1.000000,-1.000000,4078.989990,1188.020020,1255.150024,-0.051000,-543.090942,1004.500977,0.188600,-0.678487,-0.186825,0.684968,2.380010,0.000000,0.000110
388,True,True,1.000000,-1.000000,4078.989990,1183.309937,1263.469971,-0.051000,-565.680969,997.890930,0.195381,-0.676604,-0.193542,0.683062,2.378510,0.000000,0.000210
389,True,True,1.000000,-1.000000,4078.989990,1178.410034,1271.729980,-0.051000,-588.210938,990.810974,0.202136,-0.674652,-0.200231,0.681098,2.376910,0.000000,0.000210
390,True,True,1.000000,-1.000000,4078.989990,1173.319946,1279.919922,-0.051000,-610.670959,983.260925,0.208868,-0.672639,-0.206899,0.679060,2.375210,0.000000,0.000210
391,True,True,1.000000,-1.000000,4078.989990,1168.039917,1288.049927,-0.051000,-633.060974,975.240967,0.215574,-0.670562,-0.213540,0.676960,2.373510,0.000000,0.000210
392,True,True,1.000000,-1.000000,4078.989990,1162.579956,1296.109985,-0.051000,-655.360962,966.750977,0.222253,-0.668420,-0.220154,0.674796,2.371710,0.000110,0.000210
393,True,True,1.000000,-1.000000,4078.989990,1156.929932,1304.089966,-0.051000,-677.560974,957.800964,0.228905,-0.666214,-0.226741,0.672570,2.369810,0.000110,0.000210
394,True,True,1.000000,-1.000000,4078.989990,1151.099976,1311.989990,-0.051000,-699.660950,948.390930,0.235530,-0.663943,-0.233302,0.670281,2.367810,0.000110,0.000210
395,True,True,1.000000,-1.000000,4078.989990,1145.089966,1319.809937,-0.051000,-721.640930,938.520935,0.242127,-0.661612,-0.239835,0.667924,2.365710,0.000110,0.000210
396,True,True,1.000000,-1.000000,4078.989990,1138.890015,1327.549927,-0.051000,-743.500977,928.190979,0.248693,-0.659217,-0.246341,0.665508,2.363510,0.000210,0.000210
397,True,True,1.000000,-1.000000,4078.989990,1132.510010,1335.199951,-0.051000,-765.230957,917.400940,0.255232,-0.656762,-0.252815,0.663027,2.361310,0.000210,0.000210
398,True,True,1.000000,-1.000000,4078.989990,1125.949951,1342.750000,-0.051000,-786.820984,906.160950,0.261738,-0.654243,-0.259256,0.660489,2.359010,0.000210,0.000210
399,True,True,1.000000,-1.000000,4078.989990,1119.209961,1350.199951,-0.051000,-808.260986,894.470947,0.268211,-0.651664,-0.265665,0.657889,2.356610,0.000210,0.000210
400,True,True,1.000000,-1.000000,4078.989990,1112.299927,1357.549927,-0.051000,-829.540955,882.340942,0.274653,-0.649026,-0.272042,0.655228,2.354110,0.000210,0.000110
401,True,True,1.000000,-1.000000,4078.989990,1105.209961,1364.799927,-0.051000,-850.650940,869.770935,0.281062,-0.646329,-0.278386,0.652506,2.351510,0.000210,0.000000
402,True,True,1.000000,-1.000000,4078.989990,1097.949951,1371.939941,-0.051000,-871.590942,856.760986,0.287433,-0.643572,-0.284698,0.649726,2.348810,0.000210,0.000000
403,True,True,1.000000,-1.000000,4078.989990,1090.510010,1378.969971,-0.051000,-892.350952,843.310974,0.293772,-0.640756,-0.290978,0.646886,2.346010,0.000210,0.000000
404,True,True,1.000000,-1.000000,4078.989990,1082.900024,1385.880005,-0.051000,-912.910950,829.430969,0.300073,-0.637886,-0.297219,0.643986,2.343110,0.000110,0.000000
405,True,True,1.000000,-1.000000,4078.989990,1075.119995,1392.669922,-0.051000,-933.270935,815.120972,0.306337,-0.634956,-0.303423,0.641032,2.340110,0.000110,0.000000
406,True,True,1.000000,-1.000000,4078.989990,1067.169922,1399.339966,-0.051000,-953.420959,800.390930,0.312562,-0.631973,-0.309590,0.638020,2.337010,0.000110,0.000000
407,True,True,1.000000,-1.000000,4078.989990,1059.059937,1405.880005,-0.051000,-973.360962,785.240967,0.318750,-0.628930,-0.315718,0.634954,2.333710,0.000110,0.000000
408,True,True,1.000000,-1.000000,4078.989990,1050.780029,1412.289917,-0.051000,-993.070984,769.680969,0.324900,-0.625834,-0.321809,0.631831,2.330310,0.000000,0.000000
409,True,True,1.000000,-1.000000,4078.989990,1042.339966,1418.569946,-0.051000,-1012.550964,753.710938,0.331012,-0.622683,-0.327862,0.628652,2.326810,0.000000,0.000000
410,True,True,1.000000,-1.000000,4078.989990,1033.739990,1424.709961,-0.051000,-1031.790894,737.340942,0.337082,-0.619479,-0.333872,0.625421,2.323210,0.000000,0.000000
411,True,True,1.000000,-1.000000,4078.989990,1024.979980,1430.709961,-0.051000,-1050.781006,720.570984,0.343108,-0.616226,-0.339844,0.622133,2.319510,0.000000,0.000000
412,True,True,1.000000,-1.000000,4078.989990,1016.070007,1436.569946,-0.051000,-1069.510986,703.410950,0.349096,-0.612919,-0.345773,0.618792,2.315710,0.000000,0.000000
413,True,True,1.000000,-1.000000,4078.989990,1007.000000,1442.289917,-0.051000,-1087.980957,685.860962,0.355041,-0.609558,-0.351658,0.615404,2.311710,0.000000,0.000000
414,True,True,1.000000,-1.000000,4078.989990,997.779968,1447.859985,-0.051000,-1106.170898,667.930969,0.360943,-0.606148,-0.357501,0.611962,2.307610,0.000000,0.000000
415,True,True,1.000000,-1.000000,4078.989990,988.409973,1453.270020,-0.051000,-1124.090942,649.620972,0.366802,-0.602690,-0.363300,0.608469,2.303410,0.000000,0.000000
416,True,True,1.000000,-1.000000,4078.989990,978.899963,1458.529907,-0.051000,-1141.720947,630.930969,0.372612,-0.599183,-0.369057,0.604927,2.299110,0.000000,0.000000
417,True,True,1.000000,-1.000000,4078.989990,969.239990,1463.630005,-0.041000,-1159.060913,611.880981,0.378379,-0.595628,-0.374770,0.601335,2.294610,0.000000,0.000000
418,True,True,1.000000,-1.000000,4078.989990,959.440002,1468.569946,-0.041000,-1176.100952,592.470947,0.384097,-0.592025,-0.380434,0.597700,2.290010,0.000000,0.000000
419,True,True,1.000000,-1.000000,4078.989990,949.500000,1473.339966,-0.041000,-1192.830933,572.710938,0.389773,-0.588378,-0.386056,0.594012,2.285210,0.000000,0.000000
420,True,True,1.000000,-1.000000,4078.989990,939.419983,1477.949951,-0.041000,-1209.250977,552.600952,0.395400,-0.584682,-0.391629,0.590282,2.280310,0.000000,0.000000
421,True,True,1.000000,-1.000000,4078.989990,929.209961,1482.380005,-0.041000,-1225.350952,532.150940,0.400978,-0.580944,-0.397153,0.586507,2.275210,0.000000,0.000000
422,True,True,1.000000,-1.000000,4078.989990,918.869995,1486.640015,-0.041000,-1241.120972,511.371002,0.406508,-0.577162,-0.402629,0.582689,2.270010,0.000000,0.000000
423,True,True,1.000000,-1.000000,4078.989990,908.399963,1490.729980,-0.041000,-1256.560913,490.260986,0.411989,-0.573337,-0.408056,0.578827,2.264610,0.000000,0.000000
424,True,True,1.000000,-1.000000,4078.989990,897.799988,1494.640015,-0.041000,-1271.660889,468.830994,0.417421,-0.569469,-0.413435,0.574923,2.259010,0.000000,0.000000
425,True,True,1.000000,-1.000000,4078.989990,887.079956,1498.369995,-0.041000,-1286.410889,447.091003,0.422800,-0.565563,-0.418765,0.570977,2.253310,0.000000,0.000000
426,True,True,1.000000,-1.000000,4078.979980,876.239990,1501.909912,-1.691000,-1300.840942,424.600983,0.428173,-0.561830,-0.424030,0.566757,2.254210,-0.066610,-0.037110
427,True,True,1.000000,-1.000000,4078.949951,865.279968,1505.260010,-3.101000,-1314.940918,401.920990,0.433536,-0.558226,-0.429231,0.562309,2.254510,-0.121010,-0.066510
428,True,True,1.000000,-1.000000,4078.899902,854.209961,1508.419922,-5.601000,-1328.720947,378.601013,0.438920,-0.554919,-0.434345,0.557458,2.257310,-0.225910,-0.125210
429,True,True,1.000000,-1.000000,4078.849854,843.029968,1511.380005,-6.531000,-1342.140991,355.020996,0.444287,-0.551714,-0.439394,0.552406,2.256610,-0.271410,-0.150110
430,True,True,1.000000,-1.000000,4078.789795,831.739990,1514.140015,-6.621000,-1355.170898,331.240997,-0.449612,0.548500,0.444395,-0.547275,2.253610,-0.282110,-0.156510
431,True,True,1.000000,-1.000000,4078.709961,820.339966,1516.689941,-9.191000,-1367.840942,306.591003,-0.455244,0.545285,0.448949,-0.542090,2.241310,-0.369110,-0.063110
432,True,True,1.000000,-1.000000,4078.619873,808.839966,1519.039917,-11.151000,-1380.031006,281.821014,-0.461087,0.542019,0.453151,-0.536906,2.228210,-0.423810,0.016610
433,True,True,1.000000,-1.000000,4078.520020,797.250000,1521.179932,-12.541000,-1390.980957,256.730988,-0.467059,0.538688,0.457079,-0.531743,2.214010,-0.457310,0.078310
434,True,True,1.000000,-1.000000,4078.409912,785.570007,1523.109985,-13.371000,-1401.250977,231.481003,-0.473090,0.535282,0.460801,-0.526612,2.200110,-0.472310,0.123910
435,True,True,1.000000,-1.000000,4078.299805,773.809998,1524.829956,-13.541000,-1411.160889,206.151001,-0.479133,0.531792,0.464378,-0.521520,2.187110,-0.475510,0.156710
436,True,True,1.000000,-1.000000,4078.189941,761.969971,1526.339966,-13.081000,-1420.710938,180.801010,-0.485132,0.528220,0.467863,-0.516465,2.175110,-0.465410,0.176010
437,True,True,1.000000,-1.000000,4078.089844,750.049988,1527.640015,-12.061000,-1429.890991,155.460999,-0.491034,0.524556,0.471321,-0.511453,2.164010,-0.441110,0.183410
438,True,True,1.000000,-1.000000,4078.000000,738.059998,1528.719971,-10.681000,-1438.710938,130.151001,-0.496801,0.520794,0.474790,-0.506495,2.153610,-0.406210,0.182910
439,True,True,1.000000,-1.000000,4077.919922,726.000000,1529.589966,-9.071000,-1447.180908,104.870995,-0.502406,0.516930,0.478296,-0.501602,2.143710,-0.363410,0.177510
440,True,True,1.000000,-1.000000,4077.859863,713.869995,1530.250000,-7.321000,-1455.300903,79.620995,-0.507838,0.512957,0.481862,-0.496774,2.134110,-0.314810,0.169510
441,True,True,1.000000,-1.000000,4077.809814,701.679993,1530.699951,-5.531000,-1463.070923,54.380997,0.513083,-0.508874,-0.485498,0.492021,2.124710,-0.262310,0.160510
442,True,True,1.000000,-1.000000,4077.780029,689.429993,1530.939941,-3.721000,-1470.500977,29.150999,0.518137,-0.504677,-0.489210,0.487349,2.115410,-0.207110,0.151710
443,True,True,1.000000,-1.000000,4077.760010,677.119995,1530.969971,-1.951000,-1477.590942,3.911000,0.523003,-0.500361,-0.493003,0.482758,2.106110,-0.150210,0.143910
444,True,True,1.000000,-1.000000,4077.760010,664.750000,1530.789917,-0.221000,-1484.340942,-21.341000,0.527679,-0.495921,-0.496876,0.478259,2.096710,-0.092410,0.137610
445,True,True,1.000000,-1.000000,4077.770020,652.329956,1530.400024,1.421000,-1490.760986,-46.630997,0.532162,-0.491357,-0.500831,0.473856,2.087210,-0.034210,0.133110
446,True,True,1.000000,-1.000000,4077.799805,639.859985,1529.799927,3.011000,-1496.850952,-71.960999,0.536466,-0.486664,-0.504860,0.469551,2.077510,0.023910,0.130710
447,True,True,1.000000,-1.000000,4077.839844,627.339966,1528.989990,4.511000,-1502.600952,-97.340996,0.540582,-0.481846,-0.508961,0.465354,2.067610,0.081810,0.130510
448,True,True,1.000000,-1.000000,4077.889893,614.769958,1527.969971,5.951000,-1508.010986,-122.800995,0.544526,-0.476894,-0.513131,0.461260,2.058310,0.139110,0.132610
449,True,True,1.000000,-1.000000,4077.949951,602.159973,1526.729980,6.801000,-1513.080933,-148.311005,0.548219,-0.471801,-0.517447,0.457284,2.050010,0.218410,0.120410
450,True,True,1.000000,-1.000000,4078.020020,589.510010,1525.279907,7.921000,-1517.810913,-173.880997,0.551707,-0.466557,-0.521870,0.453426,2.042110,0.287510,0.119410
451,True,True,1.000000,-1.000000,4078.099854,576.830017,1523.619995,9.161000,-1522.200928,-199.531006,0.555009,-0.461168,-0.526375,0.449688,2.034710,0.350010,0.125610
452,True,True,1.000000,-1.000000,4078.189941,564.109985,1521.739990,10.461000,-1526.240967,-225.270996,0.558154,-0.455622,-0.530939,0.446068,2.027610,0.407710,0.136910
