frame,input.Pitch,input.Yaw,input.Roll,car.Location.X,car.Location.Y,car.Location.Z,car.LinearVelocity.X,car.LinearVelocity.Y,car.LinearVelocity.Z,car.Quaternion.X,car.Quaternion.Y,car.Quaternion.Z,car.Quaternion.W,car.AngularVelocity.X,car.AngularVelocity.Y,car.AngularVelocity.Z
0,0.000000,0.000000,0.000000,0.000000,0.000000,500.000000,0.000000,0.000000,0.000000,0.000003,0.000003,0.707107,0.707107,0.000000,0.000000,0.000000
1,0.000000,0.000000,0.000000,0.000000,0.000000,500.000000,0.000000,0.000000,0.000000,0.000003,0.000003,0.707107,0.707107,0.000000,0.000000,0.000000
2,0.000000,0.000000,0.000000,0.000000,0.000000,500.000000,0.000000,0.000000,0.000000,0.000003,0.000003,0.707107,0.707107,0.000000,0.000000,0.000000
3,1.000000,1.000000,1.000000,0.000000,0.000000,500.000000,0.000000,0.000000,0.000000,-0.000634,-0.001244,0.707332,0.706880,0.103810,-0.319510,0.075810
4,1.000000,1.000000,1.000000,0.000000,0.000000,500.000000,0.000000,0.000000,0.000000,-0.001869,-0.003698,0.707774,0.706427,0.207610,-0.626310,0.151710
5,1.000000,1.000000,1.000000,0.000000,0.000000,500.000000,0.000000,0.000000,0.000000,-0.003666,-0.007329,0.708427,0.705737,0.311410,-0.920810,0.227610
6,1.000000,1.000000,1.000000,0.000000,0.000000,500.000000,0.000000,0.000000,0.000000,-0.005991,-0.012098,0.709280,0.704798,0.415110,-1.203610,0.303610
7,1.000000,1.000000,1.000000,0.000000,0.000000,500.000000,0.000000,0.000000,0.000000,-0.008807,-0.017973,0.710314,0.703600,0.518710,-1.475110,0.379810
8,1.000000,1.000000,1.000000,0.000000,0.000000,500.000000,0.000000,0.000000,0.000000,-0.012087,-0.024921,0.711518,0.702122,0.622110,-1.735710,0.456210
9,1.000000,1.000000,1.000000,0.000000,0.000000,500.000000,0.000000,0.000000,0.000000,-0.015799,-0.032906,0.712874,0.700342,0.725310,-1.985910,0.532910
10,1.000000,1.000000,1.000000,0.000000,0.000000,500.000000,0.000000,0.000000,0.000000,-0.019910,-0.041899,0.714356,0.698243,0.828110,-2.226110,0.610110
11,1.000000,1.000000,1.000000,0.000000,0.000000,500.000000,0.000000,0.000000,0.000000,-0.024393,-0.051868,0.715946,0.695799,0.930510,-2.456810,0.687810
12,1.000000,1.000000,1.000000,0.000000,0.000000,500.000000,0.000000,0.000000,0.000000,-0.029221,-0.062788,0.717615,0.692989,1.032310,-2.678310,0.766210
13,1.000000,1.000000,1.000000,0.000000,0.000000,500.000000,0.000000,0.000000,0.000000,-0.034368,-0.074624,0.719344,0.689779,1.133410,-2.891010,0.845310
14,1.000000,1.000000,1.000000,0.000000,0.000000,500.000000,0.000000,0.000000,0.000000,-0.039806,-0.087345,0.721102,0.686148,1.233710,-3.095210,0.925310
15,1.000000,1.000000,1.000000,0.000000,0.000000,500.000000,0.000000,0.000000,0.000000,-0.045513,-0.100918,0.722864,0.682064,1.333110,-3.291410,1.006310
16,1.000000,1.000000,1.000000,0.000000,0.000000,500.000000,0.000000,0.000000,0.000000,-0.051464,-0.115311,0.724597,0.677505,1.431410,-3.479810,1.088410
17,1.000000,1.000000,1.000000,0.000000,0.000000,500.000000,0.000000,0.000000,0.000000,-0.057630,-0.130493,0.726280,0.672434,1.528410,-3.660910,1.171710
18,1.000000,1.000000,1.000000,0.000000,0.000000,500.000000,0.000000,0.000000,0.000000,-0.063991,-0.146429,0.727876,0.666829,1.624010,-3.834910,1.256310
19,1.000000,1.000000,1.000000,0.000000,0.000000,500.000000,0.000000,0.000000,0.000000,-0.070524,-0.163088,0.729361,0.660652,1.718010,-4.002210,1.342310
20,1.000000,1.000000,1.000000,0.000000,0.000000,500.000000,0.000000,0.000000,0.000000,-0.077208,-0.180438,0.730698,0.653882,1.810210,-4.163210,1.429810
21,1.000000,1.000000,1.000000,0.000000,0.000000,500.000000,0.000000,0.000000,0.000000,-0.084016,-0.198440,0.731860,0.646485,1.900410,-4.318110,1.518810
22,1.000000,1.000000,1.000000,0.000000,0.000000,500.000000,0.000000,0.000000,0.000000,-0.090932,-0.217052,0.732820,0.638431,1.988510,-4.467310,1.609410
23,1.000000,1.000000,1.000000,0.000000,0.000000,500.000000,0.000000,0.000000,0.000000,-0.097935,-0.236242,0.733545,0.629691,2.074210,-4.611110,1.701610
24,1.000000,1.000000,1.000000,0.000000,0.000000,500.000000,0.000000,0.000000,0.000000,-0.104997,-0.255965,0.733999,0.620245,2.150610,-4.735010,1.789910
25,1.000000,1.000000,1.000000,0.000000,0.000000,500.000000,0.000000,0.000000,0.000000,-0.112080,-0.276126,0.734158,0.610086,2.160910,-4.716510,1.826010
26,1.000000,1.000000,1.000000,0.000000,0.000000,500.000000,0.000000,0.000000,0.000000,-0.118985,-0.296130,0.733994,0.599502,2.169010,-4.699010,1.861210
27,1.000000,1.000000,1.000000,0.000000,0.000000,500.000000,0.000000,0.000000,0.000000,-0.125713,-0.315966,0.733508,0.588496,2.175010,-4.682510,1.895410
28,1.000000,1.000000,1.000000,0.000000,0.000000,500.000000,0.000000,0.000000,0.000000,-0.132267,-0.335620,0.732700,0.577075,2.179110,-4.667110,1.928610
29,1.000000,1.000000,1.000000,0.000000,0.000000,500.000000,0.000000,0.000000,0.000000,-0.138655,-0.355079,0.731564,0.565250,2.181310,-4.652610,1.960610
30,1.000000,1.000000,1.000000,0.000000,0.000000,500.000000,0.000000,0.000000,0.000000,-0.144875,-0.374327,0.730101,0.553031,2.181910,-4.639210,1.991510
31,1.000000,1.000000,1.000000,0.000000,0.000000,500.000000,0.000000,0.000000,0.000000,-0.150928,-0.393355,0.728310,0.540423,2.181010,-4.626810,2.021210
32,1.000000,1.000000,1.000000,0.000000,0.000000,500.000000,0.000000,0.000000,0.000000,-0.156819,-0.412151,0.726184,0.527443,2.178710,-4.615310,2.049710
33,1.000000,1.000000,1.000000,0.000000,0.000000,500.000000,0.000000,0.000000,0.000000,-0.162549,-0.430703,0.723725,0.514096,2.175210,-4.604810,2.076910
34,1.000000,1.000000,1.000000,0.000000,0.000000,500.000000,0.000000,0.000000,0.000000,-0.168121,-0.448997,0.720932,0.500394,2.170610,-4.595210,2.102910
35,1.000000,1.000000,1.000000,0.000000,0.000000,500.000000,0.000000,0.000000,0.000000,-0.173538,-0.467021,0.717809,0.486340,2.165010,-4.586410,2.127610
36,1.000000,1.000000,1.000000,0.000000,0.000000,500.000000,0.000000,0.000000,0.000000,-0.178798,-0.484770,0.714346,0.471952,2.158510,-4.578510,2.151110
37,1.000000,1.000000,1.000000,0.000000,0.000000,500.000000,0.000000,0.000000,0.000000,-0.183901,-0.502228,0.710548,0.457240,2.151310,-4.571410,2.173310
38,1.000000,1.000000,1.000000,0.000000,0.000000,500.000000,0.000000,0.000000,0.000000,-0.188854,-0.519383,0.706417,0.442210,2.143410,-4.565110,2.194310
39,1.000000,1.000000,1.000000,0.000000,0.000000,500.000000,0.000000,0.000000,0.000000,-0.193655,-0.536231,0.701946,0.426878,2.134910,-4.559510,2.214110
40,1.000000,1.000000,1.000000,0.000000,0.000000,500.000000,0.000000,0.000000,0.000000,-0.198311,-0.552756,0.697143,0.411250,2.126010,-4.554610,2.232710
41,1.000000,1.000000,1.000000,0.000000,0.000000,500.000000,0.000000,0.000000,0.000000,-0.202815,-0.568951,0.692002,0.395340,2.116710,-4.550410,2.250110
42,1.000000,1.000000,1.000000,0.000000,0.000000,500.000000,0.000000,0.000000,0.000000,-0.207174,-0.584806,0.686525,0.379161,2.107110,-4.546810,2.266410
43,1.000000,1.000000,1.000000,0.000000,0.000000,500.000000,0.000000,0.000000,0.000000,-0.211382,-0.600316,0.680716,0.362718,2.097210,-4.543710,2.281610
44,1.000000,1.000000,1.000000,0.000000,0.000000,500.000000,0.000000,0.000000,0.000000,-0.215445,-0.615465,0.674576,0.346026,2.087210,-4.541210,2.295710
45,1.000000,1.000000,1.000000,0.000000,0.000000,500.000000,0.000000,0.000000,0.000000,-0.219361,-0.630252,0.668100,0.329097,2.077110,-4.539210,2.308810
46,1.000000,1.000000,1.000000,0.000000,0.000000,500.000000,0.000000,0.000000,0.000000,-0.223132,-0.644662,0.661298,0.311942,2.066910,-4.537710,2.320910
47,1.000000,1.000000,1.000000,0.000000,0.000000,500.000000,0.000000,0.000000,0.000000,0.226758,0.658691,-0.654167,-0.294571,2.056710,-4.536610,2.332010
48,1.000000,1.000000,1.000000,0.000000,0.000000,500.000000,0.000000,0.000000,0.000000,0.230237,0.672331,-0.646712,-0.276994,2.046610,-4.535910,2.342210
49,1.000000,1.000000,1.000000,0.000000,0.000000,500.000000,0.000000,0.000000,0.000000,0.233571,0.685573,-0.638932,-0.259229,2.036610,-4.535610,2.351510
50,1.000000,1.000000,1.000000,0.000000,0.000000,500.000000,0.000000,0.000000,0.000000,0.236760,0.698414,-0.630829,-0.241281,2.026710,-4.535710,2.360010
51,1.000000,1.000000,1.000000,0.000000,0.000000,500.000000,0.000000,0.000000,0.000000,0.239802,0.710845,-0.622408,-0.223165,2.016910,-4.536010,2.367610
52,1.000000,1.000000,1.000000,0.000000,0.000000,500.000000,0.000000,0.000000,0.000000,0.242699,0.722856,-0.613674,-0.204892,2.007410,-4.536710,2.374510
53,1.000000,1.000000,1.000000,0.000000,0.000000,500.000000,0.000000,0.000000,0.000000,0.245456,0.734442,-0.604627,-0.186475,1.998110,-4.537510,2.380710
54,1.000000,1.000000,1.000000,0.000000,0.000000,500.000000,0.000000,0.000000,0.000000,0.248067,0.745601,-0.595267,-0.167927,1.989010,-4.538610,2.386210
55,1.000000,1.000000,1.000000,0.000000,0.000000,500.000000,0.000000,0.000000,0.000000,0.250533,0.756322,-0.585605,-0.149256,1.980210,-4.539910,2.391110
56,1.000000,1.000000,1.000000,0.000000,0.000000,500.000000,0.000000,0.000000,0.000000,0.252852,0.766603,-0.575640,-0.130476,1.971610,-4.541410,2.395410
57,1.000000,1.000000,1.000000,0.000000,0.000000,500.000000,0.000000,0.000000,0.000000,0.255021,0.776438,-0.565380,-0.111600,1.963310,-4.543010,2.399110
58,1.000000,1.000000,1.000000,0.000000,0.000000,500.000000,0.000000,0.000000,0.000000,0.257044,0.785820,-0.554827,-0.092637,1.955410,-4.544810,2.402310
59,1.000000,1.000000,1.000000,0.000000,0.000000,500.000000,0.000000,0.000000,0.000000,0.258922,0.794748,-0.543984,-0.073599,1.947710,-4.546610,2.405010
60,1.000000,1.000000,1.000000,0.000000,0.000000,500.000000,0.000000,0.000000,0.000000,0.260653,0.803212,-0.532860,-0.054501,1.940410,-4.548510,2.407210
61,1.000000,1.000000,1.000000,0.000000,0.000000,500.000000,0.000000,0.000000,0.000000,0.262239,0.811212,-0.521455,-0.035350,1.933410,-4.550610,2.409010
62,1.000000,1.000000,1.000000,0.000000,0.000000,500.000000,0.000000,0.000000,0.000000,0.263680,0.818740,-0.509781,-0.016160,1.926710,-4.552710,2.410410
63,1.000000,1.000000,1.000000,0.000000,0.000000,500.000000,0.000000,0.000000,0.000000,0.264969,0.825797,-0.497836,0.003056,1.920310,-4.554810,2.411510
64,1.000000,1.000000,1.000000,0.000000,0.000000,500.000000,0.000000,0.000000,0.000000,0.266113,0.832375,-0.485633,0.022289,1.914310,-4.556910,2.412210
65,1.000000,1.000000,1.000000,0.000000,0.000000,500.000000,0.000000,0.000000,0.000000,0.267111,0.838473,-0.473171,0.041521,1.908610,-4.559110,2.412710
66,1.000000,1.000000,1.000000,0.000000,0.000000,500.000000,0.000000,0.000000,0.000000,0.267958,0.844088,-0.460461,0.060748,1.903210,-4.561310,2.412910
67,1.000000,1.000000,1.000000,0.000000,0.000000,500.000000,0.000000,0.000000,0.000000,0.268659,0.849215,-0.447508,0.079954,1.898110,-4.563410,2.412810
68,1.000000,1.000000,1.000000,0.000000,0.000000,500.000000,0.000000,0.000000,0.000000,0.269215,0.853853,-0.434318,0.099127,1.893310,-4.565610,2.412510
69,1.000000,1.000000,1.000000,0.000000,0.000000,500.000000,0.000000,0.000000,0.000000,0.269619,0.858002,-0.420896,0.118257,1.888810,-4.567710,2.412010
70,1.000000,1.000000,1.000000,0.000000,0.000000,500.000000,0.000000,0.000000,0.000000,0.269878,0.861656,-0.407252,0.137333,1.884610,-4.569810,2.411310
71,1.000000,1.000000,1.000000,0.000000,0.000000,500.000000,0.000000,0.000000,0.000000,0.269986,0.864818,-0.393387,0.156344,1.880710,-4.571910,2.410510
72,1.000000,1.000000,1.000000,0.000000,0.000000,500.000000,0.000000,0.000000,0.000000,0.269949,0.867482,-0.379318,0.175275,1.877010,-4.573910,2.409510
73,1.000000,1.000000,1.000000,0.000000,0.000000,500.000000,0.000000,0.000000,0.000000,0.269765,0.869648,-0.365043,0.194119,1.873610,-4.575810,2.408410
74,1.000000,1.000000,1.000000,0.000000,0.000000,500.000000,0.000000,0.000000,0.000000,0.269431,0.871318,-0.350574,0.212861,1.870510,-4.577710,2.407210
75,1.000000,1.000000,1.000000,0.000000,0.000000,500.000000,0.000000,0.000000,0.000000,0.268950,0.872490,-0.335916,0.231489,1.867610,-4.579610,2.405910
76,1.000000,1.000000,1.000000,0.000000,0.000000,500.000000,0.000000,0.000000,0.000000,0.268325,0.873161,-0.321081,0.249998,1.864910,-4.581410,2.404610
77,1.000000,1.000000,1.000000,0.000000,0.000000,500.000000,0.000000,0.000000,0.000000,0.267553,0.873333,-0.306072,0.268373,1.862510,-4.583110,2.403210
78,1.000000,1.000000,1.000000,0.000000,0.000000,500.000000,0.000000,0.000000,0.000000,0.266636,0.873008,-0.290897,0.286602,1.860310,-4.584810,2.401810
79,1.000000,1.000000,1.000000,0.000000,0.000000,500.000000,0.000000,0.000000,0.000000,0.265573,0.872184,-0.275565,0.304680,1.858310,-4.586410,2.400310
80,1.000000,1.000000,1.000000,0.000000,0.000000,500.000000,0.000000,0.000000,0.000000,0.264365,0.870862,-0.260087,0.322591,1.856410,-4.587910,2.398810
81,1.000000,1.000000,1.000000,0.000000,0.000000,500.000000,0.000000,0.000000,0.000000,0.263016,0.869044,-0.244469,0.340324,1.854710,-4.589410,2.397310
82,1.000000,1.000000,1.000000,0.000000,0.000000,500.000000,0.000000,0.000000,0.000000,0.261522,0.866731,-0.228716,0.357873,1.853210,-4.590810,2.395810
83,1.000000,1.000000,1.000000,0.000000,0.000000,500.000000,0.000000,0.000000,0.000000,0.259887,0.863925,-0.212839,0.375223,1.851910,-4.592110,2.394310
84,1.000000,1.000000,1.000000,0.000000,0.000000,500.000000,0.000000,0.000000,0.000000,0.258107,0.860627,-0.196849,0.392368,1.850710,-4.593310,2.392810
85,1.000000,1.000000,1.000000,0.000000,0.000000,500.000000,0.000000,0.000000,0.000000,0.256186,0.856839,-0.180751,0.409297,1.849710,-4.594510,2.391310
86,1.000000,1.000000,1.000000,0.000000,0.000000,500.000000,0.000000,0.000000,0.000000,0.254126,0.852565,-0.164555,0.425999,1.848810,-4.595610,2.389810
87,1.000000,1.000000,1.000000,0.000000,0.000000,500.000000,0.000000,0.000000,0.000000,0.251930,0.847804,-0.148274,0.442464,1.848010,-4.596710,2.388410
88,1.000000,1.000000,1.000000,0.000000,0.000000,500.000000,0.000000,0.000000,0.000000,0.249594,0.842561,-0.131911,0.458686,1.847310,-4.597710,2.387010
89,1.000000,1.000000,1.000000,0.000000,0.000000,500.000000,0.000000,0.000000,0.000000,0.247123,0.836841,-0.115479,0.474649,1.846710,-4.598610,2.385610
90,1.000000,1.000000,1.000000,0.000000,0.000000,500.000000,0.000000,0.000000,0.000000,0.244517,0.830645,-0.098987,0.490348,1.846310,-4.599510,2.384310
91,1.000000,1.000000,1.000000,0.000000,0.000000,500.000000,0.000000,0.000000,0.000000,0.241777,0.823979,-0.082441,0.505772,1.845910,-4.600310,2.383010
92,1.000000,1.000000,1.000000,0.000000,0.000000,500.000000,0.000000,0.000000,0.000000,0.238907,0.816844,-0.065852,0.520916,1.845610,-4.601110,2.381710
93,1.000000,1.000000,1.000000,0.000000,0.000000,500.000000,0.000000,0.000000,0.000000,0.235902,0.809247,-0.049230,0.535767,1.845410,-4.601810,2.380510
94,1.000000,1.000000,1.000000,0.000000,0.000000,500.000000,0.000000,0.000000,0.000000,0.232768,0.801188,-0.032582,0.550323,1.845310,-4.602510,2.379310
95,1.000000,1.000000,1.000000,0.000000,0.000000,500.000000,0.000000,0.000000,0.000000,0.229509,0.792674,-0.015917,0.564570,1.845210,-4.603110,2.378210
96,1.000000,1.000000,1.000000,0.000000,0.000000,500.000000,0.000000,0.000000,0.000000,0.226121,0.783713,0.000753,0.578500,1.845210,-4.603710,2.377110
97,1.000000,1.000000,1.000000,0.000000,0.000000,500.000000,0.000000,0.000000,0.000000,0.222614,0.774306,0.017423,0.592105,1.845210,-4.604210,2.376010
98,1.000000,1.000000,1.000000,0.000000,0.000000,500.000000,0.000000,0.000000,0.000000,0.218984,0.764463,0.034082,0.605377,1.845310,-4.604710,2.375010
99,1.000000,1.000000,1.000000,0.000000,0.000000,500.000000,0.000000,0.000000,0.000000,0.215234,0.754186,0.050719,0.618308,1.845410,-4.605110,2.374110
100,1.000000,1.000000,1.000000,0.000000,0.000000,500.000000,0.000000,0.000000,0.000000,0.211366,0.743481,0.067325,0.630894,1.845610,-4.605510,2.373210
101,1.000000,1.000000,1.000000,0.000000,0.000000,500.000000,0.000000,0.000000,0.000000,0.207379,0.732357,0.083892,0.643124,1.845810,-4.605910,2.372410
102,1.000000,1.000000,1.000000,0.000000,0.000000,500.000000,0.000000,0.000000,0.000000,0.203279,0.720819,0.100411,0.654993,1.846010,-4.606210,2.371610
103,1.000000,1.000000,1.000000,0.000000,0.000000,500.000000,0.000000,0.000000,0.000000,0.199066,0.708871,0.116876,0.666495,1.846210,-4.606510,2.370810
104,1.000000,1.000000,1.000000,0.000000,0.000000,500.000000,0.000000,0.000000,0.000000,0.194745,0.696524,0.133271,0.677619,1.846510,-4.606810,2.370110
105,1.000000,1.000000,1.000000,0.000000,0.000000,500.000000,0.000000,0.000000,0.000000,0.190316,0.683780,0.149590,0.688366,1.846810,-4.607010,2.369410
106,1.000000,1.000000,1.000000,0.000000,0.000000,500.000000,0.000000,0.000000,0.000000,0.185784,0.670649,0.165823,0.698726,1.847110,-4.607210,2.368810
107,1.000000,1.000000,1.000000,0.000000,0.000000,500.000000,0.000000,0.000000,0.000000,0.181150,0.657140,0.181964,0.708689,1.847410,-4.607410,2.368210
108,1.000000,1.000000,1.000000,0.000000,0.000000,500.000000,0.000000,0.000000,0.000000,0.176413,0.643259,0.198003,0.718255,1.847710,-4.607510,2.367610
109,1.000000,1.000000,1.000000,0.000000,0.000000,500.000000,0.000000,0.000000,0.000000,0.171579,0.629017,0.213929,0.727415,1.848010,-4.607710,2.367110
110,1.000000,1.000000,1.000000,0.000000,0.000000,500.000000,0.000000,0.000000,0.000000,0.166654,0.614418,0.229730,0.736166,1.848310,-4.607810,2.366610
111,1.000000,1.000000,1.000000,0.000000,0.000000,500.000000,0.000000,0.000000,0.000000,0.161637,0.599469,0.245402,0.744505,1.848610,-4.607910,2.366210
112,1.000000,1.000000,1.000000,0.000000,0.000000,500.000000,0.000000,0.000000,0.000000,0.156528,0.584180,0.260939,0.752425,1.848910,-4.608010,2.365810
113,1.000000,1.000000,1.000000,0.000000,0.000000,500.000000,0.000000,0.000000,0.000000,0.151333,0.568563,0.276325,0.759921,1.849210,-4.608110,2.365410
114,1.000000,1.000000,1.000000,0.000000,0.000000,500.000000,0.000000,0.000000,0.000000,0.146057,0.552626,0.291555,0.766986,1.849510,-4.608110,2.365110
115,1.000000,1.000000,1.000000,0.000000,0.000000,500.000000,0.000000,0.000000,0.000000,0.140699,0.536377,0.306623,0.773619,1.849810,-4.608110,2.364810
116,1.000000,1.000000,1.000000,0.000000,0.000000,500.000000,0.000000,0.000000,0.000000,0.135262,0.519826,0.321518,0.779815,1.850110,-4.608110,2.364510
117,1.000000,1.000000,1.000000,0.000000,0.000000,500.000000,0.000000,0.000000,0.000000,0.129753,0.502978,0.336229,0.785574,1.850410,-4.608210,2.364310
118,1.000000,1.000000,1.000000,0.000000,0.000000,500.000000,0.000000,0.000000,0.000000,0.124170,0.485844,0.350752,0.790892,1.850710,-4.608210,2.364110
119,1.000000,1.000000,1.000000,0.000000,0.000000,500.000000,0.000000,0.000000,0.000000,0.118521,0.468440,0.365075,0.795762,1.851010,-4.608110,2.363910
120,1.000000,1.000000,1.000000,0.000000,0.000000,500.000000,0.000000,0.000000,0.000000,0.112803,0.450772,0.379194,0.800183,1.851310,-4.608110,2.363710
121,1.000000,1.000000,1.000000,0.000000,0.000000,500.000000,0.000000,0.000000,0.000000,0.107025,0.432845,0.393096,0.804156,1.851610,-4.608110,2.363610
122,1.000000,1.000000,1.000000,0.000000,0.000000,500.000000,0.000000,0.000000,0.000000,0.101188,0.414675,0.406777,0.807674,1.851910,-4.608010,2.363410
123,1.000000,1.000000,1.000000,0.000000,0.000000,500.000000,0.000000,0.000000,0.000000,0.095297,0.396274,0.420232,0.810735,1.852210,-4.608010,2.363310
124,1.000000,1.000000,1.000000,0.000000,0.000000,500.000000,0.000000,0.000000,0.000000,0.089352,0.377645,0.433449,0.813340,1.852410,-4.607910,2.363210
125,1.000000,1.000000,1.000000,0.000000,0.000000,500.000000,0.000000,0.000000,0.000000,0.083358,0.358807,0.446424,0.815485,1.852610,-4.607910,2.363110
126,1.000000,1.000000,1.000000,0.000000,0.000000,500.000000,0.000000,0.000000,0.000000,0.077316,0.339763,0.459145,0.817172,1.852810,-4.607810,2.363010
127,1.000000,1.000000,1.000000,0.000000,0.000000,500.000000,0.000000,0.000000,0.000000,0.071230,0.320530,0.471607,0.818397,1.853010,-4.607810,2.363010
128,1.000000,1.000000,1.000000,0.000000,0.000000,500.000000,0.000000,0.000000,0.000000,0.065107,0.301114,0.483804,0.819161,1.853210,-4.607710,2.363010
129,1.000000,1.000000,1.000000,0.000000,0.000000,500.000000,0.000000,0.000000,0.000000,0.058946,0.281531,0.495727,0.819463,1.853410,-4.607610,2.363010
130,1.000000,1.000000,1.000000,0.000000,0.000000,500.000000,0.000000,0.000000,0.000000,0.052753,0.261786,0.507374,0.819302,1.853610,-4.607610,2.363010
131,1.000000,1.000000,1.000000,0.000000,0.000000,500.000000,0.000000,0.000000,0.000000,0.046533,0.241896,0.518736,0.818678,1.853810,-4.607510,2.363010
132,1.000000,1.000000,1.000000,0.000000,0.000000,500.000000,0.000000,0.000000,0.000000,0.040286,0.221865,0.529801,0.817597,1.854010,-4.607410,2.363010
133,1.000000,1.000000,1.000000,0.000000,0.000000,500.000000,0.000000,0.000000,0.000000,0.034017,0.201710,0.540569,0.816052,1.854110,-4.607310,2.363010
134,1.000000,1.000000,1.000000,0.000000,0.000000,500.000000,0.000000,0.000000,0.000000,0.027732,0.181441,0.551035,0.814046,1.854310,-4.607310,2.363010
135,1.000000,1.000000,1.000000,0.000000,0.000000,500.000000,0.000000,0.000000,0.000000,0.021431,0.161070,0.561188,0.811582,1.854410,-4.607210,2.363010
136,1.000000,1.000000,1.000000,0.000000,0.000000,500.000000,0.000000,0.000000,0.000000,0.015119,0.140608,0.571023,0.808662,1.854510,-4.607210,2.363010
137,1.000000,1.000000,1.000000,0.000000,0.000000,500.000000,0.000000,0.000000,0.000000,0.008796,0.120064,0.580539,0.805284,1.854610,-4.607110,2.363010
138,1.000000,1.000000,1.000000,0.000000,0.000000,500.000000,0.000000,0.000000,0.000000,0.002468,0.099456,0.589726,0.801452,1.854710,-4.607110,2.363110
139,1.000000,1.000000,1.000000,0.000000,0.000000,500.000000,0.000000,0.000000,0.000000,-0.003860,0.078794,0.598585,0.797166,1.854810,-4.607010,2.363110
140,1.000000,1.000000,1.000000,0.000000,0.000000,500.000000,0.000000,0.000000,0.000000,-0.010183,0.058083,0.607103,0.792432,1.854910,-4.606910,2.363210
141,1.000000,1.000000,1.000000,0.000000,0.000000,500.000000,0.000000,0.000000,0.000000,-0.016500,0.037340,0.615282,0.787250,1.855010,-4.606910,2.363310
142,1.000000,1.000000,1.000000,0.000000,0.000000,500.000000,0.000000,0.000000,0.000000,-0.022807,0.016576,0.623109,0.781626,1.855110,-4.606810,2.363310
143,1.000000,1.000000,1.000000,0.000000,0.000000,500.000000,0.000000,0.000000,0.000000,-0.029102,-0.004194,0.630587,0.775562,1.855210,-4.606710,2.363410
144,1.000000,1.000000,1.000000,0.000000,0.000000,500.000000,0.000000,0.000000,0.000000,-0.035382,-0.024965,0.637708,0.769060,1.855310,-4.606710,2.363510
145,1.000000,1.000000,1.000000,0.000000,0.000000,500.000000,0.000000,0.000000,0.000000,-0.041640,-0.045718,0.644473,0.762122,1.855310,-4.606610,2.363510
146,1.000000,1.000000,1.000000,0.000000,0.000000,500.000000,0.000000,0.000000,0.000000,-0.047876,-0.066451,0.650871,0.754758,1.855310,-4.606610,2.363610
147,1.000000,1.000000,1.000000,0.000000,0.000000,500.000000,0.000000,0.000000,0.000000,-0.054080,-0.087145,0.656903,0.746967,1.855310,-4.606510,2.363610
148,1.000000,1.000000,1.000000,0.000000,0.000000,500.000000,0.000000,0.000000,0.000000,-0.060257,-0.107786,0.662567,0.738753,1.855310,-4.606510,2.363710
149,1.000000,1.000000,1.000000,0.000000,0.000000,500.000000,0.000000,0.000000,0.000000,-0.066397,-0.128367,0.667859,0.730121,1.855310,-4.606510,2.363810
150,1.000000,1.000000,1.000000,0.000000,0.000000,500.000000,0.000000,0.000000,0.000000,-0.072504,-0.148878,0.672774,0.721078,1.855310,-4.606410,2.363810
151,1.000000,1.000000,1.000000,0.000000,0.000000,500.000000,0.000000,0.000000,0.000000,-0.078567,-0.169303,0.677311,0.711627,1.855310,-4.606410,2.363910
152,1.000000,1.000000,1.000000,0.000000,0.000000,500.000000,0.000000,0.000000,0.000000,-0.084588,-0.189631,0.681465,0.701777,1.855310,-4.606410,2.364010
153,1.000000,1.000000,1.000000,0.000000,0.000000,500.000000,0.000000,0.000000,0.000000,-0.090560,-0.209856,0.685236,0.691528,1.855310,-4.606310,2.364010
154,1.000000,1.000000,1.000000,0.000000,0.000000,500.000000,0.000000,0.000000,0.000000,-0.096478,-0.229962,0.688617,0.680893,1.855310,-4.606310,2.364110
155,1.000000,1.000000,1.000000,0.000000,0.000000,500.000000,0.000000,0.000000,0.000000,-0.102342,-0.249939,0.691613,0.669872,1.855310,-4.606310,2.364210
156,1.000000,1.000000,1.000000,0.000000,0.000000,500.000000,0.000000,0.000000,0.000000,-0.108153,-0.269776,0.694217,0.658473,1.855310,-4.606210,2.364210
157,1.000000,1.000000,1.000000,0.000000,0.000000,500.000000,0.000000,0.000000,0.000000,-0.113898,-0.289456,0.696434,0.646701,1.855310,-4.606210,2.364310
158,1.000000,1.000000,1.000000,0.000000,0.000000,500.000000,0.000000,0.000000,0.000000,-0.119579,-0.308975,0.698254,0.634568,1.855310,-4.606210,2.364310
159,1.000000,1.000000,1.000000,0.000000,0.000000,500.000000,0.000000,0.000000,0.000000,-0.125195,-0.328320,0.699683,0.622074,1.855310,-4.606210,2.364310
160,1.000000,1.000000,1.000000,0.000000,0.000000,500.000000,0.000000,0.000000,0.000000,-0.130741,-0.347477,0.700719,0.609229,1.855310,-4.606210,2.364310
161,1.000000,1.000000,1.000000,0.000000,0.000000,500.000000,0.000000,0.000000,0.000000,-0.136211,-0.366440,0.701356,0.596044,1.855310,-4.606210,2.364410
162,1.000000,1.000000,1.000000,0.000000,0.000000,500.000000,0.000000,0.000000,0.000000,-0.141606,-0.385198,0.701600,0.582519,1.855310,-4.606110,2.364410
163,1.000000,1.000000,1.000000,0.000000,0.000000,500.000000,0.000000,0.000000,0.000000,-0.146920,-0.403740,0.701448,0.568665,1.855310,-4.606110,2.364510
164,1.000000,1.000000,1.000000,0.000000,0.000000,500.000000,0.000000,0.000000,0.000000,-0.152153,-0.422050,0.700900,0.554493,1.855310,-4.606110,2.364510
165,1.000000,1.000000,1.000000,0.000000,0.000000,500.000000,0.000000,0.000000,0.000000,-0.157299,-0.440123,0.699958,0.540008,1.855310,-4.606110,2.364510
166,1.000000,1.000000,1.000000,0.000000,0.000000,500.000000,0.000000,0.000000,0.000000,-0.162354,-0.457947,0.698619,0.525221,1.855310,-4.606110,2.364510
167,1.000000,1.000000,1.000000,0.000000,0.000000,500.000000,0.000000,0.000000,0.000000,-0.167318,-0.475513,0.696888,0.510137,1.855310,-4.606110,2.364510
168,1.000000,1.000000,1.000000,0.000000,0.000000,500.000000,0.000000,0.000000,0.000000,-0.172189,-0.492814,0.694764,0.494761,1.855310,-4.606110,2.364510
169,1.000000,1.000000,1.000000,0.000000,0.000000,500.000000,0.000000,0.000000,0.000000,-0.176963,-0.509834,0.692247,0.479111,1.855310,-4.606110,2.364510
170,1.000000,1.000000,1.000000,0.000000,0.000000,500.000000,0.000000,0.000000,0.000000,-0.181635,-0.526569,0.689339,0.463191,1.855310,-4.606110,2.364510
171,1.000000,1.000000,1.000000,0.000000,0.000000,500.000000,0.000000,0.000000,0.000000,-0.186205,-0.543007,0.686044,0.447006,1.855310,-4.606110,2.364510
172,1.000000,1.000000,1.000000,0.000000,0.000000,500.000000,0.000000,0.000000,0.000000,-0.190672,-0.559138,0.682360,0.430574,1.855310,-4.606110,2.364510
173,1.000000,1.000000,1.000000,0.000000,0.000000,500.000000,0.000000,0.000000,0.000000,-0.195031,-0.574955,0.678290,0.413898,1.855310,-4.606110,2.364510
174,1.000000,1.000000,1.000000,0.000000,0.000000,500.000000,0.000000,0.000000,0.000000,-0.199282,-0.590449,0.673839,0.396986,1.855210,-4.606110,2.364510
175,1.000000,1.000000,1.000000,0.000000,0.000000,500.000000,0.000000,0.000000,0.000000,-0.203420,-0.605609,0.669008,0.379852,1.855210,-4.606110,2.364510
176,1.000000,1.000000,1.000000,0.000000,0.000000,500.000000,0.000000,0.000000,0.000000,-0.207439,-0.620428,0.663800,0.362502,1.855210,-4.606110,2.364510
177,1.000000,1.000000,1.000000,0.000000,0.000000,500.000000,0.000000,0.000000,0.000000,-0.211345,-0.634897,0.658218,0.344947,1.855210,-4.606110,2.364510
178,1.000000,1.000000,1.000000,0.000000,0.000000,500.000000,0.000000,0.000000,0.000000,-0.215132,-0.649005,0.652267,0.327198,1.855210,-4.606110,2.364510
179,1.000000,1.000000,1.000000,0.000000,0.000000,500.000000,0.000000,0.000000,0.000000,0.218795,0.662750,-0.645946,-0.309266,1.855210,-4.606110,2.364510
180,1.000000,1.000000,1.000000,0.000000,0.000000,500.000000,0.000000,0.000000,0.000000,0.222334,0.676120,-0.639262,-0.291161,1.855110,-4.606110,2.364510
181,1.000000,1.000000,1.000000,0.000000,0.000000,500.000000,0.000000,0.000000,0.000000,0.225749,0.689110,-0.632216,-0.272889,1.855110,-4.606210,2.364510
182,1.000000,1.000000,1.000000,0.000000,0.000000,500.000000,0.000000,0.000000,0.000000,0.229040,0.701709,-0.624814,-0.254465,1.855010,-4.606210,2.364510
183,1.000000,1.000000,1.000000,0.000000,0.000000,500.000000,0.000000,0.000000,0.000000,0.232201,0.713912,-0.617062,-0.235896,1.854910,-4.606210,2.364510
184,1.000000,1.000000,1.000000,0.000000,0.000000,500.000000,0.000000,0.000000,0.000000,0.235228,0.725712,-0.608964,-0.217193,1.854910,-4.606310,2.364510
185,1.000000,1.000000,1.000000,0.000000,0.000000,500.000000,0.000000,0.000000,0.000000,0.238125,0.737103,-0.600521,-0.198370,1.854810,-4.606310,2.364510
186,1.000000,1.000000,1.000000,0.000000,0.000000,500.000000,0.000000,0.000000,0.000000,0.240887,0.748079,-0.591739,-0.179434,1.854710,-4.606310,2.364510
187,1.000000,1.000000,1.000000,0.000000,0.000000,500.000000,0.000000,0.000000,0.000000,0.243514,0.758635,-0.582621,-0.160396,1.854710,-4.606310,2.364510
188,1.000000,1.000000,1.000000,0.000000,0.000000,500.000000,0.000000,0.000000,0.000000,0.246001,0.768764,-0.573175,-0.141266,1.854710,-4.606310,2.364510
189,1.000000,1.000000,1.000000,0.000000,0.000000,500.000000,0.000000,0.000000,0.000000,0.248353,0.778455,-0.563410,-0.122055,1.854710,-4.606310,2.364510
190,1.000000,1.000000,1.000000,0.000000,0.000000,500.000000,0.000000,0.000000,0.000000,0.250565,0.787707,-0.553328,-0.102779,1.854710,-4.606310,2.364510
191,1.000000,1.000000,1.000000,0.000000,0.000000,500.000000,0.000000,0.000000,0.000000,0.252637,0.796516,-0.542932,-0.083444,1.854710,-4.606310,2.364510
192,1.000000,1.000000,1.000000,0.000000,0.000000,500.000000,0.000000,0.000000,0.000000,0.254563,0.804877,-0.532228,-0.064061,1.854710,-4.606310,2.364510
193,1.000000,1.000000,1.000000,0.000000,0.000000,500.000000,0.000000,0.000000,0.000000,0.256348,0.812785,-0.521223,-0.044645,1.854710,-4.606310,2.364510
194,1.000000,1.000000,1.000000,0.000000,0.000000,500.000000,0.000000,0.000000,0.000000,0.257988,0.820233,-0.509926,-0.025202,1.854710,-4.606310,2.364510
195,1.000000,1.000000,1.000000,0.000000,0.000000,500.000000,0.000000,0.000000,0.000000,0.259483,0.827218,-0.498344,-0.005743,1.854710,-4.606310,2.364510
196,1.000000,1.000000,1.000000,0.000000,0.000000,500.000000,0.000000,0.000000,0.000000,0.260831,0.833736,-0.486480,0.013716,1.854710,-4.606310,2.364510
197,1.000000,1.000000,1.000000,0.000000,0.000000,500.000000,0.000000,0.000000,0.000000,0.262029,0.839786,-0.474342,0.033170,1.854710,-4.606410,2.364510
198,1.000000,1.000000,1.000000,0.000000,0.000000,500.000000,0.000000,0.000000,0.000000,0.263081,0.845363,-0.461934,0.052608,1.854610,-4.606410,2.364510
199,1.000000,1.000000,1.000000,0.000000,0.000000,500.000000,0.000000,0.000000,0.000000,0.263987,0.850461,-0.449267,0.072013,1.854510,-4.606410,2.364510
200,1.000000,1.000000,1.000000,0.000000,0.000000,500.000000,0.000000,0.000000,0.000000,0.264743,0.855081,-0.436346,0.091380,1.854510,-4.606410,2.364510
201,1.000000,1.000000,1.000000,0.000000,0.000000,500.000000,0.000000,0.000000,0.000000,0.265347,0.859220,-0.423178,0.110694,1.854510,-4.606410,2.364510
202,1.000000,1.000000,1.000000,0.000000,0.000000,500.000000,0.000000,0.000000,0.000000,0.265805,0.862873,-0.409771,0.129942,1.854510,-4.606410,2.364510
203,1.000000,1.000000,1.000000,0.000000,0.000000,500.000000,0.000000,0.000000,0.000000,0.266113,0.866040,-0.396133,0.149121,1.854510,-4.606410,2.364510
204,1.000000,1.000000,1.000000,0.000000,0.000000,500.000000,0.000000,0.000000,0.000000,0.266269,0.868718,-0.382274,0.168213,1.854510,-4.606410,2.364510
205,1.000000,1.000000,1.000000,0.000000,0.000000,500.000000,0.000000,0.000000,0.000000,0.266275,0.870907,-0.368199,0.187214,1.854510,-4.606410,2.364510
206,1.000000,1.000000,1.000000,0.000000,0.000000,500.000000,0.000000,0.000000,0.000000,0.266129,0.872604,-0.353919,0.206106,1.854510,-4.606410,2.364510
207,1.000000,1.000000,1.000000,0.000000,0.000000,500.000000,0.000000,0.000000,0.000000,0.265832,0.873808,-0.339439,0.224886,1.854510,-4.606410,2.364510
208,1.000000,1.000000,1.000000,0.000000,0.000000,500.000000,0.000000,0.000000,0.000000,0.265390,0.874521,-0.324765,0.243536,1.854510,-4.606410,2.364510
209,1.000000,1.000000,1.000000,0.000000,0.000000,500.000000,0.000000,0.000000,0.000000,0.264796,0.874740,-0.309908,0.262051,1.854510,-4.606410,2.364510
210,1.000000,1.000000,1.000000,0.000000,0.000000,500.000000,0.000000,0.000000,0.000000,0.264052,0.874466,-0.294878,0.280415,1.854510,-4.606410,2.364510
211,1.000000,1.000000,1.000000,0.000000,0.000000,500.000000,0.000000,0.000000,0.000000,0.263162,0.873699,-0.279681,0.298622,1.854510,-4.606410,2.364510
212,1.000000,1.000000,1.000000,0.000000,0.000000,500.000000,0.000000,0.000000,0.000000,0.262121,0.872438,-0.264327,0.316662,1.854510,-4.606410,2.364510
213,1.000000,1.000000,1.000000,0.000000,0.000000,500.000000,0.000000,0.000000,0.000000,0.260934,0.870686,-0.248822,0.334525,1.854510,-4.606410,2.364510
214,1.000000,1.000000,1.000000,0.000000,0.000000,500.000000,0.000000,0.000000,0.000000,0.259601,0.868442,-0.233177,0.352198,1.854510,-4.606410,2.364510
215,1.000000,1.000000,1.000000,0.000000,0.000000,500.000000,0.000000,0.000000,0.000000,0.258118,0.865710,-0.217403,0.369672,1.854510,-4.606410,2.364510
216,1.000000,1.000000,1.000000,0.000000,0.000000,500.000000,0.000000,0.000000,0.000000,0.256489,0.862491,-0.201504,0.386935,1.854510,-4.606410,2.364510
217,1.000000,1.000000,1.000000,0.000000,0.000000,500.000000,0.000000,0.000000,0.000000,0.254719,0.858783,-0.185493,0.403983,1.854510,-4.606410,2.364510
218,1.000000,1.000000,1.000000,0.000000,0.000000,500.000000,0.000000,0.000000,0.000000,0.252804,0.854593,-0.169378,0.420798,1.854510,-4.606410,2.364510
219,1.000000,1.000000,1.000000,0.000000,0.000000,500.000000,0.000000,0.000000,0.000000,0.250748,0.849919,-0.153167,0.437382,1.854510,-4.606410,2.364510
220,1.000000,1.000000,1.000000,0.000000,0.000000,500.000000,0.000000,0.000000,0.000000,0.248547,0.844767,-0.136869,0.453718,1.854510,-4.606410,2.364510
221,1.000000,1.000000,1.000000,0.000000,0.000000,500.000000,0.000000,0.000000,0.000000,0.246206,0.839141,-0.120496,0.469794,1.854510,-4.606410,2.364510
222,1.000000,1.000000,1.000000,0.000000,0.000000,500.000000,0.000000,0.000000,0.000000,0.243730,0.833040,-0.104053,0.485606,1.854510,-4.606410,2.364510
223,1.000000,1.000000,1.000000,0.000000,0.000000,500.000000,0.000000,0.000000,0.000000,0.241113,0.826468,-0.087550,0.501149,1.854510,-4.606410,2.364510
224,1.000000,1.000000,1.000000,0.000000,0.000000,500.000000,0.000000,0.000000,0.000000,0.238362,0.819432,-0.070998,0.516405,1.854510,-4.606410,2.364510
225,1.000000,1.000000,1.000000,0.000000,0.000000,500.000000,0.000000,0.000000,0.000000,0.235476,0.811934,-0.054404,0.531371,1.854510,-4.606410,2.364510
226,1.000000,1.000000,1.000000,0.000000,0.000000,500.000000,0.000000,0.000000,0.000000,0.232460,0.803975,-0.037783,0.546039,1.854510,-4.606410,2.364510
227,1.000000,1.000000,1.000000,0.000000,0.000000,500.000000,0.000000,0.000000,0.000000,0.229309,0.795564,-0.021140,0.560400,1.854510,-4.606410,2.364510
228,1.000000,1.000000,1.000000,0.000000,0.000000,500.000000,0.000000,0.000000,0.000000,0.226029,0.786706,-0.004486,0.574443,1.854510,-4.606410,2.364510
229,1.000000,1.000000,1.000000,0.000000,0.000000,500.000000,0.000000,0.000000,0.000000,0.222625,0.777403,0.012173,0.588162,1.854510,-4.606410,2.364510
230,1.000000,1.000000,1.000000,0.000000,0.000000,500.000000,0.000000,0.000000,0.000000,0.219092,0.767665,0.028827,0.601546,1.854510,-4.606410,2.364510
231,1.000000,1.000000,1.000000,0.000000,0.000000,500.000000,0.000000,0.000000,0.000000,0.215434,0.757491,0.045465,0.614596,1.854510,-4.606410,2.364510
232,1.000000,1.000000,1.000000,0.000000,0.000000,500.000000,0.000000,0.000000,0.000000,0.211658,0.746892,0.062075,0.627296,1.854510,-4.606410,2.364510
233,1.000000,1.000000,1.000000,0.000000,0.000000,500.000000,0.000000,0.000000,0.000000,0.207762,0.735870,0.078648,0.639645,1.854510,-4.606410,2.364510
234,1.000000,1.000000,1.000000,0.000000,0.000000,500.000000,0.000000,0.000000,0.000000,0.203749,0.724433,0.095178,0.651632,1.854510,-4.606410,2.364510
235,1.000000,1.000000,1.000000,0.000000,0.000000,500.000000,0.000000,0.000000,0.000000,0.199622,0.712588,0.111654,0.663252,1.854510,-4.606410,2.364510
236,1.000000,1.000000,1.000000,0.000000,0.000000,500.000000,0.000000,0.000000,0.000000,0.195381,0.700339,0.128065,0.674501,1.854510,-4.606410,2.364510
237,1.000000,1.000000,1.000000,0.000000,0.000000,500.000000,0.000000,0.000000,0.000000,0.191033,0.687697,0.144406,0.685366,1.854510,-4.606410,2.364510
238,1.000000,1.000000,1.000000,0.000000,0.000000,500.000000,0.000000,0.000000,0.000000,0.186577,0.674668,0.160666,0.695844,1.854510,-4.606410,2.364510
239,1.000000,1.000000,1.000000,0.000000,0.000000,500.000000,0.000000,0.000000,0.000000,0.182013,0.661256,0.176834,0.705933,1.854510,-4.606410,2.364510
240,1.000000,1.000000,1.000000,0.000000,0.000000,500.000000,0.000000,0.000000,0.000000,0.177347,0.647472,0.192905,0.715622,1.854510,-4.606410,2.364510
241,1.000000,1.000000,1.000000,0.000000,0.000000,500.000000,0.000000,0.000000,0.000000,0.172583,0.633327,0.208868,0.724904,1.854510,-4.606410,2.364510
242,1.000000,1.000000,1.000000,0.000000,0.000000,500.000000,0.000000,0.000000,0.000000,0.167722,0.618821,0.224713,0.733781,1.854510,-4.606410,2.364510
243,1.000000,1.000000,1.000000,0.000000,0.000000,500.000000,0.000000,0.000000,0.000000,0.162764,0.603969,0.240428,0.742243,1.854510,-4.606410,2.364510
244,1.000000,1.000000,1.000000,0.000000,0.000000,500.000000,0.000000,0.000000,0.000000,0.157715,0.588777,0.256008,0.750285,1.854510,-4.606410,2.364510
245,1.000000,1.000000,1.000000,0.000000,0.000000,500.000000,0.000000,0.000000,0.000000,0.152574,0.573251,0.271443,0.757908,1.854510,-4.606410,2.364510
246,1.000000,1.000000,1.000000,0.000000,0.000000,500.000000,0.000000,0.000000,0.000000,0.147351,0.557401,0.286726,0.765101,1.854510,-4.606410,2.364510
247,1.000000,1.000000,1.000000,0.000000,0.000000,500.000000,0.000000,0.000000,0.000000,0.142043,0.541238,0.301848,0.771864,1.854510,-4.606410,2.364510
248,1.000000,1.000000,1.000000,0.000000,0.000000,500.000000,0.000000,0.000000,0.000000,0.136653,0.524767,0.316803,0.778191,1.854510,-4.606410,2.364510
249,1.000000,1.000000,1.000000,0.000000,0.000000,500.000000,0.000000,0.000000,0.000000,0.131188,0.508000,0.331574,0.784082,1.854510,-4.606410,2.364510
250,1.000000,1.000000,1.000000,0.000000,0.000000,500.000000,0.000000,0.000000,0.000000,0.125648,0.490947,0.346161,0.789529,1.854510,-4.606410,2.364510
251,1.000000,1.000000,1.000000,0.000000,0.000000,500.000000,0.000000,0.000000,0.000000,0.120037,0.473619,0.360554,0.794529,1.854510,-4.606410,2.364510
252,1.000000,1.000000,1.000000,0.000000,0.000000,500.000000,0.000000,0.000000,0.000000,0.114362,0.456027,0.374743,0.799080,1.854510,-4.606410,2.364510
253,1.000000,1.000000,1.000000,0.000000,0.000000,500.000000,0.000000,0.000000,0.000000,0.108622,0.438175,0.388721,0.803181,1.854510,-4.606410,2.364510
254,1.000000,1.000000,1.000000,0.000000,0.000000,500.000000,0.000000,0.000000,0.000000,0.102817,0.420076,0.402478,0.806831,1.854510,-4.606410,2.364510
255,1.000000,1.000000,1.000000,0.000000,0.000000,500.000000,0.000000,0.000000,0.000000,0.096958,0.401739,0.416008,0.810026,1.854510,-4.606410,2.364510
256,1.000000,1.000000,1.000000,0.000000,0.000000,500.000000,0.000000,0.000000,0.000000,0.091040,0.383175,0.429306,0.812764,1.854510,-4.606410,2.364510
257,1.000000,1.000000,1.000000,0.000000,0.000000,500.000000,0.000000,0.000000,0.000000,0.085074,0.364396,0.442362,0.815043,1.854510,-4.606410,2.364510
258,1.000000,1.000000,1.000000,0.000000,0.000000,500.000000,0.000000,0.000000,0.000000,0.079058,0.345411,0.455163,0.816864,1.854510,-4.606410,2.364510
259,1.000000,1.000000,1.000000,0.000000,0.000000,500.000000,0.000000,0.000000,0.000000,0.073000,0.326233,0.467712,0.818223,1.854510,-4.606410,2.364510
260,1.000000,1.000000,1.000000,0.000000,0.000000,500.000000,0.000000,0.000000,0.000000,0.066898,0.306871,0.479996,0.819121,1.854510,-4.606410,2.364510
261,1.000000,1.000000,1.000000,0.000000,0.000000,500.000000,0.000000,0.000000,0.000000,0.060759,0.287336,0.492010,0.819556,1.854510,-4.606410,2.364510
262,1.000000,1.000000,1.000000,0.000000,0.000000,500.000000,0.000000,0.000000,0.000000,0.054587,0.267640,0.503744,0.819531,1.854510,-4.606410,2.364510
263,1.000000,1.000000,1.000000,0.000000,0.000000,500.000000,0.000000,0.000000,0.000000,0.048383,0.247792,0.515197,0.819042,1.854510,-4.606410,2.364510
264,1.000000,1.000000,1.000000,0.000000,0.000000,500.000000,0.000000,0.000000,0.000000,0.042152,0.227804,0.526359,0.818092,1.854510,-4.606410,2.364510
265,1.000000,1.000000,1.000000,0.000000,0.000000,500.000000,0.000000,0.000000,0.000000,0.035900,0.207687,0.537224,0.816681,1.854510,-4.606410,2.364510
266,1.000000,1.000000,1.000000,0.000000,0.000000,500.000000,0.000000,0.000000,0.000000,0.029626,0.187451,0.547787,0.814809,1.854510,-4.606410,2.364510
267,1.000000,1.000000,1.000000,0.000000,0.000000,500.000000,0.000000,0.000000,0.000000,0.023335,0.167113,0.558043,0.812476,1.854510,-4.606410,2.364510
268,1.000000,1.000000,1.000000,0.000000,0.000000,500.000000,0.000000,0.000000,0.000000,0.017029,0.146677,0.567980,0.809688,1.854510,-4.606410,2.364510
269,1.000000,1.000000,1.000000,0.000000,0.000000,500.000000,0.000000,0.000000,0.000000,0.010717,0.126161,0.577599,0.806442,1.854510,-4.606410,2.364510
270,1.000000,1.000000,1.000000,0.000000,0.000000,500.000000,0.000000,0.000000,0.000000,0.004394,0.105574,0.586889,0.802743,1.854510,-4.606410,2.364510
271,1.000000,1.000000,1.000000,0.000000,0.000000,500.000000,0.000000,0.000000,0.000000,-0.001929,0.084928,0.595849,0.798591,1.854510,-4.606410,2.364510
272,1.000000,1.000000,1.000000,0.000000,0.000000,500.000000,0.000000,0.000000,0.000000,-0.008251,0.064233,0.604476,0.793987,1.854510,-4.606410,2.364510
273,1.000000,1.000000,1.000000,0.000000,0.000000,500.000000,0.000000,0.000000,0.000000,-0.014569,0.043501,0.612762,0.788935,1.854510,-4.606410,2.364510
274,1.000000,1.000000,1.000000,0.000000,0.000000,500.000000,0.000000,0.000000,0.000000,-0.020875,0.022747,0.620703,0.783437,1.854510,-4.606410,2.364510
275,1.000000,1.000000,1.000000,0.000000,0.000000,500.000000,0.000000,0.000000,0.000000,-0.027171,0.001977,0.628294,0.777499,1.854510,-4.606410,2.364510
276,1.000000,1.000000,1.000000,0.000000,0.000000,500.000000,0.000000,0.000000,0.000000,-0.033451,-0.018793,0.635528,0.771124,1.854510,-4.606410,2.364510
277,1.000000,1.000000,1.000000,0.000000,0.000000,500.000000,0.000000,0.000000,0.000000,-0.039714,-0.039552,0.642407,0.764311,1.854510,-4.606410,2.364510
278,1.000000,1.000000,1.000000,0.000000,0.000000,500.000000,0.000000,0.000000,0.000000,-0.045956,-0.060290,0.648924,0.757068,1.854510,-4.606410,2.364510
279,1.000000,1.000000,1.000000,0.000000,0.000000,500.000000,0.000000,0.000000,0.000000,-0.052171,-0.080990,0.655074,0.749398,1.854510,-4.606410,2.364510
280,1.000000,1.000000,1.000000,0.000000,0.000000,500.000000,0.000000,0.000000,0.000000,-0.058358,-0.101646,0.660852,0.741308,1.854510,-4.606410,2.364510
281,1.000000,1.000000,1.000000,0.000000,0.000000,500.000000,0.000000,0.000000,0.000000,-0.064509,-0.122244,0.666257,0.732800,1.854510,-4.606410,2.364510
282,1.000000,1.000000,1.000000,0.000000,0.000000,500.000000,0.000000,0.000000,0.000000,-0.070626,-0.142777,0.671291,0.723876,1.854510,-4.606410,2.364510
283,1.000000,1.000000,1.000000,0.000000,0.000000,500.000000,0.000000,0.000000,0.000000,-0.076701,-0.163228,0.675941,0.714547,1.854510,-4.606410,2.364510
284,1.000000,1.000000,1.000000,0.000000,0.000000,500.000000,0.000000,0.000000,0.000000,-0.082732,-0.183588,0.680214,0.704812,1.854510,-4.606410,2.364510
285,1.000000,1.000000,1.000000,0.000000,0.000000,500.000000,0.000000,0.000000,0.000000,-0.088720,-0.203840,0.684103,0.694680,1.854510,-4.606410,2.364510
286,1.000000,1.000000,1.000000,0.000000,0.000000,500.000000,0.000000,0.000000,0.000000,-0.094655,-0.223979,0.687606,0.684157,1.854510,-4.606410,2.364510
287,1.000000,1.000000,1.000000,0.000000,0.000000,500.000000,0.000000,0.000000,0.000000,-0.100541,-0.243994,0.690720,0.673249,1.854510,-4.606410,2.364510
288,1.000000,1.000000,1.000000,0.000000,0.000000,500.000000,0.000000,0.000000,0.000000,-0.106367,-0.263869,0.693444,0.661963,1.854510,-4.606410,2.364510
289,1.000000,1.000000,1.000000,0.000000,0.000000,500.000000,0.000000,0.000000,0.000000,-0.112134,-0.283597,0.695775,0.650305,1.854510,-4.606410,2.364510
290,1.000000,1.000000,1.000000,0.000000,0.000000,500.000000,0.000000,0.000000,0.000000,-0.117836,-0.303164,0.697714,0.638280,1.854510,-4.606410,2.364510
291,1.000000,1.000000,1.000000,0.000000,0.000000,500.000000,0.000000,0.000000,0.000000,-0.123474,-0.322559,0.699262,0.625893,1.854510,-4.606410,2.364510
292,1.000000,1.000000,1.000000,0.000000,0.000000,500.000000,0.000000,0.000000,0.000000,-0.129041,-0.341775,0.700417,0.613151,1.854510,-4.606410,2.364510
293,1.000000,1.000000,1.000000,0.000000,0.000000,500.000000,0.000000,0.000000,0.000000,-0.134533,-0.360797,0.701178,0.600063,1.854510,-4.606410,2.364510
294,1.000000,1.000000,1.000000,0.000000,0.000000,500.000000,0.000000,0.000000,0.000000,-0.139950,-0.379614,0.701541,0.586641,1.854510,-4.606410,2.364510
295,1.000000,1.000000,1.000000,0.000000,0.000000,500.000000,0.000000,0.000000,0.000000,-0.145291,-0.398221,0.701509,0.572884,1.854510,-4.606410,2.364510
296,1.000000,1.000000,1.000000,0.000000,0.000000,500.000000,0.000000,0.000000,0.000000,-0.150550,-0.416601,0.701083,0.558803,1.854510,-4.606410,2.364510
297,1.000000,1.000000,1.000000,0.000000,0.000000,500.000000,0.000000,0.000000,0.000000,-0.155724,-0.434744,0.700261,0.544410,1.854510,-4.606410,2.364510
298,1.000000,1.000000,1.000000,0.000000,0.000000,500.000000,0.000000,0.000000,0.000000,-0.160811,-0.452644,0.699043,0.529709,1.854510,-4.606410,2.364510
299,1.000000,1.000000,1.000000,0.000000,0.000000,500.000000,0.000000,0.000000,0.000000,-0.165807,-0.470290,0.697429,0.514711,1.854510,-4.606410,2.364510
300,1.000000,1.000000,1.000000,0.000000,0.000000,500.000000,0.000000,0.000000,0.000000,-0.170705,-0.487667,0.695426,0.499423,1.854510,-4.606410,2.364510
301,1.000000,1.000000,1.000000,0.000000,0.000000,500.000000,0.000000,0.000000,0.000000,-0.175512,-0.504769,0.693030,0.483853,1.854510,-4.606410,2.364510
302,1.000000,1.000000,1.000000,0.000000,0.000000,500.000000,0.000000,0.000000,0.000000,-0.180217,-0.521590,0.690242,0.468008,1.854510,-4.606410,2.364510
303,1.000000,1.000000,1.000000,0.000000,0.000000,500.000000,0.000000,0.000000,0.000000,-0.184818,-0.538114,0.687068,0.451899,1.854510,-4.606410,2.364510
304,1.000000,1.000000,1.000000,0.000000,0.000000,500.000000,0.000000,0.000000,0.000000,-0.189318,-0.554336,0.683504,0.435537,1.854510,-4.606410,2.364510
305,1.000000,1.000000,1.000000,0.000000,0.000000,500.000000,0.000000,0.000000,0.000000,-0.193709,-0.570246,0.679553,0.418932,1.854510,-4.606410,2.364510
306,1.000000,1.000000,1.000000,0.000000,0.000000,500.000000,0.000000,0.000000,0.000000,-0.197992,-0.585831,0.675222,0.402089,1.854510,-4.606410,2.364510
307,1.000000,1.000000,1.000000,0.000000,0.000000,500.000000,0.000000,0.000000,0.000000,-0.202163,-0.601088,0.670510,0.385020,1.854510,-4.606410,2.364510
308,1.000000,1.000000,1.000000,0.000000,0.000000,500.000000,0.000000,0.000000,0.000000,-0.206220,-0.616005,0.665422,0.367730,1.854510,-4.606410,2.364510
309,1.000000,1.000000,1.000000,0.000000,0.000000,500.000000,0.000000,0.000000,0.000000,-0.210163,-0.630576,0.659956,0.350234,1.854510,-4.606410,2.364510
310,1.000000,1.000000,1.000000,0.000000,0.000000,500.000000,0.000000,0.000000,0.000000,-0.213988,-0.644791,0.654118,0.332539,1.854510,-4.606410,2.364510
311,1.000000,1.000000,1.000000,0.000000,0.000000,500.000000,0.000000,0.000000,0.000000,0.217689,0.658645,-0.647909,-0.314661,1.854510,-4.606410,2.364510
312,1.000000,1.000000,1.000000,0.000000,0.000000,500.000000,0.000000,0.000000,0.000000,0.221271,0.672123,-0.641339,-0.296604,1.854510,-4.606410,2.364510
313,1.000000,1.000000,1.000000,0.000000,0.000000,500.000000,0.000000,0.000000,0.000000,0.224729,0.685222,-0.634406,-0.278381,1.854510,-4.606410,2.364510
314,1.000000,1.000000,1.000000,0.000000,0.000000,500.000000,0.000000,0.000000,0.000000,0.228058,0.697939,-0.627112,-0.260001,1.854510,-4.606410,2.364510
315,1.000000,1.000000,1.000000,0.000000,0.000000,500.000000,0.000000,0.000000,0.000000,0.231257,0.710260,-0.619468,-0.241475,1.854510,-4.606410,2.364510
316,1.000000,1.000000,1.000000,0.000000,0.000000,500.000000,0.000000,0.000000,0.000000,0.234327,0.722183,-0.611473,-0.222809,1.854510,-4.606410,2.364510
317,1.000000,1.000000,1.000000,0.000000,0.000000,500.000000,0.000000,0.000000,0.000000,0.237267,0.733698,-0.603132,-0.204018,1.854510,-4.606410,2.364510
318,1.000000,1.000000,1.000000,0.000000,0.000000,500.000000,0.000000,0.000000,0.000000,0.240072,0.744798,-0.594452,-0.185115,1.854510,-4.606410,2.364510
319,1.000000,1.000000,1.000000,0.000000,0.000000,500.000000,0.000000,0.000000,0.000000,0.242742,0.755479,-0.585437,-0.166104,1.854510,-4.606410,2.364510
320,1.000000,1.000000,1.000000,0.000000,0.000000,500.000000,0.000000,0.000000,0.000000,0.245273,0.765734,-0.576094,-0.147001,1.854510,-4.606410,2.364510
321,1.000000,1.000000,1.000000,0.000000,0.000000,500.000000,0.000000,0.000000,0.000000,0.247668,0.775555,-0.566426,-0.127817,1.854510,-4.606410,2.364510
322,1.000000,1.000000,1.000000,0.000000,0.000000,500.000000,0.000000,0.000000,0.000000,0.249923,0.784942,-0.556435,-0.108557,1.854510,-4.606410,2.364510
323,1.000000,1.000000,1.000000,0.000000,0.000000,500.000000,0.000000,0.000000,0.000000,0.252038,0.793886,-0.546131,-0.089238,1.854510,-4.606410,2.364510
324,1.000000,1.000000,1.000000,0.000000,0.000000,500.000000,0.000000,0.000000,0.000000,0.254007,0.802383,-0.535519,-0.069871,1.854510,-4.606410,2.364510
325,1.000000,1.000000,1.000000,0.000000,0.000000,500.000000,0.000000,0.000000,0.000000,0.255836,0.810426,-0.524606,-0.050460,1.854510,-4.606410,2.364510
326,1.000000,1.000000,1.000000,0.000000,0.000000,500.000000,0.000000,0.000000,0.000000,0.257519,0.818014,-0.513395,-0.031023,1.854510,-4.606410,2.364510
327,1.000000,1.000000,1.000000,0.000000,0.000000,500.000000,0.000000,0.000000,0.000000,0.259056,0.825138,-0.501899,-0.011569,1.854510,-4.606410,2.364510
328,1.000000,1.000000,1.000000,0.000000,0.000000,500.000000,0.000000,0.000000,0.000000,0.260448,0.831799,-0.490116,0.007890,1.854510,-4.606410,2.364510
329,1.000000,1.000000,1.000000,0.000000,0.000000,500.000000,0.000000,0.000000,0.000000,0.261694,0.837990,-0.478059,0.027349,1.854510,-4.606410,2.364510
330,1.000000,1.000000,1.000000,0.000000,0.000000,500.000000,0.000000,0.000000,0.000000,0.262795,0.843708,-0.465732,0.046792,1.854510,-4.606410,2.364510
331,1.000000,1.000000,1.000000,0.000000,0.000000,500.000000,0.000000,0.000000,0.000000,0.263745,0.848952,-0.453140,0.066208,1.854410,-4.606410,2.364510
332,1.000000,1.000000,1.000000,0.000000,0.000000,500.000000,0.000000,0.000000,0.000000,0.264543,0.853717,-0.440295,0.085586,1.854410,-4.606510,2.364510
333,1.000000,1.000000,1.000000,0.000000,0.000000,500.000000,0.000000,0.000000,0.000000,0.265196,0.857999,-0.427202,0.104916,1.854310,-4.606510,2.364510
334,1.000000,1.000000,1.000000,0.000000,0.000000,500.000000,0.000000,0.000000,0.000000,0.265697,0.861799,-0.413866,0.124186,1.854310,-4.606510,2.364510
335,1.000000,1.000000,1.000000,0.000000,0.000000,500.000000,0.000000,0.000000,0.000000,0.266048,0.865113,-0.400298,0.143386,1.854310,-4.606510,2.364510
336,1.000000,1.000000,1.000000,0.000000,0.000000,500.000000,0.000000,0.000000,0.000000,0.266253,0.867938,-0.386504,0.162505,1.854310,-4.606510,2.364510
337,1.000000,1.000000,1.000000,0.000000,0.000000,500.000000,0.000000,0.000000,0.000000,0.266307,0.870273,-0.372493,0.181533,1.854310,-4.606510,2.364510
338,1.000000,1.000000,1.000000,0.000000,0.000000,500.000000,0.000000,0.000000,0.000000,0.266210,0.872118,-0.358272,0.200458,1.854210,-4.606510,2.364510
339,1.000000,1.000000,1.000000,0.000000,0.000000,500.000000,0.000000,0.000000,0.000000,0.265962,0.873471,-0.343852,0.219270,1.854210,-4.606510,2.364510
340,1.000000,1.000000,1.000000,0.000000,0.000000,500.000000,0.000000,0.000000,0.000000,0.265563,0.874331,-0.329238,0.237957,1.854210,-4.606510,2.364510
341,1.000000,1.000000,1.000000,0.000000,0.000000,500.000000,0.000000,0.000000,0.000000,0.265012,0.874700,-0.314434,0.256516,1.854210,-4.606510,2.364510
342,1.000000,1.000000,1.000000,0.000000,0.000000,500.000000,0.000000,0.000000,0.000000,0.264316,0.874574,-0.299453,0.274928,1.854210,-4.606510,2.364510
343,1.000000,1.000000,1.000000,0.000000,0.000000,500.000000,0.000000,0.000000,0.000000,0.263469,0.873955,-0.284304,0.293184,1.854210,-4.606510,2.364510
344,1.000000,1.000000,1.000000,0.000000,0.000000,500.000000,0.000000,0.000000,0.000000,0.262477,0.872845,-0.268994,0.311273,1.854210,-4.606510,2.364510
345,1.000000,1.000000,1.000000,0.000000,0.000000,500.000000,0.000000,0.000000,0.000000,0.261333,0.871241,-0.253532,0.329189,1.854210,-4.606510,2.364510
346,1.000000,1.000000,1.000000,0.000000,0.000000,500.000000,0.000000,0.000000,0.000000,0.260044,0.869146,-0.237930,0.346916,1.854210,-4.606610,2.364510
347,1.000000,1.000000,1.000000,0.000000,0.000000,500.000000,0.000000,0.000000,0.000000,0.258609,0.866561,-0.222194,0.364450,1.854110,-4.606610,2.364510
348,1.000000,1.000000,1.000000,0.000000,0.000000,500.000000,0.000000,0.000000,0.000000,0.257028,0.863487,-0.206333,0.381778,1.854110,-4.606610,2.364510
349,1.000000,1.000000,1.000000,0.000000,0.000000,500.000000,0.000000,0.000000,0.000000,0.255302,0.859926,-0.190353,0.398890,1.854010,-4.606610,2.364510
350,1.000000,1.000000,1.000000,0.000000,0.000000,500.000000,0.000000,0.000000,0.000000,0.253430,0.855880,-0.174266,0.415781,1.854010,-4.606610,2.364510
351,1.000000,1.000000,1.000000,0.000000,0.000000,500.000000,0.000000,0.000000,0.000000,0.251417,0.851352,-0.158082,0.432435,1.854010,-4.606610,2.364510
352,1.000000,1.000000,1.000000,0.000000,0.000000,500.000000,0.000000,0.000000,0.000000,0.249259,0.846343,-0.141811,0.448846,1.854010,-4.606610,2.364510
353,1.000000,1.000000,1.000000,0.000000,0.000000,500.000000,0.000000,0.000000,0.000000,0.246961,0.840858,-0.125459,0.465004,1.854010,-4.606610,2.364510
354,1.000000,1.000000,1.000000,0.000000,0.000000,500.000000,0.000000,0.000000,0.000000,0.244523,0.834900,-0.109037,0.480897,1.854010,-4.606610,2.364510
355,1.000000,1.000000,1.000000,0.000000,0.000000,500.000000,0.000000,0.000000,0.000000,0.241949,0.828470,-0.092551,0.496520,1.854010,-4.606610,2.364510
356,1.000000,1.000000,1.000000,0.000000,0.000000,500.000000,0.000000,0.000000,0.000000,0.239241,0.821573,-0.076016,0.511863,1.854010,-4.606610,2.364510
357,1.000000,1.000000,1.000000,0.000000,0.000000,500.000000,0.000000,0.000000,0.000000,0.236398,0.814210,-0.059437,0.526920,1.854010,-4.606610,2.364510
358,1.000000,1.000000,1.000000,0.000000,0.000000,500.000000,0.000000,0.000000,0.000000,0.233420,0.806389,-0.042821,0.541680,1.854010,-4.606610,2.364510
359,1.000000,1.000000,1.000000,0.000000,0.000000,500.000000,0.000000,0.000000,0.000000,0.230313,0.798115,-0.026184,0.556133,1.854010,-4.606610,2.364510
360,1.000000,1.000000,1.000000,0.000000,0.000000,500.000000,0.000000,0.000000,0.000000,0.227071,0.789390,-0.009530,0.570273,1.854010,-4.606610,2.364510
361,1.000000,1.000000,1.000000,0.000000,0.000000,500.000000,0.000000,0.000000,0.000000,0.223704,0.780222,0.007129,0.584089,1.854010,-4.606610,2.364510
362,1.000000,1.000000,1.000000,0.000000,0.000000,500.000000,0.000000,0.000000,0.000000,0.220208,0.770614,0.023783,0.597576,1.854010,-4.606610,2.364510
363,1.000000,1.000000,1.000000,0.000000,0.000000,500.000000,0.000000,0.000000,0.000000,0.216588,0.760570,0.040426,0.610728,1.854010,-4.606610,2.364510
364,1.000000,1.000000,1.000000,0.000000,0.000000,500.000000,0.000000,0.000000,0.000000,0.212850,0.750096,0.057042,0.623536,1.854010,-4.606610,2.364510
365,1.000000,1.000000,1.000000,0.000000,0.000000,500.000000,0.000000,0.000000,0.000000,0.208987,0.739201,0.073626,0.635992,1.854010,-4.606610,2.364510
366,1.000000,1.000000,1.000000,0.000000,0.000000,500.000000,0.000000,0.000000,0.000000,0.205011,0.727889,0.090172,0.648087,1.854010,-4.606610,2.364510
367,1.000000,1.000000,1.000000,0.000000,0.000000,500.000000,0.000000,0.000000,0.000000,0.200916,0.716164,0.106664,0.659821,1.854010,-4.606610,2.364510
368,1.000000,1.000000,1.000000,0.000000,0.000000,500.000000,0.000000,0.000000,0.000000,0.196709,0.704036,0.123096,0.671183,1.854010,-4.606610,2.364510
369,1.000000,1.000000,1.000000,0.000000,0.000000,500.000000,0.000000,0.000000,0.000000,0.192393,0.691515,0.139459,0.682161,1.854010,-4.606610,2.364510
370,1.000000,1.000000,1.000000,0.000000,0.000000,500.000000,0.000000,0.000000,0.000000,0.187964,0.678601,0.155746,0.692758,1.854010,-4.606610,2.364510
371,1.000000,1.000000,1.000000,0.000000,0.000000,500.000000,0.000000,0.000000,0.000000,0.183432,0.665302,0.171941,0.702967,1.854010,-4.606610,2.364510
372,1.000000,1.000000,1.000000,0.000000,0.000000,500.000000,0.000000,0.000000,0.000000,0.178798,0.651632,0.188039,0.712775,1.854010,-4.606610,2.364510
373,1.000000,1.000000,1.000000,0.000000,0.000000,500.000000,0.000000,0.000000,0.000000,0.174061,0.637595,0.204035,0.722181,1.854010,-4.606610,2.364510
374,1.000000,1.000000,1.000000,0.000000,0.000000,500.000000,0.000000,0.000000,0.000000,0.169227,0.623196,0.219912,0.731183,1.854010,-4.606610,2.364510
375,1.000000,1.000000,1.000000,0.000000,0.000000,500.000000,0.000000,0.000000,0.000000,0.164296,0.608446,0.235665,0.739771,1.854010,-4.606610,2.364510
376,1.000000,1.000000,1.000000,0.000000,0.000000,500.000000,0.000000,0.000000,0.000000,0.159274,0.593352,0.251288,0.747944,1.854010,-4.606610,2.364510
377,1.000000,1.000000,1.000000,0.000000,0.000000,500.000000,0.000000,0.000000,0.000000,0.154160,0.577922,0.266771,0.755694,1.854010,-4.606610,2.364510
378,1.000000,1.000000,1.000000,0.000000,0.000000,500.000000,0.000000,0.000000,0.000000,0.148959,0.562170,0.282103,0.763017,1.854010,-4.606610,2.364510
379,1.000000,1.000000,1.000000,0.000000,0.000000,500.000000,0.000000,0.000000,0.000000,0.143678,0.546098,0.297273,0.769910,1.854010,-4.606610,2.364510
380,1.000000,1.000000,1.000000,0.000000,0.000000,500.000000,0.000000,0.000000,0.000000,0.138315,0.529720,0.312276,0.776369,1.854010,-4.606610,2.364510
381,1.000000,1.000000,1.000000,0.000000,0.000000,500.000000,0.000000,0.000000,0.000000,0.132872,0.513044,0.327101,0.782391,1.854010,-4.606610,2.364510
382,1.000000,1.000000,1.000000,0.000000,0.000000,500.000000,0.000000,0.000000,0.000000,0.127353,0.496078,0.341743,0.787972,1.854010,-4.606610,2.364510
383,1.000000,1.000000,1.000000,0.000000,0.000000,500.000000,0.000000,0.000000,0.000000,0.121764,0.478831,0.356195,0.793108,1.854010,-4.606610,2.364510
384,1.000000,1.000000,1.000000,0.000000,0.000000,500.000000,0.000000,0.000000,0.000000,0.116105,0.461314,0.370443,0.797798,1.854010,-4.606610,2.364510
385,1.000000,1.000000,1.000000,0.000000,0.000000,500.000000,0.000000,0.000000,0.000000,0.110381,0.443538,0.384486,0.802036,1.854010,-4.606610,2.364510
386,1.000000,1.000000,1.000000,0.000000,0.000000,500.000000,0.000000,0.000000,0.000000,0.104597,0.425513,0.398307,0.805822,1.854010,-4.606610,2.364510
387,1.000000,1.000000,1.000000,0.000000,0.000000,500.000000,0.000000,0.000000,0.000000,0.098755,0.407247,0.411908,0.809154,1.854010,-4.606610,2.364510
388,1.000000,1.000000,1.000000,0.000000,0.000000,500.000000,0.000000,0.000000,0.000000,0.092853,0.388753,0.425276,0.812028,1.854010,-4.606610,2.364510
389,1.000000,1.000000,1.000000,0.000000,0.000000,500.000000,0.000000,0.000000,0.000000,0.086902,0.370039,0.438402,0.814447,1.854010,-4.606610,2.364510
390,1.000000,1.000000,1.000000,0.000000,0.000000,500.000000,0.000000,0.000000,0.000000,0.080903,0.351114,0.451279,0.816407,1.854010,-4.606610,2.364510
391,1.000000,1.000000,1.000000,0.000000,0.000000,500.000000,0.000000,0.000000,0.000000,0.074856,0.331994,0.463903,0.817906,1.854010,-4.606610,2.364510
392,1.000000,1.000000,1.000000,0.000000,0.000000,500.000000,0.000000,0.000000,0.000000,0.068765,0.312686,0.476268,0.818943,1.854010,-4.606610,2.364510
393,1.000000,1.000000,1.000000,0.000000,0.000000,500.000000,0.000000,0.000000,0.000000,0.062637,0.293200,0.488363,0.819519,1.854010,-4.606610,2.364510
394,1.000000,1.000000,1.000000,0.000000,0.000000,500.000000,0.000000,0.000000,0.000000,0.056476,0.273552,0.500183,0.819632,1.854010,-4.606610,2.364510
395,1.000000,1.000000,1.000000,0.000000,0.000000,500.000000,0.000000,0.000000,0.000000,0.050282,0.253748,0.511723,0.819282,1.854010,-4.606610,2.364510
396,1.000000,1.000000,1.000000,0.000000,0.000000,500.000000,0.000000,0.000000,0.000000,0.044057,0.233803,0.522971,0.818472,1.854010,-4.606610,2.364510
397,1.000000,1.000000,1.000000,0.000000,0.000000,500.000000,0.000000,0.000000,0.000000,0.037810,0.213724,0.533928,0.817199,1.854010,-4.606610,2.364510
398,1.000000,1.000000,1.000000,0.000000,0.000000,500.000000,0.000000,0.000000,0.000000,0.031541,0.193526,0.544583,0.815465,1.854010,-4.606610,2.364510
399,1.000000,1.000000,1.000000,0.000000,0.000000,500.000000,0.000000,0.000000,0.000000,0.025256,0.173220,0.554930,0.813271,1.854010,-4.606610,2.364510
400,1.000000,1.000000,1.000000,0.000000,0.000000,500.000000,0.000000,0.000000,0.000000,0.018955,0.152811,0.564964,0.810620,1.854010,-4.606610,2.364510
401,1.000000,1.000000,1.000000,0.000000,0.000000,500.000000,0.000000,0.000000,0.000000,0.012643,0.132316,0.574680,0.807512,1.854010,-4.606610,2.364510
