frame,input.bJump,input.bJumped,input.Pitch,input.DodgeForward,input.Yaw,input.DodgeRight,car.Location.X,car.Location.Y,car.Location.Z,car.LinearVelocity.X,car.LinearVelocity.Y,car.LinearVelocity.Z,car.Quaternion.X,car.Quaternion.Y,car.Quaternion.Z,car.Quaternion.W,car.AngularVelocity.X,car.AngularVelocity.Y,car.AngularVelocity.Z
0,False,False,0.000000,0.000000,0.000000,0.000000,0.340000,0.000000,18.340000,0.000000,0.000000,0.241000,0.000003,0.008548,0.000003,0.999963,0.000000,-0.000410,0.000000
1,True,True,0.000000,0.000000,0.000000,0.000000,0.330000,0.000000,20.809999,-1.111000,0.000000,295.890991,0.000003,0.008548,0.000003,0.999963,0.000000,0.000110,0.000000
2,True,True,0.000000,0.000000,0.000000,0.000000,0.330000,0.000000,23.309999,0.501000,0.000000,299.911011,0.000003,0.008548,0.000003,0.999963,0.000000,0.000000,0.000000
3,True,True,0.000000,0.000000,0.000000,0.000000,0.330000,0.000000,25.840000,0.071000,0.000000,303.931000,0.000003,0.008548,0.000003,0.999963,0.000000,0.000000,0.000000
4,True,True,0.000000,0.000000,0.000000,0.000000,0.330000,0.000000,28.410000,0.181000,0.000000,307.950989,0.000003,0.008548,0.000003,0.999963,0.000000,0.000000,0.000000
5,True,True,0.000000,0.000000,0.000000,0.000000,0.330000,0.000000,31.010000,0.161000,0.000000,311.971008,0.000003,0.008548,0.000003,0.999963,0.000000,0.000000,0.000000
6,True,True,0.000000,0.000000,0.000000,0.000000,0.330000,0.000000,33.639999,0.161000,0.000000,315.990997,0.000003,0.008548,0.000003,0.999963,0.000000,0.000000,0.000000
7,True,True,0.000000,0.000000,0.000000,0.000000,0.330000,0.000000,36.309998,0.361000,0.000000,320.010986,0.000003,0.008548,0.000003,0.999963,0.000000,0.000000,0.000000
8,True,True,0.000000,0.000000,0.000000,0.000000,0.330000,0.000000,39.029999,0.561000,0.000000,326.740997,0.000003,0.008548,0.000003,0.999963,0.000000,0.000000,0.000000
9,True,True,0.000000,0.000000,0.000000,0.000000,0.340000,0.000000,41.809998,0.761000,0.000000,333.471008,0.000003,0.008548,0.000003,0.999963,0.000000,0.000000,0.000000
10,True,True,0.000000,0.000000,0.000000,0.000000,0.350000,0.000000,44.649998,0.961000,0.000000,340.200989,0.000003,0.008548,0.000003,0.999963,0.000000,0.000000,0.000000
11,True,True,0.000000,0.000000,0.000000,0.000000,0.360000,0.000000,47.539997,1.161000,0.000000,346.931000,0.000003,0.008548,0.000003,0.999963,0.000000,0.000000,0.000000
12,True,True,0.000000,0.000000,0.000000,0.000000,0.370000,0.000000,50.489998,1.361000,0.000000,353.661011,0.000003,0.008548,0.000003,0.999963,0.000000,0.000000,0.000000
13,True,True,0.000000,0.000000,0.000000,0.000000,0.380000,0.000000,53.489998,1.561000,0.000000,360.390991,0.000003,0.008548,0.000003,0.999963,0.000000,0.000000,0.000000
14,True,True,0.000000,0.000000,0.000000,0.000000,0.390000,0.000000,56.549999,1.761000,0.000000,367.121002,0.000003,0.008548,0.000003,0.999963,0.000000,0.000000,0.000000
15,True,True,0.000000,0.000000,0.000000,0.000000,0.410000,0.000000,59.669998,1.961000,0.000000,373.851013,0.000003,0.008548,0.000003,0.999963,0.000000,0.000000,0.000000
16,True,True,0.000000,0.000000,0.000000,0.000000,0.430000,0.000000,62.840000,2.161000,0.000000,380.580994,0.000003,0.008548,0.000003,0.999963,0.000000,0.000000,0.000000
17,True,True,0.000000,0.000000,0.000000,0.000000,0.450000,0.000000,66.070000,2.361000,0.000000,387.311005,0.000003,0.008548,0.000003,0.999963,0.000000,0.000000,0.000000
18,True,True,0.000000,0.000000,0.000000,0.000000,0.470000,0.000000,69.349998,2.561000,0.000000,394.040985,0.000003,0.008548,0.000003,0.999963,0.000000,0.000000,0.000000
19,True,True,0.000000,0.000000,0.000000,0.000000,0.490000,0.000000,72.689995,2.761000,0.000000,400.770996,0.000003,0.008548,0.000003,0.999963,0.000000,0.000000,0.000000
20,True,True,0.000000,0.000000,0.000000,0.000000,0.510000,0.000000,76.089996,2.961000,0.000000,407.501007,0.000003,0.008548,0.000003,0.999963,0.000000,0.000000,0.000000
21,False,False,0.000000,0.000000,0.000000,0.000000,0.530000,0.000000,79.439995,2.961000,0.000000,402.080994,0.000003,0.008548,0.000003,0.999963,0.000000,0.000000,0.000000
22,False,False,0.000000,0.000000,0.000000,0.000000,0.550000,0.000000,82.750000,2.961000,0.000000,396.661011,0.000003,0.008548,0.000003,0.999963,0.000000,0.000000,0.000000
23,False,False,0.000000,0.000000,0.000000,0.000000,0.570000,0.000000,86.009995,2.961000,0.000000,391.240997,0.000003,0.008548,0.000003,0.999963,0.000000,0.000000,0.000000
24,False,False,0.000000,0.000000,0.000000,0.000000,0.590000,0.000000,89.229996,2.961000,0.000000,385.820984,0.000003,0.008548,0.000003,0.999963,0.000000,0.000000,0.000000
25,False,False,0.000000,0.000000,0.000000,0.000000,0.610000,0.000000,92.400002,2.961000,0.000000,380.401001,0.000003,0.008548,0.000003,0.999963,0.000000,0.000000,0.000000
26,False,False,0.000000,0.000000,0.000000,0.000000,0.630000,0.000000,95.519997,2.961000,0.000000,374.980988,0.000003,0.008548,0.000003,0.999963,0.000000,0.000000,0.000000
27,False,False,0.000000,0.000000,0.000000,0.000000,0.650000,0.000000,98.599998,2.961000,0.000000,369.561005,0.000003,0.008548,0.000003,0.999963,0.000000,0.000000,0.000000
28,False,False,0.000000,0.000000,0.000000,0.000000,0.670000,0.000000,101.629997,2.961000,0.000000,364.140991,0.000003,0.008548,0.000003,0.999963,0.000000,0.000000,0.000000
29,False,False,0.000000,0.000000,0.000000,0.000000,0.690000,0.000000,104.619995,2.961000,0.000000,358.721008,0.000003,0.008548,0.000003,0.999963,0.000000,0.000000,0.000000
30,False,False,0.000000,0.000000,0.000000,0.000000,0.710000,0.000000,107.559998,2.961000,0.000000,353.300995,0.000003,0.008548,0.000003,0.999963,0.000000,0.000000,0.000000
31,False,False,0.000000,0.000000,0.000000,0.000000,0.730000,0.000000,110.459999,2.961000,0.000000,347.881012,0.000003,0.008548,0.000003,0.999963,0.000000,0.000000,0.000000
32,False,False,0.000000,0.000000,0.000000,0.000000,0.750000,0.000000,113.309998,2.961000,0.000000,342.460999,0.000003,0.008548,0.000003,0.999963,0.000000,0.000000,0.000000
33,False,False,0.000000,0.000000,0.000000,0.000000,0.770000,0.000000,116.119995,2.961000,0.000000,337.040985,0.000003,0.008548,0.000003,0.999963,0.000000,0.000000,0.000000
34,False,False,0.000000,0.000000,0.000000,0.000000,0.790000,0.000000,118.879997,2.961000,0.000000,331.621002,0.000003,0.008548,0.000003,0.999963,0.000000,0.000000,0.000000
35,False,False,0.000000,0.000000,0.000000,0.000000,0.810000,0.000000,121.599998,2.961000,0.000000,326.200989,0.000003,0.008548,0.000003,0.999963,0.000000,0.000000,0.000000
36,False,False,0.000000,0.000000,0.000000,0.000000,0.830000,0.000000,124.269997,2.961000,0.000000,320.781006,0.000003,0.008548,0.000003,0.999963,0.000000,0.000000,0.000000
37,False,False,0.000000,0.000000,0.000000,0.000000,0.850000,0.000000,126.899994,2.961000,0.000000,315.360992,0.000003,0.008548,0.000003,0.999963,0.000000,0.000000,0.000000
38,False,False,0.000000,0.000000,0.000000,0.000000,0.870000,0.000000,129.479996,2.961000,0.000000,309.941010,0.000003,0.008548,0.000003,0.999963,0.000000,0.000000,0.000000
39,False,False,0.000000,0.000000,0.000000,0.000000,0.890000,0.000000,132.020004,2.961000,0.000000,304.520996,0.000003,0.008548,0.000003,0.999963,0.000000,0.000000,0.000000
40,False,False,0.000000,0.000000,0.000000,0.000000,0.910000,0.000000,134.509995,2.961000,0.000000,299.101013,0.000003,0.008548,0.000003,0.999963,0.000000,0.000000,0.000000
41,False,False,0.000000,0.000000,0.000000,0.000000,0.930000,0.000000,136.959991,2.961000,0.000000,293.681000,0.000003,0.008548,0.000003,0.999963,0.000000,0.000000,0.000000
42,False,False,0.000000,0.000000,0.000000,0.000000,0.950000,0.000000,139.360001,2.961000,0.000000,288.260986,0.000003,0.008548,0.000003,0.999963,0.000000,0.000000,0.000000
43,False,False,0.000000,0.000000,0.000000,0.000000,0.970000,0.000000,141.720001,2.961000,0.000000,282.841003,0.000003,0.008548,0.000003,0.999963,0.000000,0.000000,0.000000
44,False,False,0.000000,0.000000,0.000000,0.000000,0.990000,0.000000,144.029999,2.961000,0.000000,277.420990,0.000003,0.008548,0.000003,0.999963,0.000000,0.000000,0.000000
45,False,False,0.000000,0.000000,0.000000,0.000000,1.010000,0.000000,146.300003,2.961000,0.000000,272.001007,0.000003,0.008548,0.000003,0.999963,0.000000,0.000000,0.000000
46,False,False,0.000000,0.000000,0.000000,0.000000,1.030000,0.000000,148.520004,2.961000,0.000000,266.580994,0.000003,0.008548,0.000003,0.999963,0.000000,0.000000,0.000000
47,False,False,0.000000,0.000000,0.000000,0.000000,1.050000,0.000000,150.699997,2.961000,0.000000,261.161011,0.000003,0.008548,0.000003,0.999963,0.000000,0.000000,0.000000
48,False,False,0.000000,0.000000,0.000000,0.000000,1.070000,0.000000,152.830002,2.961000,0.000000,255.740997,0.000003,0.008548,0.000003,0.999963,0.000000,0.000000,0.000000
49,False,False,0.000000,0.000000,0.000000,0.000000,1.090000,0.000000,154.919998,2.961000,0.000000,250.320999,0.000003,0.008548,0.000003,0.999963,0.000000,0.000000,0.000000
50,False,False,0.000000,0.000000,0.000000,0.000000,1.110000,0.000000,156.959991,2.961000,0.000000,244.901001,0.000003,0.008548,0.000003,0.999963,0.000000,0.000000,0.000000
51,False,False,0.000000,0.000000,0.000000,0.000000,1.130000,0.000000,158.959991,2.961000,0.000000,239.481003,0.000003,0.008548,0.000003,0.999963,0.000000,0.000000,0.000000
52,False,False,0.000000,0.000000,0.000000,0.000000,1.150000,0.000000,160.910004,2.961000,0.000000,234.061005,0.000003,0.008548,0.000003,0.999963,0.000000,0.000000,0.000000
53,False,False,0.000000,0.000000,0.000000,0.000000,1.170000,0.000000,162.819992,2.961000,0.000000,228.641006,0.000003,0.008548,0.000003,0.999963,0.000000,0.000000,0.000000
54,False,False,0.000000,0.000000,0.000000,0.000000,1.190000,0.000000,164.679993,2.961000,0.000000,223.221008,0.000003,0.008548,0.000003,0.999963,0.000000,0.000000,0.000000
55,False,False,0.000000,0.000000,0.000000,0.000000,1.210000,0.000000,166.500000,2.961000,0.000000,217.800995,0.000003,0.008548,0.000003,0.999963,0.000000,0.000000,0.000000
56,False,False,0.000000,0.000000,0.000000,0.000000,1.230000,0.000000,168.269989,2.961000,0.000000,212.380997,0.000003,0.008548,0.000003,0.999963,0.000000,0.000000,0.000000
57,False,False,0.000000,0.000000,0.000000,0.000000,1.250000,0.000000,169.989990,2.961000,0.000000,206.960999,0.000003,0.008548,0.000003,0.999963,0.000000,0.000000,0.000000
58,False,False,0.000000,0.000000,0.000000,0.000000,1.270000,0.000000,171.669998,2.961000,0.000000,201.541000,0.000003,0.008548,0.000003,0.999963,0.000000,0.000000,0.000000
59,False,False,0.000000,0.000000,0.000000,0.000000,1.290000,0.000000,173.300003,2.961000,0.000000,196.121002,0.000003,0.008548,0.000003,0.999963,0.000000,0.000000,0.000000
60,False,False,0.000000,0.000000,0.000000,0.000000,1.310000,0.000000,174.889999,2.961000,0.000000,190.701004,0.000003,0.008548,0.000003,0.999963,0.000000,0.000000,0.000000
61,False,False,0.000000,0.000000,0.000000,0.000000,1.330000,0.000000,176.429993,2.961000,0.000000,185.281006,0.000003,0.008548,0.000003,0.999963,0.000000,0.000000,0.000000
62,False,False,0.000000,0.000000,0.000000,0.000000,1.350000,0.000000,177.929993,2.961000,0.000000,179.861008,0.000003,0.008548,0.000003,0.999963,0.000000,0.000000,0.000000
63,False,False,0.000000,0.000000,0.000000,0.000000,1.370000,0.000000,179.379990,2.961000,0.000000,174.441010,0.000003,0.008548,0.000003,0.999963,0.000000,0.000000,0.000000
64,False,False,0.000000,0.000000,0.000000,0.000000,1.390000,0.000000,180.789993,2.961000,0.000000,169.020996,0.000003,0.008548,0.000003,0.999963,0.000000,0.000000,0.000000
65,False,False,0.000000,0.000000,0.000000,0.000000,1.410000,0.000000,182.149994,2.961000,0.000000,163.600998,0.000003,0.008548,0.000003,0.999963,0.000000,0.000000,0.000000
66,False,False,0.000000,0.000000,0.000000,0.000000,1.430000,0.000000,183.470001,2.961000,0.000000,158.181000,0.000003,0.008548,0.000003,0.999963,0.000000,0.000000,0.000000
67,False,False,0.000000,0.000000,0.000000,0.000000,1.450000,0.000000,184.739990,2.961000,0.000000,152.761002,0.000003,0.008548,0.000003,0.999963,0.000000,0.000000,0.000000
68,False,False,0.000000,0.000000,0.000000,0.000000,1.470000,0.000000,185.970001,2.961000,0.000000,147.341003,0.000003,0.008548,0.000003,0.999963,0.000000,0.000000,0.000000
69,False,False,0.000000,0.000000,0.000000,0.000000,1.490000,0.000000,187.149994,2.961000,0.000000,141.921005,0.000003,0.008548,0.000003,0.999963,0.000000,0.000000,0.000000
70,False,False,0.000000,0.000000,0.000000,0.000000,1.510000,0.000000,188.289993,2.961000,0.000000,136.501007,0.000003,0.008548,0.000003,0.999963,0.000000,0.000000,0.000000
71,True,True,-1.000000,1.000000,0.090000,0.090000,5.690000,0.000000,189.379990,501.091003,0.000000,131.081009,-0.000763,0.016290,0.000035,0.999867,-0.183210,1.858310,0.009710
72,True,True,0.000000,1.000000,0.000000,0.090000,9.870000,0.000000,190.429993,501.091003,0.000000,125.660995,-0.002258,0.031584,0.000073,0.999498,-0.359310,3.672010,0.012510
73,True,True,0.000000,1.000000,0.000000,0.090000,14.049999,0.000000,191.429993,501.091003,0.000000,120.240997,-0.004459,0.054237,0.000116,0.998518,-0.528410,5.442310,0.015010
74,True,True,0.000000,1.000000,0.000000,0.090000,18.230000,0.000000,192.389999,501.091003,0.000000,114.820999,-0.007329,0.084038,0.000165,0.996436,-0.527510,5.474610,0.013010
75,True,True,0.000000,1.000000,0.000000,0.090000,22.410000,0.000000,193.300003,501.091003,0.000000,109.400993,-0.010194,0.113893,0.000202,0.993441,-0.524710,5.474910,0.011310
76,True,True,0.000000,1.000000,0.000000,0.090000,26.590000,0.000000,194.169998,501.091003,0.000000,103.980995,-0.013037,0.143645,0.000235,0.989543,-0.522710,5.475010,0.009910
77,True,True,0.000000,1.000000,0.000000,0.090000,30.769999,0.000000,194.989990,501.091003,0.000000,98.560997,-0.015858,0.173268,0.000262,0.984747,-0.521310,5.475210,0.008810
78,True,True,0.000000,1.000000,0.000000,0.090000,34.950001,0.000000,195.769989,501.091003,0.000000,93.140999,-0.018658,0.202735,0.000289,0.979056,-0.520310,5.475310,0.007910
79,True,True,0.000000,1.000000,0.000000,0.090000,39.129997,0.000000,196.500000,501.091003,0.000000,87.721001,-0.021436,0.232018,0.000310,0.972475,-0.519610,5.475310,0.007210
80,True,True,0.000000,1.000000,0.000000,0.090000,43.309998,0.000000,197.190002,501.091003,0.000000,82.300995,-0.024193,0.261090,0.000326,0.965011,-0.519210,5.475410,0.006710
81,True,True,0.000000,1.000000,0.000000,0.090000,47.489998,0.000000,197.830002,501.091003,0.000000,76.880997,-0.026928,0.289926,0.000343,0.956670,-0.518910,5.475410,0.006310
82,True,True,0.000000,1.000000,0.000000,0.090000,51.669998,0.000000,198.429993,501.091003,0.000000,71.460999,-0.029636,0.318502,0.000359,0.947459,-0.518710,5.475410,0.006010
83,True,True,0.000000,1.000000,0.000000,0.090000,55.849998,0.000000,198.979996,501.091003,0.000000,66.041000,-0.032312,0.346787,0.000375,0.937387,-0.518610,5.475410,0.005710
84,True,True,0.000000,1.000000,0.000000,0.090000,60.029999,0.000000,199.489990,501.091003,0.000000,60.620998,-0.034961,0.374754,0.000386,0.926465,-0.518510,5.475410,0.005510
85,True,True,0.000000,1.000000,0.000000,0.090000,64.209999,0.000000,199.949997,501.091003,0.000000,55.200996,-0.037578,0.402380,0.000397,0.914701,-0.518410,5.475510,0.005410
86,True,True,0.000000,1.000000,0.000000,0.090000,68.389999,0.000000,200.360001,501.091003,0.000000,49.780998,-0.040156,0.429646,0.000407,0.902104,-0.518410,5.475510,0.005310
87,True,True,0.000000,1.000000,0.000000,0.090000,72.570000,0.000000,200.729996,501.091003,0.000000,44.361000,-0.042703,0.456518,0.000418,0.888689,-0.518410,5.475510,0.005210
88,True,True,0.000000,1.000000,0.000000,0.090000,76.750000,0.000000,201.050003,501.091003,0.000000,38.940998,-0.045206,0.482974,0.000429,0.874467,-0.518410,5.475510,0.005110
89,True,True,0.000000,1.000000,0.000000,0.090000,80.930000,0.000000,201.220001,501.091003,0.000000,19.890999,-0.047671,0.508993,0.000440,0.859449,-0.518410,5.475510,0.005110
90,True,True,0.000000,1.000000,0.000000,0.090000,85.110001,0.000000,201.279999,501.091003,0.000000,7.511000,-0.050094,0.534548,0.000450,0.843652,-0.518410,5.475510,0.005110
91,True,True,0.000000,1.000000,0.000000,0.090000,89.290001,0.000000,201.279999,501.091003,0.000000,-0.531000,-0.052467,0.559618,0.000456,0.827088,-0.518410,5.475510,0.005110
92,True,True,0.000000,1.000000,0.000000,0.090000,93.470001,0.000000,201.229996,501.091003,0.000000,-5.761000,-0.054798,0.584180,0.000461,0.809772,-0.518410,5.475510,0.005110
93,True,True,0.000000,1.000000,0.000000,0.090000,97.650002,0.000000,201.149994,501.091003,0.000000,-9.161000,-0.057074,0.608214,0.000467,0.791718,-0.518410,5.475510,0.005110
94,True,True,0.000000,1.000000,0.000000,0.090000,101.829994,0.000000,201.059998,501.091003,0.000000,-11.371000,-0.059303,0.631693,0.000472,0.772947,-0.518410,5.475510,0.005110
95,True,True,0.000000,1.000000,0.000000,0.090000,106.009995,0.000000,200.949997,501.091003,0.000000,-12.801000,-0.061477,0.654599,0.000477,0.753472,-0.518410,5.475510,0.005110
96,True,True,0.000000,1.000000,0.000000,0.090000,110.189995,0.000000,200.839996,501.091003,0.000000,-13.731000,-0.063591,0.676912,0.000483,0.733312,-0.518410,5.475510,0.005110
97,True,True,0.000000,1.000000,0.000000,0.090000,114.369995,0.000000,200.720001,501.091003,0.000000,-14.341001,-0.065652,0.698610,0.000488,0.712484,-0.518410,5.475510,0.005110
98,True,True,0.000000,1.000000,0.000000,0.090000,118.549995,0.000000,200.599991,501.091003,0.000000,-14.731000,-0.067654,0.719668,0.000494,0.691014,-0.518410,5.475510,0.005110
99,True,True,0.000000,1.000000,0.000000,0.090000,122.729996,0.000000,200.479996,501.091003,0.000000,-14.991000,-0.069590,0.740077,0.000499,0.668911,-0.518410,5.475510,0.005110
100,True,True,0.000000,1.000000,0.000000,0.090000,126.909996,0.000000,200.349991,501.091003,0.000000,-15.161000,-0.071462,0.759811,0.000504,0.646205,-0.518410,5.475510,0.005110
101,True,True,0.000000,1.000000,0.000000,0.090000,131.089996,0.000000,200.220001,501.091003,0.000000,-15.271000,-0.073270,0.778855,0.000510,0.622910,-0.518410,5.475510,0.005110
102,True,True,0.000000,1.000000,0.000000,0.090000,135.270004,0.000000,200.089996,501.091003,0.000000,-15.341000,-0.075012,0.797191,0.000515,0.599048,-0.518410,5.475510,0.005110
103,True,True,0.000000,1.000000,0.000000,0.090000,139.449997,0.000000,199.959991,501.091003,0.000000,-15.381001,-0.076685,0.814804,0.000515,0.574642,-0.518410,5.475510,0.005110
104,True,True,0.000000,1.000000,0.000000,0.090000,143.629990,0.000000,199.830002,501.091003,0.000000,-15.411000,-0.078292,0.831676,0.000515,0.549713,-0.518410,5.475510,0.005110
105,True,True,0.000000,1.000000,0.000000,0.090000,147.809998,0.000000,199.699997,501.091003,0.000000,-15.431000,-0.079824,0.847792,0.000515,0.524287,-0.518410,5.475510,0.005110
106,True,True,0.000000,1.000000,0.000000,0.090000,151.989990,0.000000,199.569992,501.091003,0.000000,-15.441000,-0.081286,0.863139,0.000515,0.498381,-0.518410,5.475510,0.005110
107,True,True,0.000000,1.000000,0.000000,0.090000,156.169998,0.000000,199.440002,501.091003,0.000000,-15.451000,-0.082673,0.877702,0.000515,0.472022,-0.518410,5.475510,0.005110
108,True,True,0.000000,1.000000,0.000000,0.090000,160.349991,0.000000,199.309998,501.091003,0.000000,-15.451000,-0.083984,0.891465,0.000515,0.445237,-0.518310,5.475510,0.005110
109,True,True,0.000000,1.000000,0.000000,0.090000,164.529999,0.000000,199.179993,501.091003,0.000000,-15.451000,-0.085219,0.904419,0.000515,0.418047,-0.518310,5.475510,0.005110
110,True,True,0.000000,1.000000,0.000000,0.090000,168.709991,0.000000,199.050003,501.091003,0.000000,-15.451000,-0.086379,0.916550,0.000515,0.390480,-0.518310,5.475510,0.005110
111,True,True,0.000000,1.000000,0.000000,0.090000,172.889999,0.000000,198.919998,501.091003,0.000000,-15.451000,-0.087458,0.927849,0.000515,0.362556,-0.518310,5.475510,0.005110
112,True,True,0.000000,1.000000,0.000000,0.090000,177.069992,0.000000,198.789993,501.091003,0.000000,-15.451000,-0.088456,0.938305,0.000515,0.334303,-0.518310,5.475510,0.005110
113,True,True,0.000000,1.000000,0.000000,0.090000,181.250000,0.000000,198.659988,501.091003,0.000000,-15.451000,-0.089379,0.947909,0.000515,0.305743,-0.518310,5.475510,0.005110
114,True,True,0.000000,1.000000,0.000000,0.090000,185.429993,0.000000,198.529999,501.091003,0.000000,-15.451000,-0.090220,0.956651,0.000515,0.276908,-0.518310,5.475510,0.005110
115,True,True,0.000000,1.000000,0.000000,0.090000,189.610001,0.000000,198.399994,501.091003,0.000000,-15.451000,-0.090975,0.964525,0.000515,0.247819,-0.518310,5.475510,0.005110
116,True,True,0.000000,1.000000,0.000000,0.090000,193.789993,0.000000,198.269989,501.091003,0.000000,-15.451000,-0.091650,0.971521,0.000510,0.218509,-0.518310,5.475510,0.005110
117,True,True,0.000000,1.000000,0.000000,0.090000,197.970001,0.000000,198.139999,501.091003,0.000000,-15.451000,-0.092243,0.977635,0.000504,0.188999,-0.518310,5.475510,0.005110
118,True,True,0.000000,1.000000,0.000000,0.090000,202.149994,0.000000,198.009995,501.091003,0.000000,-15.451000,-0.092750,0.982861,0.000499,0.159317,-0.518310,5.475510,0.005110
119,True,True,0.000000,1.000000,0.000000,0.090000,206.330002,0.000000,197.879990,501.091003,0.000000,-15.451000,-0.093171,0.987194,0.000494,0.129489,-0.518310,5.475510,0.005110
120,True,True,0.000000,1.000000,0.000000,0.090000,210.509995,0.000000,197.750000,501.091003,0.000000,-15.451000,-0.093511,0.990629,0.000488,0.099543,-0.518310,5.475510,0.005110
121,True,True,0.000000,1.000000,0.000000,0.090000,214.690002,0.000000,197.619995,501.091003,0.000000,-15.451000,-0.093765,0.993165,0.000483,0.069509,-0.518310,5.475510,0.005110
122,True,True,0.000000,1.000000,0.000000,0.090000,218.869995,0.000000,197.489990,501.091003,0.000000,-15.451000,-0.093932,0.994798,0.000477,0.039412,-0.518310,5.475510,0.005110
123,True,True,0.000000,1.000000,0.000000,0.090000,223.049988,0.000000,197.360001,501.091003,0.000000,-15.451000,-0.094013,0.995528,0.000472,0.009276,-0.518310,5.475510,0.005110
124,True,True,0.000000,1.000000,0.000000,0.090000,227.229996,0.000000,197.229996,501.091003,0.000000,-15.451000,-0.094013,0.995352,0.000467,-0.020864,-0.518310,5.475510,0.005110
125,True,True,0.000000,1.000000,0.000000,0.090000,231.409988,0.000000,197.099991,501.091003,0.000000,-15.451000,-0.093926,0.994272,0.000461,-0.050989,-0.518310,5.475510,0.005110
126,True,True,0.000000,1.000000,0.000000,0.090000,235.589996,0.000000,196.970001,501.091003,0.000000,-15.451000,-0.093754,0.992289,0.000456,-0.081065,-0.518310,5.475510,0.005110
127,True,True,0.000000,1.000000,0.000000,0.090000,239.769989,0.000000,196.839996,501.091003,0.000000,-15.451000,-0.093495,0.989405,0.000450,-0.111071,-0.518310,5.475510,0.005110
128,True,True,0.000000,1.000000,0.000000,0.090000,243.949997,0.000000,196.709991,501.091003,0.000000,-15.451000,-0.093150,0.985621,0.000440,-0.140975,-0.518310,5.475510,0.005110
129,True,True,0.000000,1.000000,0.000000,0.090000,248.129990,0.000000,196.580002,501.091003,0.000000,-15.451000,-0.092723,0.980942,0.000429,-0.170749,-0.518310,5.475510,0.005110
130,True,True,0.000000,1.000000,0.000000,0.090000,252.309998,0.000000,196.449997,501.091003,0.000000,-15.451000,-0.092211,0.975372,0.000418,-0.200366,-0.518310,5.475510,0.005110
131,True,True,0.000000,1.000000,0.000000,0.090000,256.489990,0.000000,196.319992,501.091003,0.000000,-15.451000,-0.091612,0.968915,0.000407,-0.229806,-0.518310,5.475510,0.005110
132,True,True,0.000000,1.000000,0.000000,0.090000,260.669983,0.000000,196.190002,501.091003,0.000000,-15.451000,-0.090932,0.961578,0.000397,-0.259035,-0.518310,5.475510,0.005110
133,True,True,0.000000,1.000000,0.000000,0.090000,264.850006,0.000000,196.059998,501.091003,0.000000,-15.451000,-0.090172,0.953367,0.000386,-0.288027,-0.518310,5.475510,0.005110
134,True,True,0.000000,1.000000,0.000000,0.090000,269.029999,0.000000,195.929993,501.091003,0.000000,-15.451000,-0.089330,0.944290,0.000375,-0.316759,-0.518310,5.475510,0.005110
135,True,True,0.000000,1.000000,0.000000,0.090000,273.209991,0.000000,195.800003,501.091003,0.000000,-15.451000,-0.088408,0.934356,0.000364,-0.345201,-0.518310,5.475510,0.005110
136,True,True,0.000000,1.000000,0.000000,0.090000,277.389984,0.000000,195.669998,501.091003,0.000000,-15.451000,-0.087404,0.923572,0.000353,-0.373329,-0.518310,5.475510,0.005110
137,True,True,0.000000,1.000000,0.000000,0.090000,281.570007,0.000000,195.539993,501.091003,0.000000,-15.451000,-0.086320,0.911950,0.000343,-0.401118,-0.518310,5.475510,0.005110
138,True,True,0.000000,1.000000,0.000000,0.090000,285.750000,0.000000,195.409988,501.091003,0.000000,-15.451000,-0.085154,0.899498,0.000332,-0.428545,-0.518310,5.475510,0.005110
139,True,True,0.000000,1.000000,0.000000,0.090000,289.929993,0.000000,195.279999,501.091003,0.000000,-15.451000,-0.083914,0.886229,0.000321,-0.455584,-0.518310,5.475510,0.005110
140,True,True,0.000000,1.000000,0.000000,0.090000,294.109985,0.000000,195.149994,501.091003,0.000000,-15.451000,-0.082597,0.872154,0.000310,-0.482208,-0.518310,5.475510,0.005110
141,True,True,0.000000,1.000000,0.000000,0.090000,298.290009,0.000000,195.019989,501.091003,0.000000,-15.451000,-0.081205,0.857287,0.000299,-0.508394,-0.518310,5.475510,0.005110
142,True,True,0.000000,1.000000,0.000000,0.090000,302.470001,0.000000,194.889999,501.091003,0.000000,-15.451000,-0.079738,0.841642,0.000289,-0.534117,-0.518310,5.475510,0.005110
143,True,True,0.000000,1.000000,0.000000,0.090000,306.649994,0.000000,194.759995,501.091003,0.000000,-15.451000,-0.078201,0.825232,0.000278,-0.559353,-0.518310,5.475510,0.005110
144,True,True,0.000000,1.000000,0.000000,0.090000,310.829987,0.000000,194.629990,501.091003,0.000000,-15.451000,-0.076593,0.808072,0.000267,-0.584083,-0.518310,5.475510,0.005110
145,True,True,0.000000,1.000000,0.000000,0.090000,315.009979,0.000000,194.500000,501.091003,0.000000,-15.451000,-0.074915,0.790176,0.000251,-0.608284,-0.518210,5.475510,0.005110
146,True,True,0.000000,1.000000,0.000000,0.090000,319.190002,0.000000,194.369995,501.091003,0.000000,-15.451000,-0.073167,0.771564,0.000240,-0.631930,-0.518210,5.475510,0.005110
147,True,True,0.000000,1.000000,0.000000,0.090000,323.369995,0.000000,194.239990,501.091003,0.000000,-15.451000,-0.071355,0.752249,0.000224,-0.655004,-0.518210,5.475510,0.005110
148,True,True,0.000000,1.000000,0.000000,0.090000,327.549988,0.000000,194.110001,501.091003,0.000000,-15.451000,-0.069477,0.732254,0.000208,-0.677478,-0.518210,5.475510,0.005110
149,True,True,0.000000,1.000000,0.000000,0.090000,331.729980,0.000000,193.979996,501.091003,0.000000,-15.451000,-0.067535,0.711593,0.000192,-0.699338,-0.518210,5.475510,0.005110
150,True,True,0.000000,1.000000,0.000000,0.090000,335.910004,0.000000,193.809998,501.091003,0.000000,-20.860998,0.066078,-0.695842,-0.000159,0.715148,-0.505810,5.343410,0.013110
151,True,True,0.000000,1.000000,0.000000,0.090000,340.089996,0.000000,193.589996,501.091003,0.000000,-26.270998,0.064649,-0.680133,-0.000105,0.730233,-0.493410,5.214610,0.020610
152,True,True,0.000000,1.000000,0.000000,0.090000,344.269989,0.000000,193.330002,501.091003,0.000000,-31.680998,0.063246,-0.664488,-0.000030,0.744618,-0.481010,5.088910,0.027610
153,True,True,0.000000,1.000000,0.000000,0.090000,348.449982,0.000000,193.019989,501.091003,0.000000,-37.091000,0.061870,-0.648929,0.000067,0.758329,-0.468610,4.966310,0.034110
154,True,True,0.000000,1.000000,0.000000,0.090000,352.630005,0.000000,192.669998,501.091003,0.000000,-42.500999,0.060527,-0.633473,0.000181,0.771394,-0.456210,4.846710,0.040110
155,True,True,0.000000,1.000000,0.000000,0.090000,356.809998,0.000000,192.269989,501.091003,0.000000,-47.910999,0.059211,-0.618135,0.000305,0.783838,-0.443910,4.730010,0.045710
156,True,True,0.000000,1.000000,0.000000,0.090000,360.989990,0.000000,191.830002,501.091003,0.000000,-53.320999,0.057927,-0.602933,0.000445,0.795686,-0.431710,4.616110,0.050810
157,True,True,0.000000,1.000000,0.000000,0.090000,365.169983,0.000000,191.339996,501.091003,0.000000,-58.730999,0.056675,-0.587876,0.000596,0.806963,-0.419610,4.505010,0.055510
158,True,True,0.000000,1.000000,0.000000,0.090000,369.350006,0.000000,190.809998,501.091003,0.000000,-64.140999,0.055451,-0.572981,0.000758,0.817690,-0.407710,4.396610,0.059810
159,True,True,0.000000,1.000000,0.000000,0.090000,373.529999,0.000000,190.229996,501.091003,0.000000,-69.550995,0.054258,-0.558253,0.000931,0.827894,-0.395910,4.290810,0.063710
160,True,True,0.000000,1.000000,0.000000,0.090000,377.709991,0.000000,189.610001,501.091003,0.000000,-74.960999,0.053098,-0.543703,0.001109,0.837595,-0.384310,4.187610,0.067210
161,True,True,0.000000,1.000000,0.000000,0.090000,381.889984,0.000000,188.940002,501.091003,0.000000,-80.370995,0.051966,-0.529342,0.001297,0.846814,-0.372910,4.086910,0.070310
162,True,True,0.000000,1.000000,0.000000,0.090000,386.069977,0.000000,188.229996,501.091003,0.000000,-85.780998,0.050865,-0.515175,0.001492,0.855573,-0.361710,3.988610,0.073110
163,True,True,0.000000,1.000000,0.000000,0.090000,390.250000,0.000000,187.470001,501.091003,0.000000,-91.190994,0.049797,-0.501213,0.001691,0.863888,-0.350710,3.892710,0.075610
164,True,True,0.000000,1.000000,0.000000,0.090000,394.429993,0.000000,186.659988,501.091003,0.000000,-96.600998,0.048756,-0.487457,0.001891,0.871783,-0.339910,3.799110,0.077810
165,True,True,0.000000,1.000000,0.000000,0.090000,398.609985,0.000000,185.809998,501.091003,0.000000,-102.010994,0.047747,-0.473910,0.002096,0.879275,-0.329410,3.707810,0.079710
166,True,True,0.000000,1.000000,0.000000,0.090000,402.789978,0.000000,184.909988,501.091003,0.000000,-107.420998,0.046765,-0.460580,0.002306,0.886382,-0.319110,3.618710,0.081310
167,True,True,0.000000,1.000000,0.000000,0.090000,406.970001,0.000000,183.970001,501.091003,0.000000,-112.830994,0.045810,-0.447465,0.002517,0.893124,-0.309010,3.531810,0.082710
168,True,True,0.000000,1.000000,0.000000,0.090000,411.149994,0.000000,182.979996,501.091003,0.000000,-118.240997,0.044882,-0.434571,0.002727,0.899514,-0.299210,3.447010,0.083810
169,True,True,0.000000,1.000000,0.000000,0.090000,415.329987,0.000000,181.949997,501.091003,0.000000,-123.650993,0.043981,-0.421899,0.002937,0.905571,-0.289610,3.364210,0.084710
170,True,True,0.000000,1.000000,0.000000,0.090000,419.509979,0.000000,180.869995,501.091003,0.000000,-129.061005,0.043107,-0.409453,0.003153,0.911307,-0.280310,3.283410,0.085410
171,True,True,0.000000,1.000000,0.000000,0.090000,423.690002,0.000000,179.750000,501.091003,0.000000,-134.471008,0.042260,-0.397228,0.003369,0.916740,-0.271210,3.204610,0.085910
172,True,True,0.000000,1.000000,0.000000,0.090000,427.869995,0.000000,178.580002,501.091003,0.000000,-139.880997,0.041440,-0.385230,0.003579,0.921883,-0.262310,3.127710,0.086310
173,True,True,0.000000,1.000000,0.000000,0.090000,432.049988,0.000000,177.369995,501.091003,0.000000,-145.291000,0.040647,-0.373453,0.003790,0.926750,-0.253710,3.052610,0.086510
174,True,True,0.000000,1.000000,0.000000,0.090000,436.229980,0.000000,176.110001,501.091003,0.000000,-150.701004,0.039876,-0.361903,0.004000,0.931354,-0.245310,2.979310,0.086510
175,True,True,0.000000,1.000000,0.000000,0.090000,440.410004,0.000000,174.809998,501.091003,0.000000,-156.111008,0.039131,-0.350574,0.004211,0.935708,-0.237210,2.907810,0.086410
176,True,True,0.000000,1.000000,0.000000,0.090000,444.589996,0.000000,173.459991,501.091003,0.000000,-161.520996,0.038408,-0.339466,0.004421,0.939823,-0.229310,2.838010,0.086210
177,True,True,0.000000,1.000000,0.000000,0.090000,448.769989,0.000000,172.069992,501.091003,0.000000,-166.931000,0.037712,-0.328579,0.004626,0.943712,-0.221610,2.769910,0.085810
178,True,True,0.000000,1.000000,0.000000,0.090000,452.949982,0.000000,170.629990,501.091003,0.000000,-172.341003,0.037038,-0.317908,0.004831,0.947385,-0.214210,2.703410,0.085310
179,True,True,0.000000,1.000000,0.000000,0.090000,457.130005,0.000000,169.149994,501.091003,0.000000,-177.751007,0.036385,-0.307459,0.005031,0.950852,-0.207010,2.638510,0.084710
180,True,True,0.000000,1.000000,0.000000,0.090000,461.309998,0.000000,167.619995,501.091003,0.000000,-183.160995,0.035754,-0.297219,0.005230,0.954125,-0.200010,2.575210,0.084010
181,True,True,0.000000,1.000000,0.000000,0.090000,465.489990,0.000000,166.050003,501.091003,0.000000,-188.570999,0.035139,-0.287196,0.005424,0.957212,-0.193210,2.513410,0.083310
182,True,True,0.000000,1.000000,0.000000,0.090000,469.669983,0.000000,164.429993,501.091003,0.000000,-193.981003,0.034546,-0.277383,0.005619,0.960122,-0.186710,2.453110,0.082510
183,True,True,0.000000,1.000000,0.000000,0.090000,473.849976,0.000000,162.769989,501.091003,0.000000,-199.391006,0.033974,-0.267774,0.005807,0.962865,-0.180410,2.394210,0.081610
184,True,True,0.000000,1.000000,0.000000,0.090000,478.029999,0.000000,161.059998,501.091003,0.000000,-204.800995,0.033418,-0.258371,0.005996,0.965449,-0.174310,2.336810,0.080710
185,True,True,0.000000,1.000000,0.000000,0.090000,482.209991,0.000000,159.309998,501.091003,0.000000,-210.210999,0.032884,-0.249168,0.006180,0.967882,-0.168410,2.280710,0.079710
186,True,True,0.000000,1.000000,0.000000,0.090000,486.389984,0.000000,157.509995,501.091003,0.000000,-215.621002,0.032366,-0.240164,0.006363,0.970172,-0.162710,2.226010,0.078710
187,True,True,0.000000,1.000000,0.000000,0.090000,490.569977,0.000000,155.669998,501.091003,0.000000,-221.031006,0.031864,-0.231354,0.006541,0.972326,-0.157110,2.172610,0.077610
188,True,True,0.000000,1.000000,0.000000,0.090000,494.750000,0.000000,153.779999,501.091003,0.000000,-226.441010,0.031379,-0.222738,0.006714,0.974350,-0.151710,2.120510,0.076510
189,True,True,0.000000,1.000000,0.000000,0.090000,498.929993,0.000000,151.849991,501.091003,0.000000,-231.850998,0.030910,-0.214312,0.006886,0.976252,-0.146510,2.069610,0.075310
190,True,True,0.000000,1.000000,0.000000,0.090000,503.109985,0.000000,149.869995,501.091003,0.000000,-237.261002,0.030456,-0.206074,0.007054,0.978037,-0.141510,2.020010,0.074110
191,True,True,0.000000,1.000000,0.000000,0.090000,507.289978,0.000000,147.849991,501.091003,0.000000,-242.671005,0.030019,-0.198019,0.007216,0.979712,-0.136610,1.971510,0.072910
192,True,True,0.000000,1.000000,0.000000,0.090000,511.470001,0.000000,145.779999,501.091003,0.000000,-248.081009,0.029599,-0.190143,0.007377,0.981282,-0.131910,1.924210,0.071710
193,True,True,0.000000,1.000000,0.000000,0.090000,515.649963,0.000000,143.669998,501.091003,0.000000,-253.490997,0.029189,-0.182445,0.007534,0.982754,-0.127410,1.878010,0.070510
194,True,True,0.000000,1.000000,0.000000,0.090000,519.830017,0.000000,141.509995,501.091003,0.000000,-258.901001,0.028795,-0.174919,0.007690,0.984132,-0.123010,1.833010,0.069310
195,True,True,0.000000,1.000000,0.000000,0.090000,524.010010,0.000000,139.309998,501.091003,0.000000,-264.311005,0.028412,-0.167566,0.007841,0.985420,-0.118810,1.789010,0.068010
196,True,True,0.000000,1.000000,0.000000,0.090000,528.190002,0.000000,137.059998,501.091003,0.000000,-269.721008,0.028045,-0.160380,0.007987,0.986625,-0.114710,1.746110,0.066710
197,True,True,0.000000,1.000000,0.000000,0.090000,532.369995,0.000000,134.770004,501.091003,0.000000,-275.131012,0.027689,-0.153356,0.008133,0.987750,-0.110810,1.704210,0.065410
198,True,True,0.000000,1.000000,0.000000,0.090000,536.549988,0.000000,132.429993,501.091003,0.000000,-280.541016,0.027344,-0.146494,0.008273,0.988799,-0.107010,1.663310,0.064110
199,True,True,0.000000,1.000000,0.000000,0.090000,540.729980,0.000000,130.050003,501.091003,0.000000,-285.950989,0.027009,-0.139793,0.008408,0.989776,-0.103310,1.623410,0.062810
200,True,True,0.000000,1.000000,0.000000,0.090000,544.909973,0.000000,127.619995,501.091003,0.000000,-291.360992,0.026691,-0.133244,0.008543,0.990687,-0.099710,1.584510,0.061510
201,True,True,0.000000,1.000000,0.000000,0.090000,549.089966,0.000000,125.149994,501.091003,0.000000,-296.770996,0.026383,-0.126846,0.008672,0.991533,-0.096310,1.546510,0.060210
202,True,True,0.000000,1.000000,0.000000,0.090000,553.269958,0.000000,122.629997,501.091003,0.000000,-302.181000,0.026087,-0.120598,0.008802,0.992319,-0.093010,1.509410,0.059010
203,True,True,0.000000,1.000000,0.000000,0.090000,557.450012,0.000000,120.070000,501.091003,0.000000,-307.591003,0.025795,-0.114497,0.008926,0.993048,-0.089810,1.473210,0.057810
204,True,True,0.000000,1.000000,0.000000,0.090000,561.630005,0.000000,117.459999,501.091003,0.000000,-313.001007,0.025515,-0.108536,0.009044,0.993724,-0.086710,1.437910,0.056610
205,True,True,0.000000,1.000000,0.000000,0.090000,565.809998,0.000000,114.809998,501.091003,0.000000,-318.411011,0.025245,-0.102715,0.009163,0.994348,-0.083710,1.403410,0.055410
206,True,True,0.000000,1.000000,0.000000,0.090000,569.989990,0.000000,112.110001,501.091003,0.000000,-323.821014,0.024986,-0.097028,0.009276,0.994925,-0.080810,1.369710,0.054210
207,True,True,0.000000,1.000000,0.000000,0.090000,574.169983,0.000000,109.369995,501.091003,0.000000,-329.230988,0.024733,-0.091477,0.009390,0.995456,-0.078010,1.336810,0.053010
208,True,True,0.000000,1.000000,0.000000,0.090000,578.349976,0.000000,106.579994,501.091003,0.000000,-334.640991,0.024490,-0.086055,0.009498,0.995944,-0.075310,1.304710,0.051810
209,True,True,0.000000,1.000000,0.000000,0.090000,582.529968,0.000000,103.750000,501.091003,0.000000,-340.050995,0.024258,-0.080763,0.009605,0.996392,-0.072710,1.273410,0.050610
210,True,True,0.000000,1.000000,0.000000,0.090000,586.709961,0.000000,100.869995,501.091003,0.000000,-345.460999,0.024031,-0.075595,0.009708,0.996802,-0.070210,1.242810,0.049410
211,True,True,0.000000,1.000000,0.000000,0.090000,590.890015,0.000000,97.949997,501.091003,0.000000,-350.871002,0.023815,-0.070551,0.009810,0.997176,-0.067810,1.213010,0.048310
212,True,True,0.000000,1.000000,0.000000,0.090000,595.070007,0.000000,94.979996,501.091003,0.000000,-356.281006,0.023605,-0.065625,0.009908,0.997516,-0.065510,1.183910,0.047210
213,True,True,0.000000,1.000000,0.000000,0.090000,599.250000,0.000000,91.970001,501.091003,0.000000,-361.691010,0.023400,-0.060813,0.010005,0.997825,-0.063310,1.155510,0.046110
214,True,True,0.000000,1.000000,0.000000,0.090000,603.429993,0.000000,88.909996,501.091003,0.000000,-367.101013,0.023206,-0.056114,0.010096,0.998104,-0.061110,1.127810,0.045010
215,True,True,0.000000,1.000000,0.000000,0.090000,607.609985,0.000000,85.809998,501.091003,0.000000,-372.510986,0.023017,-0.051529,0.010188,0.998354,-0.059010,1.100710,0.043910
216,True,True,0.000000,1.000000,0.000000,0.090000,611.789978,0.000000,82.659996,501.091003,0.000000,-377.920990,0.022834,-0.047051,0.010274,0.998578,-0.057010,1.074310,0.042810
217,True,True,0.000000,1.000000,0.000000,0.090000,615.969971,0.000000,79.470001,501.091003,0.000000,-383.330994,0.022656,-0.042681,0.010361,0.998778,-0.055110,1.048510,0.041810
218,True,True,0.000000,1.000000,0.000000,0.090000,620.149963,0.000000,76.229996,501.091003,0.000000,-388.740997,0.022483,-0.038414,0.010442,0.998954,-0.053210,1.023310,0.040810
219,True,True,0.000000,1.000000,0.000000,0.090000,624.329956,0.000000,72.949997,501.091003,0.000000,-394.151001,0.022321,-0.034249,0.010523,0.999109,-0.051410,0.998710,0.039810
220,True,True,0.000000,1.000000,0.000000,0.090000,628.510010,0.000000,69.619995,501.091003,0.000000,-399.561005,0.022165,-0.030187,0.010598,0.999242,-0.049710,0.974710,0.038810
221,True,True,0.000000,1.000000,0.000000,0.090000,632.690002,0.000000,66.250000,501.091003,0.000000,-404.971008,0.022014,-0.026221,0.010674,0.999357,-0.048010,0.951310,0.037810
222,True,True,0.000000,1.000000,0.000000,0.090000,636.869995,0.000000,62.829998,501.091003,0.000000,-410.381012,0.021868,-0.022348,0.010749,0.999453,-0.046410,0.928510,0.036910
223,True,True,0.000000,1.000000,0.000000,0.090000,641.049988,0.000000,59.369999,501.091003,0.000000,-415.790985,0.021722,-0.018566,0.010819,0.999533,-0.044810,0.906210,0.036010
224,True,True,0.000000,1.000000,0.000000,0.090000,645.229980,0.000000,55.860001,501.091003,0.000000,-421.200989,0.021582,-0.014876,0.010889,0.999597,-0.043310,0.884410,0.035110
225,True,True,0.000000,1.000000,0.000000,0.090000,649.409973,0.000000,52.299999,501.091003,0.000000,-426.610992,0.021447,-0.011278,0.010960,0.999646,-0.041810,0.863210,0.034210
226,True,True,0.000000,1.000000,0.000000,0.090000,653.589966,0.000000,48.700001,501.091003,0.000000,-432.020996,0.021318,-0.007766,0.011024,0.999682,-0.040410,0.842510,0.033310
227,True,True,0.000000,1.000000,0.000000,0.090000,657.769958,0.000000,45.049999,501.091003,0.000000,-437.431000,0.021194,-0.004335,0.011089,0.999704,-0.039010,0.822310,0.032410
228,True,True,0.000000,1.000000,0.000000,0.090000,661.950012,0.000000,41.360001,501.091003,0.000000,-442.841003,0.021075,-0.000985,0.011148,0.999715,-0.037710,0.802610,0.031610
229,True,True,0.000000,1.000000,0.000000,0.090000,666.130005,0.000000,37.619999,501.091003,0.000000,-448.251007,0.020962,0.002285,0.011208,0.999715,-0.036410,0.783310,0.030810
230,True,True,0.000000,1.000000,0.000000,0.090000,670.309998,0.000000,33.840000,501.091003,0.000000,-453.661011,0.020848,0.005473,0.011267,0.999704,-0.035210,0.764510,0.030010
231,True,True,0.000000,1.000000,0.000000,0.090000,674.479980,0.010000,30.109999,499.960999,1.421000,-447.441010,0.018291,0.009659,0.011138,0.999724,-0.625110,0.997610,-0.007410
232,True,True,0.000000,1.000000,0.000000,0.090000,678.609985,0.060000,26.750000,495.480988,6.171000,-403.031006,0.015928,0.012859,0.011073,0.999729,-0.575110,0.761910,0.004210
233,True,True,0.000000,1.000000,0.000000,0.090000,682.700012,0.140000,23.799999,491.020996,9.941000,-353.941010,0.013770,0.015211,0.011057,0.999728,-0.523910,0.558310,0.011710
234,True,True,0.000000,1.000000,0.000000,0.090000,686.750000,0.250000,21.279999,486.580994,12.731000,-302.830994,0.011807,0.016835,0.011068,0.999727,-0.475910,0.383710,0.015310
235,True,True,0.000000,1.000000,0.000000,0.090000,690.769958,0.370000,19.180000,482.161011,14.591000,-251.880997,0.010021,0.017838,0.011094,0.999729,-0.431510,0.235410,0.016110
236,True,True,0.000000,1.000000,0.000000,0.090000,694.750000,0.520000,17.629999,477.710999,17.740999,-185.431000,0.005565,0.015971,0.011154,0.999795,-1.063510,-0.459510,0.028610
237,True,True,0.000000,1.000000,0.000000,0.090000,698.690002,0.690000,16.719999,473.281006,20.210999,-108.830994,0.000434,0.012233,0.011213,0.999862,-1.220410,-0.911810,0.028810
238,True,True,0.000000,1.000000,0.000000,0.090000,702.599976,0.850000,16.320000,468.911011,19.540998,-47.771000,-0.001065,0.009789,0.011246,0.999888,-0.353710,-0.590510,0.011310
239,True,True,0.000000,1.000000,0.000000,0.090000,706.469971,1.000000,16.219999,464.561005,18.150999,-12.571000,-0.001405,0.008338,0.011262,0.999901,-0.077310,-0.349210,0.004810
240,True,True,0.000000,1.000000,0.000000,0.090000,710.309998,1.140000,16.279999,460.210999,16.720999,6.601000,-0.001362,0.007615,0.011267,0.999907,0.012010,-0.173510,0.001610
241,True,True,0.000000,1.000000,0.000000,0.090000,714.109985,1.270000,16.410000,455.860992,15.461000,15.891000,-0.001244,0.007421,0.011267,0.999908,0.029210,-0.046710,-0.000110
242,True,True,0.000000,1.000000,0.000000,0.090000,717.869995,1.390000,16.570000,451.501007,14.391000,19.190998,-0.001125,0.007394,0.011262,0.999909,0.028010,-0.006710,-0.001110
243,True,True,0.000000,1.000000,0.000000,0.090000,721.599976,1.500000,16.740000,447.140991,13.501000,20.250999,-0.001017,0.007421,0.011256,0.999909,0.026210,0.007110,-0.001810
244,True,True,0.000000,1.000000,0.000000,0.090000,725.289978,1.610000,16.910000,442.781006,12.751000,20.250999,-0.000914,0.007485,0.011246,0.999908,0.024010,0.015110,-0.002210
245,True,True,0.000000,1.000000,0.000000,0.090000,728.940002,1.710000,17.070000,438.411011,12.121000,19.540998,-0.000823,0.007566,0.011235,0.999908,0.021710,0.019310,-0.002410
246,True,True,0.000000,1.000000,0.000000,0.090000,732.559998,1.810000,17.219999,434.040985,11.581000,18.400999,-0.000742,0.007653,0.011224,0.999907,0.019510,0.021110,-0.002510
247,True,True,0.000000,1.000000,0.000000,0.090000,736.139954,1.900000,17.359999,429.670990,11.121000,17.011000,-0.000666,0.007739,0.011213,0.999907,0.017410,0.021310,-0.002510
248,True,True,0.000000,1.000000,0.000000,0.090000,739.679993,1.990000,17.490000,425.300995,10.731000,15.501000,-0.000602,0.007825,0.011202,0.999906,0.015410,0.020610,-0.002410
249,True,True,0.000000,1.000000,0.000000,0.090000,743.190002,2.080000,17.609999,420.931000,10.391000,13.951000,-0.000542,0.007906,0.011192,0.999906,0.013710,0.019310,-0.002310
250,True,True,0.000000,1.000000,0.000000,0.090000,746.659973,2.160000,17.709999,416.561005,10.091001,12.421000,-0.000488,0.007982,0.011181,0.999905,0.012110,0.017810,-0.002110
251,True,True,0.000000,1.000000,0.000000,0.090000,750.089966,2.240000,17.799999,412.191010,9.831000,10.981000,-0.000445,0.008046,0.011175,0.999905,0.010710,0.016210,-0.001910
252,True,True,0.000000,1.000000,0.000000,0.090000,753.489990,2.320000,17.879999,407.820984,9.601000,9.651000,-0.000407,0.008106,0.011170,0.999905,0.009510,0.014610,-0.001710
253,True,True,0.000000,1.000000,0.000000,0.090000,756.849976,2.400000,17.949999,403.441010,9.391000,8.431000,-0.000370,0.008160,0.011165,0.999904,0.008410,0.013110,-0.001510
254,True,True,0.000000,1.000000,0.000000,0.090000,760.179993,2.480000,18.010000,399.061005,9.201000,7.321000,-0.000337,0.008208,0.011159,0.999904,0.007410,0.011710,-0.001310
255,True,True,0.000000,1.000000,0.000000,0.090000,763.469971,2.560000,18.059999,394.681000,9.031000,6.331000,-0.000310,0.008251,0.011154,0.999904,0.006510,0.010410,-0.001110
256,True,True,0.000000,1.000000,0.000000,0.090000,766.719971,2.630000,18.109999,390.300995,8.871000,5.461000,-0.000283,0.008289,0.011148,0.999903,0.005710,0.009210,-0.001010
257,True,True,0.000000,1.000000,0.000000,0.090000,769.940002,2.700000,18.150000,385.920990,8.731000,4.671000,-0.000262,0.008321,0.011143,0.999903,0.005010,0.008110,-0.000910
258,True,True,0.000000,1.000000,0.000000,0.090000,773.119995,2.770000,18.180000,381.540985,8.591001,3.981000,-0.000240,0.008354,0.011138,0.999903,0.004410,0.007110,-0.000810
259,True,True,0.000000,1.000000,0.000000,0.090000,776.260010,2.840000,18.209999,377.161011,8.461000,3.401000,-0.000224,0.008381,0.011132,0.999903,0.003910,0.006210,-0.000710
260,True,True,0.000000,1.000000,0.000000,0.090000,779.369995,2.910000,18.230000,372.781006,8.341001,2.881000,-0.000208,0.008402,0.011132,0.999903,0.003410,0.005410,-0.000610
261,True,True,0.000000,1.000000,0.000000,0.090000,782.440002,2.980000,18.250000,368.401001,8.221001,2.451000,-0.000197,0.008424,0.011132,0.999902,0.003010,0.004810,-0.000510
262,True,True,0.000000,1.000000,0.000000,0.090000,785.469971,3.050000,18.270000,364.020996,8.111000,2.081000,-0.000186,0.008440,0.011132,0.999902,0.002710,0.004210,-0.000410
263,True,True,0.000000,1.000000,0.000000,0.090000,788.469971,3.120000,18.279999,359.640991,8.001000,1.751000,-0.000175,0.008456,0.011132,0.999902,0.002410,0.003710,-0.000310
264,True,True,0.000000,1.000000,0.000000,0.090000,791.429993,3.190000,18.289999,355.260986,7.891000,1.491000,-0.000165,0.008473,0.011132,0.999902,0.002110,0.003310,-0.000210
265,True,True,0.000000,1.000000,0.000000,0.090000,794.349976,3.250000,18.299999,350.881012,7.791000,1.281000,-0.000159,0.008483,0.011132,0.999902,0.001810,0.002910,-0.000110
266,True,True,0.000000,1.000000,0.000000,0.090000,797.239990,3.310000,18.309999,346.501007,7.691000,1.101000,-0.000154,0.008494,0.011132,0.999902,0.001610,0.002510,0.000000
267,True,True,0.000000,1.000000,0.000000,0.090000,800.089966,3.370000,18.320000,342.121002,7.591000,0.931000,-0.000148,0.008505,0.011132,0.999902,0.001410,0.002210,0.000000
268,True,True,0.000000,1.000000,0.000000,0.090000,802.899963,3.430000,18.330000,337.740997,7.491000,0.781000,-0.000143,0.008510,0.011132,0.999902,0.001310,0.001910,0.000000
269,True,True,0.000000,1.000000,0.000000,0.090000,805.679993,3.490000,18.340000,333.360992,7.391000,0.641000,-0.000138,0.008516,0.011132,0.999902,0.001210,0.001710,0.000000
270,True,True,0.000000,1.000000,0.000000,0.090000,808.419983,3.550000,18.340000,328.980988,7.291000,0.501000,-0.000132,0.008521,0.011132,0.999902,0.001110,0.001510,0.000000
271,True,True,0.000000,1.000000,0.000000,0.090000,811.130005,3.610000,18.340000,324.601013,7.191000,0.411000,-0.000127,0.008526,0.011132,0.999902,0.000910,0.001310,0.000000
272,True,True,0.000000,1.000000,0.000000,0.090000,813.799988,3.670000,18.340000,320.221008,7.091000,0.351000,-0.000121,0.008532,0.011132,0.999902,0.000810,0.001210,0.000000
273,True,True,0.000000,1.000000,0.000000,0.090000,816.429993,3.730000,18.340000,315.841003,6.991000,0.311000,-0.000116,0.008537,0.011132,0.999902,0.000710,0.001010,0.000000
274,True,True,0.000000,1.000000,0.000000,0.090000,819.029968,3.790000,18.340000,311.460999,6.891000,0.281000,-0.000116,0.008543,0.011132,0.999901,0.000510,0.000910,0.000000
275,True,True,0.000000,1.000000,0.000000,0.090000,821.589966,3.850000,18.340000,307.080994,6.791000,0.261000,-0.000116,0.008548,0.011132,0.999901,0.000410,0.000810,0.000000
276,True,True,0.000000,1.000000,0.000000,0.090000,824.109985,3.910000,18.340000,302.700989,6.701000,0.251000,-0.000116,0.008553,0.011132,0.999901,0.000410,0.000710,0.000000
277,True,True,0.000000,1.000000,0.000000,0.090000,826.599976,3.970000,18.340000,298.321014,6.601000,0.241000,-0.000116,0.008553,0.011132,0.999901,0.000410,0.000510,0.000000
278,True,True,0.000000,1.000000,0.000000,0.090000,829.049988,4.020000,18.340000,293.941010,6.501000,0.241000,-0.000116,0.008553,0.011132,0.999901,0.000410,0.000410,0.000000
279,True,True,0.000000,1.000000,0.000000,0.090000,831.459961,4.070000,18.340000,289.561005,6.401000,0.241000,-0.000116,0.008553,0.011132,0.999901,0.000410,0.000410,0.000000
280,True,True,0.000000,1.000000,0.000000,0.090000,833.839966,4.120000,18.340000,285.181000,6.311000,0.241000,-0.000116,0.008553,0.011132,0.999901,0.000410,0.000410,0.000000
281,True,True,0.000000,1.000000,0.000000,0.090000,836.179993,4.170000,18.340000,280.800995,6.211000,0.241000,-0.000116,0.008553,0.011132,0.999901,0.000410,0.000410,0.000000
282,True,True,0.000000,1.000000,0.000000,0.090000,838.479980,4.220000,18.340000,276.420990,6.111000,0.241000,-0.000116,0.008553,0.011132,0.999901,0.000410,0.000410,0.000000
283,True,True,0.000000,1.000000,0.000000,0.090000,840.750000,4.270000,18.340000,272.041016,6.011000,0.241000,-0.000116,0.008553,0.011132,0.999901,0.000410,0.000410,0.000000
284,True,True,0.000000,1.000000,0.000000,0.090000,842.979980,4.320000,18.340000,267.661011,5.921000,0.241000,-0.000116,0.008553,0.011132,0.999901,0.000410,0.000410,0.000000
285,True,True,0.000000,1.000000,0.000000,0.090000,845.169983,4.370000,18.340000,263.281006,5.821000,0.241000,-0.000116,0.008553,0.011132,0.999901,0.000410,0.000410,0.000000
286,True,True,0.000000,1.000000,0.000000,0.090000,847.329956,4.420000,18.340000,258.901001,5.721000,0.241000,-0.000116,0.008553,0.011132,0.999901,0.000410,0.000410,0.000000
287,True,True,0.000000,1.000000,0.000000,0.090000,849.449951,4.470000,18.340000,254.520996,5.621000,0.241000,-0.000116,0.008553,0.011132,0.999901,0.000410,0.000410,0.000000
288,True,True,0.000000,1.000000,0.000000,0.090000,851.529968,4.520000,18.340000,250.141006,5.531000,0.241000,-0.000116,0.008553,0.011132,0.999901,0.000410,0.000410,0.000000
289,True,True,0.000000,1.000000,0.000000,0.090000,853.579956,4.570000,18.340000,245.761002,5.431000,0.241000,-0.000116,0.008553,0.011132,0.999901,0.000410,0.000410,0.000000
290,True,True,0.000000,1.000000,0.000000,0.090000,855.589966,4.610000,18.340000,241.380997,5.331000,0.241000,-0.000116,0.008553,0.011132,0.999901,0.000410,0.000410,0.000000
291,True,True,0.000000,1.000000,0.000000,0.090000,857.570007,4.650000,18.340000,237.001007,5.231000,0.241000,-0.000116,0.008553,0.011132,0.999901,0.000410,0.000410,0.000000
292,True,True,0.000000,1.000000,0.000000,0.090000,859.510010,4.690000,18.340000,232.621002,5.141000,0.241000,-0.000116,0.008553,0.011132,0.999901,0.000410,0.000410,0.000000
293,True,True,0.000000,1.000000,0.000000,0.090000,861.409973,4.730000,18.340000,228.240997,5.041000,0.241000,-0.000116,0.008553,0.011132,0.999901,0.000410,0.000410,0.000000
294,True,True,0.000000,1.000000,0.000000,0.090000,863.279968,4.770000,18.340000,223.861008,4.941000,0.241000,-0.000116,0.008553,0.011132,0.999901,0.000410,0.000410,0.000000
295,True,True,0.000000,1.000000,0.000000,0.090000,865.109985,4.810000,18.340000,219.481003,4.841000,0.241000,-0.000116,0.008553,0.011132,0.999901,0.000410,0.000410,0.000000
296,True,True,0.000000,1.000000,0.000000,0.090000,866.899963,4.850000,18.340000,215.100998,4.751000,0.241000,-0.000116,0.008553,0.011132,0.999901,0.000410,0.000410,0.000000
297,True,True,0.000000,1.000000,0.000000,0.090000,868.659973,4.890000,18.340000,210.721008,4.651000,0.241000,-0.000116,0.008553,0.011132,0.999901,0.000410,0.000410,0.000000
298,True,True,0.000000,1.000000,0.000000,0.090000,870.380005,4.930000,18.340000,206.341003,4.551000,0.241000,-0.000116,0.008553,0.011132,0.999901,0.000410,0.000410,0.000000
299,True,True,0.000000,1.000000,0.000000,0.090000,872.059998,4.970000,18.340000,201.960999,4.451000,0.241000,-0.000116,0.008553,0.011132,0.999901,0.000410,0.000410,0.000000
300,True,True,0.000000,1.000000,0.000000,0.090000,873.709961,5.010000,18.340000,197.581009,4.351000,0.241000,-0.000116,0.008553,0.011132,0.999901,0.000410,0.000410,0.000000
301,True,True,0.000000,1.000000,0.000000,0.090000,875.320007,5.050000,18.340000,193.201004,4.261000,0.241000,-0.000116,0.008553,0.011132,0.999901,0.000410,0.000410,0.000000
302,True,True,0.000000,1.000000,0.000000,0.090000,876.889954,5.080000,18.340000,188.820999,4.161000,0.241000,-0.000116,0.008553,0.011132,0.999901,0.000410,0.000410,0.000000
303,True,True,0.000000,1.000000,0.000000,0.090000,878.429993,5.110000,18.340000,184.441010,4.061000,0.241000,-0.000116,0.008553,0.011132,0.999901,0.000410,0.000410,0.000000
304,True,True,0.000000,1.000000,0.000000,0.090000,879.929993,5.140000,18.340000,180.061005,3.961000,0.241000,-0.000116,0.008553,0.011132,0.999901,0.000410,0.000410,0.000000
305,True,True,0.000000,1.000000,0.000000,0.090000,881.389954,5.170000,18.340000,175.681000,3.871000,0.241000,-0.000116,0.008553,0.011132,0.999901,0.000410,0.000410,0.000000
306,True,True,0.000000,1.000000,0.000000,0.090000,882.820007,5.200000,18.340000,171.301010,3.771000,0.241000,-0.000116,0.008553,0.011132,0.999901,0.000410,0.000410,0.000000
307,True,True,0.000000,1.000000,0.000000,0.090000,884.209961,5.230000,18.340000,166.921005,3.671000,0.241000,-0.000116,0.008553,0.011132,0.999901,0.000410,0.000410,0.000000
308,True,True,0.000000,1.000000,0.000000,0.090000,885.559998,5.260000,18.340000,162.541000,3.571000,0.241000,-0.000116,0.008553,0.011132,0.999901,0.000410,0.000410,0.000000
309,True,True,0.000000,1.000000,0.000000,0.090000,886.880005,5.290000,18.340000,158.161011,3.481000,0.241000,-0.000116,0.008553,0.011132,0.999901,0.000410,0.000410,0.000000
310,True,True,0.000000,1.000000,0.000000,0.090000,888.159973,5.320000,18.340000,153.781006,3.381000,0.241000,-0.000116,0.008553,0.011132,0.999901,0.000410,0.000410,0.000000
311,True,True,0.000000,1.000000,0.000000,0.090000,889.409973,5.350000,18.340000,149.401001,3.281000,0.241000,-0.000116,0.008553,0.011132,0.999901,0.000410,0.000410,0.000000
312,True,True,0.000000,1.000000,0.000000,0.090000,890.619995,5.380000,18.340000,145.021011,3.181000,0.241000,-0.000116,0.008553,0.011132,0.999901,0.000410,0.000410,0.000000
313,True,True,0.000000,1.000000,0.000000,0.090000,891.789978,5.410000,18.340000,140.641006,3.091000,0.241000,-0.000116,0.008553,0.011132,0.999901,0.000410,0.000410,0.000000
314,True,True,0.000000,1.000000,0.000000,0.090000,892.929993,5.430000,18.340000,136.261002,2.991000,0.241000,-0.000116,0.008553,0.011132,0.999901,0.000410,0.000410,0.000000
315,True,True,0.000000,1.000000,0.000000,0.090000,894.029968,5.450000,18.340000,131.880997,2.891000,0.241000,-0.000116,0.008553,0.011132,0.999901,0.000410,0.000410,0.000000
316,True,True,0.000000,1.000000,0.000000,0.090000,895.089966,5.470000,18.340000,127.500999,2.791000,0.241000,-0.000116,0.008553,0.011132,0.999901,0.000410,0.000410,0.000000
317,True,True,0.000000,1.000000,0.000000,0.090000,896.119995,5.490000,18.340000,123.120995,2.701000,0.241000,-0.000116,0.008553,0.011132,0.999901,0.000410,0.000410,0.000000
318,True,True,0.000000,1.000000,0.000000,0.090000,897.109985,5.510000,18.340000,118.740997,2.601000,0.241000,-0.000116,0.008553,0.011132,0.999901,0.000410,0.000410,0.000000
319,True,True,0.000000,1.000000,0.000000,0.090000,898.059998,5.530000,18.340000,114.361000,2.501000,0.241000,-0.000116,0.008553,0.011132,0.999901,0.000410,0.000410,0.000000
320,True,True,0.000000,1.000000,0.000000,0.090000,898.979980,5.550000,18.340000,109.980995,2.401000,0.241000,-0.000116,0.008553,0.011132,0.999901,0.000410,0.000410,0.000000
321,True,True,0.000000,1.000000,0.000000,0.090000,899.859985,5.570000,18.340000,105.600998,2.311000,0.241000,-0.000116,0.008553,0.011132,0.999901,0.000410,0.000410,0.000000
322,True,True,0.000000,1.000000,0.000000,0.090000,900.699951,5.590000,18.340000,101.221001,2.211000,0.241000,-0.000116,0.008553,0.011132,0.999901,0.000410,0.000410,0.000000
323,True,True,0.000000,1.000000,0.000000,0.090000,901.510010,5.610000,18.340000,96.840996,2.111000,0.241000,-0.000116,0.008553,0.011132,0.999901,0.000410,0.000410,0.000000
324,True,True,0.000000,1.000000,0.000000,0.090000,902.279968,5.630000,18.340000,92.460999,2.011000,0.241000,-0.000116,0.008553,0.011132,0.999901,0.000410,0.000410,0.000000
325,True,True,0.000000,1.000000,0.000000,0.090000,903.010010,5.650000,18.340000,88.081001,1.921000,0.241000,-0.000116,0.008553,0.011132,0.999901,0.000410,0.000410,0.000000
326,True,True,0.000000,1.000000,0.000000,0.090000,903.709961,5.670000,18.340000,83.700996,1.821000,0.241000,-0.000116,0.008553,0.011132,0.999901,0.000410,0.000410,0.000000
327,True,True,0.000000,1.000000,0.000000,0.090000,904.369995,5.680000,18.340000,79.320999,1.721000,0.241000,-0.000116,0.008553,0.011132,0.999901,0.000410,0.000410,0.000000
328,True,True,0.000000,1.000000,0.000000,0.090000,904.989990,5.690000,18.340000,74.940994,1.621000,0.241000,-0.000116,0.008553,0.011132,0.999901,0.000410,0.000410,0.000000
329,True,True,0.000000,1.000000,0.000000,0.090000,905.579956,5.700000,18.340000,70.560997,1.531000,0.241000,-0.000116,0.008553,0.011132,0.999901,0.000410,0.000410,0.000000
330,True,True,0.000000,1.000000,0.000000,0.090000,906.130005,5.710000,18.340000,66.181000,1.431000,0.241000,-0.000116,0.008553,0.011132,0.999901,0.000410,0.000410,0.000000
331,True,True,0.000000,1.000000,0.000000,0.090000,906.649963,5.720000,18.340000,61.800999,1.331000,0.241000,-0.000116,0.008553,0.011132,0.999901,0.000410,0.000410,0.000000
332,True,True,0.000000,1.000000,0.000000,0.090000,907.130005,5.730000,18.340000,57.420998,1.231000,0.241000,-0.000116,0.008553,0.011132,0.999901,0.000410,0.000410,0.000000
333,True,True,0.000000,1.000000,0.000000,0.090000,907.570007,5.740000,18.340000,53.040997,1.141000,0.241000,-0.000116,0.008553,0.011132,0.999901,0.000410,0.000410,0.000000
334,True,True,0.000000,1.000000,0.000000,0.090000,907.979980,5.750000,18.340000,48.660999,1.041000,0.241000,-0.000116,0.008553,0.011132,0.999901,0.000410,0.000410,0.000000
335,True,True,0.000000,1.000000,0.000000,0.090000,908.349976,5.760000,18.340000,44.280998,0.941000,0.241000,-0.000116,0.008553,0.011132,0.999901,0.000410,0.000410,0.000000
336,True,True,0.000000,1.000000,0.000000,0.090000,908.679993,5.770000,18.340000,39.900997,0.841000,0.241000,-0.000116,0.008553,0.011132,0.999901,0.000410,0.000410,0.000000
337,True,True,0.000000,1.000000,0.000000,0.090000,908.979980,5.780000,18.340000,35.521000,0.751000,0.241000,-0.000116,0.008553,0.011132,0.999901,0.000410,0.000410,0.000000
338,True,True,0.000000,1.000000,0.000000,0.090000,909.239990,5.790000,18.340000,31.140999,0.651000,0.241000,-0.000116,0.008553,0.011132,0.999901,0.000410,0.000410,0.000000
339,True,True,0.000000,1.000000,0.000000,0.090000,909.459961,5.790000,18.340000,26.761000,0.551000,0.241000,-0.000116,0.008553,0.011132,0.999901,0.000410,0.000410,0.000000
340,True,True,0.000000,1.000000,0.000000,0.090000,909.649963,5.790000,18.340000,22.380999,0.451000,0.241000,-0.000116,0.008553,0.011132,0.999901,0.000410,0.000410,0.000000
341,True,True,0.000000,1.000000,0.000000,0.090000,909.599976,5.790000,18.340000,-5.891000,-0.171000,0.241000,-0.000116,0.008564,0.011132,0.999901,0.000410,0.002410,0.000000
342,True,True,0.000000,1.000000,0.000000,0.090000,909.609985,5.790000,18.340000,1.611000,0.000000,0.241000,-0.000116,0.008564,0.011132,0.999901,0.000410,0.000510,0.000000
343,True,True,0.000000,1.000000,0.000000,0.090000,909.609985,5.790000,18.340000,-0.411000,-0.041000,0.241000,-0.000116,0.008564,0.011132,0.999901,0.000410,0.000110,0.000000
344,True,True,0.000000,1.000000,0.000000,0.090000,909.609985,5.790000,18.340000,0.111000,-0.021000,0.241000,-0.000116,0.008564,0.011132,0.999901,0.000410,-0.000210,0.000000
345,True,True,0.000000,1.000000,0.000000,0.090000,909.609985,5.790000,18.340000,-0.031000,-0.021000,0.241000,-0.000116,0.008564,0.011132,0.999901,0.000410,-0.000410,0.000000
346,True,True,0.000000,1.000000,0.000000,0.090000,909.609985,5.790000,18.340000,0.000000,-0.011000,0.241000,-0.000116,0.008564,0.011132,0.999901,0.000410,-0.000510,0.000000
347,True,True,0.000000,1.000000,0.000000,0.090000,909.609985,5.790000,18.340000,-0.011000,-0.011000,0.241000,-0.000116,0.008564,0.011132,0.999901,0.000410,-0.000610,0.000000
348,True,True,0.000000,1.000000,0.000000,0.090000,909.609985,5.790000,18.340000,-0.011000,-0.011000,0.241000,-0.000116,0.008559,0.011132,0.999901,0.000410,-0.000610,0.000000
349,True,True,0.000000,1.000000,0.000000,0.090000,909.609985,5.790000,18.340000,-0.011000,-0.011000,0.241000,-0.000116,0.008559,0.011132,0.999901,0.000410,-0.000610,0.000000
350,True,True,0.000000,1.000000,0.000000,0.090000,909.609985,5.790000,18.340000,-0.011000,-0.011000,0.241000,-0.000116,0.008559,0.011132,0.999901,0.000410,-0.000610,0.000000
351,True,True,0.000000,1.000000,0.000000,0.090000,909.609985,5.790000,18.340000,-0.011000,-0.011000,0.241000,-0.000116,0.008559,0.011132,0.999901,0.000410,-0.000610,0.000000
352,True,True,0.000000,1.000000,0.000000,0.090000,909.609985,5.790000,18.340000,-0.011000,-0.011000,0.241000,-0.000116,0.008559,0.011132,0.999901,0.000410,-0.000610,0.000000
353,True,True,0.000000,1.000000,0.000000,0.090000,909.609985,5.790000,18.340000,-0.011000,-0.011000,0.241000,-0.000116,0.008559,0.011132,0.999901,0.000410,-0.000610,0.000000
354,True,True,0.000000,1.000000,0.000000,0.090000,909.609985,5.790000,18.340000,-0.011000,-0.011000,0.241000,-0.000116,0.008559,0.011132,0.999901,0.000410,-0.000610,0.000000
355,True,True,0.000000,1.000000,0.000000,0.090000,909.609985,5.790000,18.340000,-0.011000,-0.011000,0.241000,-0.000116,0.008559,0.011132,0.999901,0.000410,-0.000610,0.000000
356,True,True,0.000000,1.000000,0.000000,0.090000,909.609985,5.790000,18.340000,-0.011000,-0.011000,0.241000,-0.000116,0.008559,0.011132,0.999901,0.000410,-0.000610,0.000000
357,True,True,0.000000,1.000000,0.000000,0.090000,909.609985,5.790000,18.340000,-0.011000,-0.011000,0.241000,-0.000116,0.008559,0.011132,0.999901,0.000410,-0.000610,0.000000
358,True,True,0.000000,1.000000,0.000000,0.090000,909.609985,5.790000,18.340000,-0.011000,-0.011000,0.241000,-0.000116,0.008559,0.011132,0.999901,0.000410,-0.000610,0.000000
359,True,True,0.000000,1.000000,0.000000,0.090000,909.609985,5.790000,18.340000,-0.011000,-0.011000,0.241000,-0.000116,0.008559,0.011132,0.999901,0.000410,-0.000610,0.000000
360,True,True,0.000000,1.000000,0.000000,0.090000,909.609985,5.790000,18.340000,-0.011000,-0.011000,0.241000,-0.000116,0.008559,0.011132,0.999901,0.000410,-0.000610,0.000000
361,True,True,0.000000,1.000000,0.000000,0.090000,909.609985,5.790000,18.340000,-0.011000,-0.011000,0.241000,-0.000116,0.008559,0.011132,0.999901,0.000410,-0.000610,0.000000
362,True,True,0.000000,1.000000,0.000000,0.090000,909.609985,5.790000,18.340000,-0.011000,-0.011000,0.241000,-0.000116,0.008559,0.011132,0.999901,0.000410,-0.000610,0.000000
363,True,True,0.000000,1.000000,0.000000,0.090000,909.609985,5.790000,18.340000,-0.011000,-0.011000,0.241000,-0.000116,0.008559,0.011132,0.999901,0.000410,-0.000610,0.000000
364,True,True,0.000000,1.000000,0.000000,0.090000,909.609985,5.790000,18.340000,-0.011000,-0.011000,0.241000,-0.000116,0.008559,0.011132,0.999901,0.000410,-0.000610,0.000000
365,True,True,0.000000,1.000000,0.000000,0.090000,909.609985,5.790000,18.340000,-0.011000,-0.011000,0.241000,-0.000116,0.008559,0.011132,0.999901,0.000410,-0.000610,0.000000
366,True,True,0.000000,1.000000,0.000000,0.090000,909.609985,5.790000,18.340000,-0.011000,-0.011000,0.241000,-0.000116,0.008559,0.011132,0.999901,0.000410,-0.000610,0.000000
367,True,True,0.000000,1.000000,0.000000,0.090000,909.609985,5.790000,18.340000,-0.011000,-0.011000,0.241000,-0.000116,0.008559,0.011132,0.999901,0.000410,-0.000610,0.000000
368,True,True,0.000000,1.000000,0.000000,0.090000,909.609985,5.790000,18.340000,-0.011000,-0.011000,0.241000,-0.000116,0.008559,0.011132,0.999901,0.000410,-0.000610,0.000000
369,True,True,0.000000,1.000000,0.000000,0.090000,909.609985,5.790000,18.340000,-0.011000,-0.011000,0.241000,-0.000116,0.008559,0.011132,0.999901,0.000410,-0.000610,0.000000
370,True,True,0.000000,1.000000,0.000000,0.090000,909.609985,5.790000,18.340000,-0.011000,-0.011000,0.241000,-0.000116,0.008559,0.011132,0.999901,0.000410,-0.000610,0.000000
