frame;input.bActivateBoost;input.bHoldingBoost;input.Steer;input.Throttle;car.Location.X;car.Location.Y;car.Location.Z;car.LinearVelocity.X;car.LinearVelocity.Y;car.LinearVelocity.Z;car.Quaternion.X;car.Quaternion.Y;car.Quaternion.Z;car.Quaternion.W;car.AngularVelocity.X;car.AngularVelocity.Y;car.AngularVelocity.Z;
0;False;False;0.000000;0.000000;-2000.000000;-4499.810059;17.000000;0.000000;0.000000;8.410000;-0.003396;0.003401;0.707101;0.707096;0.000500;0.000000;0.000000
1;True;True;0.000000;1.000000;-2000.000000;-4499.739746;17.000000;0.000000;21.520000;8.360000;-0.003396;0.003401;0.707101;0.707096;0.001200;0.000000;0.000000
2;True;True;0.000000;1.000000;-2000.000000;-4499.489746;17.000000;0.000000;42.860001;8.330000;-0.003391;0.003396;0.707101;0.707096;0.001600;0.000000;0.000000
3;True;True;0.000000;1.000000;-2000.000000;-4499.060059;17.000000;0.000000;64.010002;8.309999;-0.003385;0.003391;0.707101;0.707096;0.001700;0.000000;0.000000
4;True;True;0.000000;1.000000;-2000.000000;-4498.459961;17.000000;0.000000;84.979996;8.290000;-0.003380;0.003385;0.707101;0.707096;0.001700;0.000000;0.000000
5;True;True;0.000000;1.000000;-2000.000000;-4497.679688;17.000000;0.000000;105.769997;8.280000;-0.003374;0.003380;0.707101;0.707096;0.001600;0.000000;0.000000
6;True;True;0.000000;1.000000;-2000.000000;-4496.729980;17.000000;0.000000;126.379997;8.280000;-0.003369;0.003374;0.707101;0.707096;0.001500;0.000000;0.000000
7;True;True;0.000000;1.000000;-2000.000000;-4495.609863;17.000000;0.000000;146.819992;8.280000;-0.003364;0.003369;0.707102;0.707096;0.001300;0.000000;0.000000
8;True;True;0.000000;1.000000;-2000.000000;-4494.319824;17.000000;0.000000;167.080002;8.280000;-0.003358;0.003364;0.707102;0.707096;0.001100;0.000000;0.000000
9;True;True;0.000000;1.000000;-2000.000000;-4492.859863;17.000000;0.000000;187.169998;8.280000;-0.003353;0.003358;0.707102;0.707096;0.000900;0.000000;0.000000
10;True;True;0.000000;1.000000;-2000.000000;-4491.229980;17.000000;0.000000;207.089996;8.280000;-0.003353;0.003358;0.707102;0.707096;0.000700;0.000000;0.000000
11;True;True;0.000000;1.000000;-2000.000000;-4489.439941;17.000000;0.000000;226.839996;8.280000;-0.003353;0.003358;0.707102;0.707096;0.000600;0.000000;0.000000
12;True;True;0.000000;1.000000;-2000.000000;-4487.479980;17.000000;0.000000;246.419998;8.280000;-0.003353;0.003358;0.707102;0.707096;0.000500;0.000000;0.000000
13;True;True;0.000000;1.000000;-2000.000000;-4485.359863;17.000000;0.000000;265.829987;8.280000;-0.003353;0.003358;0.707102;0.707096;0.000500;0.000000;0.000000
14;True;True;0.000000;1.000000;-2000.000000;-4483.080078;17.000000;0.000000;285.070007;8.280000;-0.003353;0.003358;0.707102;0.707096;0.000500;0.000000;0.000000
15;True;True;0.000000;1.000000;-2000.000000;-4480.640137;17.000000;0.000000;304.149994;8.280000;-0.003353;0.003358;0.707102;0.707096;0.000500;0.000000;0.000000
16;True;True;0.000000;1.000000;-2000.000000;-4478.040039;17.000000;0.000000;323.059998;8.280000;-0.003353;0.003358;0.707102;0.707096;0.000500;0.000000;0.000000
17;True;True;0.000000;1.000000;-2000.000000;-4475.279785;17.000000;0.000000;341.809998;8.280000;-0.003353;0.003358;0.707102;0.707096;0.000400;0.000000;0.000000
18;True;True;0.000000;1.000000;-2000.000000;-4472.359863;17.000000;0.000000;360.399994;8.280000;-0.003353;0.003358;0.707102;0.707096;0.000400;0.000000;0.000000
19;True;True;0.000000;1.000000;-2000.000000;-4469.290039;17.000000;0.000000;378.829987;8.280000;-0.003353;0.003358;0.707102;0.707096;0.000400;0.000000;0.000000
20;True;True;0.000000;1.000000;-2000.000000;-4466.060059;17.000000;0.000000;397.100006;8.280000;-0.003353;0.003358;0.707102;0.707096;0.000400;0.000000;0.000000
21;True;True;0.000000;1.000000;-2000.000000;-4462.679688;17.000000;0.000000;415.220001;8.280000;-0.003353;0.003358;0.707102;0.707096;0.000400;0.000000;0.000000
22;True;True;0.000000;1.000000;-2000.000000;-4459.149902;17.000000;0.000000;433.179993;8.280000;-0.003353;0.003358;0.707102;0.707096;0.000300;0.000000;0.000000
23;True;True;0.000000;1.000000;-2000.000000;-4455.469727;17.000000;0.000000;450.989990;8.280000;-0.003353;0.003358;0.707102;0.707096;0.000300;0.000000;0.000000
24;True;True;0.000000;1.000000;-2000.000000;-4451.640137;17.000000;0.000000;468.649994;8.280000;-0.003353;0.003358;0.707102;0.707096;0.000300;0.000000;0.000000
25;True;True;0.000000;1.000000;-2000.000000;-4447.669922;17.000000;0.000000;486.149994;8.280000;-0.003353;0.003358;0.707102;0.707096;0.000300;0.000000;0.000000
26;True;True;0.000000;1.000000;-2000.000000;-4443.549805;17.000000;0.000000;503.500000;8.280000;-0.003353;0.003358;0.707102;0.707096;0.000300;0.000000;0.000000
27;True;True;0.000000;1.000000;-2000.000000;-4439.279785;17.000000;0.000000;520.709961;8.280000;-0.003353;0.003358;0.707102;0.707096;0.000200;0.000000;0.000000
28;True;True;0.000000;1.000000;-2000.000000;-4434.870117;17.000000;0.000000;537.769958;8.280000;-0.003353;0.003358;0.707102;0.707096;0.000200;0.000000;0.000000
29;True;True;0.000000;1.000000;-2000.000000;-4430.319824;17.000000;0.000000;554.679993;8.280000;-0.003353;0.003358;0.707102;0.707096;0.000200;0.000000;0.000000
30;True;True;0.000000;1.000000;-2000.000000;-4425.629883;17.000000;0.000000;571.450012;8.280000;-0.003353;0.003358;0.707102;0.707096;0.000200;0.000000;0.000000
31;True;True;0.000000;1.000000;-2000.000000;-4420.799805;17.000000;0.000000;588.070007;8.280000;-0.003353;0.003358;0.707102;0.707096;0.000200;0.000000;0.000000
32;True;True;0.000000;1.000000;-2000.000000;-4415.830078;17.000000;0.000000;604.549988;8.280000;-0.003353;0.003358;0.707102;0.707096;0.000100;0.000000;0.000000
33;True;True;0.000000;1.000000;-2000.000000;-4410.719727;17.000000;0.000000;620.890015;8.280000;-0.003353;0.003358;0.707102;0.707096;0.000100;0.000000;0.000000
34;True;True;0.000000;1.000000;-2000.000000;-4405.479980;17.000000;0.000000;637.089966;8.280000;-0.003353;0.003358;0.707102;0.707096;0.000100;0.000000;0.000000
35;True;True;0.000000;1.000000;-2000.000000;-4400.100098;17.000000;0.000000;653.149963;8.280000;-0.003353;0.003358;0.707102;0.707096;0.000100;0.000000;0.000000
36;True;True;0.000000;1.000000;-2000.000000;-4394.589844;17.000000;0.000000;669.070007;8.280000;-0.003353;0.003358;0.707102;0.707096;0.000100;0.000000;0.000000
37;True;True;0.000000;1.000000;-2000.000000;-4388.939941;17.000000;0.000000;684.859985;8.280000;-0.003353;0.003358;0.707102;0.707096;0.000100;0.000000;0.000000
38;True;True;0.000000;1.000000;-2000.000000;-4383.159668;17.000000;0.000000;700.510010;8.280000;-0.003353;0.003358;0.707102;0.707096;0.000000;0.000000;0.000000
39;True;True;0.000000;1.000000;-2000.000000;-4377.250000;17.000000;0.000000;716.029968;8.280000;-0.003353;0.003358;0.707102;0.707096;0.000000;0.000000;0.000000
40;True;True;0.000000;1.000000;-2000.000000;-4371.209961;17.000000;0.000000;731.409973;8.280000;-0.003353;0.003358;0.707102;0.707096;0.000000;0.000000;0.000000
41;True;True;0.000000;1.000000;-2000.000000;-4365.049805;17.000000;0.000000;746.659973;8.280000;-0.003353;0.003358;0.707102;0.707096;0.000000;0.000000;0.000000
42;True;True;0.000000;1.000000;-2000.000000;-4358.759766;17.000000;0.000000;761.779968;8.280000;-0.003353;0.003358;0.707102;0.707096;0.000000;0.000000;0.000000
43;True;True;0.000000;1.000000;-2000.000000;-4352.339844;17.000000;0.000000;776.769958;8.280000;-0.003353;0.003358;0.707102;0.707096;0.000000;0.000000;0.000000
44;True;True;0.000000;1.000000;-2000.000000;-4345.799805;17.000000;0.000000;791.630005;8.280000;-0.003353;0.003358;0.707102;0.707096;0.000000;0.000000;0.000000
45;True;True;0.000000;1.000000;-2000.000000;-4339.129883;17.000000;0.000000;806.369995;8.280000;-0.003353;0.003358;0.707102;0.707096;0.000000;0.000000;0.000000
46;True;True;0.000000;1.000000;-2000.000000;-4332.339844;17.000000;0.000000;820.979980;8.280000;-0.003353;0.003358;0.707102;0.707096;0.000000;0.000000;0.000000
47;True;True;0.000000;1.000000;-2000.000000;-4325.429688;17.000000;0.000000;835.459961;8.280000;-0.003353;0.003358;0.707102;0.707096;0.000000;0.000000;0.000000
48;True;True;0.000000;1.000000;-2000.000000;-4318.399902;17.000000;0.000000;849.820007;8.280000;-0.003353;0.003358;0.707102;0.707096;0.000000;0.000000;0.000000
49;True;True;0.000000;1.000000;-2000.000000;-4311.250000;17.000000;0.000000;864.059998;8.280000;-0.003353;0.003358;0.707102;0.707096;0.000000;0.000000;0.000000
50;True;True;0.000000;1.000000;-2000.000000;-4303.979980;17.000000;0.000000;878.179993;8.280000;-0.003353;0.003358;0.707102;0.707096;0.000000;0.000000;0.000000
51;True;True;0.000000;1.000000;-2000.000000;-4296.589844;17.000000;0.000000;892.169983;8.280000;-0.003353;0.003358;0.707102;0.707096;0.000000;0.000000;0.000000
52;True;True;0.000000;1.000000;-2000.000000;-4289.089844;17.000000;0.000000;906.039978;8.280000;-0.003353;0.003358;0.707102;0.707096;0.000000;0.000000;0.000000
53;True;True;0.000000;1.000000;-2000.000000;-4281.469727;17.000000;0.000000;919.799988;8.280000;-0.003353;0.003358;0.707102;0.707096;0.000000;0.000000;0.000000
54;True;True;0.000000;1.000000;-2000.000000;-4273.739746;17.000000;0.000000;933.440002;8.280000;-0.003353;0.003358;0.707102;0.707096;0.000000;0.000000;0.000000
55;True;True;0.000000;1.000000;-2000.000000;-4265.890137;17.000000;0.000000;946.959961;8.280000;-0.003353;0.003358;0.707102;0.707096;0.000000;0.000000;0.000000
56;True;True;0.000000;1.000000;-2000.000000;-4257.929688;17.000000;0.000000;960.359985;8.280000;-0.003353;0.003358;0.707102;0.707096;0.000000;0.000000;0.000000
57;True;True;0.000000;1.000000;-2000.000000;-4249.859863;17.000000;0.000000;973.649963;8.280000;-0.003353;0.003358;0.707102;0.707096;0.000000;0.000000;0.000000
58;True;True;0.000000;1.000000;-2000.000000;-4241.679688;17.000000;0.000000;986.829956;8.280000;-0.003353;0.003358;0.707102;0.707096;0.000000;0.000000;0.000000
59;True;True;0.000000;1.000000;-2000.000000;-4233.390137;17.000000;0.000000;999.889954;8.280000;-0.003353;0.003358;0.707102;0.707096;0.000000;0.000000;0.000000
60;True;True;0.000000;1.000000;-2000.000000;-4224.989746;17.000000;0.000000;1012.839966;8.280000;-0.003353;0.003358;0.707102;0.707096;-0.000100;0.000000;0.000000
61;True;True;0.000000;1.000000;-2000.000000;-4216.479980;17.000000;0.000000;1025.679932;8.280000;-0.003353;0.003358;0.707102;0.707096;-0.000100;0.000000;0.000000
62;True;True;0.000000;1.000000;-2000.000000;-4207.859863;17.000000;0.000000;1038.410034;8.280000;-0.003353;0.003358;0.707102;0.707096;-0.000100;0.000000;0.000000
63;True;True;0.000000;1.000000;-2000.000000;-4199.140137;17.000000;0.000000;1051.030029;8.280000;-0.003353;0.003358;0.707102;0.707096;-0.000100;0.000000;0.000000
64;True;True;0.000000;1.000000;-2000.000000;-4190.310059;17.000000;0.000000;1063.539917;8.280000;-0.003353;0.003358;0.707102;0.707096;-0.000100;0.000000;0.000000
65;True;True;0.000000;1.000000;-2000.000000;-4181.379883;17.000000;0.000000;1075.949951;8.280000;-0.003353;0.003358;0.707102;0.707096;-0.000100;0.000000;0.000000
66;True;True;0.000000;1.000000;-2000.000000;-4172.339844;17.000000;0.000000;1088.250000;8.280000;-0.003353;0.003358;0.707102;0.707096;-0.000100;0.000000;0.000000
67;True;True;0.000000;1.000000;-2000.000000;-4163.199707;17.000000;0.000000;1100.439941;8.280000;-0.003353;0.003358;0.707102;0.707096;-0.000200;0.000000;0.000000
68;True;True;0.000000;1.000000;-2000.000000;-4153.959961;17.000000;0.000000;1112.530029;8.280000;-0.003353;0.003358;0.707102;0.707096;-0.000200;0.000000;0.000000
69;True;True;0.000000;1.000000;-2000.000000;-4144.620117;17.000000;0.000000;1124.520020;8.280000;-0.003353;0.003358;0.707102;0.707096;-0.000200;0.000000;0.000000
70;True;True;0.000000;1.000000;-2000.000000;-4135.179688;17.000000;0.000000;1136.400024;8.280000;-0.003353;0.003358;0.707102;0.707096;-0.000200;0.000000;0.000000
71;True;True;0.000000;1.000000;-2000.000000;-4125.640137;17.000000;0.000000;1148.179932;8.280000;-0.003353;0.003358;0.707102;0.707096;-0.000200;0.000000;0.000000
72;True;True;0.000000;1.000000;-2000.000000;-4116.000000;17.000000;0.000000;1159.859985;8.280000;-0.003353;0.003358;0.707102;0.707096;-0.000200;0.000000;0.000000
73;True;True;0.000000;1.000000;-2000.000000;-4106.270020;17.000000;0.000000;1171.439941;8.280000;-0.003353;0.003358;0.707102;0.707096;-0.000200;0.000000;0.000000
74;True;True;0.000000;1.000000;-2000.000000;-4096.439941;17.000000;0.000000;1182.919922;8.280000;-0.003353;0.003358;0.707102;0.707096;-0.000300;0.000000;0.000000
75;True;True;0.000000;1.000000;-2000.000000;-4086.510010;17.000000;0.000000;1194.299927;8.280000;-0.003353;0.003358;0.707102;0.707096;-0.000300;0.000000;0.000000
76;True;True;0.000000;1.000000;-2000.000000;-4076.489990;17.000000;0.000000;1205.579956;8.280000;-0.003353;0.003358;0.707102;0.707096;-0.000300;0.000000;0.000000
77;True;True;0.000000;1.000000;-2000.000000;-4066.369873;17.000000;0.000000;1216.770020;8.280000;-0.003353;0.003358;0.707102;0.707096;-0.000300;0.000000;0.000000
78;True;True;0.000000;1.000000;-2000.000000;-4056.159912;17.000000;0.000000;1227.859985;8.280000;-0.003353;0.003358;0.707102;0.707096;-0.000300;0.000000;0.000000
79;True;True;0.000000;1.000000;-2000.000000;-4045.859863;17.000000;0.000000;1238.859985;8.280000;-0.003353;0.003358;0.707102;0.707096;-0.000300;0.000000;0.000000
80;True;True;0.000000;1.000000;-2000.000000;-4035.469971;17.000000;0.000000;1249.760010;8.280000;-0.003353;0.003358;0.707102;0.707096;-0.000300;0.000000;0.000000
81;True;True;0.000000;1.000000;-2000.000000;-4024.989990;17.000000;0.000000;1260.569946;8.280000;-0.003353;0.003358;0.707102;0.707096;-0.000300;0.000000;0.000000
82;True;True;0.000000;1.000000;-2000.000000;-4014.419922;17.000000;0.000000;1271.289917;8.280000;-0.003353;0.003358;0.707102;0.707096;-0.000400;0.000000;0.000000
83;True;True;0.000000;1.000000;-2000.000000;-4003.760010;17.000000;0.000000;1281.909912;8.280000;-0.003353;0.003358;0.707102;0.707096;-0.000400;0.000000;0.000000
84;True;True;0.000000;1.000000;-2000.000000;-3993.010010;17.000000;0.000000;1292.439941;8.280000;-0.003353;0.003358;0.707102;0.707096;-0.000400;0.000000;0.000000
85;True;True;0.000000;1.000000;-2000.000000;-3982.169922;17.000000;0.000000;1302.880005;8.280000;-0.003353;0.003358;0.707102;0.707096;-0.000400;0.000000;0.000000
86;True;True;0.000000;1.000000;-2000.000000;-3971.239990;17.000000;0.000000;1313.229980;8.280000;-0.003353;0.003358;0.707102;0.707096;-0.000400;0.000000;0.000000
87;True;True;0.000000;1.000000;-2000.000000;-3960.229980;17.000000;0.000000;1323.500000;8.280000;-0.003353;0.003358;0.707102;0.707096;-0.000400;0.000000;0.000000
88;True;True;0.000000;1.000000;-2000.000000;-3949.129883;17.000000;0.000000;1333.679932;8.280000;-0.003353;0.003358;0.707102;0.707096;-0.000400;0.000000;0.000000
89;True;True;0.000000;1.000000;-2000.000000;-3937.949951;17.000000;0.000000;1343.770020;8.280000;-0.003353;0.003358;0.707102;0.707096;-0.000400;0.000000;0.000000
90;True;True;0.000000;1.000000;-2000.000000;-3926.679932;17.000000;0.000000;1353.770020;8.280000;-0.003353;0.003358;0.707102;0.707096;-0.000400;0.000000;0.000000
91;True;True;0.000000;1.000000;-2000.000000;-3915.329834;17.000000;0.000000;1363.689941;8.280000;-0.003353;0.003358;0.707102;0.707096;-0.000500;0.000000;0.000000
92;True;True;0.000000;1.000000;-2000.000000;-3903.899902;17.000000;0.000000;1373.520020;8.280000;-0.003353;0.003358;0.707102;0.707096;-0.000500;0.000000;0.000000
93;True;True;0.000000;1.000000;-2000.000000;-3892.379883;17.000000;0.000000;1383.270020;8.280000;-0.003353;0.003358;0.707102;0.707096;-0.000500;0.000000;0.000000
94;True;True;0.000000;1.000000;-2000.000000;-3880.780029;17.000000;0.000000;1392.939941;8.280000;-0.003353;0.003358;0.707102;0.707096;-0.000500;0.000000;0.000000
95;True;True;0.000000;1.000000;-2000.000000;-3869.099854;17.000000;0.000000;1402.380005;8.280000;-0.003353;0.003358;0.707102;0.707096;-0.000500;0.000000;0.000000
96;True;True;0.000000;1.000000;-2000.000000;-3857.339844;17.000000;0.000000;1410.640015;8.280000;-0.003353;0.003358;0.707102;0.707096;-0.000600;0.000000;0.000000
97;True;True;0.000000;1.000000;-2000.000000;-3845.520020;17.000000;0.000000;1418.900024;8.280000;-0.003353;0.003358;0.707102;0.707096;-0.000700;0.000000;0.000000
98;True;True;0.000000;1.000000;-2000.000000;-3833.629883;17.000000;0.000000;1427.159912;8.280000;-0.003353;0.003358;0.707102;0.707096;-0.000700;0.000000;0.000000
99;True;True;0.000000;1.000000;-2000.000000;-3821.669922;17.000000;0.000000;1435.419922;8.280000;-0.003353;0.003358;0.707102;0.707096;-0.000700;0.000000;0.000000
100;True;True;0.000000;1.000000;-2000.000000;-3809.639893;17.000000;0.000000;1443.679932;8.280000;-0.003353;0.003358;0.707102;0.707096;-0.000700;0.000000;0.000000
101;True;True;0.000000;1.000000;-2000.000000;-3797.539795;17.000000;0.000000;1451.939941;8.280000;-0.003353;0.003358;0.707102;0.707096;-0.000700;0.000000;0.000000
102;True;True;0.000000;1.000000;-2000.000000;-3785.369873;17.000000;0.000000;1460.199951;8.280000;-0.003353;0.003358;0.707102;0.707096;-0.000700;0.000000;0.000000
103;True;True;0.000000;1.000000;-2000.000000;-3773.129883;17.000000;0.000000;1468.459961;8.280000;-0.003353;0.003358;0.707102;0.707096;-0.000700;0.000000;0.000000
104;True;True;0.000000;1.000000;-2000.000000;-3760.819824;17.000000;0.000000;1476.719971;8.280000;-0.003353;0.003358;0.707102;0.707096;-0.000700;0.000000;0.000000
105;True;True;0.000000;1.000000;-2000.000000;-3748.439941;17.000000;0.000000;1484.979980;8.280000;-0.003353;0.003358;0.707102;0.707096;-0.000700;0.000000;0.000000
106;True;True;0.000000;1.000000;-2000.000000;-3736.000000;17.000000;0.000000;1493.239990;8.280000;-0.003353;0.003358;0.707102;0.707096;-0.000700;0.000000;0.000000
107;True;True;0.000000;1.000000;-2000.000000;-3723.489990;17.000000;0.000000;1501.500000;8.280000;-0.003353;0.003358;0.707102;0.707096;-0.000700;0.000000;0.000000
108;True;True;0.000000;1.000000;-2000.000000;-3710.909912;17.000000;0.000000;1509.760010;8.280000;-0.003353;0.003358;0.707102;0.707096;-0.000700;0.000000;0.000000
109;True;True;0.000000;1.000000;-2000.000000;-3698.260010;17.000000;0.000000;1518.020020;8.280000;-0.003353;0.003358;0.707102;0.707096;-0.000700;0.000000;0.000000
110;True;True;0.000000;1.000000;-2000.000000;-3685.540039;17.000000;0.000000;1526.279907;8.280000;-0.003353;0.003358;0.707102;0.707096;-0.000700;0.000000;0.000000
111;True;True;0.000000;1.000000;-2000.000000;-3672.750000;17.000000;0.000000;1534.539917;8.280000;-0.003353;0.003358;0.707102;0.707096;-0.000700;0.000000;0.000000
112;True;True;0.000000;1.000000;-2000.000000;-3659.889893;17.000000;0.000000;1542.799927;8.280000;-0.003353;0.003358;0.707102;0.707096;-0.000700;0.000000;0.000000
113;True;True;0.000000;1.000000;-2000.000000;-3646.959961;17.000000;0.000000;1551.059937;8.280000;-0.003353;0.003358;0.707102;0.707096;-0.000700;0.000000;0.000000
114;True;True;0.000000;1.000000;-2000.000000;-3633.969971;17.000000;0.000000;1559.319946;8.280000;-0.003353;0.003358;0.707102;0.707096;-0.000700;0.000000;0.000000
115;True;True;0.000000;1.000000;-2000.000000;-3620.909912;17.000000;0.000000;1567.579956;8.280000;-0.003353;0.003358;0.707102;0.707096;-0.000700;0.000000;0.000000
116;True;True;0.000000;1.000000;-2000.000000;-3607.780029;17.000000;0.000000;1575.839966;8.280000;-0.003353;0.003358;0.707102;0.707096;-0.000700;0.000000;0.000000
117;True;True;0.000000;1.000000;-2000.000000;-3594.579834;17.000000;0.000000;1584.099976;8.280000;-0.003353;0.003358;0.707102;0.707096;-0.000700;0.000000;0.000000
118;True;True;0.000000;1.000000;-2000.000000;-3581.309814;17.000000;0.000000;1592.359985;8.280000;-0.003353;0.003358;0.707102;0.707096;-0.000700;0.000000;0.000000
119;True;True;0.000000;1.000000;-2000.000000;-3567.969971;17.000000;0.000000;1600.619995;8.280000;-0.003353;0.003358;0.707102;0.707096;-0.000700;0.000000;0.000000
120;True;True;0.000000;1.000000;-2000.000000;-3554.559814;17.000000;0.000000;1608.880005;8.280000;-0.003353;0.003358;0.707102;0.707096;-0.000700;0.000000;0.000000
121;True;True;0.000000;1.000000;-2000.000000;-3541.079834;17.000000;0.000000;1617.140015;8.280000;-0.003353;0.003358;0.707102;0.707096;-0.000700;0.000000;0.000000
122;True;True;0.000000;1.000000;-2000.000000;-3527.530029;17.000000;0.000000;1625.400024;8.280000;-0.003353;0.003358;0.707102;0.707096;-0.000700;0.000000;0.000000
123;True;True;0.000000;1.000000;-2000.000000;-3513.919922;17.000000;0.000000;1633.659912;8.280000;-0.003353;0.003358;0.707102;0.707096;-0.000700;0.000000;0.000000
124;True;True;0.000000;1.000000;-2000.000000;-3500.239990;17.000000;0.000000;1641.919922;8.280000;-0.003353;0.003358;0.707102;0.707096;-0.000700;0.000000;0.000000
125;True;True;0.000000;1.000000;-2000.000000;-3486.489990;17.000000;0.000000;1650.179932;8.280000;-0.003353;0.003358;0.707102;0.707096;-0.000700;0.000000;0.000000
126;True;True;0.000000;1.000000;-2000.000000;-3472.669922;17.000000;0.000000;1658.439941;8.280000;-0.003353;0.003358;0.707102;0.707096;-0.000700;0.000000;0.000000
127;True;True;0.000000;1.000000;-2000.000000;-3458.780029;17.000000;0.000000;1666.699951;8.280000;-0.003353;0.003358;0.707102;0.707096;-0.000700;0.000000;0.000000
128;True;True;0.000000;1.000000;-2000.000000;-3444.819824;17.000000;0.000000;1674.959961;8.280000;-0.003353;0.003358;0.707102;0.707096;-0.000700;0.000000;0.000000
129;True;True;0.000000;1.000000;-2000.000000;-3430.790039;17.000000;0.000000;1683.219971;8.280000;-0.003353;0.003358;0.707102;0.707096;-0.000700;0.000000;0.000000
130;True;True;0.000000;1.000000;-2000.000000;-3416.689941;17.000000;0.000000;1691.479980;8.280000;-0.003353;0.003358;0.707102;0.707096;-0.000700;0.000000;0.000000
131;True;True;0.000000;1.000000;-2000.000000;-3402.530029;17.000000;0.000000;1699.739990;8.280000;-0.003353;0.003358;0.707102;0.707096;-0.000700;0.000000;0.000000
132;True;True;0.000000;1.000000;-2000.000000;-3388.299805;17.000000;0.000000;1708.000000;8.280000;-0.003353;0.003358;0.707102;0.707096;-0.000700;0.000000;0.000000
133;True;True;0.000000;1.000000;-2000.000000;-3374.000000;17.000000;0.000000;1716.260010;8.280000;-0.003353;0.003358;0.707102;0.707096;-0.000700;0.000000;0.000000
134;True;True;0.000000;1.000000;-2000.000000;-3359.629883;17.000000;0.000000;1724.520020;8.280000;-0.003353;0.003358;0.707102;0.707096;-0.000700;0.000000;0.000000
135;True;True;0.000000;1.000000;-2000.000000;-3345.189941;17.000000;0.000000;1732.779907;8.280000;-0.003353;0.003358;0.707102;0.707096;-0.000700;0.000000;0.000000
136;True;True;0.000000;1.000000;-2000.000000;-3330.679932;17.000000;0.000000;1741.039917;8.280000;-0.003353;0.003358;0.707102;0.707096;-0.000700;0.000000;0.000000
137;True;True;0.000000;1.000000;-2000.000000;-3316.099854;17.000000;0.000000;1749.299927;8.280000;-0.003353;0.003358;0.707102;0.707096;-0.000700;0.000000;0.000000
138;True;True;0.000000;1.000000;-2000.000000;-3301.449951;17.000000;0.000000;1757.559937;8.280000;-0.003353;0.003358;0.707102;0.707096;-0.000700;0.000000;0.000000
139;True;True;0.000000;1.000000;-2000.000000;-3286.729980;17.000000;0.000000;1765.819946;8.280000;-0.003353;0.003358;0.707102;0.707096;-0.000700;0.000000;0.000000
140;True;True;0.000000;1.000000;-2000.000000;-3271.949951;17.000000;0.000000;1774.079956;8.280000;-0.003353;0.003358;0.707102;0.707096;-0.000700;0.000000;0.000000
141;True;True;0.000000;1.000000;-2000.000000;-3257.099854;17.000000;0.000000;1782.339966;8.280000;-0.003353;0.003358;0.707102;0.707096;-0.000700;0.000000;0.000000
142;True;True;0.000000;1.000000;-2000.000000;-3242.179932;17.000000;0.000000;1790.599976;8.280000;-0.003353;0.003358;0.707102;0.707096;-0.000700;0.000000;0.000000
143;True;True;0.000000;1.000000;-2000.000000;-3227.189941;17.000000;0.000000;1798.859985;8.280000;-0.003353;0.003358;0.707102;0.707096;-0.000700;0.000000;0.000000
144;True;True;0.000000;1.000000;-2000.000000;-3212.129883;17.000000;0.000000;1807.119995;8.280000;-0.003353;0.003358;0.707102;0.707096;-0.000700;0.000000;0.000000
145;True;True;0.000000;1.000000;-2000.000000;-3197.000000;17.000000;0.000000;1815.380005;8.280000;-0.003353;0.003358;0.707102;0.707096;-0.000700;0.000000;0.000000
146;True;True;0.000000;1.000000;-2000.000000;-3181.800049;17.000000;0.000000;1823.640015;8.280000;-0.003353;0.003358;0.707102;0.707096;-0.000700;0.000000;0.000000
147;True;True;0.000000;1.000000;-2000.000000;-3166.530029;17.000000;0.000000;1831.899902;8.280000;-0.003353;0.003358;0.707102;0.707096;-0.000700;0.000000;0.000000
148;True;True;0.000000;1.000000;-2000.000000;-3151.199951;17.000000;0.000000;1840.159912;8.280000;-0.003353;0.003358;0.707102;0.707096;-0.000700;0.000000;0.000000
149;True;True;0.000000;1.000000;-2000.000000;-3135.800049;17.000000;0.000000;1848.419922;8.280000;-0.003353;0.003358;0.707102;0.707096;-0.000700;0.000000;0.000000
150;True;True;0.000000;1.000000;-2000.000000;-3120.329834;17.000000;0.000000;1856.679932;8.280000;-0.003353;0.003358;0.707102;0.707096;-0.000700;0.000000;0.000000
151;True;True;0.000000;1.000000;-2000.000000;-3104.790039;17.000000;0.000000;1864.939941;8.280000;-0.003353;0.003358;0.707102;0.707096;-0.000700;0.000000;0.000000
152;True;True;0.000000;1.000000;-2000.000000;-3089.179932;17.000000;0.000000;1873.199951;8.280000;-0.003353;0.003358;0.707102;0.707096;-0.000700;0.000000;0.000000
153;True;True;0.000000;1.000000;-2000.000000;-3073.500000;17.000000;0.000000;1881.459961;8.280000;-0.003353;0.003358;0.707102;0.707096;-0.000700;0.000000;0.000000
154;True;True;0.000000;1.000000;-2000.000000;-3057.750000;17.000000;0.000000;1889.719971;8.280000;-0.003353;0.003358;0.707102;0.707096;-0.000700;0.000000;0.000000
155;True;True;0.000000;1.000000;-2000.000000;-3041.929932;17.000000;0.000000;1897.979980;8.280000;-0.003353;0.003358;0.707102;0.707096;-0.000700;0.000000;0.000000
156;True;True;0.000000;1.000000;-2000.000000;-3026.040039;17.000000;0.000000;1906.239990;8.280000;-0.003353;0.003358;0.707102;0.707096;-0.000700;0.000000;0.000000
157;True;True;0.000000;1.000000;-2000.000000;-3010.089844;17.000000;0.000000;1914.500000;8.280000;-0.003353;0.003358;0.707102;0.707096;-0.000700;0.000000;0.000000
158;True;True;0.000000;1.000000;-2000.000000;-2994.069824;17.000000;0.000000;1922.760010;8.280000;-0.003353;0.003358;0.707102;0.707096;-0.000700;0.000000;0.000000
159;True;True;0.000000;1.000000;-2000.000000;-2977.979980;17.000000;0.000000;1931.019897;8.280000;-0.003353;0.003358;0.707102;0.707096;-0.000700;0.000000;0.000000
160;True;True;0.000000;1.000000;-2000.000000;-2961.819824;17.000000;0.000000;1939.279907;8.280000;-0.003353;0.003358;0.707102;0.707096;-0.000700;0.000000;0.000000
161;True;True;0.000000;1.000000;-2000.000000;-2945.589844;17.000000;0.000000;1947.539917;8.280000;-0.003353;0.003358;0.707102;0.707096;-0.000700;0.000000;0.000000
162;True;True;0.000000;1.000000;-2000.000000;-2929.290039;17.000000;0.000000;1955.799927;8.280000;-0.003353;0.003358;0.707102;0.707096;-0.000700;0.000000;0.000000
163;True;True;0.000000;1.000000;-2000.000000;-2912.919922;17.000000;0.000000;1964.059937;8.280000;-0.003353;0.003358;0.707102;0.707096;-0.000700;0.000000;0.000000
164;True;True;0.000000;1.000000;-2000.000000;-2896.479980;17.000000;0.000000;1972.319946;8.280000;-0.003353;0.003358;0.707102;0.707096;-0.000700;0.000000;0.000000
165;True;True;0.000000;1.000000;-2000.000000;-2879.969971;17.000000;0.000000;1980.579956;8.280000;-0.003353;0.003358;0.707102;0.707096;-0.000700;0.000000;0.000000
166;True;True;0.000000;1.000000;-2000.000000;-2863.399902;17.000000;0.000000;1988.839966;8.280000;-0.003353;0.003358;0.707102;0.707096;-0.000700;0.000000;0.000000
167;True;True;0.000000;1.000000;-2000.000000;-2846.760010;17.000000;0.000000;1997.099976;8.280000;-0.003353;0.003358;0.707102;0.707096;-0.000700;0.000000;0.000000
168;True;True;0.000000;1.000000;-2000.000000;-2830.050049;17.000000;0.000000;2005.359985;8.280000;-0.003353;0.003358;0.707102;0.707096;-0.000700;0.000000;0.000000
169;True;True;0.000000;1.000000;-2000.000000;-2813.270020;17.000000;0.000000;2013.619995;8.280000;-0.003353;0.003358;0.707102;0.707096;-0.000700;0.000000;0.000000
170;True;True;0.000000;1.000000;-2000.000000;-2796.419922;17.000000;0.000000;2021.880005;8.280000;-0.003353;0.003358;0.707102;0.707096;-0.000700;0.000000;0.000000
171;True;True;0.000000;1.000000;-2000.000000;-2779.500000;17.000000;0.000000;2030.140015;8.280000;-0.003353;0.003358;0.707102;0.707096;-0.000700;0.000000;0.000000
172;True;True;0.000000;1.000000;-2000.000000;-2762.510010;17.000000;0.000000;2038.399902;8.280000;-0.003353;0.003358;0.707102;0.707096;-0.000700;0.000000;0.000000
173;True;True;0.000000;1.000000;-2000.000000;-2745.449951;17.000000;0.000000;2046.659912;8.280000;-0.003353;0.003358;0.707102;0.707096;-0.000700;0.000000;0.000000
174;True;True;0.000000;1.000000;-2000.000000;-2728.329834;17.000000;0.000000;2054.919922;8.280000;-0.003353;0.003358;0.707102;0.707096;-0.000700;0.000000;0.000000
175;True;True;0.000000;1.000000;-2000.000000;-2711.139893;17.000000;0.000000;2063.179932;8.280000;-0.003353;0.003358;0.707102;0.707096;-0.000700;0.000000;0.000000
176;True;True;0.000000;1.000000;-2000.000000;-2693.879883;17.000000;0.000000;2071.439941;8.280000;-0.003353;0.003358;0.707102;0.707096;-0.000700;0.000000;0.000000
177;True;True;0.000000;1.000000;-2000.000000;-2676.550049;17.000000;0.000000;2079.699951;8.280000;-0.003353;0.003358;0.707102;0.707096;-0.000700;0.000000;0.000000
178;True;True;0.000000;1.000000;-2000.000000;-2659.149902;17.000000;0.000000;2087.959961;8.280000;-0.003353;0.003358;0.707102;0.707096;-0.000700;0.000000;0.000000
179;True;True;0.000000;1.000000;-2000.000000;-2641.679932;17.000000;0.000000;2096.219971;8.280000;-0.003353;0.003358;0.707102;0.707096;-0.000700;0.000000;0.000000
180;True;True;0.000000;1.000000;-2000.000000;-2624.139893;17.000000;0.000000;2104.479980;8.280000;-0.003353;0.003358;0.707102;0.707096;-0.000700;0.000000;0.000000
181;True;True;0.000000;1.000000;-2000.000000;-2606.530029;17.000000;0.000000;2112.739990;8.280000;-0.003353;0.003358;0.707102;0.707096;-0.000700;0.000000;0.000000
182;True;True;0.000000;1.000000;-2000.000000;-2588.849854;17.000000;0.000000;2121.000000;8.280000;-0.003353;0.003358;0.707102;0.707096;-0.000700;0.000000;0.000000
183;True;True;0.000000;1.000000;-2000.000000;-2571.109863;17.000000;0.000000;2129.260010;8.280000;-0.003353;0.003358;0.707102;0.707096;-0.000700;0.000000;0.000000
184;True;True;0.000000;1.000000;-2000.000000;-2553.300049;17.000000;0.000000;2137.520020;8.280000;-0.003353;0.003358;0.707102;0.707096;-0.000700;0.000000;0.000000
185;True;True;0.000000;1.000000;-2000.000000;-2535.419922;17.000000;0.000000;2145.780029;8.280000;-0.003353;0.003358;0.707102;0.707096;-0.000700;0.000000;0.000000
186;True;True;0.000000;1.000000;-2000.000000;-2517.469971;17.000000;0.000000;2154.040039;8.280000;-0.003353;0.003358;0.707102;0.707096;-0.000700;0.000000;0.000000
187;True;True;0.000000;1.000000;-2000.000000;-2499.449951;17.000000;0.000000;2162.300049;8.280000;-0.003353;0.003358;0.707102;0.707096;-0.000700;0.000000;0.000000
188;True;True;0.000000;1.000000;-2000.000000;-2481.359863;17.000000;0.000000;2170.560059;8.280000;-0.003353;0.003358;0.707102;0.707096;-0.000700;0.000000;0.000000
189;True;True;0.000000;1.000000;-2000.000000;-2463.199951;17.000000;0.000000;2178.820068;8.280000;-0.003353;0.003358;0.707102;0.707096;-0.000700;0.000000;0.000000
190;True;True;0.000000;1.000000;-2000.000000;-2444.969971;17.000000;0.000000;2187.079834;8.280000;-0.003353;0.003358;0.707102;0.707096;-0.000700;0.000000;0.000000
191;True;True;0.000000;1.000000;-2000.000000;-2426.679932;17.000000;0.000000;2195.339844;8.280000;-0.003353;0.003358;0.707102;0.707096;-0.000700;0.000000;0.000000
192;True;True;0.000000;1.000000;-2000.000000;-2408.319824;17.000000;0.000000;2203.599854;8.280000;-0.003353;0.003358;0.707102;0.707096;-0.000700;0.000000;0.000000
193;True;True;0.000000;1.000000;-2000.000000;-2389.889893;17.000000;0.000000;2211.859863;8.280000;-0.003353;0.003358;0.707102;0.707096;-0.000700;0.000000;0.000000
194;True;True;0.000000;1.000000;-2000.000000;-2371.389893;17.000000;0.000000;2220.119873;8.280000;-0.003353;0.003358;0.707102;0.707096;-0.000700;0.000000;0.000000
195;True;True;0.000000;1.000000;-2000.000000;-2352.820068;17.000000;0.000000;2228.379883;8.280000;-0.003353;0.003358;0.707102;0.707096;-0.000700;0.000000;0.000000
196;True;True;0.000000;1.000000;-2000.000000;-2334.179932;17.000000;0.000000;2236.639893;8.280000;-0.003353;0.003358;0.707102;0.707096;-0.000700;0.000000;0.000000
197;True;True;0.000000;1.000000;-2000.000000;-2315.469971;17.000000;0.000000;2244.899902;8.280000;-0.003353;0.003358;0.707102;0.707096;-0.000700;0.000000;0.000000
198;True;True;0.000000;1.000000;-2000.000000;-2296.689941;17.000000;0.000000;2253.159912;8.280000;-0.003353;0.003358;0.707102;0.707096;-0.000700;0.000000;0.000000
199;True;True;0.000000;1.000000;-2000.000000;-2277.839844;17.000000;0.000000;2261.419922;8.280000;-0.003353;0.003358;0.707102;0.707096;-0.000700;0.000000;0.000000
200;True;True;0.000000;1.000000;-2000.000000;-2258.929932;17.000000;0.000000;2269.679932;8.280000;-0.003353;0.003358;0.707102;0.707096;-0.000700;0.000000;0.000000
201;True;True;0.000000;1.000000;-2000.000000;-2239.949951;17.000000;0.000000;2277.939941;8.280000;-0.003353;0.003358;0.707102;0.707096;-0.000700;0.000000;0.000000
202;True;True;0.000000;1.000000;-2000.000000;-2220.899902;17.000000;0.000000;2286.199951;8.280000;-0.003353;0.003358;0.707102;0.707096;-0.000700;0.000000;0.000000
203;True;True;0.000000;1.000000;-2000.000000;-2201.780029;17.000000;0.000000;2294.459961;8.280000;-0.003353;0.003358;0.707102;0.707096;-0.000700;0.000000;0.000000
204;True;True;0.000000;1.000000;-2000.000000;-2182.589844;17.000000;0.000000;2299.979980;8.270000;-0.003353;0.003358;0.707102;0.707096;-0.000700;0.000000;0.000000
205;True;True;0.000000;1.000000;-2000.000000;-2163.349854;17.000000;0.000000;2299.979980;8.240000;-0.003353;0.003358;0.707102;0.707096;-0.000700;0.000000;0.000000
206;True;True;0.000000;1.000000;-2000.000000;-2144.109863;17.000000;0.000000;2299.979980;8.220000;-0.003353;0.003358;0.707102;0.707096;-0.000700;0.000000;0.000000
207;True;True;0.000000;1.000000;-2000.000000;-2124.869873;17.000000;0.000000;2299.979980;8.210000;-0.003353;0.003358;0.707102;0.707096;-0.000700;0.000000;0.000000
208;True;True;0.000000;1.000000;-2000.000000;-2105.629883;17.000000;0.000000;2299.979980;8.200000;-0.003353;0.003358;0.707102;0.707096;-0.000800;0.000000;0.000000
209;True;True;0.000000;1.000000;-2000.000000;-2086.389893;17.000000;0.000000;2299.979980;8.190000;-0.003353;0.003358;0.707102;0.707096;-0.000900;0.000000;0.000000
210;True;True;0.000000;1.000000;-2000.000000;-2067.149902;17.000000;0.000000;2299.979980;8.190000;-0.003353;0.003364;0.707102;0.707096;-0.000900;0.000000;0.000000
211;True;True;0.000000;1.000000;-2000.000000;-2047.909912;17.000000;0.000000;2299.979980;8.190000;-0.003353;0.003369;0.707102;0.707096;-0.000900;0.000000;0.000000
212;True;True;0.000000;1.000000;-2000.000000;-2028.669922;17.000000;0.000000;2299.979980;8.190000;-0.003353;0.003374;0.707102;0.707096;-0.000900;-0.000100;0.000000
213;True;True;0.000000;1.000000;-2000.000000;-2009.429932;17.000000;0.000000;2299.979980;8.190000;-0.003358;0.003374;0.707102;0.707096;-0.000800;-0.000100;0.000000
214;True;True;0.000000;1.000000;-2000.000000;-1990.189941;17.000000;0.000000;2299.979980;8.190000;-0.003358;0.003374;0.707102;0.707096;-0.000700;-0.000100;0.000000
215;True;True;0.000000;1.000000;-2000.000000;-1970.949951;17.000000;0.000000;2299.979980;8.190000;-0.003358;0.003374;0.707102;0.707096;-0.000700;-0.000100;0.000000
216;True;True;0.000000;1.000000;-2000.000000;-1951.709961;17.000000;0.000000;2299.979980;8.190000;-0.003358;0.003374;0.707102;0.707096;-0.000700;-0.000100;0.000000
217;True;True;0.000000;1.000000;-2000.000000;-1932.469971;17.000000;0.000000;2299.979980;8.190000;-0.003358;0.003374;0.707102;0.707096;-0.000700;-0.000100;0.000000
218;True;True;0.000000;1.000000;-2000.000000;-1913.229980;17.000000;0.000000;2299.979980;8.190000;-0.003358;0.003374;0.707102;0.707096;-0.000700;-0.000100;0.000000
219;True;True;0.000000;1.000000;-2000.000000;-1893.989990;17.000000;0.000000;2299.979980;8.190000;-0.003358;0.003374;0.707102;0.707096;-0.000700;-0.000100;0.000000
220;True;True;0.000000;1.000000;-2000.000000;-1874.750000;17.000000;0.000000;2299.979980;8.190000;-0.003358;0.003374;0.707102;0.707096;-0.000700;-0.000100;0.000000
221;True;True;0.000000;1.000000;-2000.000000;-1855.510010;17.000000;0.000000;2299.979980;8.190000;-0.003358;0.003374;0.707102;0.707096;-0.000700;-0.000100;0.000000
222;True;True;0.000000;1.000000;-2000.000000;-1836.270020;17.000000;0.000000;2299.979980;8.190000;-0.003358;0.003374;0.707102;0.707096;-0.000700;-0.000100;0.000000
223;True;True;0.000000;1.000000;-2000.000000;-1817.029907;17.000000;0.000000;2299.979980;8.190000;-0.003358;0.003374;0.707102;0.707096;-0.000700;-0.000100;0.000000
224;True;True;0.000000;1.000000;-2000.000000;-1797.789917;17.000000;0.000000;2299.979980;8.190000;-0.003358;0.003374;0.707102;0.707096;-0.000700;-0.000100;0.000000
225;True;True;0.000000;1.000000;-2000.000000;-1778.549927;17.000000;0.000000;2299.979980;8.190000;-0.003358;0.003374;0.707102;0.707096;-0.000700;-0.000100;0.000000
226;True;True;0.000000;1.000000;-2000.000000;-1759.309937;17.000000;0.000000;2299.979980;8.190000;-0.003358;0.003374;0.707102;0.707096;-0.000700;-0.000100;0.000000
227;True;True;0.000000;1.000000;-2000.000000;-1740.069946;17.000000;0.000000;2299.979980;8.190000;-0.003358;0.003374;0.707102;0.707096;-0.000700;-0.000100;0.000000
228;True;True;0.000000;1.000000;-2000.000000;-1720.829956;17.000000;0.000000;2299.979980;8.190000;-0.003358;0.003374;0.707102;0.707096;-0.000700;-0.000100;0.000000
229;True;True;0.000000;1.000000;-2000.000000;-1701.589966;17.000000;0.000000;2299.979980;8.190000;-0.003358;0.003374;0.707102;0.707096;-0.000700;-0.000100;0.000000
230;True;True;0.000000;1.000000;-2000.000000;-1682.349976;17.000000;0.000000;2299.979980;8.190000;-0.003358;0.003374;0.707102;0.707096;-0.000700;-0.000100;0.000000
231;True;True;0.000000;1.000000;-2000.000000;-1663.109985;17.000000;0.000000;2299.979980;8.190000;-0.003358;0.003374;0.707102;0.707096;-0.000700;-0.000100;0.000000
232;True;True;0.000000;1.000000;-2000.000000;-1643.869995;17.000000;0.000000;2299.979980;8.190000;-0.003358;0.003374;0.707102;0.707096;-0.000700;-0.000100;0.000000
233;True;True;0.000000;1.000000;-2000.000000;-1624.630005;17.000000;0.000000;2299.979980;8.190000;-0.003358;0.003374;0.707102;0.707096;-0.000700;-0.000100;0.000000
234;True;True;0.000000;1.000000;-2000.000000;-1605.390015;17.000000;0.000000;2299.979980;8.190000;-0.003358;0.003374;0.707102;0.707096;-0.000700;-0.000100;0.000000
235;True;True;0.000000;1.000000;-2000.000000;-1586.150024;17.000000;0.000000;2299.979980;8.190000;-0.003358;0.003374;0.707102;0.707096;-0.000700;-0.000100;0.000000
236;True;True;0.000000;1.000000;-2000.000000;-1566.909912;17.000000;0.000000;2299.979980;8.190000;-0.003358;0.003374;0.707102;0.707096;-0.000700;-0.000100;0.000000
237;True;True;0.000000;1.000000;-2000.000000;-1547.669922;17.000000;0.000000;2299.979980;8.190000;-0.003358;0.003374;0.707102;0.707096;-0.000700;-0.000100;0.000000
238;True;True;0.000000;1.000000;-2000.000000;-1528.429932;17.000000;0.000000;2299.979980;8.190000;-0.003358;0.003374;0.707102;0.707096;-0.000700;-0.000100;0.000000
239;True;True;0.000000;1.000000;-2000.000000;-1509.189941;17.000000;0.000000;2299.979980;8.190000;-0.003358;0.003374;0.707102;0.707096;-0.000700;-0.000100;0.000000
240;True;True;0.000000;1.000000;-2000.000000;-1489.949951;17.000000;0.000000;2299.979980;8.190000;-0.003358;0.003374;0.707102;0.707096;-0.000700;-0.000100;0.000000
241;True;True;0.000000;1.000000;-2000.000000;-1470.709961;17.000000;0.000000;2299.979980;8.190000;-0.003358;0.003374;0.707102;0.707096;-0.000700;-0.000100;0.000000
242;True;True;0.000000;1.000000;-2000.000000;-1451.469971;17.000000;0.000000;2299.979980;8.190000;-0.003358;0.003374;0.707102;0.707096;-0.000700;-0.000100;0.000000
243;True;True;0.000000;1.000000;-2000.000000;-1432.229980;17.000000;0.000000;2299.979980;8.190000;-0.003358;0.003374;0.707102;0.707096;-0.000700;-0.000100;0.000000
244;True;True;0.000000;1.000000;-2000.000000;-1412.989990;17.000000;0.000000;2299.979980;8.190000;-0.003358;0.003374;0.707102;0.707096;-0.000700;-0.000100;0.000000
245;True;True;0.000000;1.000000;-2000.000000;-1393.750000;17.000000;0.000000;2299.979980;8.190000;-0.003358;0.003374;0.707102;0.707096;-0.000700;-0.000100;0.000000
246;True;True;0.000000;1.000000;-2000.000000;-1374.510010;17.000000;0.000000;2299.979980;8.190000;-0.003358;0.003374;0.707102;0.707096;-0.000700;-0.000100;0.000000
247;True;True;0.000000;1.000000;-2000.000000;-1355.270020;17.000000;0.000000;2299.979980;8.190000;-0.003358;0.003374;0.707102;0.707096;-0.000700;-0.000100;0.000000
248;True;True;0.000000;1.000000;-2000.000000;-1336.030029;17.000000;0.000000;2299.979980;8.190000;-0.003358;0.003374;0.707102;0.707096;-0.000700;-0.000100;0.000000
249;True;True;0.000000;1.000000;-2000.000000;-1316.789917;17.000000;0.000000;2299.979980;8.190000;-0.003358;0.003374;0.707102;0.707096;-0.000700;-0.000100;0.000000
250;True;True;0.000000;1.000000;-2000.000000;-1297.549927;17.000000;0.000000;2299.979980;8.190000;-0.003358;0.003374;0.707102;0.707096;-0.000700;-0.000100;0.000000
251;True;True;-1.000000;1.000000;-2000.000000;-1278.309937;17.000000;10.700000;2299.959961;8.200000;-0.003358;0.003374;0.707102;0.707096;-0.000700;-0.002700;-0.275500
252;True;True;-1.000000;1.000000;-1999.909912;-1259.069946;17.000000;19.949999;2299.889893;8.200000;-0.003364;0.003374;0.706287;0.707910;-0.000600;-0.004000;-0.497800
253;True;True;-1.000000;1.000000;-1999.739990;-1239.839966;17.000000;29.230000;2299.790039;8.200000;-0.003369;0.003369;0.704819;0.709371;-0.000500;-0.004400;-0.687600
254;True;True;-1.000000;1.000000;-1999.500000;-1220.609985;17.000000;39.149998;2299.649902;8.190000;-0.003374;0.003369;0.702785;0.711386;-0.000500;-0.004300;-0.849800
255;True;True;-1.000000;1.000000;-1999.169922;-1201.380005;17.000000;50.129997;2299.429932;8.190000;-0.003374;0.003369;0.700261;0.713871;-0.000400;-0.003900;-0.988800
256;True;True;-1.000000;1.000000;-1998.750000;-1182.150024;17.000000;62.439999;2299.129883;8.190000;-0.003374;0.003374;0.697315;0.716749;-0.000400;-0.003300;-1.108300
257;True;True;-1.000000;1.000000;-1998.229980;-1162.919922;17.000000;76.229996;2298.719971;8.190000;-0.003369;0.003380;0.693997;0.719962;-0.000300;-0.002600;-1.211400
258;True;True;-1.000000;1.000000;-1997.589966;-1143.699951;17.000000;91.579994;2298.159912;8.190000;-0.003358;0.003391;0.690356;0.723454;-0.000200;-0.001800;-1.300700
259;True;True;-1.000000;1.000000;-1996.819946;-1124.479980;17.000000;108.509995;2297.419922;8.200000;-0.003347;0.003401;0.686423;0.727187;-0.000200;-0.001100;-1.378400
260;True;True;-1.000000;1.000000;-1995.909912;-1105.270020;17.000000;126.989998;2296.469971;8.210000;-0.003331;0.003418;0.682237;0.731116;-0.000200;-0.000400;-1.446300
261;True;True;-1.000000;1.000000;-1994.849976;-1086.059937;17.000000;146.970001;2295.280029;8.220000;-0.003310;0.003439;0.677818;0.735214;-0.000200;0.000100;-1.505900
262;True;True;-1.000000;1.000000;-1993.619995;-1066.859985;17.000000;168.369995;2293.810059;8.220000;-0.003288;0.003461;0.673190;0.739454;-0.000100;0.000400;-1.558400
263;True;True;-1.000000;1.000000;-1992.209961;-1047.679932;17.000000;191.119995;2292.030029;8.220000;-0.003267;0.003482;0.668372;0.743812;-0.000100;0.000700;-1.604800
264;True;True;-1.000000;1.000000;-1990.609985;-1028.510010;17.000000;215.119995;2289.899902;8.220000;-0.003240;0.003504;0.663382;0.748266;0.000000;0.000900;-1.645900
265;True;True;-1.000000;1.000000;-1988.809937;-1009.359985;17.000000;240.289993;2287.389893;8.220000;-0.003213;0.003531;0.658235;0.752797;0.000000;0.001100;-1.682500
266;True;True;-1.000000;1.000000;-1986.799927;-990.229980;17.000000;266.529999;2284.479980;8.230000;-0.003186;0.003558;0.652943;0.757392;0.000000;0.001200;-1.715200
267;True;True;-1.000000;1.000000;-1984.569946;-971.119995;17.000000;293.759979;2281.139893;8.230000;-0.003159;0.003585;0.647516;0.762037;0.000000;0.001200;-1.744400
268;True;True;-1.000000;1.000000;-1982.109985;-952.039978;17.000000;321.880005;2277.339844;8.230000;-0.003132;0.003612;0.641959;0.766724;0.000000;0.001200;-1.770600
269;True;True;-1.000000;1.000000;-1979.419922;-932.989990;17.000000;350.820007;2273.070068;8.230000;-0.003099;0.003639;0.636284;0.771440;0.000000;0.001200;-1.794200
270;True;True;-1.000000;1.000000;-1976.479980;-913.979980;17.000000;380.500000;2268.290039;8.230000;-0.003067;0.003666;0.630500;0.776174;0.000000;0.001100;-1.815500
271;True;True;-1.000000;1.000000;-1973.289917;-895.010010;17.000000;410.849976;2262.989990;8.230000;-0.003035;0.003693;0.624609;0.780923;0.000000;0.001000;-1.834700
272;True;True;-1.000000;1.000000;-1969.849976;-876.079956;17.000000;441.789978;2257.149902;8.230000;-0.003002;0.003720;0.618621;0.785675;0.000000;0.000900;-1.852000
273;True;True;-1.000000;1.000000;-1966.149902;-857.199951;17.000000;473.259979;2250.760010;8.230000;-0.002970;0.003747;0.612541;0.790424;0.000000;0.000900;-1.867700
274;True;True;-1.000000;1.000000;-1962.189941;-838.380005;17.000000;505.199982;2243.810059;8.230000;-0.002937;0.003774;0.606369;0.795169;0.000000;0.000800;-1.881900
275;True;True;-1.000000;1.000000;-1957.959961;-819.619995;17.000000;537.539978;2236.280029;8.240000;-0.002905;0.003801;0.600117;0.799898;0.000000;0.000700;-1.894800
276;True;True;-1.000000;1.000000;-1953.459961;-800.919983;17.000000;570.239990;2228.169922;8.240000;-0.002873;0.003828;0.593783;0.804611;0.000000;0.000600;-1.906500
277;True;True;-1.000000;1.000000;-1948.689941;-782.289978;17.000000;603.239990;2219.459961;8.240000;-0.002840;0.003855;0.587374;0.809301;0.000000;0.000500;-1.917200
278;True;True;-1.000000;1.000000;-1943.640015;-763.729980;17.000000;636.489990;2210.149902;8.240000;-0.002808;0.003882;0.580890;0.813968;0.000100;0.000400;-1.926900
279;True;True;-1.000000;1.000000;-1938.309937;-745.250000;17.000000;669.950012;2200.239990;8.240000;-0.002776;0.003903;0.574335;0.818606;0.000100;0.000300;-1.935800
280;True;True;-1.000000;1.000000;-1932.699951;-726.849976;17.000000;703.579956;2189.719971;8.240000;-0.002743;0.003925;0.567715;0.823211;0.000100;0.000300;-1.943900
281;True;True;-1.000000;1.000000;-1926.809937;-708.539978;17.000000;737.339966;2178.589844;8.240000;-0.002711;0.003946;0.561031;0.827781;0.000100;0.000300;-1.951300
282;True;True;-1.000000;1.000000;-1920.640015;-690.320007;17.000000;771.190002;2166.839844;8.240000;-0.002679;0.003968;0.554282;0.832315;0.000100;0.000300;-1.958000
283;True;True;-1.000000;1.000000;-1914.189941;-672.200012;17.000000;805.089966;2154.469971;8.240000;-0.002646;0.003989;0.547474;0.836809;0.000100;0.000300;-1.964100
284;True;True;-1.000000;1.000000;-1907.449951;-654.179993;17.000000;839.019958;2141.479980;8.240000;-0.002614;0.004011;0.540606;0.841262;0.000100;0.000300;-1.969700
285;True;True;-1.000000;1.000000;-1900.429932;-636.269958;17.000000;872.940002;2127.879883;8.240000;-0.002581;0.004033;0.533685;0.845670;0.000100;0.000300;-1.974800
286;True;True;-1.000000;1.000000;-1893.130005;-618.479980;17.000000;906.820007;2113.659912;8.240000;-0.002549;0.004054;0.526709;0.850032;0.000100;0.000300;-1.979500
287;True;True;-1.000000;1.000000;-1885.539917;-600.799988;17.000000;940.639954;2098.829834;8.240000;-0.002517;0.004076;0.519680;0.854347;0.000200;0.000300;-1.983800
288;True;True;-1.000000;1.000000;-1877.669922;-583.250000;17.000000;974.369995;2083.389893;8.240000;-0.002479;0.004097;0.512602;0.858613;0.000200;0.000300;-1.987700
289;True;True;-1.000000;1.000000;-1869.519897;-565.830017;17.000000;1007.979980;2067.339844;8.240000;-0.002441;0.004119;0.505475;0.862828;0.000200;0.000300;-1.991300
290;True;True;-1.000000;1.000000;-1861.089966;-548.539978;17.000000;1041.439941;2050.679932;8.240000;-0.002403;0.004141;0.498300;0.866991;0.000200;0.000300;-1.994600
291;True;True;-1.000000;1.000000;-1852.380005;-531.390015;17.000000;1074.750000;2033.429932;8.240000;-0.002366;0.004162;0.491077;0.871103;0.000200;0.000200;-1.997600
292;True;True;-1.000000;1.000000;-1843.390015;-514.390015;17.000000;1107.869995;2015.569946;8.240000;-0.002328;0.004184;0.483810;0.875160;0.000200;0.000200;-2.000300
293;True;True;-1.000000;1.000000;-1834.119995;-497.539978;17.000000;1140.789917;1997.119995;8.240000;-0.002290;0.004205;0.476500;0.879161;0.000100;0.000100;-2.002800
294;True;True;-1.000000;1.000000;-1824.579956;-480.839996;17.000000;1173.489990;1978.089966;8.240000;-0.002252;0.004227;0.469147;0.883107;0.000100;0.000000;-2.005100
295;True;True;-1.000000;1.000000;-1814.760010;-464.299988;17.000000;1205.939941;1958.469971;8.240000;-0.002215;0.004243;0.461750;0.886997;0.000100;0.000000;-2.007200
296;True;True;-1.000000;1.000000;-1804.669922;-447.919983;17.000000;1238.140015;1938.279907;8.240000;-0.002177;0.004259;0.454316;0.890827;0.000000;0.000000;-2.009100
297;True;True;-1.000000;1.000000;-1794.309937;-431.709991;17.000000;1270.059937;1917.510010;8.240000;-0.002139;0.004275;0.446845;0.894599;0.000000;0.000000;-2.010900
298;True;True;-1.000000;1.000000;-1783.679932;-415.679993;17.000000;1301.689941;1896.179932;8.240000;-0.002101;0.004292;0.439335;0.898311;0.000000;0.000000;-2.012500
299;True;True;-1.000000;1.000000;-1772.789917;-399.819977;17.000000;1333.020020;1874.289917;8.240000;-0.002064;0.004308;0.431788;0.901963;0.000000;0.000000;-2.014000
300;True;True;-1.000000;1.000000;-1761.640015;-384.149994;17.000000;1364.020020;1851.849976;8.240000;-0.002026;0.004324;0.424203;0.905555;0.000000;0.000000;-2.015300
301;True;True;-1.000000;1.000000;-1750.229980;-368.660004;17.000000;1394.689941;1828.859985;8.240000;-0.001988;0.004340;0.416585;0.909084;0.000000;0.000000;-2.016500
302;True;True;-1.000000;1.000000;-1738.559937;-353.369995;17.000000;1425.010010;1805.339966;8.240000;-0.001950;0.004356;0.408930;0.912553;0.000000;0.000000;-2.017600
303;True;True;-1.000000;1.000000;-1726.640015;-338.269989;17.000000;1454.969971;1781.279907;8.240000;-0.001912;0.004372;0.401242;0.915960;0.000000;0.000000;-2.018600
304;True;True;-1.000000;1.000000;-1714.469971;-323.380005;17.000000;1484.549927;1756.699951;8.240000;-0.001875;0.004389;0.393522;0.919303;-0.000100;0.000000;-2.019600
305;True;True;-1.000000;1.000000;-1702.049927;-308.690002;17.000000;1513.750000;1731.609985;8.240000;-0.001837;0.004405;0.385770;0.922583;-0.000100;0.000000;-2.020500
306;True;True;-1.000000;1.000000;-1689.390015;-294.209991;17.000000;1542.549927;1706.000000;8.240000;-0.001799;0.004421;0.377991;0.925797;-0.000100;0.000000;-2.021300
307;True;True;-1.000000;1.000000;-1676.489990;-279.949982;17.000000;1570.939941;1679.899902;8.240000;-0.001761;0.004437;0.370179;0.928948;-0.000100;0.000000;-2.022000
308;True;True;-1.000000;1.000000;-1663.349976;-265.899994;17.000000;1598.909912;1653.299927;8.240000;-0.001724;0.004453;0.362340;0.932034;-0.000100;0.000000;-2.022700
309;True;True;-1.000000;1.000000;-1649.969971;-252.080002;17.000000;1626.439941;1626.219971;8.240000;-0.001686;0.004470;0.354475;0.935053;-0.000100;0.000000;-2.023300
310;True;True;-1.000000;1.000000;-1636.359985;-238.479996;17.000000;1653.529907;1598.659912;8.240000;-0.001648;0.004486;0.346577;0.938009;-0.000100;0.000000;-2.023900
311;True;True;-1.000000;1.000000;-1622.529907;-225.110001;17.000000;1680.179932;1570.640015;8.240000;-0.001610;0.004502;0.338652;0.940900;-0.000100;0.000000;-2.024400
312;True;True;-1.000000;1.000000;-1608.479980;-211.979996;17.000000;1706.359985;1542.150024;8.240000;-0.001573;0.004518;0.330705;0.943722;-0.000100;0.000000;-2.024900
313;True;True;-1.000000;1.000000;-1594.209961;-199.089996;17.000000;1732.069946;1513.219971;8.240000;-0.001535;0.004529;0.322731;0.946478;-0.000100;0.000000;-2.025300
314;True;True;-1.000000;1.000000;-1579.719971;-186.440002;17.000000;1757.299927;1483.839966;8.240000;-0.001497;0.004540;0.314731;0.949169;-0.000100;0.000000;-2.025700
315;True;True;-1.000000;1.000000;-1565.020020;-174.029999;17.000000;1782.049927;1454.029907;8.240000;-0.001459;0.004551;0.306709;0.951791;-0.000100;0.000000;-2.026100
316;True;True;-1.000000;1.000000;-1550.109985;-161.869995;17.000000;1806.289917;1423.799927;8.240000;-0.001422;0.004561;0.298665;0.954346;-0.000100;0.000000;-2.026400
317;True;True;-1.000000;1.000000;-1535.000000;-149.970001;17.000000;1830.029907;1393.159912;8.240000;-0.001384;0.004572;0.290594;0.956834;-0.000100;0.000000;-2.026700
318;True;True;-1.000000;1.000000;-1519.689941;-138.319992;17.000000;1853.260010;1362.109985;8.240000;-0.001346;0.004583;0.282502;0.959255;-0.000100;0.000000;-2.027000
319;True;True;-1.000000;1.000000;-1504.189941;-126.930000;17.000000;1875.969971;1330.659912;8.240000;-0.001308;0.004594;0.274388;0.961607;-0.000100;0.000000;-2.027300
320;True;True;-1.000000;1.000000;-1488.500000;-115.799995;17.000000;1898.149902;1298.819946;8.240000;-0.001270;0.004604;0.266258;0.963890;-0.000100;0.000000;-2.027500
321;True;True;-1.000000;1.000000;-1472.619995;-104.939995;17.000000;1919.789917;1266.609985;8.240000;-0.001233;0.004615;0.258107;0.966105;-0.000100;0.000000;-2.027700
322;True;True;-1.000000;1.000000;-1456.559937;-94.349998;17.000000;1940.890015;1234.030029;8.240000;-0.001195;0.004626;0.249934;0.968251;0.000000;0.000000;-2.027900
323;True;True;-1.000000;1.000000;-1440.329956;-84.029999;17.000000;1961.449951;1201.089966;8.240000;-0.001157;0.004637;0.241744;0.970328;0.000000;0.000000;-2.028100
324;True;True;-1.000000;1.000000;-1423.919922;-73.989998;17.000000;1981.449951;1167.799927;8.240000;-0.001119;0.004648;0.233534;0.972337;0.000000;0.000000;-2.028300
325;True;True;-1.000000;1.000000;-1407.349976;-64.229996;17.000000;2000.890015;1134.169922;8.240000;-0.001082;0.004658;0.225306;0.974276;0.000000;0.000000;-2.028500
326;True;True;-1.000000;1.000000;-1390.609985;-54.750000;17.000000;2019.760010;1100.209961;8.240000;-0.001044;0.004669;0.217063;0.976146;0.000000;0.000000;-2.028600
327;True;True;-1.000000;1.000000;-1373.719971;-45.549999;17.000000;2038.059937;1065.939941;8.240000;-0.001006;0.004680;0.208804;0.977946;0.000000;0.000000;-2.028700
328;True;True;-1.000000;1.000000;-1356.669922;-36.639999;17.000000;2055.780029;1031.349976;8.240000;-0.000968;0.004691;0.200528;0.979676;0.000000;0.000000;-2.028800
329;True;True;-1.000000;1.000000;-1339.479980;-28.019999;17.000000;2072.909912;996.469971;8.240000;-0.000931;0.004696;0.192242;0.981336;0.000000;0.000000;-2.028900
330;True;True;-1.000000;1.000000;-1322.140015;-19.689999;17.000000;2089.449951;961.299988;8.240000;-0.000893;0.004702;0.183939;0.982926;0.000000;0.000000;-2.029000
331;True;True;-1.000000;1.000000;-1304.659912;-11.650000;17.000000;2105.399902;925.849976;8.240000;-0.000855;0.004707;0.175620;0.984446;0.000100;0.000000;-2.029100
332;True;True;-1.000000;1.000000;-1287.049927;-3.910000;17.000000;2120.750000;890.130005;8.240000;-0.000817;0.004712;0.167291;0.985896;0.000100;0.000000;-2.029200
333;True;True;-1.000000;1.000000;-1269.309937;3.530000;17.000000;2135.489990;854.159973;8.240000;-0.000780;0.004718;0.158950;0.987275;0.000200;0.000000;-2.029300
334;True;True;-1.000000;1.000000;-1251.449951;10.670000;17.000000;2149.619873;817.940002;8.240000;-0.000736;0.004723;0.150599;0.988583;0.000200;0.000000;-2.029400
335;True;True;-1.000000;1.000000;-1233.469971;17.510000;17.000000;2163.139893;781.489990;8.240000;-0.000693;0.004729;0.142237;0.989821;0.000200;0.000000;-2.029500
336;True;True;-1.000000;1.000000;-1215.380005;24.039999;17.000000;2176.040039;744.809998;8.240000;-0.000650;0.004734;0.133864;0.990988;0.000200;0.000000;-2.029500
337;True;True;-1.000000;1.000000;-1197.179932;30.269999;17.000000;2188.320068;707.919983;8.240000;-0.000607;0.004739;0.125481;0.992085;0.000100;0.000000;-2.029500
338;True;True;-1.000000;1.000000;-1178.880005;36.189999;17.000000;2199.979980;670.820007;8.240000;-0.000564;0.004745;0.117086;0.993110;0.000100;0.000000;-2.029500
339;True;True;-1.000000;1.000000;-1160.479980;41.799999;17.000000;2211.010010;633.529968;8.240000;-0.000521;0.004750;0.108687;0.994065;0.000000;0.000000;-2.029600
340;True;True;-1.000000;1.000000;-1141.989990;47.090000;17.000000;2221.399902;596.059998;8.240000;-0.000483;0.004756;0.100276;0.994948;0.000000;0.000000;-2.029600
341;True;True;-1.000000;1.000000;-1123.410034;52.070000;17.000000;2231.159912;558.419983;8.240000;-0.000445;0.004761;0.091860;0.995760;0.000000;0.000000;-2.029600
342;True;True;-1.000000;1.000000;-1104.750000;56.739998;17.000000;2240.280029;520.609985;8.240000;-0.000407;0.004766;0.083439;0.996501;0.000000;0.000000;-2.029600
343;True;True;-1.000000;1.000000;-1086.010010;61.090000;17.000000;2248.770020;482.660004;8.240000;-0.000370;0.004772;0.075007;0.997172;0.000000;0.000000;-2.029600
344;True;True;-1.000000;1.000000;-1067.199951;65.119995;17.000000;2256.609863;444.559998;8.240000;-0.000332;0.004777;0.066569;0.997770;0.000000;0.000000;-2.029700
345;True;True;-1.000000;1.000000;-1048.329956;68.830002;17.000000;2263.800049;406.329987;8.240000;-0.000294;0.004777;0.058126;0.998298;0.000100;0.000000;-2.029800
346;True;True;-1.000000;1.000000;-1029.400024;72.220001;17.000000;2270.349854;367.989990;8.240000;-0.000251;0.004777;0.049684;0.998753;0.000200;0.000000;-2.029800
347;True;True;-1.000000;1.000000;-1010.409973;75.290001;17.000000;2276.250000;329.539978;8.240000;-0.000208;0.004777;0.041235;0.999138;0.000200;0.000000;-2.029800
348;True;True;-1.000000;1.000000;-991.369995;78.040001;17.000000;2281.500000;291.000000;8.240000;-0.000165;0.004777;0.032782;0.999451;0.000200;0.000000;-2.029800
349;True;True;-1.000000;1.000000;-972.289978;80.470001;17.000000;2286.089844;252.369995;8.240000;-0.000121;0.004777;0.024328;0.999693;0.000100;0.000000;-2.029800
350;True;True;-1.000000;1.000000;-953.169983;82.580002;17.000000;2290.030029;213.669998;8.240000;-0.000078;0.004777;0.015874;0.999863;0.000100;0.000000;-2.029800
351;True;True;-1.000000;1.000000;-934.019958;84.360001;17.000000;2293.320068;174.910004;8.240000;-0.000035;0.004777;0.007415;0.999961;0.000000;0.000000;-2.029800
352;True;True;-1.000000;1.000000;-914.839966;85.820000;17.000000;2295.949951;136.099991;8.240000;0.000003;0.004777;-0.001044;0.999988;0.000000;0.000000;-2.029800
353;True;True;-1.000000;1.000000;-895.639954;86.949997;17.000000;2297.919922;97.250000;8.240000;0.000040;0.004777;-0.009503;0.999943;0.000000;0.000000;-2.029800
354;True;True;-1.000000;1.000000;-876.419983;87.759995;17.000000;2299.239990;58.369999;8.240000;0.000078;0.004777;-0.017962;0.999827;0.000000;0.000000;-2.029800
355;True;True;-1.000000;1.000000;-857.190002;88.239998;17.000000;2299.899902;19.469999;8.240000;0.000116;0.004777;-0.026416;0.999640;0.000000;0.000000;-2.029800
356;True;True;-1.000000;1.000000;-837.959961;88.400002;17.000000;2299.899902;-19.430000;8.240000;0.000154;0.004777;-0.034869;0.999380;0.000000;0.000000;-2.029800
357;True;True;-1.000000;1.000000;-818.729980;88.229996;17.000000;2299.239990;-58.320000;8.240000;0.000192;0.004777;-0.043318;0.999050;0.000100;0.000000;-2.029800
358;True;True;-1.000000;1.000000;-799.500000;87.739998;17.000000;2297.929932;-97.199997;8.240000;0.000235;0.004777;-0.051766;0.998648;0.000100;0.000000;-2.029800
359;True;True;-1.000000;1.000000;-780.279968;86.919998;17.000000;2295.949951;-136.050003;8.240000;0.000278;0.004777;-0.060209;0.998174;0.000100;0.000000;-2.029800
360;True;True;-1.000000;1.000000;-761.079956;85.779999;17.000000;2293.320068;-174.860001;8.240000;0.000321;0.004777;-0.068646;0.997630;0.000100;0.000000;-2.029800
361;True;True;-1.000000;1.000000;-741.899963;84.309998;17.000000;2290.040039;-213.619995;8.240000;0.000364;0.004772;-0.077084;0.997013;0.000100;0.000000;-2.029800
362;True;True;-1.000000;1.000000;-722.750000;82.519997;17.000000;2286.099854;-252.319992;8.240000;0.000407;0.004766;-0.085511;0.996326;0.000000;0.000000;-2.029800
363;True;True;-1.000000;1.000000;-703.630005;80.409996;17.000000;2281.500000;-290.949982;8.240000;0.000445;0.004761;-0.093932;0.995567;0.000000;0.000000;-2.029800
364;True;True;-1.000000;1.000000;-684.549988;77.970001;17.000000;2276.260010;-329.489990;8.240000;0.000483;0.004756;-0.102348;0.994737;0.000000;0.000000;-2.029800
365;True;True;-1.000000;1.000000;-665.510010;75.209999;17.000000;2270.359863;-367.940002;8.240000;0.000521;0.004750;-0.110758;0.993836;0.000000;0.000000;-2.029800
366;True;True;-1.000000;1.000000;-646.519958;72.129997;17.000000;2263.810059;-406.279999;8.240000;0.000558;0.004745;-0.119158;0.992864;0.000000;0.000000;-2.029800
367;True;True;-1.000000;1.000000;-627.589966;68.729996;17.000000;2256.619873;-444.509979;8.240000;0.000596;0.004739;-0.127552;0.991820;0.000100;0.000000;-2.029800
368;True;True;-1.000000;1.000000;-608.719971;65.010002;17.000000;2248.780029;-482.609985;8.240000;0.000639;0.004734;-0.135936;0.990706;0.000100;0.000000;-2.029800
369;True;True;-1.000000;1.000000;-589.909973;60.969997;17.000000;2240.290039;-520.580017;8.240000;0.000682;0.004729;-0.144309;0.989521;0.000100;0.000000;-2.029800
370;True;True;-1.000000;1.000000;-571.169983;56.610001;17.000000;2231.169922;-558.399963;8.240000;0.000720;0.004723;-0.152671;0.988266;0.000100;0.000000;-2.029800
371;True;True;-1.000000;1.000000;-552.510010;51.939999;17.000000;2221.399902;-596.049988;8.240000;0.000758;0.004718;-0.161022;0.986939;0.000100;0.000000;-2.029800
372;True;True;-1.000000;1.000000;-533.929993;46.950001;17.000000;2211.000000;-633.539978;8.240000;0.000796;0.004712;-0.169362;0.985542;0.000100;0.000000;-2.029800
373;True;True;-1.000000;1.000000;-515.440002;41.649998;17.000000;2199.969971;-670.839966;8.240000;0.000833;0.004707;-0.177692;0.984075;0.000100;0.000000;-2.029800
374;True;True;-1.000000;1.000000;-497.039978;36.040001;17.000000;2188.310059;-707.950012;8.240000;0.000871;0.004702;-0.186011;0.982536;0.000200;0.000000;-2.029800
375;True;True;-1.000000;1.000000;-478.739990;30.119999;17.000000;2176.020020;-744.859985;8.240000;0.000914;0.004696;-0.194313;0.980928;0.000200;0.000000;-2.029800
376;True;True;-1.000000;1.000000;-460.539978;23.889999;17.000000;2163.109863;-781.559998;8.240000;0.000958;0.004691;-0.202605;0.979249;0.000200;0.000000;-2.029900
377;True;True;-1.000000;1.000000;-442.449982;17.350000;17.000000;2149.579834;-818.039978;8.240000;0.001001;0.004685;-0.210881;0.977500;0.000200;0.000000;-2.029900
378;True;True;-1.000000;1.000000;-424.470001;10.500000;17.000000;2135.439941;-854.289978;8.240000;0.001039;0.004675;-0.219140;0.975681;0.000100;0.000000;-2.029900
379;True;True;-1.000000;1.000000;-406.609985;3.350000;17.000000;2120.679932;-890.289978;8.240000;0.001076;0.004664;-0.227383;0.973794;0.000100;0.000000;-2.029900
380;True;True;-1.000000;1.000000;-388.880005;-4.100000;17.000000;2105.320068;-926.029968;8.240000;0.001114;0.004653;-0.235611;0.971836;0.000100;0.000000;-2.029900
381;True;True;-1.000000;1.000000;-371.269989;-11.849999;17.000000;2089.349854;-961.509949;8.240000;0.001152;0.004642;-0.243821;0.969808;0.000100;0.000000;-2.029900
382;True;True;-1.000000;1.000000;-353.799988;-19.900000;17.000000;2072.790039;-996.709961;8.240000;0.001190;0.004631;-0.252016;0.967711;0.000100;0.000000;-2.029900
383;True;True;-1.000000;1.000000;-336.470001;-28.240000;17.000000;2055.639893;-1031.630005;8.240000;0.001227;0.004621;-0.260189;0.965546;0.000100;0.000000;-2.029900
384;True;True;-1.000000;1.000000;-319.279999;-36.869999;17.000000;2037.890015;-1066.250000;8.240000;0.001265;0.004610;-0.268346;0.963311;0.000200;0.000000;-2.029900
385;True;True;-1.000000;1.000000;-302.239990;-45.789997;17.000000;2019.569946;-1100.569946;8.240000;0.001303;0.004599;-0.276482;0.961007;0.000200;0.000000;-2.029900
386;True;True;-1.000000;1.000000;-285.350006;-55.000000;17.000000;2000.659912;-1134.569946;8.240000;0.001341;0.004588;-0.284601;0.958634;0.000200;0.000000;-2.029900
387;True;True;-1.000000;1.000000;-268.619995;-64.489998;17.000000;1981.189941;-1168.250000;8.240000;0.001378;0.004578;-0.292699;0.956193;0.000200;0.000000;-2.029900
388;True;True;-1.000000;1.000000;-252.049988;-74.260002;17.000000;1961.140015;-1201.589966;8.250000;0.001416;0.004567;-0.300775;0.953683;0.000200;0.000000;-2.029900
389;True;True;-1.000000;1.000000;-235.649994;-84.309998;17.000000;1940.539917;-1234.589966;8.250000;0.001454;0.004556;-0.308829;0.951105;0.000200;-0.000100;-2.029900
390;True;True;-1.000000;1.000000;-219.419998;-94.639999;17.000000;1919.380005;-1267.239990;8.250000;0.001492;0.004545;-0.316862;0.948460;0.000200;-0.000100;-2.029900
391;True;True;-1.000000;1.000000;-203.369995;-105.239998;17.000000;1897.669922;-1299.520020;8.250000;0.001529;0.004534;-0.324873;0.945745;0.000200;-0.000100;-2.029900
392;True;True;-1.000000;1.000000;-187.500000;-116.110001;17.000000;1875.419922;-1331.429932;8.250000;0.001567;0.004524;-0.332863;0.942963;0.000200;-0.000200;-2.029900
393;True;True;-1.000000;1.000000;-171.819992;-127.250000;17.000000;1852.630005;-1362.959961;8.250000;0.001605;0.004507;-0.340826;0.940114;0.000200;-0.000300;-2.029900
394;True;True;-1.000000;1.000000;-156.330002;-138.649994;17.000000;1829.309937;-1394.099976;8.250000;0.001643;0.004491;-0.348767;0.937197;0.000200;-0.000300;-2.029900
395;True;True;-1.000000;1.000000;-141.029999;-150.309998;17.000000;1805.469971;-1424.849976;8.250000;0.001680;0.004475;-0.356681;0.934214;0.000300;-0.000300;-2.029900
396;True;True;-1.000000;1.000000;-125.930000;-162.229996;17.000000;1781.099976;-1455.189941;8.250000;0.001718;0.004459;-0.364568;0.931164;0.000300;-0.000300;-2.029900
397;True;True;-1.000000;1.000000;-111.040001;-174.399994;17.000000;1756.229980;-1485.109985;8.250000;0.001756;0.004443;-0.372428;0.928049;0.000300;-0.000200;-2.029900
398;True;True;-1.000000;1.000000;-96.349998;-186.819992;17.000000;1730.859985;-1514.599976;8.250000;0.001794;0.004426;-0.380262;0.924866;0.000300;-0.000200;-2.029900
399;True;True;-1.000000;1.000000;-81.879997;-199.489990;17.000000;1705.000000;-1543.659912;8.250000;0.001832;0.004410;-0.388068;0.921618;0.000300;-0.000200;-2.029900
400;True;True;-1.000000;1.000000;-67.619995;-212.399994;17.000000;1678.649902;-1572.279907;8.250000;0.001869;0.004394;-0.395847;0.918304;0.000300;-0.000200;-2.029900
401;True;True;1.000000;1.000000;-53.579998;-225.549988;17.000000;1665.750000;-1585.929932;8.240000;0.001907;0.004378;-0.403600;0.914923;0.003700;-0.003800;-1.510300
402;True;True;1.000000;1.000000;-39.649998;-238.819992;17.000000;1651.489990;-1600.779907;8.220000;0.001956;0.004356;-0.409351;0.912365;0.005300;-0.005700;-1.066200
403;True;True;1.000000;1.000000;-25.840000;-252.209991;17.000000;1636.900024;-1615.689941;8.200000;0.002004;0.004335;-0.413402;0.910536;0.005800;-0.006400;-0.687400
404;True;True;1.000000;1.000000;-12.150000;-265.729980;17.000000;1622.869995;-1629.779907;8.179999;0.002047;0.004313;-0.416008;0.909348;0.005600;-0.006300;-0.362000
405;True;True;1.000000;1.000000;1.420000;-279.359985;17.000000;1610.069946;-1642.429932;8.170000;0.002085;0.004297;-0.417378;0.908720;0.005100;-0.005700;-0.080400
406;True;True;1.000000;1.000000;14.880000;-293.100006;17.000000;1598.989990;-1653.219971;8.160000;0.002117;0.004286;-0.417680;0.908581;0.004300;-0.004900;0.164700
407;True;True;1.000000;1.000000;28.250000;-306.929993;17.000000;1589.969971;-1661.890015;8.160000;0.002139;0.004275;-0.417054;0.908869;0.003400;-0.004000;0.379200
408;True;True;1.000000;1.000000;41.540001;-320.829987;17.000000;1583.239990;-1668.309937;8.160000;0.002150;0.004270;-0.415619;0.909526;0.002500;-0.003000;0.567500
409;True;True;1.000000;1.000000;54.779999;-334.779999;17.000000;1578.900024;-1672.419922;8.160000;0.002155;0.004270;-0.413467;0.910507;0.001600;-0.002000;0.732900
410;True;True;1.000000;1.000000;67.979996;-348.769989;17.000000;1576.989990;-1674.219971;8.160000;0.002150;0.004270;-0.410683;0.911766;0.000800;-0.001100;0.878100
411;True;True;1.000000;1.000000;81.169998;-362.769989;17.000000;1577.469971;-1673.760010;8.170000;0.002139;0.004275;-0.407344;0.913262;0.000100;-0.000300;1.005400
412;True;True;1.000000;1.000000;94.360001;-376.769989;17.000000;1580.270020;-1671.119995;8.179999;0.002123;0.004281;-0.403513;0.914961;-0.000400;0.000400;1.116600
413;True;True;1.000000;1.000000;107.579994;-390.750000;17.000000;1585.260010;-1666.390015;8.190000;0.002101;0.004292;-0.399251;0.916829;-0.000900;0.001000;1.213200
414;True;True;1.000000;1.000000;120.839996;-404.690002;17.000000;1592.260010;-1659.699951;8.200000;0.002074;0.004302;-0.394612;0.918835;-0.001300;0.001500;1.297600
415;True;True;1.000000;1.000000;134.160004;-418.569977;17.000000;1601.079956;-1651.199951;8.200000;0.002042;0.004319;-0.389638;0.920956;-0.001600;0.001800;1.371700
416;True;True;1.000000;1.000000;147.550003;-432.380005;17.000000;1611.529907;-1641.000000;8.200000;0.002010;0.004335;-0.384367;0.923168;-0.001800;0.002000;1.437000
417;True;True;1.000000;1.000000;161.029999;-446.099976;17.000000;1623.439941;-1629.209961;8.200000;0.001972;0.004351;-0.378832;0.925453;-0.001900;0.002100;1.494800
418;True;True;1.000000;1.000000;174.610001;-459.720001;17.000000;1636.650024;-1615.939941;8.210000;0.001934;0.004367;-0.373060;0.927795;-0.001900;0.002100;1.546100
419;True;True;1.000000;1.000000;188.300003;-473.229980;17.000000;1651.000000;-1601.279907;8.210000;0.001896;0.004383;-0.367077;0.930178;-0.001900;0.002100;1.591800
420;True;True;1.000000;1.000000;202.110001;-486.619995;17.000000;1666.339966;-1585.319946;8.210000;0.001859;0.004399;-0.360900;0.932592;-0.001900;0.002000;1.632700
421;True;True;1.000000;1.000000;216.049988;-499.879974;17.000000;1682.529907;-1568.119995;8.210000;0.001821;0.004416;-0.354545;0.935027;-0.001800;0.001900;1.669400
422;True;True;1.000000;1.000000;230.119995;-512.989990;17.000000;1699.449951;-1549.760010;8.220000;0.001778;0.004432;-0.348033;0.937470;-0.001800;0.001800;1.702300
423;True;True;1.000000;1.000000;244.330002;-525.950012;17.000000;1716.989990;-1530.309937;8.220000;0.001734;0.004448;-0.341376;0.939915;-0.001700;0.001700;1.731900
424;True;True;1.000000;1.000000;258.690002;-538.750000;17.000000;1735.029907;-1509.819946;8.220000;0.001691;0.004464;-0.334584;0.942354;-0.001600;0.001600;1.758600
425;True;True;1.000000;1.000000;273.199982;-551.380005;17.000000;1753.489990;-1488.339966;8.220000;0.001648;0.004480;-0.327668;0.944781;-0.001400;0.001500;1.782800
426;True;True;1.000000;1.000000;287.869995;-563.830017;17.000000;1772.270020;-1465.929932;8.230000;0.001605;0.004497;-0.320638;0.947190;-0.001200;0.001300;1.804700
427;True;True;1.000000;1.000000;302.690002;-576.089966;17.000000;1791.299927;-1442.619995;8.230000;0.001567;0.004513;-0.313506;0.949574;-0.001000;0.001100;1.824500
428;True;True;1.000000;1.000000;317.669983;-588.149963;17.000000;1810.489990;-1418.459961;8.230000;0.001529;0.004529;-0.306277;0.951930;-0.000900;0.001000;1.842500
429;True;True;1.000000;1.000000;332.809998;-600.010010;17.000000;1829.770020;-1393.489990;8.230000;0.001492;0.004545;-0.298962;0.954253;-0.000800;0.000900;1.858800
430;True;True;1.000000;1.000000;348.109985;-611.659973;17.000000;1849.089966;-1367.760010;8.230000;0.001454;0.004561;-0.291560;0.956540;-0.000800;0.000700;1.873600
431;True;True;1.000000;1.000000;363.579987;-623.099976;17.000000;1868.390015;-1341.280029;8.240000;0.001416;0.004572;-0.284083;0.958788;-0.000800;0.000600;1.887100
432;True;True;1.000000;1.000000;379.209991;-634.309998;17.000000;1887.609985;-1314.089966;8.240000;0.001378;0.004583;-0.276536;0.960992;-0.000800;0.000500;1.899400
433;True;True;1.000000;1.000000;395.000000;-645.299988;17.000000;1906.699951;-1286.229980;8.240000;0.001341;0.004594;-0.268923;0.963149;-0.000800;0.000400;1.910600
434;True;True;1.000000;1.000000;410.949982;-656.049988;17.000000;1925.619995;-1257.729980;8.240000;0.001303;0.004604;-0.261247;0.965260;-0.000800;0.000400;1.920800
435;True;True;1.000000;1.000000;427.059998;-666.570007;17.000000;1944.329956;-1228.609985;8.240000;0.001260;0.004615;-0.253511;0.967321;-0.000800;0.000400;1.930100
436;True;True;1.000000;1.000000;443.319977;-676.839966;17.000000;1962.789917;-1198.900024;8.240000;0.001217;0.004626;-0.245720;0.969329;-0.000700;0.000400;1.938600
437;True;True;1.000000;1.000000;459.739990;-686.859985;17.000000;1980.969971;-1168.619995;8.240000;0.001173;0.004637;-0.237882;0.971282;-0.000600;0.000300;1.946400
438;True;True;1.000000;1.000000;476.309998;-696.630005;17.000000;1998.829956;-1137.799927;8.240000;0.001136;0.004648;-0.229995;0.973180;-0.000500;0.000300;1.953500
439;True;True;1.000000;1.000000;493.029999;-706.140015;17.000000;2016.339966;-1106.459961;8.240000;0.001098;0.004658;-0.222064;0.975020;-0.000500;0.000200;1.960000
440;True;True;1.000000;1.000000;509.889984;-715.389954;17.000000;2033.489990;-1074.630005;8.240000;0.001060;0.004669;-0.214096;0.976801;-0.000500;0.000200;1.965900
441;True;True;1.000000;1.000000;526.899963;-724.369995;17.000000;2050.229980;-1042.319946;8.240000;0.001022;0.004680;-0.206090;0.978521;-0.000500;0.000100;1.971300
442;True;True;1.000000;1.000000;544.049988;-733.079956;17.000000;2066.560059;-1009.570007;8.240000;0.000979;0.004691;-0.198046;0.980181;-0.000500;0.000100;1.976300
443;True;True;1.000000;1.000000;561.330017;-741.519958;17.000000;2082.449951;-976.380005;8.240000;0.000936;0.004696;-0.189970;0.981778;-0.000500;0.000000;1.980800
444;True;True;1.000000;1.000000;578.750000;-749.679993;17.000000;2097.869873;-942.779968;8.240000;0.000893;0.004702;-0.181862;0.983312;-0.000400;0.000000;1.985000
445;True;True;1.000000;1.000000;596.299988;-757.559998;17.000000;2112.820068;-908.789978;8.240000;0.000850;0.004707;-0.173721;0.984783;-0.000300;0.000000;1.988800
446;True;True;1.000000;1.000000;613.969971;-765.159973;17.000000;2127.270020;-874.419983;8.240000;0.000812;0.004712;-0.165553;0.986189;-0.000300;0.000000;1.992300
447;True;True;1.000000;1.000000;631.760010;-772.469971;17.000000;2141.219971;-839.690002;8.240000;0.000774;0.004718;-0.157359;0.987530;-0.000300;0.000000;1.995500
448;True;True;1.000000;1.000000;649.669983;-779.489990;17.000000;2154.639893;-804.619995;8.240000;0.000736;0.004723;-0.149142;0.988804;-0.000300;0.000000;1.998400
449;True;True;1.000000;1.000000;667.690002;-786.219971;17.000000;2167.530029;-769.229980;8.240000;0.000693;0.004729;-0.140905;0.990012;-0.000300;0.000000;2.001100
450;True;True;1.000000;1.000000;685.820007;-792.649963;17.000000;2179.869873;-733.539978;8.240000;0.000650;0.004734;-0.132645;0.991152;-0.000300;0.000000;2.003500
451;True;True;1.000000;1.000000;704.049988;-798.779968;17.000000;2191.649902;-697.559998;8.240000;0.000607;0.004739;-0.124364;0.992225;-0.000200;0.000000;2.005700
452;True;True;1.000000;1.000000;722.380005;-804.609985;17.000000;2202.859863;-661.299988;8.240000;0.000569;0.004745;-0.116067;0.993230;-0.000100;0.000000;2.007700
453;True;True;1.000000;1.000000;740.799988;-810.139954;17.000000;2213.489990;-624.779968;8.240000;0.000531;0.004750;-0.107753;0.994166;-0.000100;0.000000;2.009600
454;True;True;1.000000;1.000000;759.309998;-815.359985;17.000000;2223.540039;-588.019958;8.240000;0.000494;0.004756;-0.099424;0.995034;-0.000100;0.000000;2.011300
455;True;True;1.000000;1.000000;777.909973;-820.269958;17.000000;2232.989990;-551.029968;8.240000;0.000456;0.004761;-0.091083;0.995832;-0.000100;0.000000;2.012900
456;True;True;1.000000;1.000000;796.589966;-824.869995;17.000000;2241.849854;-513.839966;8.240000;0.000418;0.004766;-0.082727;0.996561;-0.000200;0.000000;2.014300
457;True;True;1.000000;1.000000;815.339966;-829.159973;17.000000;2250.089844;-476.440002;8.240000;0.000375;0.004772;-0.074359;0.997220;-0.000300;0.000000;2.015600
458;True;True;1.000000;1.000000;834.159973;-833.139954;17.000000;2257.719971;-438.859985;8.240000;0.000332;0.004777;-0.065981;0.997809;-0.000300;0.000000;2.016800
459;True;True;1.000000;1.000000;853.039978;-836.809998;17.000000;2264.729980;-401.109985;8.240000;0.000289;0.004777;-0.057592;0.998329;-0.000300;0.000000;2.017900
460;True;True;1.000000;1.000000;871.979980;-840.159973;17.000000;2271.119873;-363.209991;8.240000;0.000245;0.004777;-0.049198;0.998778;-0.000200;0.000000;2.018900
461;True;True;1.000000;1.000000;890.969971;-843.190002;17.000000;2276.879883;-325.169983;8.240000;0.000202;0.004777;-0.040793;0.999156;-0.000100;0.000000;2.019800
462;True;True;1.000000;1.000000;910.010010;-845.909973;17.000000;2282.000000;-287.000000;8.240000;0.000159;0.004777;-0.032382;0.999464;-0.000100;0.000000;2.020700
463;True;True;1.000000;1.000000;929.099976;-848.309998;17.000000;2286.489990;-248.720001;8.240000;0.000116;0.004777;-0.023966;0.999701;0.000000;0.000000;2.021500
464;True;True;1.000000;1.000000;948.219971;-850.389954;17.000000;2290.339844;-210.339996;8.240000;0.000078;0.004777;-0.015545;0.999868;0.000000;0.000000;2.022200
465;True;True;1.000000;1.000000;967.380005;-852.139954;17.000000;2293.550049;-171.869995;8.240000;0.000040;0.004777;-0.007118;0.999963;0.000000;0.000000;2.022900
466;True;True;1.000000;1.000000;986.559998;-853.570007;17.000000;2296.109863;-133.330002;8.240000;0.000003;0.004777;0.001308;0.999988;0.000000;0.000000;2.023500
467;True;True;1.000000;1.000000;1005.759949;-854.679993;17.000000;2298.030029;-94.729996;8.240000;-0.000035;0.004777;0.009740;0.999941;0.000000;0.000000;2.024000
468;True;True;1.000000;1.000000;1024.979980;-855.469971;17.000000;2299.300049;-56.079998;8.240000;-0.000073;0.004777;0.018172;0.999823;0.000000;0.000000;2.024500
469;True;True;1.000000;1.000000;1044.209961;-855.929993;17.000000;2299.909912;-17.389999;8.240000;-0.000111;0.004777;0.026605;0.999635;-0.000100;0.000000;2.025000
470;True;True;1.000000;1.000000;1063.439941;-856.070007;17.000000;2299.879883;21.309999;8.240000;-0.000154;0.004777;0.035037;0.999374;-0.000200;0.000000;2.025400
471;True;True;1.000000;1.000000;1082.669922;-855.889954;17.000000;2299.199951;60.020000;8.240000;-0.000197;0.004777;0.043469;0.999043;-0.000200;0.000000;2.025800
472;True;True;1.000000;1.000000;1101.900024;-855.380005;17.000000;2297.859863;98.729996;8.240000;-0.000240;0.004777;0.051901;0.998641;-0.000200;0.000000;2.026200
473;True;True;1.000000;1.000000;1121.119995;-854.549988;17.000000;2295.869873;137.429993;8.240000;-0.000283;0.004777;0.060328;0.998167;-0.000100;0.000000;2.026500
474;True;True;1.000000;1.000000;1140.319946;-853.399963;17.000000;2293.229980;176.099991;8.240000;-0.000326;0.004777;0.068754;0.997622;-0.000100;0.000000;2.026800
475;True;True;1.000000;1.000000;1159.500000;-851.919983;17.000000;2289.929932;214.739990;8.240000;-0.000370;0.004772;0.077176;0.997006;0.000000;0.000000;2.027100
476;True;True;1.000000;1.000000;1178.650024;-850.119995;17.000000;2285.989990;253.319992;8.240000;-0.000407;0.004766;0.085591;0.996319;0.000000;0.000000;2.027400
477;True;True;1.000000;1.000000;1197.770020;-848.000000;17.000000;2281.389893;291.839996;8.240000;-0.000445;0.004761;0.094007;0.995560;0.000000;0.000000;2.027600
478;True;True;1.000000;1.000000;1216.849976;-845.549988;17.000000;2276.139893;330.289978;8.240000;-0.000483;0.004756;0.102412;0.994730;0.000000;0.000000;2.027800
479;True;True;1.000000;1.000000;1235.890015;-842.779968;17.000000;2270.239990;368.649994;8.240000;-0.000521;0.004750;0.110812;0.993830;0.000000;0.000000;2.028000
480;True;True;1.000000;1.000000;1254.880005;-839.690002;17.000000;2263.699951;406.919983;8.240000;-0.000558;0.004745;0.119207;0.992858;0.000000;0.000000;2.028200
481;True;True;1.000000;1.000000;1273.809937;-836.279968;17.000000;2256.500000;445.079987;8.240000;-0.000596;0.004739;0.127590;0.991815;-0.000100;0.000000;2.028400
482;True;True;1.000000;1.000000;1292.679932;-832.549988;17.000000;2248.669922;483.119995;8.240000;-0.000634;0.004734;0.135968;0.990702;-0.000100;0.000000;2.028500
483;True;True;1.000000;1.000000;1311.489990;-828.510010;17.000000;2240.189941;521.029968;8.240000;-0.000672;0.004729;0.144336;0.989517;-0.000200;0.000000;2.028600
484;True;True;1.000000;1.000000;1330.219971;-824.149963;17.000000;2231.070068;558.789978;8.240000;-0.000715;0.004723;0.152692;0.988262;-0.000200;0.000000;2.028700
485;True;True;1.000000;1.000000;1348.880005;-819.469971;17.000000;2221.310059;596.399963;8.240000;-0.000758;0.004718;0.161038;0.986937;-0.000200;0.000000;2.028800
486;True;True;1.000000;1.000000;1367.459961;-814.479980;17.000000;2210.919922;633.839966;8.240000;-0.000801;0.004712;0.169373;0.985540;-0.000200;0.000000;2.028900
487;True;True;1.000000;1.000000;1385.949951;-809.169983;17.000000;2199.889893;671.099976;8.240000;-0.000844;0.004707;0.177697;0.984074;-0.000200;0.000000;2.029000
488;True;True;1.000000;1.000000;1404.349976;-803.549988;17.000000;2188.239990;708.169983;8.240000;-0.000887;0.004702;0.186011;0.982536;-0.000100;0.000000;2.029100
489;True;True;1.000000;1.000000;1422.650024;-797.619995;17.000000;2175.959961;745.049988;8.240000;-0.000925;0.004696;0.194313;0.980928;0.000000;0.000000;2.029200
490;True;True;1.000000;1.000000;1440.849976;-791.380005;17.000000;2163.060059;781.719971;8.240000;-0.000963;0.004691;0.202600;0.979250;0.000000;0.000000;2.029300
491;True;True;1.000000;1.000000;1458.939941;-784.839966;17.000000;2149.540039;818.169983;8.240000;-0.001001;0.004680;0.210870;0.977502;0.000000;0.000000;2.029400
492;True;True;1.000000;1.000000;1476.919922;-777.989990;17.000000;2135.399902;854.380005;8.240000;-0.001039;0.004669;0.219129;0.975684;0.000000;0.000000;2.029500
493;True;True;1.000000;1.000000;1494.779907;-770.839966;17.000000;2120.649902;890.359985;8.240000;-0.001076;0.004658;0.227373;0.973796;0.000000;0.000000;2.029600
494;True;True;1.000000;1.000000;1512.510010;-763.389954;17.000000;2105.300049;926.079956;8.240000;-0.001114;0.004648;0.235600;0.971838;0.000000;0.000000;2.029600
495;True;True;1.000000;1.000000;1530.119995;-755.639954;17.000000;2089.339844;961.539978;8.240000;-0.001152;0.004637;0.243811;0.969811;-0.000100;0.000000;2.029600
496;True;True;1.000000;1.000000;1547.589966;-747.589966;17.000000;2072.780029;996.729980;8.240000;-0.001190;0.004626;0.252005;0.967714;-0.000100;0.000000;2.029700
497;True;True;1.000000;1.000000;1564.919922;-739.250000;17.000000;2055.629883;1031.640015;8.240000;-0.001227;0.004615;0.260178;0.965549;-0.000200;0.000000;2.029700
498;True;True;1.000000;1.000000;1582.109985;-730.619995;17.000000;2037.890015;1066.250000;8.240000;-0.001265;0.004604;0.268335;0.963314;-0.000200;0.000000;2.029700
499;True;True;1.000000;1.000000;1599.150024;-721.700012;17.000000;2019.569946;1100.559937;8.240000;-0.001303;0.004594;0.276471;0.961010;-0.000200;0.000000;2.029700
500;True;True;1.000000;1.000000;1616.039917;-712.489990;17.000000;2000.669922;1134.559937;8.240000;-0.001341;0.004583;0.284590;0.958637;-0.000200;0.000000;2.029700
501;True;True;1.000000;1.000000;1632.770020;-703.000000;17.000000;1981.199951;1168.229980;8.240000;-0.001378;0.004572;0.292688;0.956196;-0.000300;0.000000;2.029700
502;True;True;1.000000;1.000000;1649.339966;-693.229980;17.000000;1961.159912;1201.569946;8.240000;-0.001416;0.004561;0.300764;0.953687;-0.000300;0.000000;2.029700
503;True;True;1.000000;1.000000;1665.739990;-683.179993;17.000000;1940.549927;1234.559937;8.240000;-0.001454;0.004551;0.308818;0.951109;-0.000300;0.000000;2.029700
504;True;True;1.000000;1.000000;1681.969971;-672.849976;17.000000;1919.399902;1267.209961;8.250000;-0.001492;0.004540;0.316851;0.948463;-0.000300;0.000000;2.029700
505;True;True;1.000000;1.000000;1698.020020;-662.250000;17.000000;1897.689941;1299.489990;8.250000;-0.001529;0.004529;0.324862;0.945749;-0.000300;0.000000;2.029800
506;True;True;1.000000;1.000000;1713.890015;-651.380005;17.000000;1875.439941;1331.400024;8.250000;-0.001567;0.004518;0.332847;0.942969;-0.000300;-0.000100;2.029800
507;True;True;1.000000;1.000000;1729.569946;-640.239990;17.000000;1852.649902;1362.929932;8.250000;-0.001605;0.004507;0.340809;0.940120;-0.000300;-0.000100;2.029800
508;True;True;1.000000;1.000000;1745.059937;-628.839966;17.000000;1829.339966;1394.069946;8.250000;-0.001643;0.004491;0.348751;0.937203;-0.000300;-0.000200;2.029800
509;True;True;1.000000;1.000000;1760.359985;-617.179993;17.000000;1805.500000;1424.809937;8.250000;-0.001680;0.004475;0.356665;0.934220;-0.000300;-0.000200;2.029800
510;True;True;1.000000;1.000000;1775.459961;-605.260010;17.000000;1781.140015;1455.140015;8.250000;-0.001718;0.004459;0.364552;0.931171;-0.000300;-0.000200;2.029800
511;True;True;1.000000;1.000000;1790.349976;-593.089966;17.000000;1756.270020;1485.059937;8.250000;-0.001756;0.004443;0.372412;0.928055;-0.000300;-0.000200;2.029800
512;True;True;1.000000;1.000000;1805.039917;-580.669983;17.000000;1730.899902;1514.549927;8.250000;-0.001794;0.004426;0.380246;0.924873;-0.000300;-0.000200;2.029800
513;True;True;1.000000;1.000000;1819.510010;-568.000000;17.000000;1705.039917;1543.609985;8.250000;-0.001832;0.004410;0.388052;0.921625;-0.000300;-0.000200;2.029800
514;True;True;1.000000;1.000000;1833.770020;-555.089966;17.000000;1678.689941;1572.229980;8.250000;-0.001869;0.004394;0.395831;0.918311;-0.000300;-0.000200;2.029800
515;True;True;1.000000;1.000000;1847.809937;-541.940002;17.000000;1651.859985;1600.390015;8.250000;-0.001907;0.004378;0.403584;0.914930;-0.000300;-0.000200;2.029800
516;True;True;1.000000;1.000000;1861.619995;-528.549988;17.000000;1624.559937;1628.099976;8.250000;-0.001945;0.004362;0.411309;0.911483;-0.000300;-0.000200;2.029800
517;True;True;1.000000;1.000000;1875.199951;-514.929993;17.000000;1596.789917;1655.339966;8.250000;-0.001983;0.004346;0.419002;0.907973;-0.000300;-0.000200;2.029800
518;True;True;1.000000;1.000000;1888.549927;-501.079987;17.000000;1568.559937;1682.109985;8.250000;-0.002020;0.004329;0.426668;0.904396;-0.000300;-0.000200;2.029800
519;True;True;1.000000;1.000000;1901.659912;-487.009979;17.000000;1539.890015;1708.399902;8.250000;-0.002058;0.004313;0.434302;0.900755;-0.000300;-0.000200;2.029800
520;True;True;1.000000;1.000000;1914.539917;-472.720001;17.000000;1510.770020;1734.199951;8.250000;-0.002096;0.004297;0.441903;0.897050;-0.000300;-0.000200;2.029800
521;True;True;1.000000;1.000000;1927.169922;-458.209991;17.000000;1481.219971;1759.510010;8.250000;-0.002134;0.004281;0.449472;0.893282;-0.000200;-0.000200;2.029800
522;True;True;1.000000;1.000000;1939.549927;-443.489990;17.000000;1451.250000;1784.309937;8.250000;-0.002171;0.004265;0.457008;0.889449;-0.000200;-0.000200;2.029800
523;True;True;1.000000;1.000000;1951.679932;-428.559998;17.000000;1420.869995;1808.599976;8.250000;-0.002209;0.004248;0.464513;0.885553;-0.000100;-0.000200;2.029800
524;True;True;1.000000;1.000000;1963.559937;-413.429993;17.000000;1390.079956;1832.369995;8.250000;-0.002247;0.004227;0.471984;0.881594;-0.000100;-0.000200;2.029800
525;True;True;1.000000;1.000000;1975.179932;-398.100006;17.000000;1358.890015;1855.619995;8.250000;-0.002285;0.004205;0.479424;0.877570;-0.000100;-0.000200;2.029800
526;True;True;1.000000;1.000000;1986.539917;-382.579987;17.000000;1327.309937;1878.339966;8.250000;-0.002322;0.004184;0.486831;0.873483;0.000000;-0.000200;2.029800
527;True;True;1.000000;1.000000;1997.640015;-366.869995;17.000000;1295.349976;1900.519897;8.250000;-0.002360;0.004162;0.494200;0.869335;0.000000;-0.000100;2.029800
528;True;True;1.000000;1.000000;2008.469971;-350.970001;17.000000;1263.020020;1922.159912;8.250000;-0.002398;0.004141;0.501537;0.865123;0.000000;-0.000100;2.029800
529;True;True;1.000000;1.000000;2019.029907;-334.889984;17.000000;1230.319946;1943.239990;8.250000;-0.002436;0.004119;0.508836;0.860850;0.000000;0.000000;2.029800
530;True;True;1.000000;1.000000;2029.319946;-318.639984;17.000000;1197.280029;1963.779907;8.250000;-0.002468;0.004097;0.516098;0.856516;0.000000;0.000000;2.029800
531;True;True;1.000000;1.000000;2039.329956;-302.209991;17.000000;1163.890015;1983.750000;8.250000;-0.002500;0.004076;0.523321;0.852122;0.000000;0.000000;2.029800
532;True;True;1.000000;1.000000;2049.060059;-285.619995;17.000000;1130.169922;2003.149902;8.250000;-0.002533;0.004054;0.530507;0.847667;0.000000;0.000000;2.029800
533;True;True;1.000000;1.000000;2058.510010;-268.869995;17.000000;1096.130005;2021.979980;8.250000;-0.002565;0.004033;0.537656;0.843151;0.000000;0.000000;2.029800
534;True;True;1.000000;1.000000;2067.669922;-251.959991;17.000000;1061.780029;2040.229980;8.250000;-0.002598;0.004011;0.544766;0.838574;0.000000;0.000000;2.029800
535;True;True;1.000000;1.000000;2076.550049;-234.899994;17.000000;1027.119995;2057.889893;8.250000;-0.002630;0.003989;0.551838;0.833937;0.000000;0.000000;2.029800
536;True;True;1.000000;1.000000;2085.139893;-217.690002;17.000000;992.169983;2074.969971;8.250000;-0.002662;0.003968;0.558873;0.829239;0.000000;0.000000;2.029800
537;True;True;1.000000;1.000000;2093.429932;-200.330002;17.000000;956.929993;2091.449951;8.250000;-0.002695;0.003946;0.565865;0.824484;0.000000;0.000000;2.029800
538;True;True;1.000000;1.000000;2101.429932;-182.839996;17.000000;921.419983;2107.339844;8.250000;-0.002727;0.003925;0.572819;0.819668;0.000000;0.000000;2.029800
539;True;True;1.000000;1.000000;2109.129883;-165.209991;17.000000;885.649963;2122.619873;8.250000;-0.002759;0.003903;0.579730;0.814795;0.000000;0.000000;2.029800
540;True;True;1.000000;1.000000;2116.530029;-147.459991;17.000000;849.619995;2137.300049;8.250000;-0.002792;0.003882;0.586597;0.809865;0.000000;-0.000100;2.029800
541;True;True;1.000000;1.000000;2123.629883;-129.580002;17.000000;813.349976;2151.359863;8.250000;-0.002824;0.003860;0.593427;0.804873;0.000000;-0.000100;2.029800
542;True;True;1.000000;1.000000;2130.429932;-111.589996;17.000000;776.849976;2164.810059;8.250000;-0.002857;0.003833;0.600214;0.799825;0.000000;-0.000200;2.029800
543;True;True;1.000000;1.000000;2136.919922;-93.479996;17.000000;740.119995;2177.639893;8.250000;-0.002889;0.003806;0.606957;0.794720;0.000000;-0.000200;2.029800
544;True;True;1.000000;1.000000;2143.109863;-75.269997;17.000000;703.179993;2189.849854;8.250000;-0.002921;0.003779;0.613658;0.789558;0.000000;-0.000200;2.029800
545;True;True;1.000000;1.000000;2148.989990;-56.949997;17.000000;666.039978;2201.429932;8.250000;-0.002954;0.003752;0.620315;0.784338;0.000000;-0.000200;2.029800
546;True;True;1.000000;1.000000;2154.560059;-38.540001;17.000000;628.709961;2212.379883;8.250000;-0.002986;0.003725;0.626924;0.779066;-0.000100;-0.000100;2.029800
547;True;True;1.000000;1.000000;2159.810059;-20.039999;17.000000;591.200012;2222.699951;8.250000;-0.003018;0.003698;0.633489;0.773737;-0.000100;-0.000100;2.029800
548;True;True;1.000000;1.000000;2164.750000;-1.450000;17.000000;553.519958;2232.379883;8.250000;-0.003051;0.003671;0.640011;0.768350;-0.000100;-0.000100;2.029800
549;True;True;1.000000;1.000000;2169.379883;17.219999;17.000000;515.679993;2241.419922;8.250000;-0.003083;0.003644;0.646485;0.762912;-0.000100;0.000000;2.029800
550;True;True;1.000000;1.000000;2173.689941;35.969997;17.000000;477.699982;2249.820068;8.250000;-0.003116;0.003617;0.652916;0.757415;-0.000100;0.000000;2.029800
551;True;True;1.000000;1.000000;2177.679932;54.789997;17.000000;439.579987;2257.579834;8.250000;-0.003148;0.003590;0.659298;0.751867;-0.000100;0.000000;2.029800
552;True;True;1.000000;1.000000;2181.349854;73.669998;17.000000;401.329987;2264.689941;8.250000;-0.003180;0.003563;0.665631;0.746265;-0.000100;0.000000;2.029800
553;True;True;1.000000;1.000000;2184.699951;92.610001;17.000000;362.970001;2271.159912;8.250000;-0.003213;0.003536;0.671922;0.740607;-0.000100;0.000000;2.029800
554;True;True;1.000000;1.000000;2187.729980;111.599998;17.000000;324.500000;2276.969971;8.250000;-0.003245;0.003509;0.678164;0.734895;-0.000100;0.000000;2.029800
555;True;True;1.000000;1.000000;2190.439941;130.639999;17.000000;285.940002;2282.139893;8.250000;-0.003277;0.003482;0.684357;0.729132;0.000000;0.000000;2.029800
556;True;True;1.000000;1.000000;2192.829834;149.729996;17.000000;247.289993;2286.649902;8.250000;-0.003304;0.003455;0.690501;0.723315;0.000000;0.000000;2.029800
557;True;True;1.000000;1.000000;2194.889893;168.849991;17.000000;208.569992;2290.500000;8.250000;-0.003331;0.003428;0.696592;0.717451;0.000000;0.000000;2.029800
558;True;True;1.000000;1.000000;2196.629883;188.009995;17.000000;169.789993;2293.699951;8.250000;-0.003358;0.003401;0.702634;0.711535;0.000000;0.000000;2.029800
559;True;True;1.000000;1.000000;2198.050049;207.190002;17.000000;130.970001;2296.250000;8.250000;-0.003385;0.003374;0.708625;0.705569;0.000000;0.000000;2.029800
560;True;True;1.000000;1.000000;2199.139893;226.389999;17.000000;92.110001;2298.129883;8.250000;-0.003412;0.003347;0.714569;0.699549;0.000000;0.000000;2.029800
561;True;True;1.000000;1.000000;2199.909912;245.610001;17.000000;53.219997;2299.359863;8.250000;-0.003439;0.003321;0.720460;0.693479;0.000000;0.000000;2.029800
562;True;True;1.000000;1.000000;2200.349854;264.839996;17.000000;14.320000;2299.939941;8.250000;-0.003466;0.003294;0.726299;0.687362;0.000000;0.000000;2.029800
563;True;True;1.000000;1.000000;2200.469971;284.070007;17.000000;-24.580000;2299.849854;8.250000;-0.003493;0.003267;0.732086;0.681195;0.000000;0.000000;2.029800
564;True;True;1.000000;1.000000;2200.260010;303.299988;17.000000;-63.469997;2299.099854;8.250000;-0.003520;0.003240;0.737820;0.674981;0.000000;-0.000100;2.029800
565;True;True;1.000000;1.000000;2199.719971;322.529999;17.000000;-102.339996;2297.699951;8.250000;-0.003547;0.003207;0.743501;0.668717;0.000000;-0.000100;2.029800
566;True;True;1.000000;1.000000;2198.859863;341.750000;17.000000;-141.179993;2295.639893;8.250000;-0.003574;0.003175;0.749130;0.662405;0.000000;-0.000100;2.029800
567;True;True;1.000000;1.000000;2197.679932;360.949982;17.000000;-179.979996;2292.929932;8.250000;-0.003601;0.003142;0.754707;0.656045;0.000000;-0.000100;2.029800
568;True;True;1.000000;1.000000;2196.169922;380.130005;17.000000;-218.729996;2289.560059;8.250000;-0.003628;0.003110;0.760230;0.649636;0.000000;-0.000100;2.029800
569;True;True;1.000000;1.000000;2194.339844;399.279999;17.000000;-257.419983;2285.530029;8.250000;-0.003655;0.003078;0.765697;0.643184;0.000000;-0.000100;2.029800
570;True;True;1.000000;1.000000;2192.179932;418.389984;17.000000;-296.040009;2280.849854;8.250000;-0.003682;0.003045;0.771111;0.636683;0.000000;-0.000100;2.029800
571;True;True;1.000000;1.000000;2189.699951;437.459991;17.000000;-334.579987;2275.510010;8.250000;-0.003709;0.003013;0.776468;0.630139;0.000000;-0.000100;2.029800
572;True;True;1.000000;1.000000;2186.899902;456.489990;17.000000;-373.019989;2269.530029;8.250000;-0.003736;0.002981;0.781767;0.623552;0.000000;0.000000;2.029800
573;True;True;1.000000;1.000000;2183.780029;475.470001;17.000000;-411.349976;2262.889893;8.250000;-0.003763;0.002948;0.787014;0.616916;0.000000;0.000000;2.029800
574;True;True;1.000000;1.000000;2180.339844;494.389984;17.000000;-449.569977;2255.609863;8.250000;-0.003790;0.002916;0.792204;0.610237;0.000000;0.000000;2.029800
575;True;True;1.000000;1.000000;2176.579834;513.250000;17.000000;-487.660004;2247.689941;8.250000;-0.003817;0.002884;0.797337;0.603515;0.000000;0.000000;2.029800
576;True;True;1.000000;1.000000;2172.500000;532.049988;17.000000;-525.609985;2239.119873;8.250000;-0.003838;0.002851;0.802413;0.596750;0.000000;0.000000;2.029900
577;True;True;1.000000;1.000000;2168.099854;550.779968;17.000000;-563.409973;2229.899902;8.250000;-0.003860;0.002819;0.807431;0.589942;0.000000;0.000000;2.029900
578;True;True;1.000000;1.000000;2163.379883;569.429993;17.000000;-601.049988;2220.050049;8.250000;-0.003882;0.002786;0.812393;0.583091;0.000000;0.000000;2.029900
579;True;True;1.000000;1.000000;2158.349854;588.000000;17.000000;-638.519958;2209.570068;8.250000;-0.003903;0.002754;0.817294;0.576201;0.000000;0.000000;2.029900
580;True;True;1.000000;1.000000;2153.010010;606.479980;17.000000;-675.799988;2198.449951;8.250000;-0.003925;0.002722;0.822137;0.569269;0.000000;0.000000;2.029900
581;True;True;1.000000;1.000000;2147.349854;624.859985;17.000000;-712.889954;2186.709961;8.250000;-0.003946;0.002689;0.826924;0.562294;0.000000;0.000000;2.029900
582;True;True;1.000000;1.000000;2141.379883;643.149963;17.000000;-749.779968;2174.339844;8.250000;-0.003968;0.002657;0.831649;0.555280;0.000000;0.000000;2.029900
583;True;True;1.000000;1.000000;2135.109863;661.329956;17.000000;-786.450012;2161.339844;8.250000;-0.003989;0.002625;0.836318;0.548224;0.000000;0.000000;2.029900
584;True;True;1.000000;1.000000;2128.530029;679.399963;17.000000;-822.899963;2147.729980;8.250000;-0.004011;0.002592;0.840925;0.541130;0.000000;0.000000;2.029900
585;True;True;1.000000;1.000000;2121.639893;697.359985;17.000000;-859.109985;2133.500000;8.250000;-0.004033;0.002560;0.845472;0.533998;0.000000;-0.000100;2.029900
586;True;True;1.000000;1.000000;2114.449951;715.200012;17.000000;-895.079956;2118.659912;8.250000;-0.004054;0.002527;0.849958;0.526828;0.000000;-0.000100;2.029900
587;True;True;1.000000;1.000000;2106.959961;732.919983;17.000000;-930.789978;2103.219971;8.250000;-0.004076;0.002495;0.854384;0.519621;0.000000;-0.000100;2.029900
588;True;True;1.000000;1.000000;2099.169922;750.510010;17.000000;-966.229980;2087.169922;8.250000;-0.004097;0.002463;0.858748;0.512375;0.000000;-0.000100;2.029900
589;True;True;1.000000;1.000000;2091.089844;767.959961;17.000000;-1001.399963;2070.530029;8.250000;-0.004119;0.002430;0.863052;0.505092;0.000000;-0.000100;2.029900
590;True;True;1.000000;1.000000;2082.709961;785.269958;17.000000;-1036.280029;2053.290039;8.250000;-0.004141;0.002393;0.867292;0.497777;0.000000;-0.000100;2.029900
591;True;True;1.000000;1.000000;2074.040039;802.440002;17.000000;-1070.869995;2035.469971;8.250000;-0.004162;0.002355;0.871471;0.490424;0.000000;-0.000100;2.029900
592;True;True;1.000000;1.000000;2065.079834;819.459961;17.000000;-1105.150024;2017.069946;8.250000;-0.004184;0.002317;0.875589;0.483033;0.000000;-0.000100;2.029900
593;True;True;1.000000;1.000000;2055.829834;836.329956;17.000000;-1139.109985;1998.079956;8.250000;-0.004205;0.002279;0.879643;0.475610;0.000000;-0.000100;2.029900
594;True;True;1.000000;1.000000;2046.299927;853.039978;17.000000;-1172.750000;1978.529907;8.250000;-0.004227;0.002242;0.883634;0.468154;0.000000;0.000000;2.029900
595;True;True;1.000000;1.000000;2036.489990;869.579956;17.000000;-1206.049927;1958.409912;8.250000;-0.004243;0.002204;0.887560;0.460666;0.000000;0.000000;2.029900
596;True;True;1.000000;1.000000;2026.399902;885.959961;17.000000;-1239.000000;1937.729980;8.250000;-0.004259;0.002166;0.891426;0.453140;0.000000;0.000000;2.029900
597;True;True;1.000000;1.000000;2016.029907;902.159973;17.000000;-1271.599976;1916.489990;8.250000;-0.004275;0.002128;0.895228;0.445582;0.000000;0.000000;2.029900
598;True;True;1.000000;1.000000;2005.390015;918.190002;17.000000;-1303.839966;1894.699951;8.250000;-0.004292;0.002090;0.898964;0.437997;0.000000;0.000000;2.029900
599;True;True;1.000000;1.000000;1994.479980;934.029968;17.000000;-1335.699951;1872.380005;8.250000;-0.004308;0.002053;0.902635;0.430380;0.000000;0.000000;2.029900
