frame;input.bJump;input.bJumped;car.Location.X;car.Location.Y;car.Location.Z;car.LinearVelocity.X;car.LinearVelocity.Y;car.LinearVelocity.Z;car.Quaternion.X;car.Quaternion.Y;car.Quaternion.Z;car.Quaternion.W;car.AngularVelocity.X;car.AngularVelocity.Y;car.AngularVelocity.Z;
0;False;False;0.180000;0.000000;17.000000;0.000000;0.000000;8.410000;0.000003;0.004799;0.000003;0.999988;0.000000;-0.000300;0.000000
1;True;True;0.200000;0.000000;19.529999;-0.770000;0.000000;304.089996;0.000003;0.004799;0.000003;0.999988;0.000000;0.000000;0.000000
2;True;True;0.190000;0.000000;22.100000;0.170000;0.000000;308.109985;0.000003;0.004799;0.000003;0.999988;0.000000;0.000000;0.000000
3;True;True;0.190000;0.000000;24.699999;-0.070000;0.000000;312.130005;0.000003;0.004799;0.000003;0.999988;0.000000;0.000000;0.000000
4;True;True;0.190000;0.000000;27.330000;-0.010000;0.000000;316.149994;0.000003;0.004799;0.000003;0.999988;0.000000;0.000000;0.000000
5;True;True;0.190000;0.000000;30.000000;-0.020000;0.000000;320.169983;0.000003;0.004799;0.000003;0.999988;0.000000;0.000000;0.000000
6;True;True;0.190000;0.000000;32.700001;0.090000;0.000000;324.190002;0.000003;0.004799;0.000003;0.999988;0.000000;0.000000;0.000000
7;True;True;0.190000;0.000000;35.459999;0.200000;0.000000;330.919983;0.000003;0.004799;0.000003;0.999988;0.000000;0.000000;0.000000
8;True;True;0.190000;0.000000;38.270000;0.310000;0.000000;337.649994;0.000003;0.004799;0.000003;0.999988;0.000000;0.000000;0.000000
9;True;True;0.190000;0.000000;41.139999;0.420000;0.000000;344.380005;0.000003;0.004799;0.000003;0.999988;0.000000;0.000000;0.000000
10;True;True;0.190000;0.000000;44.070000;0.530000;0.000000;351.109985;0.000003;0.004799;0.000003;0.999988;0.000000;0.000000;0.000000
11;True;True;0.200000;0.000000;47.049999;0.640000;0.000000;357.839996;0.000003;0.004799;0.000003;0.999988;0.000000;0.000000;0.000000
12;True;True;0.210000;0.000000;50.090000;0.750000;0.000000;364.569977;0.000003;0.004799;0.000003;0.999988;0.000000;0.000000;0.000000
13;True;True;0.220000;0.000000;53.180000;0.860000;0.000000;371.299988;0.000003;0.004799;0.000003;0.999988;0.000000;0.000000;0.000000
14;True;True;0.230000;0.000000;56.329998;0.970000;0.000000;378.029999;0.000003;0.004799;0.000003;0.999988;0.000000;0.000000;0.000000
15;True;True;0.240000;0.000000;59.539997;1.080000;0.000000;384.759979;0.000003;0.004799;0.000003;0.999988;0.000000;0.000000;0.000000
16;True;True;0.250000;0.000000;62.799999;1.190000;0.000000;391.489990;0.000003;0.004799;0.000003;0.999988;0.000000;0.000000;0.000000
17;True;True;0.260000;0.000000;66.119995;1.300000;0.000000;398.220001;0.000003;0.004799;0.000003;0.999988;0.000000;0.000000;0.000000
18;True;True;0.270000;0.000000;69.489998;1.410000;0.000000;404.949982;0.000003;0.004799;0.000003;0.999988;0.000000;0.000000;0.000000
19;True;True;0.280000;0.000000;72.919998;1.520000;0.000000;411.679993;0.000003;0.004799;0.000003;0.999988;0.000000;0.000000;0.000000
20;True;True;0.290000;0.000000;76.409996;1.630000;0.000000;418.410004;0.000003;0.004799;0.000003;0.999988;0.000000;0.000000;0.000000
21;True;True;0.300000;0.000000;79.949997;1.740000;0.000000;425.139984;0.000003;0.004799;0.000003;0.999988;0.000000;0.000000;0.000000
22;True;True;0.320000;0.000000;83.549995;1.850000;0.000000;431.869995;0.000003;0.004799;0.000003;0.999988;0.000000;0.000000;0.000000
23;True;True;0.340000;0.000000;87.209999;1.960000;0.000000;438.599976;0.000003;0.004799;0.000003;0.999988;0.000000;0.000000;0.000000
24;True;True;0.360000;0.000000;90.919998;2.070000;0.000000;445.329987;0.000003;0.004799;0.000003;0.999988;0.000000;0.000000;0.000000
25;True;True;0.380000;0.000000;94.589996;2.070000;0.000000;439.910004;0.000003;0.004799;0.000003;0.999988;0.000000;0.000000;0.000000
26;True;True;0.400000;0.000000;98.209999;2.070000;0.000000;434.489990;0.000003;0.004799;0.000003;0.999988;0.000000;0.000000;0.000000
27;True;True;0.420000;0.000000;101.790001;2.070000;0.000000;429.069977;0.000003;0.004799;0.000003;0.999988;0.000000;0.000000;0.000000
28;True;True;0.440000;0.000000;105.320000;2.070000;0.000000;423.649994;0.000003;0.004799;0.000003;0.999988;0.000000;0.000000;0.000000
29;True;True;0.460000;0.000000;108.809998;2.070000;0.000000;418.229980;0.000003;0.004799;0.000003;0.999988;0.000000;0.000000;0.000000
30;True;True;0.480000;0.000000;112.250000;2.070000;0.000000;412.809998;0.000003;0.004799;0.000003;0.999988;0.000000;0.000000;0.000000
31;True;True;0.500000;0.000000;115.639999;2.070000;0.000000;407.389984;0.000003;0.004799;0.000003;0.999988;0.000000;0.000000;0.000000
32;True;True;0.520000;0.000000;118.989998;2.070000;0.000000;401.970001;0.000003;0.004799;0.000003;0.999988;0.000000;0.000000;0.000000
33;True;True;0.540000;0.000000;122.290001;2.070000;0.000000;396.549988;0.000003;0.004799;0.000003;0.999988;0.000000;0.000000;0.000000
34;True;True;0.560000;0.000000;125.549995;2.070000;0.000000;391.130005;0.000003;0.004799;0.000003;0.999988;0.000000;0.000000;0.000000
35;True;True;0.580000;0.000000;128.759995;2.070000;0.000000;385.709991;0.000003;0.004799;0.000003;0.999988;0.000000;0.000000;0.000000
36;True;True;0.600000;0.000000;131.929993;2.070000;0.000000;380.289978;0.000003;0.004799;0.000003;0.999988;0.000000;0.000000;0.000000
37;True;True;0.620000;0.000000;135.050003;2.070000;0.000000;374.869995;0.000003;0.004799;0.000003;0.999988;0.000000;0.000000;0.000000
38;True;True;0.640000;0.000000;138.129990;2.070000;0.000000;369.449982;0.000003;0.004799;0.000003;0.999988;0.000000;0.000000;0.000000
39;True;True;0.660000;0.000000;141.160004;2.070000;0.000000;364.029999;0.000003;0.004799;0.000003;0.999988;0.000000;0.000000;0.000000
40;True;True;0.680000;0.000000;144.149994;2.070000;0.000000;358.609985;0.000003;0.004799;0.000003;0.999988;0.000000;0.000000;0.000000
41;True;True;0.700000;0.000000;147.089996;2.070000;0.000000;353.190002;0.000003;0.004799;0.000003;0.999988;0.000000;0.000000;0.000000
42;True;True;0.720000;0.000000;149.989990;2.070000;0.000000;347.769989;0.000003;0.004799;0.000003;0.999988;0.000000;0.000000;0.000000
43;True;True;0.740000;0.000000;152.839996;2.070000;0.000000;342.350006;0.000003;0.004799;0.000003;0.999988;0.000000;0.000000;0.000000
44;True;True;0.760000;0.000000;155.649994;2.070000;0.000000;336.929993;0.000003;0.004799;0.000003;0.999988;0.000000;0.000000;0.000000
45;True;True;0.780000;0.000000;158.410004;2.070000;0.000000;331.509979;0.000003;0.004799;0.000003;0.999988;0.000000;0.000000;0.000000
46;True;True;0.800000;0.000000;161.129990;2.070000;0.000000;326.089996;0.000003;0.004799;0.000003;0.999988;0.000000;0.000000;0.000000
47;True;True;0.820000;0.000000;163.800003;2.070000;0.000000;320.669983;0.000003;0.004799;0.000003;0.999988;0.000000;0.000000;0.000000
48;True;True;0.840000;0.000000;166.429993;2.070000;0.000000;315.250000;0.000003;0.004799;0.000003;0.999988;0.000000;0.000000;0.000000
49;True;True;0.860000;0.000000;169.009995;2.070000;0.000000;309.829987;0.000003;0.004799;0.000003;0.999988;0.000000;0.000000;0.000000
50;True;True;0.880000;0.000000;171.550003;2.070000;0.000000;304.410004;0.000003;0.004799;0.000003;0.999988;0.000000;0.000000;0.000000
51;True;True;0.900000;0.000000;174.039993;2.070000;0.000000;298.989990;0.000003;0.004799;0.000003;0.999988;0.000000;0.000000;0.000000
52;True;True;0.920000;0.000000;176.489990;2.070000;0.000000;293.570007;0.000003;0.004799;0.000003;0.999988;0.000000;0.000000;0.000000
53;True;True;0.940000;0.000000;178.889999;2.070000;0.000000;288.149994;0.000003;0.004799;0.000003;0.999988;0.000000;0.000000;0.000000
54;True;True;0.960000;0.000000;181.250000;2.070000;0.000000;282.729980;0.000003;0.004799;0.000003;0.999988;0.000000;0.000000;0.000000
55;True;True;0.980000;0.000000;183.559998;2.070000;0.000000;277.309998;0.000003;0.004799;0.000003;0.999988;0.000000;0.000000;0.000000
56;True;True;1.000000;0.000000;185.830002;2.070000;0.000000;271.889984;0.000003;0.004799;0.000003;0.999988;0.000000;0.000000;0.000000
57;True;True;1.020000;0.000000;188.050003;2.070000;0.000000;266.470001;0.000003;0.004799;0.000003;0.999988;0.000000;0.000000;0.000000
58;True;True;1.040000;0.000000;190.229996;2.070000;0.000000;261.049988;0.000003;0.004799;0.000003;0.999988;0.000000;0.000000;0.000000
59;True;True;1.060000;0.000000;192.360001;2.070000;0.000000;255.629990;0.000003;0.004799;0.000003;0.999988;0.000000;0.000000;0.000000
60;True;True;1.080000;0.000000;194.449997;2.070000;0.000000;250.209991;0.000003;0.004799;0.000003;0.999988;0.000000;0.000000;0.000000
61;True;True;1.100000;0.000000;196.489990;2.070000;0.000000;244.789993;0.000003;0.004799;0.000003;0.999988;0.000000;0.000000;0.000000
62;True;True;1.120000;0.000000;198.479996;2.070000;0.000000;239.369995;0.000003;0.004799;0.000003;0.999988;0.000000;0.000000;0.000000
63;True;True;1.140000;0.000000;200.429993;2.070000;0.000000;233.949997;0.000003;0.004799;0.000003;0.999988;0.000000;0.000000;0.000000
64;True;True;1.160000;0.000000;202.330002;2.070000;0.000000;228.529999;0.000003;0.004799;0.000003;0.999988;0.000000;0.000000;0.000000
65;True;True;1.180000;0.000000;204.190002;2.070000;0.000000;223.110001;0.000003;0.004799;0.000003;0.999988;0.000000;0.000000;0.000000
66;True;True;1.200000;0.000000;206.000000;2.070000;0.000000;217.690002;0.000003;0.004799;0.000003;0.999988;0.000000;0.000000;0.000000
67;True;True;1.220000;0.000000;207.769989;2.070000;0.000000;212.269989;0.000003;0.004799;0.000003;0.999988;0.000000;0.000000;0.000000
68;True;True;1.240000;0.000000;209.489990;2.070000;0.000000;206.849991;0.000003;0.004799;0.000003;0.999988;0.000000;0.000000;0.000000
69;True;True;1.260000;0.000000;211.169998;2.070000;0.000000;201.429993;0.000003;0.004799;0.000003;0.999988;0.000000;0.000000;0.000000
70;True;True;1.280000;0.000000;212.799988;2.070000;0.000000;196.009995;0.000003;0.004799;0.000003;0.999988;0.000000;0.000000;0.000000
71;True;True;1.300000;0.000000;214.389999;2.070000;0.000000;190.589996;0.000003;0.004799;0.000003;0.999988;0.000000;0.000000;0.000000
72;True;True;1.320000;0.000000;215.929993;2.070000;0.000000;185.169998;0.000003;0.004799;0.000003;0.999988;0.000000;0.000000;0.000000
73;True;True;1.340000;0.000000;217.429993;2.070000;0.000000;179.750000;0.000003;0.004799;0.000003;0.999988;0.000000;0.000000;0.000000
74;True;True;1.360000;0.000000;218.879990;2.070000;0.000000;174.330002;0.000003;0.004799;0.000003;0.999988;0.000000;0.000000;0.000000
75;True;True;1.380000;0.000000;220.289993;2.070000;0.000000;168.910004;0.000003;0.004799;0.000003;0.999988;0.000000;0.000000;0.000000
76;True;True;1.400000;0.000000;221.649994;2.070000;0.000000;163.489990;0.000003;0.004799;0.000003;0.999988;0.000000;0.000000;0.000000
77;True;True;1.420000;0.000000;222.970001;2.070000;0.000000;158.069992;0.000003;0.004799;0.000003;0.999988;0.000000;0.000000;0.000000
78;True;True;1.440000;0.000000;224.239990;2.070000;0.000000;152.649994;0.000003;0.004799;0.000003;0.999988;0.000000;0.000000;0.000000
79;True;True;1.460000;0.000000;225.470001;2.070000;0.000000;147.229996;0.000003;0.004799;0.000003;0.999988;0.000000;0.000000;0.000000
80;True;True;1.480000;0.000000;226.649994;2.070000;0.000000;141.809998;0.000003;0.004799;0.000003;0.999988;0.000000;0.000000;0.000000
81;True;True;1.500000;0.000000;227.789993;2.070000;0.000000;136.389999;0.000003;0.004799;0.000003;0.999988;0.000000;0.000000;0.000000
82;True;True;1.520000;0.000000;228.879990;2.070000;0.000000;130.970001;0.000003;0.004799;0.000003;0.999988;0.000000;0.000000;0.000000
83;True;True;1.540000;0.000000;229.929993;2.070000;0.000000;125.549995;0.000003;0.004799;0.000003;0.999988;0.000000;0.000000;0.000000
84;True;True;1.560000;0.000000;230.929993;2.070000;0.000000;120.129997;0.000003;0.004799;0.000003;0.999988;0.000000;0.000000;0.000000
85;True;True;1.580000;0.000000;231.889999;2.070000;0.000000;114.709999;0.000003;0.004799;0.000003;0.999988;0.000000;0.000000;0.000000
86;True;True;1.600000;0.000000;232.799988;2.070000;0.000000;109.290001;0.000003;0.004799;0.000003;0.999988;0.000000;0.000000;0.000000
87;True;True;1.620000;0.000000;233.669998;2.070000;0.000000;103.869995;0.000003;0.004799;0.000003;0.999988;0.000000;0.000000;0.000000
88;True;True;1.640000;0.000000;234.489990;2.070000;0.000000;98.449997;0.000003;0.004799;0.000003;0.999988;0.000000;0.000000;0.000000
89;True;True;1.660000;0.000000;235.269989;2.070000;0.000000;93.029999;0.000003;0.004799;0.000003;0.999988;0.000000;0.000000;0.000000
90;True;True;1.680000;0.000000;236.000000;2.070000;0.000000;87.610001;0.000003;0.004799;0.000003;0.999988;0.000000;0.000000;0.000000
91;True;True;1.700000;0.000000;236.679993;2.070000;0.000000;82.189995;0.000003;0.004799;0.000003;0.999988;0.000000;0.000000;0.000000
92;True;True;1.720000;0.000000;237.319992;2.070000;0.000000;76.769997;0.000003;0.004799;0.000003;0.999988;0.000000;0.000000;0.000000
93;True;True;1.740000;0.000000;237.909988;2.070000;0.000000;71.349998;0.000003;0.004799;0.000003;0.999988;0.000000;0.000000;0.000000
94;True;True;1.760000;0.000000;238.459991;2.070000;0.000000;65.930000;0.000003;0.004799;0.000003;0.999988;0.000000;0.000000;0.000000
95;True;True;1.780000;0.000000;238.959991;2.070000;0.000000;60.509998;0.000003;0.004799;0.000003;0.999988;0.000000;0.000000;0.000000
96;True;True;1.800000;0.000000;239.419998;2.070000;0.000000;55.090000;0.000003;0.004799;0.000003;0.999988;0.000000;0.000000;0.000000
97;True;True;1.820000;0.000000;239.830002;2.070000;0.000000;49.669998;0.000003;0.004799;0.000003;0.999988;0.000000;0.000000;0.000000
98;True;True;1.840000;0.000000;240.199997;2.070000;0.000000;44.250000;0.000003;0.004799;0.000003;0.999988;0.000000;0.000000;0.000000
99;True;True;1.860000;0.000000;240.519989;2.070000;0.000000;38.829998;0.000003;0.004799;0.000003;0.999988;0.000000;0.000000;0.000000
100;True;True;1.880000;0.000000;240.799988;2.070000;0.000000;33.410000;0.000003;0.004799;0.000003;0.999988;0.000000;0.000000;0.000000
101;True;True;1.900000;0.000000;241.029999;2.070000;0.000000;27.990000;0.000003;0.004799;0.000003;0.999988;0.000000;0.000000;0.000000
102;True;True;1.920000;0.000000;241.220001;2.070000;0.000000;22.570000;0.000003;0.004799;0.000003;0.999988;0.000000;0.000000;0.000000
103;True;True;1.940000;0.000000;241.360001;2.070000;0.000000;17.150000;0.000003;0.004799;0.000003;0.999988;0.000000;0.000000;0.000000
104;True;True;1.960000;0.000000;241.459991;2.070000;0.000000;11.730000;0.000003;0.004799;0.000003;0.999988;0.000000;0.000000;0.000000
105;True;True;1.980000;0.000000;241.509995;2.070000;0.000000;6.310000;0.000003;0.004799;0.000003;0.999988;0.000000;0.000000;0.000000
106;True;True;2.000000;0.000000;241.519989;2.070000;0.000000;0.890000;0.000003;0.004799;0.000003;0.999988;0.000000;0.000000;0.000000
107;True;True;2.020000;0.000000;241.479996;2.070000;0.000000;-4.520000;0.000003;0.004799;0.000003;0.999988;0.000000;0.000000;0.000000
108;True;True;2.040000;0.000000;241.399994;2.070000;0.000000;-9.929999;0.000003;0.004799;0.000003;0.999988;0.000000;0.000000;0.000000
109;True;True;2.060000;0.000000;241.269989;2.070000;0.000000;-15.339999;0.000003;0.004799;0.000003;0.999988;0.000000;0.000000;0.000000
110;True;True;2.080000;0.000000;241.099991;2.070000;0.000000;-20.750000;0.000003;0.004799;0.000003;0.999988;0.000000;0.000000;0.000000
111;True;True;2.100000;0.000000;240.879990;2.070000;0.000000;-26.160000;0.000003;0.004799;0.000003;0.999988;0.000000;0.000000;0.000000
112;True;True;2.120000;0.000000;240.619995;2.070000;0.000000;-31.570000;0.000003;0.004799;0.000003;0.999988;0.000000;0.000000;0.000000
113;True;True;2.140000;0.000000;240.309998;2.070000;0.000000;-36.980000;0.000003;0.004799;0.000003;0.999988;0.000000;0.000000;0.000000
114;True;True;2.160000;0.000000;239.959991;2.070000;0.000000;-42.389999;0.000003;0.004799;0.000003;0.999988;0.000000;0.000000;0.000000
115;True;True;2.180000;0.000000;239.559998;2.070000;0.000000;-47.799999;0.000003;0.004799;0.000003;0.999988;0.000000;0.000000;0.000000
116;True;True;2.200000;0.000000;239.119995;2.070000;0.000000;-53.209999;0.000003;0.004799;0.000003;0.999988;0.000000;0.000000;0.000000
117;True;True;2.220000;0.000000;238.629990;2.070000;0.000000;-58.619999;0.000003;0.004799;0.000003;0.999988;0.000000;0.000000;0.000000
118;True;True;2.240000;0.000000;238.099991;2.070000;0.000000;-64.029999;0.000003;0.004799;0.000003;0.999988;0.000000;0.000000;0.000000
119;True;True;2.260000;0.000000;237.519989;2.070000;0.000000;-69.439995;0.000003;0.004799;0.000003;0.999988;0.000000;0.000000;0.000000
120;True;True;2.280000;0.000000;236.899994;2.070000;0.000000;-74.849998;0.000003;0.004799;0.000003;0.999988;0.000000;0.000000;0.000000
121;True;True;2.300000;0.000000;236.229996;2.070000;0.000000;-80.259995;0.000003;0.004799;0.000003;0.999988;0.000000;0.000000;0.000000
122;True;True;2.320000;0.000000;235.519989;2.070000;0.000000;-85.669998;0.000003;0.004799;0.000003;0.999988;0.000000;0.000000;0.000000
123;True;True;2.340000;0.000000;234.759995;2.070000;0.000000;-91.079994;0.000003;0.004799;0.000003;0.999988;0.000000;0.000000;0.000000
124;True;True;2.360000;0.000000;233.959991;2.070000;0.000000;-96.489998;0.000003;0.004799;0.000003;0.999988;0.000000;0.000000;0.000000
125;True;True;2.380000;0.000000;233.110001;2.070000;0.000000;-101.900002;0.000003;0.004799;0.000003;0.999988;0.000000;0.000000;0.000000
126;True;True;2.400000;0.000000;232.220001;2.070000;0.000000;-107.309998;0.000003;0.004799;0.000003;0.999988;0.000000;0.000000;0.000000
127;True;True;2.420000;0.000000;231.279999;2.070000;0.000000;-112.720001;0.000003;0.004799;0.000003;0.999988;0.000000;0.000000;0.000000
128;True;True;2.440000;0.000000;230.299988;2.070000;0.000000;-118.129997;0.000003;0.004799;0.000003;0.999988;0.000000;0.000000;0.000000
129;True;True;2.460000;0.000000;229.269989;2.070000;0.000000;-123.540001;0.000003;0.004799;0.000003;0.999988;0.000000;0.000000;0.000000
130;True;True;2.480000;0.000000;228.199997;2.070000;0.000000;-128.949997;0.000003;0.004799;0.000003;0.999988;0.000000;0.000000;0.000000
131;True;True;2.500000;0.000000;227.080002;2.070000;0.000000;-134.360001;0.000003;0.004799;0.000003;0.999988;0.000000;0.000000;0.000000
132;True;True;2.520000;0.000000;225.919998;2.070000;0.000000;-139.770004;0.000003;0.004799;0.000003;0.999988;0.000000;0.000000;0.000000
133;True;True;2.540000;0.000000;224.709991;2.070000;0.000000;-145.179993;0.000003;0.004799;0.000003;0.999988;0.000000;0.000000;0.000000
134;True;True;2.560000;0.000000;223.459991;2.070000;0.000000;-150.589996;0.000003;0.004799;0.000003;0.999988;0.000000;0.000000;0.000000
135;True;True;2.580000;0.000000;222.159988;2.070000;0.000000;-156.000000;0.000003;0.004799;0.000003;0.999988;0.000000;0.000000;0.000000
136;True;True;2.600000;0.000000;220.809998;2.070000;0.000000;-161.410004;0.000003;0.004799;0.000003;0.999988;0.000000;0.000000;0.000000
137;True;True;2.620000;0.000000;219.419998;2.070000;0.000000;-166.819992;0.000003;0.004799;0.000003;0.999988;0.000000;0.000000;0.000000
138;True;True;2.640000;0.000000;217.979996;2.070000;0.000000;-172.229996;0.000003;0.004799;0.000003;0.999988;0.000000;0.000000;0.000000
139;True;True;2.660000;0.000000;216.500000;2.070000;0.000000;-177.639999;0.000003;0.004799;0.000003;0.999988;0.000000;0.000000;0.000000
140;True;True;2.680000;0.000000;214.970001;2.070000;0.000000;-183.050003;0.000003;0.004799;0.000003;0.999988;0.000000;0.000000;0.000000
141;True;True;2.700000;0.000000;213.399994;2.070000;0.000000;-188.459991;0.000003;0.004799;0.000003;0.999988;0.000000;0.000000;0.000000
142;True;True;2.720000;0.000000;211.779999;2.070000;0.000000;-193.869995;0.000003;0.004799;0.000003;0.999988;0.000000;0.000000;0.000000
143;True;True;2.740000;0.000000;210.119995;2.070000;0.000000;-199.279999;0.000003;0.004799;0.000003;0.999988;0.000000;0.000000;0.000000
144;True;True;2.760000;0.000000;208.409988;2.070000;0.000000;-204.690002;0.000003;0.004799;0.000003;0.999988;0.000000;0.000000;0.000000
145;True;True;2.780000;0.000000;206.659988;2.070000;0.000000;-210.099991;0.000003;0.004799;0.000003;0.999988;0.000000;0.000000;0.000000
146;True;True;2.800000;0.000000;204.860001;2.070000;0.000000;-215.509995;0.000003;0.004799;0.000003;0.999988;0.000000;0.000000;0.000000
147;True;True;2.820000;0.000000;203.019989;2.070000;0.000000;-220.919998;0.000003;0.004799;0.000003;0.999988;0.000000;0.000000;0.000000
148;True;True;2.840000;0.000000;201.129990;2.070000;0.000000;-226.330002;0.000003;0.004799;0.000003;0.999988;0.000000;0.000000;0.000000
149;True;True;2.860000;0.000000;199.199997;2.070000;0.000000;-231.739990;0.000003;0.004799;0.000003;0.999988;0.000000;0.000000;0.000000
150;True;True;2.880000;0.000000;197.220001;2.070000;0.000000;-237.149994;0.000003;0.004799;0.000003;0.999988;0.000000;0.000000;0.000000
151;True;True;2.900000;0.000000;195.199997;2.070000;0.000000;-242.559998;0.000003;0.004799;0.000003;0.999988;0.000000;0.000000;0.000000
152;True;True;2.920000;0.000000;193.129990;2.070000;0.000000;-247.970001;0.000003;0.004799;0.000003;0.999988;0.000000;0.000000;0.000000
153;True;True;2.940000;0.000000;191.019989;2.070000;0.000000;-253.379990;0.000003;0.004799;0.000003;0.999988;0.000000;0.000000;0.000000
154;True;True;2.960000;0.000000;188.860001;2.070000;0.000000;-258.790009;0.000003;0.004799;0.000003;0.999988;0.000000;0.000000;0.000000
155;True;True;2.980000;0.000000;186.659988;2.070000;0.000000;-264.199982;0.000003;0.004799;0.000003;0.999988;0.000000;0.000000;0.000000
156;True;True;3.000000;0.000000;184.409988;2.070000;0.000000;-269.609985;0.000003;0.004799;0.000003;0.999988;0.000000;0.000000;0.000000
157;True;True;3.020000;0.000000;182.119995;2.070000;0.000000;-275.019989;0.000003;0.004799;0.000003;0.999988;0.000000;0.000000;0.000000
158;True;True;3.040000;0.000000;179.779999;2.070000;0.000000;-280.429993;0.000003;0.004799;0.000003;0.999988;0.000000;0.000000;0.000000
159;True;True;3.060000;0.000000;177.399994;2.070000;0.000000;-285.839996;0.000003;0.004799;0.000003;0.999988;0.000000;0.000000;0.000000
160;True;True;3.080000;0.000000;174.970001;2.070000;0.000000;-291.250000;0.000003;0.004799;0.000003;0.999988;0.000000;0.000000;0.000000
161;True;True;3.100000;0.000000;172.500000;2.070000;0.000000;-296.660004;0.000003;0.004799;0.000003;0.999988;0.000000;0.000000;0.000000
162;True;True;3.120000;0.000000;169.979996;2.070000;0.000000;-302.070007;0.000003;0.004799;0.000003;0.999988;0.000000;0.000000;0.000000
163;True;True;3.140000;0.000000;167.419998;2.070000;0.000000;-307.479980;0.000003;0.004799;0.000003;0.999988;0.000000;0.000000;0.000000
164;True;True;3.160000;0.000000;164.809998;2.070000;0.000000;-312.889984;0.000003;0.004799;0.000003;0.999988;0.000000;0.000000;0.000000
165;True;True;3.180000;0.000000;162.160004;2.070000;0.000000;-318.299988;0.000003;0.004799;0.000003;0.999988;0.000000;0.000000;0.000000
166;True;True;3.200000;0.000000;159.459991;2.070000;0.000000;-323.709991;0.000003;0.004799;0.000003;0.999988;0.000000;0.000000;0.000000
167;True;True;3.220000;0.000000;156.720001;2.070000;0.000000;-329.119995;0.000003;0.004799;0.000003;0.999988;0.000000;0.000000;0.000000
168;True;True;3.240000;0.000000;153.929993;2.070000;0.000000;-334.529999;0.000003;0.004799;0.000003;0.999988;0.000000;0.000000;0.000000
169;True;True;3.260000;0.000000;151.099991;2.070000;0.000000;-339.940002;0.000003;0.004799;0.000003;0.999988;0.000000;0.000000;0.000000
170;True;True;3.280000;0.000000;148.220001;2.070000;0.000000;-345.350006;0.000003;0.004799;0.000003;0.999988;0.000000;0.000000;0.000000
171;True;True;3.300000;0.000000;145.300003;2.070000;0.000000;-350.759979;0.000003;0.004799;0.000003;0.999988;0.000000;0.000000;0.000000
172;True;True;3.320000;0.000000;142.330002;2.070000;0.000000;-356.169983;0.000003;0.004799;0.000003;0.999988;0.000000;0.000000;0.000000
173;True;True;3.340000;0.000000;139.319992;2.070000;0.000000;-361.579987;0.000003;0.004799;0.000003;0.999988;0.000000;0.000000;0.000000
174;True;True;3.360000;0.000000;136.259995;2.070000;0.000000;-366.989990;0.000003;0.004799;0.000003;0.999988;0.000000;0.000000;0.000000
175;True;True;3.380000;0.000000;133.160004;2.070000;0.000000;-372.399994;0.000003;0.004799;0.000003;0.999988;0.000000;0.000000;0.000000
176;True;True;3.400000;0.000000;130.009995;2.070000;0.000000;-377.809998;0.000003;0.004799;0.000003;0.999988;0.000000;0.000000;0.000000
177;True;True;3.420000;0.000000;126.820000;2.070000;0.000000;-383.220001;0.000003;0.004799;0.000003;0.999988;0.000000;0.000000;0.000000
178;True;True;3.440000;0.000000;123.579994;2.070000;0.000000;-388.630005;0.000003;0.004799;0.000003;0.999988;0.000000;0.000000;0.000000
179;True;True;3.460000;0.000000;120.299995;2.070000;0.000000;-394.039978;0.000003;0.004799;0.000003;0.999988;0.000000;0.000000;0.000000
180;True;True;3.480000;0.000000;116.969994;2.070000;0.000000;-399.449982;0.000003;0.004799;0.000003;0.999988;0.000000;0.000000;0.000000
181;True;True;3.500000;0.000000;113.599998;2.070000;0.000000;-404.859985;0.000003;0.004799;0.000003;0.999988;0.000000;0.000000;0.000000
182;True;True;3.520000;0.000000;110.180000;2.070000;0.000000;-410.269989;0.000003;0.004799;0.000003;0.999988;0.000000;0.000000;0.000000
183;True;True;3.540000;0.000000;106.720001;2.070000;0.000000;-415.679993;0.000003;0.004799;0.000003;0.999988;0.000000;0.000000;0.000000
184;True;True;3.560000;0.000000;103.209999;2.070000;0.000000;-421.089996;0.000003;0.004799;0.000003;0.999988;0.000000;0.000000;0.000000
185;True;True;3.580000;0.000000;99.659996;2.070000;0.000000;-426.500000;0.000003;0.004799;0.000003;0.999988;0.000000;0.000000;0.000000
186;True;True;3.600000;0.000000;96.059998;2.070000;0.000000;-431.910004;0.000003;0.004799;0.000003;0.999988;0.000000;0.000000;0.000000
187;True;True;3.620000;0.000000;92.419998;2.070000;0.000000;-437.319977;0.000003;0.004799;0.000003;0.999988;0.000000;0.000000;0.000000
188;True;True;3.640000;0.000000;88.729996;2.070000;0.000000;-442.729980;0.000003;0.004799;0.000003;0.999988;0.000000;0.000000;0.000000
189;True;True;3.660000;0.000000;85.000000;2.070000;0.000000;-448.139984;0.000003;0.004799;0.000003;0.999988;0.000000;0.000000;0.000000
190;True;True;3.680000;0.000000;81.220001;2.070000;0.000000;-453.549988;0.000003;0.004799;0.000003;0.999988;0.000000;0.000000;0.000000
191;True;True;3.700000;0.000000;77.400002;2.070000;0.000000;-458.959991;0.000003;0.004799;0.000003;0.999988;0.000000;0.000000;0.000000
192;True;True;3.720000;0.000000;73.529999;2.070000;0.000000;-464.369995;0.000003;0.004799;0.000003;0.999988;0.000000;0.000000;0.000000
193;True;True;3.740000;0.000000;69.619995;2.070000;0.000000;-469.779999;0.000003;0.004799;0.000003;0.999988;0.000000;0.000000;0.000000
194;True;True;3.760000;0.000000;65.659996;2.070000;0.000000;-475.190002;0.000003;0.004799;0.000003;0.999988;0.000000;0.000000;0.000000
195;True;True;3.780000;0.000000;61.649998;2.070000;0.000000;-480.599976;0.000003;0.004799;0.000003;0.999988;0.000000;0.000000;0.000000
196;True;True;3.800000;0.000000;57.599998;2.070000;0.000000;-486.009979;0.000003;0.004799;0.000003;0.999988;0.000000;0.000000;0.000000
197;True;True;3.820000;0.000000;53.500000;2.070000;0.000000;-491.419983;0.000003;0.004799;0.000003;0.999988;0.000000;0.000000;0.000000
198;True;True;3.840000;0.000000;49.360001;2.070000;0.000000;-496.829987;0.000003;0.004799;0.000003;0.999988;0.000000;0.000000;0.000000
199;True;True;3.860000;0.000000;45.169998;2.070000;0.000000;-502.239990;0.000003;0.004799;0.000003;0.999988;0.000000;0.000000;0.000000
200;True;True;3.880000;0.000000;40.939999;2.070000;0.000000;-507.649994;0.000003;0.004799;0.000003;0.999988;0.000000;0.000000;0.000000
201;True;True;3.900000;0.000000;36.660000;2.070000;0.000000;-513.059998;0.000003;0.004799;0.000003;0.999988;0.000000;0.000000;0.000000
202;True;True;3.920000;0.000000;32.340000;2.070000;0.000000;-518.469971;0.000003;0.004799;0.000003;0.999988;0.000000;0.000000;0.000000
203;True;True;3.940000;0.000000;27.969999;-0.540000;0.000000;-452.229980;0.000003;0.004799;0.000003;0.999988;0.000000;0.011800;0.000000
204;True;True;3.940000;0.000000;24.129999;0.500000;0.000000;-385.929993;0.000003;0.004847;0.000003;0.999988;0.000000;0.018900;0.000000
205;True;True;3.940000;0.000000;20.850000;0.360000;0.000000;-319.750000;0.000003;0.004928;0.000003;0.999988;0.000000;0.022200;0.000000
206;True;True;3.940000;0.000000;18.119999;0.410000;0.000000;-255.989990;0.000003;0.005020;0.000003;0.999987;0.000000;0.022300;0.000000
207;True;True;3.940000;0.000000;15.920000;0.340000;0.000000;-114.309998;0.000003;0.005112;0.000003;0.999987;0.000000;-0.217100;0.000000
208;True;True;3.940000;0.000000;14.900000;-4.170000;0.000000;-37.419998;0.000003;0.004205;0.000003;0.999991;0.000000;-0.191200;0.000000
209;True;True;3.910000;0.000000;14.520000;-2.400000;0.000000;3.130000;0.000003;0.003407;0.000003;0.999994;0.000000;-0.108000;0.000000
210;True;True;3.890000;0.000000;14.480000;-1.340000;0.000000;23.340000;0.000003;0.002959;0.000003;0.999996;0.000000;-0.033100;0.000000
211;True;True;3.880000;0.000000;14.610000;-0.250000;0.000000;30.429998;0.000003;0.002819;0.000003;0.999996;0.000000;0.020600;0.000000
212;True;True;3.880000;0.000000;14.799999;0.450000;0.000000;32.279999;0.000003;0.002905;0.000003;0.999996;0.000000;0.030400;0.000000
213;True;True;3.880000;0.000000;15.000000;0.450000;0.000000;32.660000;0.000003;0.003029;0.000003;0.999995;0.000000;0.035100;0.000000
214;True;True;3.880000;0.000000;15.200000;0.550000;0.000000;32.070000;0.000003;0.003175;0.000003;0.999995;0.000000;0.036600;0.000000
215;True;True;3.880000;0.000000;15.400000;0.560000;0.000000;30.859999;0.000003;0.003326;0.000003;0.999994;0.000000;0.036100;0.000000
216;True;True;3.880000;0.000000;15.589999;0.560000;0.000000;29.260000;0.000003;0.003477;0.000003;0.999994;0.000000;0.034300;0.000000
217;True;True;3.880000;0.000000;15.770000;0.530000;0.000000;27.459999;0.000003;0.003623;0.000003;0.999993;0.000000;0.031800;0.000000
218;True;True;3.880000;0.000000;15.929999;0.500000;0.000000;25.570000;0.000003;0.003757;0.000003;0.999993;0.000000;0.029000;0.000000
219;True;True;3.880000;0.000000;16.080000;0.450000;0.000000;23.709999;0.000003;0.003876;0.000003;0.999992;0.000000;0.026100;0.000000
220;True;True;3.880000;0.000000;16.209999;0.410000;0.000000;21.910000;0.000003;0.003984;0.000003;0.999992;0.000000;0.023400;0.000000
221;True;True;3.880000;0.000000;16.320000;0.370000;0.000000;20.230000;0.000003;0.004081;0.000003;0.999992;0.000000;0.020800;0.000000
222;True;True;3.880000;0.000000;16.420000;0.330000;0.000000;18.709999;0.000003;0.004167;0.000003;0.999991;0.000000;0.018400;0.000000
223;True;True;3.880000;0.000000;16.510000;0.290000;0.000000;17.330000;0.000003;0.004243;0.000003;0.999991;0.000000;0.016200;0.000000
224;True;True;3.880000;0.000000;16.590000;0.260000;0.000000;16.090000;0.000003;0.004313;0.000003;0.999991;0.000000;0.014200;0.000000
225;True;True;3.880000;0.000000;16.660000;0.230000;0.000000;14.969999;0.000003;0.004372;0.000003;0.999990;0.000000;0.012400;0.000000
226;True;True;3.880000;0.000000;16.719999;0.200000;0.000000;13.969999;0.000003;0.004426;0.000003;0.999990;0.000000;0.010900;0.000000
227;True;True;3.880000;0.000000;16.770000;0.170000;0.000000;13.090000;0.000003;0.004470;0.000003;0.999990;0.000000;0.009500;0.000000
228;True;True;3.880000;0.000000;16.809999;0.150000;0.000000;12.320000;0.000003;0.004507;0.000003;0.999990;0.000000;0.008300;0.000000
229;True;True;3.880000;0.000000;16.840000;0.130000;0.000000;11.670000;0.000003;0.004540;0.000003;0.999990;0.000000;0.007300;0.000000
230;True;True;3.880000;0.000000;16.869999;0.120000;0.000000;11.130000;0.000003;0.004572;0.000003;0.999990;0.000000;0.006400;0.000000
231;True;True;3.880000;0.000000;16.900000;0.100000;0.000000;10.670000;0.000003;0.004599;0.000003;0.999989;0.000000;0.005600;0.000000
232;True;True;3.880000;0.000000;16.920000;0.090000;0.000000;10.250000;0.000003;0.004621;0.000003;0.999989;0.000000;0.004900;0.000000
233;True;True;3.880000;0.000000;16.940001;0.080000;0.000000;9.900000;0.000003;0.004642;0.000003;0.999989;0.000000;0.004300;0.000000
234;True;True;3.880000;0.000000;16.949999;0.070000;0.000000;9.599999;0.000003;0.004658;0.000003;0.999989;0.000000;0.003700;0.000000
235;True;True;3.880000;0.000000;16.959999;0.060000;0.000000;9.370000;0.000003;0.004675;0.000003;0.999989;0.000000;0.003200;0.000000
236;True;True;3.880000;0.000000;16.969999;0.050000;0.000000;9.179999;0.000003;0.004685;0.000003;0.999989;0.000000;0.002800;0.000000
237;True;True;3.880000;0.000000;16.980000;0.040000;0.000000;9.020000;0.000003;0.004696;0.000003;0.999989;0.000000;0.002500;0.000000
238;True;True;3.880000;0.000000;16.990000;0.040000;0.000000;8.880000;0.000003;0.004707;0.000003;0.999989;0.000000;0.002200;0.000000
239;True;True;3.880000;0.000000;17.000000;0.030000;0.000000;8.750000;0.000003;0.004718;0.000003;0.999989;0.000000;0.001900;0.000000
240;True;True;3.880000;0.000000;17.010000;0.030000;0.000000;8.620000;0.000003;0.004723;0.000003;0.999989;0.000000;0.001600;0.000000
241;True;True;3.880000;0.000000;17.010000;0.020000;0.000000;8.500000;0.000003;0.004729;0.000003;0.999989;0.000000;0.001400;0.000000
242;True;True;3.880000;0.000000;17.010000;0.020000;0.000000;8.420000;0.000003;0.004734;0.000003;0.999989;0.000000;0.001300;0.000000
243;True;True;3.880000;0.000000;17.010000;0.020000;0.000000;8.370000;0.000003;0.004739;0.000003;0.999989;0.000000;0.001200;0.000000
244;True;True;3.880000;0.000000;17.010000;0.020000;0.000000;8.340000;0.000003;0.004745;0.000003;0.999989;0.000000;0.001100;0.000000
245;True;True;3.880000;0.000000;17.010000;0.010000;0.000000;8.320000;0.000003;0.004750;0.000003;0.999989;0.000000;0.000900;0.000000
246;True;True;3.880000;0.000000;17.010000;0.010000;0.000000;8.309999;0.000003;0.004756;0.000003;0.999989;0.000000;0.000800;0.000000
247;True;True;3.880000;0.000000;17.010000;0.010000;0.000000;8.300000;0.000003;0.004761;0.000003;0.999989;0.000000;0.000700;0.000000
248;True;True;3.880000;0.000000;17.010000;0.010000;0.000000;8.300000;0.000003;0.004766;0.000003;0.999989;0.000000;0.000600;0.000000
249;True;True;3.880000;0.000000;17.010000;0.010000;0.000000;8.300000;0.000003;0.004766;0.000003;0.999989;0.000000;0.000500;0.000000
250;True;True;3.880000;0.000000;17.010000;0.000000;0.000000;8.300000;0.000003;0.004766;0.000003;0.999989;0.000000;0.000400;0.000000
251;True;True;3.880000;0.000000;17.010000;0.000000;0.000000;8.300000;0.000003;0.004766;0.000003;0.999989;0.000000;0.000300;0.000000
252;True;True;3.880000;0.000000;17.010000;0.000000;0.000000;8.300000;0.000003;0.004766;0.000003;0.999989;0.000000;0.000300;0.000000
253;True;True;3.880000;0.000000;17.010000;0.000000;0.000000;8.300000;0.000003;0.004766;0.000003;0.999989;0.000000;0.000300;0.000000
254;True;True;3.880000;0.000000;17.010000;0.000000;0.000000;8.300000;0.000003;0.004766;0.000003;0.999989;0.000000;0.000300;0.000000
255;True;True;3.880000;0.000000;17.010000;0.000000;0.000000;8.300000;0.000003;0.004766;0.000003;0.999989;0.000000;0.000300;0.000000
256;True;True;3.880000;0.000000;17.010000;0.000000;0.000000;8.300000;0.000003;0.004766;0.000003;0.999989;0.000000;0.000300;0.000000
257;True;True;3.880000;0.000000;17.010000;0.000000;0.000000;8.300000;0.000003;0.004766;0.000003;0.999989;0.000000;0.000300;0.000000
258;True;True;3.880000;0.000000;17.010000;0.000000;0.000000;8.300000;0.000003;0.004766;0.000003;0.999989;0.000000;0.000300;0.000000
259;True;True;3.880000;0.000000;17.010000;0.000000;0.000000;8.300000;0.000003;0.004766;0.000003;0.999989;0.000000;0.000300;0.000000
260;True;True;3.880000;0.000000;17.010000;0.000000;0.000000;8.300000;0.000003;0.004766;0.000003;0.999989;0.000000;0.000300;0.000000
261;True;True;3.880000;0.000000;17.010000;0.000000;0.000000;8.300000;0.000003;0.004766;0.000003;0.999989;0.000000;0.000300;0.000000
262;True;True;3.880000;0.000000;17.010000;0.000000;0.000000;8.300000;0.000003;0.004766;0.000003;0.999989;0.000000;0.000300;0.000000
263;True;True;3.880000;0.000000;17.010000;0.000000;0.000000;8.300000;0.000003;0.004766;0.000003;0.999989;0.000000;0.000300;0.000000
264;True;True;3.880000;0.000000;17.010000;0.000000;0.000000;8.300000;0.000003;0.004766;0.000003;0.999989;0.000000;0.000300;0.000000
265;True;True;3.880000;0.000000;17.010000;0.000000;0.000000;8.300000;0.000003;0.004766;0.000003;0.999989;0.000000;0.000300;0.000000
266;True;True;3.880000;0.000000;17.010000;0.000000;0.000000;8.300000;0.000003;0.004766;0.000003;0.999989;0.000000;0.000300;0.000000
267;True;True;3.880000;0.000000;17.010000;0.000000;0.000000;8.300000;0.000003;0.004766;0.000003;0.999989;0.000000;0.000300;0.000000
268;True;True;3.880000;0.000000;17.010000;0.000000;0.000000;8.300000;0.000003;0.004766;0.000003;0.999989;0.000000;0.000300;0.000000
269;True;True;3.880000;0.000000;17.010000;0.000000;0.000000;8.300000;0.000003;0.004766;0.000003;0.999989;0.000000;0.000300;0.000000
270;True;True;3.880000;0.000000;17.010000;0.000000;0.000000;8.300000;0.000003;0.004766;0.000003;0.999989;0.000000;0.000300;0.000000
271;True;True;3.880000;0.000000;17.010000;0.000000;0.000000;8.300000;0.000003;0.004766;0.000003;0.999989;0.000000;0.000300;0.000000
272;True;True;3.880000;0.000000;17.010000;0.000000;0.000000;8.300000;0.000003;0.004766;0.000003;0.999989;0.000000;0.000300;0.000000
273;True;True;3.880000;0.000000;17.010000;0.000000;0.000000;8.300000;0.000003;0.004766;0.000003;0.999989;0.000000;0.000300;0.000000
274;True;True;3.880000;0.000000;17.010000;0.000000;0.000000;8.300000;0.000003;0.004766;0.000003;0.999989;0.000000;0.000300;0.000000
275;True;True;3.880000;0.000000;17.010000;0.000000;0.000000;8.300000;0.000003;0.004766;0.000003;0.999989;0.000000;0.000300;0.000000
276;True;True;3.880000;0.000000;17.010000;0.000000;0.000000;8.300000;0.000003;0.004766;0.000003;0.999989;0.000000;0.000300;0.000000
277;True;True;3.880000;0.000000;17.010000;0.000000;0.000000;8.300000;0.000003;0.004766;0.000003;0.999989;0.000000;0.000300;0.000000
278;True;True;3.880000;0.000000;17.010000;0.000000;0.000000;8.300000;0.000003;0.004766;0.000003;0.999989;0.000000;0.000300;0.000000
279;True;True;3.880000;0.000000;17.010000;0.000000;0.000000;8.300000;0.000003;0.004766;0.000003;0.999989;0.000000;0.000300;0.000000
280;True;True;3.880000;0.000000;17.010000;0.000000;0.000000;8.300000;0.000003;0.004766;0.000003;0.999989;0.000000;0.000300;0.000000
281;True;True;3.880000;0.000000;17.010000;0.000000;0.000000;8.300000;0.000003;0.004766;0.000003;0.999989;0.000000;0.000300;0.000000
282;True;True;3.880000;0.000000;17.010000;0.000000;0.000000;8.300000;0.000003;0.004766;0.000003;0.999989;0.000000;0.000300;0.000000
283;True;True;3.880000;0.000000;17.010000;0.000000;0.000000;8.300000;0.000003;0.004766;0.000003;0.999989;0.000000;0.000300;0.000000
284;True;True;3.880000;0.000000;17.010000;0.000000;0.000000;8.300000;0.000003;0.004766;0.000003;0.999989;0.000000;0.000300;0.000000
285;True;True;3.880000;0.000000;17.010000;0.000000;0.000000;8.300000;0.000003;0.004766;0.000003;0.999989;0.000000;0.000300;0.000000
286;True;True;3.880000;0.000000;17.010000;0.000000;0.000000;8.300000;0.000003;0.004766;0.000003;0.999989;0.000000;0.000300;0.000000
287;True;True;3.880000;0.000000;17.010000;0.000000;0.000000;8.300000;0.000003;0.004766;0.000003;0.999989;0.000000;0.000300;0.000000
288;True;True;3.880000;0.000000;17.010000;0.000000;0.000000;8.300000;0.000003;0.004766;0.000003;0.999989;0.000000;0.000300;0.000000
289;True;True;3.880000;0.000000;17.010000;0.000000;0.000000;8.300000;0.000003;0.004766;0.000003;0.999989;0.000000;0.000300;0.000000
290;True;True;3.880000;0.000000;17.010000;0.000000;0.000000;8.300000;0.000003;0.004766;0.000003;0.999989;0.000000;0.000300;0.000000
291;True;True;3.880000;0.000000;17.010000;0.000000;0.000000;8.300000;0.000003;0.004766;0.000003;0.999989;0.000000;0.000300;0.000000
292;True;True;3.880000;0.000000;17.010000;0.000000;0.000000;8.300000;0.000003;0.004766;0.000003;0.999989;0.000000;0.000300;0.000000
293;True;True;3.880000;0.000000;17.010000;0.000000;0.000000;8.300000;0.000003;0.004766;0.000003;0.999989;0.000000;0.000300;0.000000
294;True;True;3.880000;0.000000;17.010000;0.000000;0.000000;8.300000;0.000003;0.004766;0.000003;0.999989;0.000000;0.000300;0.000000
295;True;True;3.880000;0.000000;17.010000;0.000000;0.000000;8.300000;0.000003;0.004766;0.000003;0.999989;0.000000;0.000300;0.000000
296;True;True;3.880000;0.000000;17.010000;0.000000;0.000000;8.300000;0.000003;0.004766;0.000003;0.999989;0.000000;0.000300;0.000000
297;True;True;3.880000;0.000000;17.010000;0.000000;0.000000;8.300000;0.000003;0.004766;0.000003;0.999989;0.000000;0.000300;0.000000
298;True;True;3.880000;0.000000;17.010000;0.000000;0.000000;8.300000;0.000003;0.004766;0.000003;0.999989;0.000000;0.000300;0.000000
299;True;True;3.880000;0.000000;17.010000;0.000000;0.000000;8.300000;0.000003;0.004766;0.000003;0.999989;0.000000;0.000300;0.000000
300;True;True;3.880000;0.000000;17.010000;0.000000;0.000000;8.300000;0.000003;0.004766;0.000003;0.999989;0.000000;0.000300;0.000000
301;True;True;3.880000;0.000000;17.010000;0.000000;0.000000;8.300000;0.000003;0.004766;0.000003;0.999989;0.000000;0.000300;0.000000
302;True;True;3.880000;0.000000;17.010000;0.000000;0.000000;8.300000;0.000003;0.004766;0.000003;0.999989;0.000000;0.000300;0.000000
303;True;True;3.880000;0.000000;17.010000;0.000000;0.000000;8.300000;0.000003;0.004766;0.000003;0.999989;0.000000;0.000300;0.000000
304;True;True;3.880000;0.000000;17.010000;0.000000;0.000000;8.300000;0.000003;0.004766;0.000003;0.999989;0.000000;0.000300;0.000000
305;True;True;3.880000;0.000000;17.010000;0.000000;0.000000;8.300000;0.000003;0.004766;0.000003;0.999989;0.000000;0.000300;0.000000
306;True;True;3.880000;0.000000;17.010000;0.000000;0.000000;8.300000;0.000003;0.004766;0.000003;0.999989;0.000000;0.000300;0.000000
307;True;True;3.880000;0.000000;17.010000;0.000000;0.000000;8.300000;0.000003;0.004766;0.000003;0.999989;0.000000;0.000300;0.000000
308;True;True;3.880000;0.000000;17.010000;0.000000;0.000000;8.300000;0.000003;0.004766;0.000003;0.999989;0.000000;0.000300;0.000000
309;True;True;3.880000;0.000000;17.010000;0.000000;0.000000;8.300000;0.000003;0.004766;0.000003;0.999989;0.000000;0.000300;0.000000
310;True;True;3.880000;0.000000;17.010000;0.000000;0.000000;8.300000;0.000003;0.004766;0.000003;0.999989;0.000000;0.000300;0.000000
311;True;True;3.880000;0.000000;17.010000;0.000000;0.000000;8.300000;0.000003;0.004766;0.000003;0.999989;0.000000;0.000300;0.000000
312;True;True;3.880000;0.000000;17.010000;0.000000;0.000000;8.300000;0.000003;0.004766;0.000003;0.999989;0.000000;0.000300;0.000000
313;True;True;3.880000;0.000000;17.010000;0.000000;0.000000;8.300000;0.000003;0.004766;0.000003;0.999989;0.000000;0.000300;0.000000
314;True;True;3.880000;0.000000;17.010000;0.000000;0.000000;8.300000;0.000003;0.004766;0.000003;0.999989;0.000000;0.000300;0.000000
315;True;True;3.880000;0.000000;17.010000;0.000000;0.000000;8.300000;0.000003;0.004766;0.000003;0.999989;0.000000;0.000300;0.000000
316;True;True;3.880000;0.000000;17.010000;0.000000;0.000000;8.300000;0.000003;0.004766;0.000003;0.999989;0.000000;0.000300;0.000000
317;True;True;3.880000;0.000000;17.010000;0.000000;0.000000;8.300000;0.000003;0.004766;0.000003;0.999989;0.000000;0.000300;0.000000
318;True;True;3.880000;0.000000;17.010000;0.000000;0.000000;8.300000;0.000003;0.004766;0.000003;0.999989;0.000000;0.000300;0.000000
319;True;True;3.880000;0.000000;17.010000;0.000000;0.000000;8.300000;0.000003;0.004766;0.000003;0.999989;0.000000;0.000300;0.000000
320;True;True;3.880000;0.000000;17.010000;0.000000;0.000000;8.300000;0.000003;0.004766;0.000003;0.999989;0.000000;0.000300;0.000000
321;True;True;3.880000;0.000000;17.010000;0.000000;0.000000;8.300000;0.000003;0.004766;0.000003;0.999989;0.000000;0.000300;0.000000
322;True;True;3.880000;0.000000;17.010000;0.000000;0.000000;8.300000;0.000003;0.004766;0.000003;0.999989;0.000000;0.000300;0.000000
323;True;True;3.880000;0.000000;17.010000;0.000000;0.000000;8.300000;0.000003;0.004766;0.000003;0.999989;0.000000;0.000300;0.000000
324;True;True;3.880000;0.000000;17.010000;0.000000;0.000000;8.300000;0.000003;0.004766;0.000003;0.999989;0.000000;0.000300;0.000000
325;True;True;3.880000;0.000000;17.010000;0.000000;0.000000;8.300000;0.000003;0.004766;0.000003;0.999989;0.000000;0.000300;0.000000
326;True;True;3.880000;0.000000;17.010000;0.000000;0.000000;8.300000;0.000003;0.004766;0.000003;0.999989;0.000000;0.000300;0.000000
327;True;True;3.880000;0.000000;17.010000;0.000000;0.000000;8.300000;0.000003;0.004766;0.000003;0.999989;0.000000;0.000300;0.000000
328;True;True;3.880000;0.000000;17.010000;0.000000;0.000000;8.300000;0.000003;0.004766;0.000003;0.999989;0.000000;0.000300;0.000000
329;True;True;3.880000;0.000000;17.010000;0.000000;0.000000;8.300000;0.000003;0.004766;0.000003;0.999989;0.000000;0.000300;0.000000
330;True;True;3.880000;0.000000;17.010000;0.000000;0.000000;8.300000;0.000003;0.004766;0.000003;0.999989;0.000000;0.000300;0.000000
331;True;True;3.880000;0.000000;17.010000;0.000000;0.000000;8.300000;0.000003;0.004766;0.000003;0.999989;0.000000;0.000300;0.000000
332;True;True;3.880000;0.000000;17.010000;0.000000;0.000000;8.300000;0.000003;0.004766;0.000003;0.999989;0.000000;0.000300;0.000000
333;True;True;3.880000;0.000000;17.010000;0.000000;0.000000;8.300000;0.000003;0.004766;0.000003;0.999989;0.000000;0.000300;0.000000
334;True;True;3.880000;0.000000;17.010000;0.000000;0.000000;8.300000;0.000003;0.004766;0.000003;0.999989;0.000000;0.000300;0.000000
335;True;True;3.880000;0.000000;17.010000;0.000000;0.000000;8.300000;0.000003;0.004766;0.000003;0.999989;0.000000;0.000300;0.000000
336;True;True;3.880000;0.000000;17.010000;0.000000;0.000000;8.300000;0.000003;0.004766;0.000003;0.999989;0.000000;0.000300;0.000000
337;True;True;3.880000;0.000000;17.010000;0.000000;0.000000;8.300000;0.000003;0.004766;0.000003;0.999989;0.000000;0.000300;0.000000
338;True;True;3.880000;0.000000;17.010000;0.000000;0.000000;8.300000;0.000003;0.004766;0.000003;0.999989;0.000000;0.000300;0.000000
339;True;True;3.880000;0.000000;17.010000;0.000000;0.000000;8.300000;0.000003;0.004766;0.000003;0.999989;0.000000;0.000300;0.000000
340;True;True;3.880000;0.000000;17.010000;0.000000;0.000000;8.300000;0.000003;0.004766;0.000003;0.999989;0.000000;0.000300;0.000000
341;True;True;3.880000;0.000000;17.010000;0.000000;0.000000;8.300000;0.000003;0.004766;0.000003;0.999989;0.000000;0.000300;0.000000
342;True;True;3.880000;0.000000;17.010000;0.000000;0.000000;8.300000;0.000003;0.004766;0.000003;0.999989;0.000000;0.000300;0.000000
343;True;True;3.880000;0.000000;17.010000;0.000000;0.000000;8.300000;0.000003;0.004766;0.000003;0.999989;0.000000;0.000300;0.000000
344;True;True;3.880000;0.000000;17.010000;0.000000;0.000000;8.300000;0.000003;0.004766;0.000003;0.999989;0.000000;0.000300;0.000000
345;True;True;3.880000;0.000000;17.010000;0.000000;0.000000;8.300000;0.000003;0.004766;0.000003;0.999989;0.000000;0.000300;0.000000
346;True;True;3.880000;0.000000;17.010000;0.000000;0.000000;8.300000;0.000003;0.004766;0.000003;0.999989;0.000000;0.000300;0.000000
347;True;True;3.880000;0.000000;17.010000;0.000000;0.000000;8.300000;0.000003;0.004766;0.000003;0.999989;0.000000;0.000300;0.000000
348;True;True;3.880000;0.000000;17.010000;0.000000;0.000000;8.300000;0.000003;0.004766;0.000003;0.999989;0.000000;0.000300;0.000000
349;True;True;3.880000;0.000000;17.010000;0.000000;0.000000;8.300000;0.000003;0.004766;0.000003;0.999989;0.000000;0.000300;0.000000
350;True;True;3.880000;0.000000;17.010000;0.000000;0.000000;8.300000;0.000003;0.004766;0.000003;0.999989;0.000000;0.000300;0.000000
351;True;True;3.880000;0.000000;17.010000;0.000000;0.000000;8.300000;0.000003;0.004766;0.000003;0.999989;0.000000;0.000300;0.000000
352;True;True;3.880000;0.000000;17.010000;0.000000;0.000000;8.300000;0.000003;0.004766;0.000003;0.999989;0.000000;0.000300;0.000000
353;True;True;3.880000;0.000000;17.010000;0.000000;0.000000;8.300000;0.000003;0.004766;0.000003;0.999989;0.000000;0.000300;0.000000
354;True;True;3.880000;0.000000;17.010000;0.000000;0.000000;8.300000;0.000003;0.004766;0.000003;0.999989;0.000000;0.000300;0.000000
355;True;True;3.880000;0.000000;17.010000;0.000000;0.000000;8.300000;0.000003;0.004766;0.000003;0.999989;0.000000;0.000300;0.000000
356;True;True;3.880000;0.000000;17.010000;0.000000;0.000000;8.300000;0.000003;0.004766;0.000003;0.999989;0.000000;0.000300;0.000000
357;True;True;3.880000;0.000000;17.010000;0.000000;0.000000;8.300000;0.000003;0.004766;0.000003;0.999989;0.000000;0.000300;0.000000
358;True;True;3.880000;0.000000;17.010000;0.000000;0.000000;8.300000;0.000003;0.004766;0.000003;0.999989;0.000000;0.000300;0.000000
359;True;True;3.880000;0.000000;17.010000;0.000000;0.000000;8.300000;0.000003;0.004766;0.000003;0.999989;0.000000;0.000300;0.000000
