frame,input.bActivateBoost,input.bHoldingBoost,input.Steer,input.Throttle,car.Location.X,car.Location.Y,car.Location.Z,car.LinearVelocity.X,car.LinearVelocity.Y,car.LinearVelocity.Z,car.Quaternion.X,car.Quaternion.Y,car.Quaternion.Z,car.Quaternion.W,car.AngularVelocity.X,car.AngularVelocity.Y,car.AngularVelocity.Z
0,False,False,0.000000,0.000000,0.180000,0.000000,17.010000,0.000000,0.000000,0.251000,0.000003,0.004799,0.000003,0.999988,0.000000,-0.000310,0.000000
1,True,True,-1.000000,1.000000,0.350000,-0.030000,17.010000,20.671000,-3.381000,0.171000,0.000003,0.004793,-0.000359,0.999988,-0.000810,-0.000710,-0.087010
2,True,True,-1.000000,1.000000,0.690000,-0.090000,17.010000,41.030998,-6.941000,0.121000,0.000003,0.004788,-0.001103,0.999988,-0.001310,-0.000910,-0.178710
3,True,True,-1.000000,1.000000,1.200000,-0.180000,17.010000,61.150997,-10.581000,0.081000,0.000003,0.004782,-0.002242,0.999986,-0.001710,-0.001010,-0.272610
4,True,True,-1.000000,1.000000,1.880000,-0.300000,17.010000,81.041000,-14.311000,0.061000,0.000003,0.004777,-0.003774,0.999981,-0.001910,-0.001010,-0.368010
5,True,True,-1.000000,1.000000,2.720000,-0.450000,17.010000,100.710999,-18.140999,0.041000,0.000003,0.004772,-0.005710,0.999972,-0.002010,-0.001010,-0.464310
6,True,True,-1.000000,1.000000,3.720000,-0.630000,17.010000,120.181000,-22.070999,0.031000,0.000003,0.004766,-0.008046,0.999956,-0.002010,-0.000910,-0.560610
7,True,True,-1.000000,1.000000,4.880000,-0.850000,17.010000,139.460999,-26.110998,0.021000,0.000008,0.004761,-0.010782,0.999931,-0.001910,-0.000810,-0.656310
8,True,True,-1.000000,1.000000,6.200000,-1.100000,17.010000,158.561005,-30.280998,0.021000,0.000013,0.004756,-0.013911,0.999892,-0.001810,-0.000710,-0.750810
9,True,True,-1.000000,1.000000,7.680000,-1.390000,17.010000,177.471008,-34.591000,0.021000,0.000024,0.004750,-0.017428,0.999837,-0.001610,-0.000610,-0.843610
10,True,True,-1.000000,1.000000,9.320000,-1.720000,17.010000,196.201004,-39.070999,0.021000,0.000035,0.004750,-0.021323,0.999761,-0.001410,-0.000510,-0.934410
11,True,True,-1.000000,1.000000,11.110000,-2.080000,17.010000,214.751007,-43.740997,0.021000,0.000051,0.004750,-0.025585,0.999661,-0.001210,-0.000410,-1.022710
12,True,True,-1.000000,1.000000,13.049999,-2.490000,17.010000,233.111008,-48.620998,0.021000,0.000067,0.004750,-0.030203,0.999533,-0.001010,-0.000310,-1.108210
13,True,True,-1.000000,1.000000,15.139999,-2.940000,17.010000,251.281006,-53.750999,0.021000,0.000089,0.004750,-0.035161,0.999370,-0.000710,-0.000310,-1.190610
14,True,True,-1.000000,1.000000,17.379999,-3.430000,17.010000,269.251007,-59.150997,0.021000,0.000111,0.004750,-0.040448,0.999170,-0.000510,-0.000310,-1.269910
15,True,True,-1.000000,1.000000,19.770000,-3.970000,17.010000,287.010986,-64.840996,0.021000,0.000138,0.004750,-0.046053,0.998928,-0.000310,-0.000310,-1.346010
16,True,True,-1.000000,1.000000,22.309999,-4.560000,17.010000,304.550995,-70.850998,0.021000,0.000165,0.004750,-0.051955,0.998638,-0.000110,-0.000310,-1.418710
17,True,True,-1.000000,1.000000,24.990000,-5.200000,17.010000,321.860992,-77.200996,0.021000,0.000192,0.004750,-0.058148,0.998297,0.000000,-0.000310,-1.488010
18,True,True,-1.000000,1.000000,27.809999,-5.900000,17.010000,338.920990,-83.920998,0.021000,0.000224,0.004745,-0.064611,0.997899,0.000110,-0.000310,-1.553810
19,True,True,-1.000000,1.000000,30.769999,-6.660000,17.010000,355.721008,-91.030998,0.021000,0.000256,0.004739,-0.071328,0.997442,0.000210,-0.000310,-1.616210
20,True,True,-1.000000,1.000000,33.869999,-7.480000,17.010000,372.251007,-98.550995,0.021000,0.000289,0.004734,-0.078287,0.996920,0.000210,-0.000210,-1.675010
21,True,True,-1.000000,1.000000,37.110001,-8.370000,17.010000,388.501007,-106.490997,0.021000,0.000326,0.004729,-0.085473,0.996329,0.000310,-0.000210,-1.730310
22,True,True,-1.000000,1.000000,40.480000,-9.330000,17.010000,404.450989,-114.870995,0.021000,0.000364,0.004723,-0.092869,0.995667,0.000410,-0.000110,-1.782210
23,True,True,-1.000000,1.000000,43.980000,-10.360000,17.010000,420.080994,-123.700996,0.021000,0.000402,0.004718,-0.100460,0.994930,0.000410,0.000000,-1.830610
24,True,True,-1.000000,1.000000,47.610001,-11.469999,17.010000,435.381012,-132.981003,0.021000,0.000440,0.004712,-0.108234,0.994114,0.000410,0.000000,-1.875710
25,True,True,-1.000000,1.000000,51.360001,-12.660000,17.010000,450.330994,-142.731003,0.021000,0.000477,0.004707,-0.116175,0.993218,0.000510,0.000000,-1.917410
26,True,True,-1.000000,1.000000,55.230000,-13.929999,17.010000,464.920990,-152.951004,0.021000,0.000521,0.004702,-0.124267,0.992238,0.000610,0.000000,-1.955810
27,True,True,-1.000000,1.000000,59.219997,-15.290000,17.010000,479.130981,-163.651001,0.021000,0.000564,0.004696,-0.132494,0.991173,0.000610,0.000000,-1.991010
28,True,True,-1.000000,1.000000,63.329998,-16.750000,17.010000,492.931000,-174.850998,0.021000,0.000607,0.004691,-0.140845,0.990020,0.000610,0.000000,-2.023810
29,True,True,-1.000000,1.000000,67.549995,-18.309999,17.010000,506.251007,-186.611008,0.021000,0.000650,0.004685,-0.149320,0.988778,0.000610,0.000000,-2.056110
30,True,True,-1.000000,1.000000,71.879997,-19.969999,17.010000,519.080994,-198.910995,0.021000,0.000693,0.004680,-0.157914,0.987441,0.000610,0.000000,-2.087710
31,True,True,-1.000000,1.000000,76.309998,-21.730000,17.010000,531.410950,-211.751007,0.021000,0.000736,0.004675,-0.166622,0.986010,0.000610,0.000000,-2.118310
32,True,True,-1.000000,1.000000,80.839996,-23.609999,17.010000,543.230957,-225.100998,0.021000,0.000780,0.004669,-0.175437,0.984479,0.000510,0.000000,-2.147910
33,True,True,-1.000000,1.000000,85.459999,-25.599998,17.010000,554.530945,-238.960999,0.031000,0.000823,0.004664,-0.184354,0.982849,0.000510,0.000000,-2.176310
34,True,True,-1.000000,1.000000,90.169998,-27.709999,17.010000,565.290955,-253.311005,0.031000,0.000866,0.004658,-0.193369,0.981115,0.000510,0.000000,-2.203510
35,True,True,-1.000000,1.000000,94.970001,-29.939999,17.010000,575.500977,-268.140991,0.031000,0.000909,0.004653,-0.202476,0.979276,0.000510,0.000000,-2.229410
36,True,True,-1.000000,1.000000,99.849998,-32.299999,17.010000,585.150940,-283.441010,0.031000,0.000958,0.004642,-0.211663,0.977331,0.000510,0.000000,-2.254010
37,True,True,-1.000000,1.000000,104.799995,-34.790001,17.010000,594.220947,-299.191010,0.031000,0.001006,0.004631,-0.220926,0.975279,0.000510,0.000000,-2.277210
38,True,True,-1.000000,1.000000,109.820000,-37.419998,17.010000,602.700989,-315.371002,0.031000,0.001055,0.004621,-0.230259,0.973118,0.000410,0.000000,-2.299110
39,True,True,-1.000000,1.000000,114.909996,-40.189999,17.010000,610.580933,-331.980988,0.031000,0.001103,0.004610,-0.239651,0.970847,0.000410,0.000000,-2.319610
40,True,True,-1.000000,1.000000,120.059998,-43.099998,17.010000,617.840942,-348.990997,0.031000,0.001152,0.004599,-0.249103,0.968465,0.000310,0.000000,-2.338710
41,True,True,-1.000000,1.000000,125.259995,-46.149998,17.010000,624.480957,-366.390991,0.031000,0.001200,0.004588,-0.258598,0.965973,0.000310,0.000000,-2.356410
42,True,True,-1.000000,1.000000,130.509995,-49.349998,17.010000,630.480957,-384.151001,0.031000,0.001249,0.004577,-0.268136,0.963369,0.000210,0.000000,-2.372710
43,True,True,-1.000000,1.000000,135.809998,-52.699997,17.010000,635.830933,-402.260986,0.031000,0.001297,0.004567,-0.277706,0.960654,0.000210,0.000000,-2.387610
44,True,True,-1.000000,1.000000,141.149994,-56.209999,17.010000,640.520935,-420.700989,0.031000,0.001346,0.004556,-0.287304,0.957828,0.000110,0.000000,-2.401210
45,True,True,-1.000000,1.000000,146.520004,-59.869999,17.010000,644.540955,-439.450989,0.031000,0.001395,0.004540,-0.296923,0.954890,0.000110,0.000000,-2.413510
46,True,True,-1.000000,1.000000,151.919998,-63.689999,17.010000,647.890991,-458.480988,0.031000,0.001443,0.004524,-0.306552,0.951842,0.000110,0.000000,-2.424410
47,True,True,-1.000000,1.000000,157.339996,-67.669998,17.010000,650.560974,-477.781006,0.031000,0.001492,0.004507,-0.316188,0.948685,0.000000,0.000000,-2.434110
48,True,True,-1.000000,1.000000,162.779999,-71.809998,17.010000,652.540955,-497.320984,0.031000,0.001540,0.004491,-0.325828,0.945417,0.000000,0.000000,-2.442510
49,True,True,-1.000000,1.000000,168.229996,-76.119995,17.010000,653.830933,-517.080994,0.031000,0.001583,0.004475,-0.335463,0.942041,0.000000,0.000000,-2.449710
50,True,True,-1.000000,1.000000,173.679993,-80.599998,17.010000,654.430969,-537.030945,0.031000,0.001632,0.004459,-0.345082,0.938560,0.000000,0.000000,-2.455710
51,True,True,-1.000000,1.000000,179.129990,-85.239998,17.010000,654.330933,-557.160950,0.031000,0.001675,0.004443,-0.354685,0.934974,0.000000,0.000000,-2.460510
52,True,True,-1.000000,1.000000,184.580002,-90.049995,17.010000,653.540955,-577.430969,0.031000,0.001718,0.004426,-0.364266,0.931283,0.000000,0.000000,-2.464210
53,True,True,-1.000000,1.000000,190.009995,-95.029999,17.010000,652.050964,-597.830994,0.031000,0.001761,0.004410,-0.373820,0.927489,0.000000,0.000000,-2.466810
54,True,True,-1.000000,1.000000,195.429993,-100.180000,17.010000,649.860962,-618.330933,0.031000,0.001805,0.004394,-0.383337,0.923597,0.000110,0.000000,-2.468310
55,True,True,-1.000000,1.000000,200.819992,-105.500000,17.010000,646.980957,-638.900940,0.031000,0.001853,0.004378,-0.392816,0.919605,0.000110,0.000000,-2.468710
56,True,True,-1.000000,1.000000,206.179993,-111.000000,17.010000,643.410950,-659.530945,0.031000,0.001896,0.004356,-0.402251,0.915517,0.000110,-0.000110,-2.468110
57,True,True,-1.000000,1.000000,211.509995,-116.669998,17.010000,639.150940,-680.190979,0.031000,0.001939,0.004335,-0.411638,0.911335,0.000210,-0.000110,-2.466510
58,True,True,-1.000000,1.000000,216.799988,-122.509995,17.010000,634.210938,-700.850952,0.031000,0.001983,0.004313,-0.420971,0.907062,0.000210,-0.000110,-2.463910
59,True,True,-1.000000,1.000000,222.039993,-128.520004,17.010000,628.600952,-721.490967,0.031000,0.002026,0.004292,-0.430250,0.902697,0.000310,-0.000110,-2.460410
60,True,True,-1.000000,1.000000,227.229996,-134.699997,17.010000,622.320984,-742.090942,0.031000,0.002069,0.004270,-0.439465,0.898247,0.000310,-0.000110,-2.455910
61,True,True,-1.000000,1.000000,232.360001,-141.059998,17.010000,615.380981,-762.630981,0.031000,0.002112,0.004248,-0.448614,0.893713,0.000410,-0.000110,-2.450510
62,True,True,-1.000000,1.000000,237.419998,-147.589996,17.010000,607.790955,-783.080933,0.031000,0.002155,0.004227,-0.457694,0.889097,0.000410,-0.000110,-2.444310
63,True,True,-1.000000,1.000000,242.419998,-154.289993,17.010000,599.560974,-803.430969,0.031000,0.002198,0.004205,-0.466698,0.884404,0.000410,-0.000110,-2.437210
64,True,True,-1.000000,1.000000,247.339996,-161.149994,17.010000,590.700989,-823.650940,0.031000,0.002242,0.004184,-0.475626,0.879635,0.000410,-0.000110,-2.429610
65,True,True,-1.000000,1.000000,252.179993,-168.179993,17.010000,581.130981,-843.750977,0.031000,0.002285,0.004162,-0.484484,0.874787,0.000410,-0.000110,-2.423510
66,True,True,-1.000000,1.000000,256.940002,-175.379990,17.010000,570.880981,-863.710938,0.031000,0.002328,0.004141,-0.493278,0.869859,0.000410,-0.000110,-2.418610
67,True,True,-1.000000,1.000000,261.609985,-182.739990,17.010000,559.960938,-883.500977,0.031000,0.002371,0.004119,-0.502007,0.864851,0.000410,-0.000110,-2.414610
68,True,True,-1.000000,1.000000,266.179993,-190.269989,17.010000,548.390991,-903.090942,0.031000,0.002414,0.004097,-0.510671,0.859763,0.000410,-0.000110,-2.411410
69,True,True,-1.000000,1.000000,270.649994,-197.959991,17.010000,536.180969,-922.470947,0.031000,0.002457,0.004070,-0.519275,0.854594,0.000310,-0.000210,-2.408810
70,True,True,-1.000000,1.000000,275.009979,-205.809998,17.010000,523.350952,-941.620972,0.031000,0.002500,0.004043,-0.527821,0.849342,0.000310,-0.000210,-2.406710
71,True,True,-1.000000,1.000000,279.259979,-213.809998,17.010000,509.911011,-960.520935,0.031000,0.002544,0.004016,-0.536307,0.844010,0.000310,-0.000210,-2.404910
72,True,True,-1.000000,1.000000,283.389984,-221.970001,17.010000,495.871002,-979.150940,0.031000,0.002587,0.003989,-0.544734,0.838596,0.000210,-0.000110,-2.403410
73,True,True,-1.000000,1.000000,287.399994,-230.279999,17.010000,481.240997,-997.500977,0.031000,0.002630,0.003962,-0.553101,0.833101,0.000210,0.000000,-2.402110
74,True,True,-1.000000,1.000000,291.279999,-238.739990,17.010000,466.031006,-1015.550964,0.031000,0.002668,0.003936,-0.561409,0.827525,0.000110,0.000000,-2.400910
75,True,True,-1.000000,1.000000,295.029999,-247.349991,17.010000,450.251007,-1033.281006,0.031000,0.002705,0.003909,-0.569658,0.821868,0.000110,0.000000,-2.399710
76,True,True,-1.000000,1.000000,298.649994,-256.109985,17.010000,433.911011,-1050.680908,0.031000,0.002743,0.003882,-0.577842,0.816135,0.000110,0.000000,-2.398510
77,True,True,-1.000000,1.000000,302.130005,-265.009979,17.010000,417.031006,-1067.730957,0.031000,0.002781,0.003855,-0.585966,0.810322,0.000110,0.000000,-2.397310
78,True,True,-1.000000,1.000000,305.459991,-274.049988,17.010000,399.610992,-1084.430908,0.031000,0.002819,0.003828,-0.594026,0.804432,0.000110,0.000000,-2.396010
79,True,True,-1.000000,1.000000,308.639984,-283.220001,17.010000,381.661011,-1100.750977,0.031000,0.002857,0.003801,-0.602021,0.798466,0.000110,0.000000,-2.394710
80,True,True,-1.000000,1.000000,311.669983,-292.529999,17.010000,363.200989,-1116.680908,0.031000,0.002894,0.003774,-0.609952,0.792425,0.000110,0.000000,-2.393210
81,True,True,-1.000000,1.000000,314.539978,-301.970001,17.010000,344.230988,-1132.210938,0.031000,0.002932,0.003747,-0.617817,0.786307,0.000110,0.000000,-2.391610
82,True,True,-1.000000,1.000000,317.250000,-311.529999,17.010000,324.770996,-1147.330933,0.031000,0.002970,0.003720,-0.625618,0.780115,0.000110,0.000000,-2.389910
83,True,True,-1.000000,1.000000,319.789978,-321.209991,17.010000,304.830994,-1162.020996,0.031000,0.003008,0.003693,-0.633349,0.773852,0.000110,0.000000,-2.388010
84,True,True,-1.000000,1.000000,322.160004,-331.009979,17.010000,284.431000,-1176.270996,0.031000,0.003045,0.003660,-0.641010,0.767518,0.000110,-0.000110,-2.385910
85,True,True,-1.000000,1.000000,324.359985,-340.929993,17.010000,263.571014,-1190.070923,0.031000,0.003083,0.003628,-0.648600,0.761115,0.000110,-0.000110,-2.383610
86,True,True,-1.000000,1.000000,326.380005,-350.959991,17.010000,242.270996,-1203.410889,0.031000,0.003121,0.003596,-0.656120,0.754641,0.000110,-0.000110,-2.381210
87,True,True,-1.000000,1.000000,328.220001,-361.100006,17.010000,220.550995,-1216.281006,0.031000,0.003159,0.003563,-0.663565,0.748103,0.000110,-0.000110,-2.378610
88,True,True,-1.000000,1.000000,329.869995,-371.339996,17.010000,198.410995,-1228.660889,0.031000,0.003196,0.003531,-0.670940,0.741496,0.000110,-0.000110,-2.375810
89,True,True,-1.000000,1.000000,331.339996,-381.679993,17.010000,175.880997,-1240.550903,0.031000,0.003234,0.003499,-0.678239,0.734826,0.000110,0.000000,-2.372810
90,True,True,-1.000000,1.000000,332.609985,-392.109985,17.010000,152.960999,-1251.940918,0.031000,0.003267,0.003466,-0.685463,0.728092,0.000110,0.000000,-2.369610
91,True,True,-1.000000,1.000000,333.690002,-402.630005,17.010000,129.671005,-1262.810913,0.031000,0.003299,0.003434,-0.692606,0.721301,0.000110,0.000000,-2.366210
92,True,True,-1.000000,1.000000,334.570007,-413.239990,17.010000,106.030998,-1273.160889,0.031000,0.003331,0.003401,-0.699673,0.714448,0.000110,0.000000,-2.362610
93,True,True,-1.000000,1.000000,335.250000,-423.929993,17.010000,82.060997,-1282.980957,0.031000,0.003364,0.003369,-0.706659,0.707538,0.000110,0.000000,-2.358810
94,True,True,-1.000000,1.000000,335.729980,-434.699982,17.010000,57.760998,-1292.270996,0.031000,-0.003396,-0.003337,0.713570,-0.700568,0.000110,0.000000,-2.354810
95,True,True,-1.000000,1.000000,336.009979,-445.539978,17.010000,33.160999,-1301.010986,0.031000,-0.003428,-0.003304,0.720398,-0.693544,0.000110,0.000000,-2.350610
96,True,True,-1.000000,1.000000,336.079987,-456.449982,17.010000,8.271000,-1309.200928,0.031000,-0.003461,-0.003272,0.727146,-0.686466,0.000110,0.000000,-2.346210
97,True,True,-1.000000,1.000000,335.940002,-467.419983,17.010000,-16.890999,-1316.840942,0.031000,-0.003493,-0.003240,0.733809,-0.679340,0.000110,0.000000,-2.341610
98,True,True,-1.000000,1.000000,335.589996,-478.449982,17.010000,-42.310997,-1323.920898,0.031000,-0.003525,-0.003207,0.740386,-0.672165,0.000110,0.000000,-2.336810
99,True,True,-1.000000,1.000000,335.019989,-489.539978,17.010000,-67.971001,-1330.430908,0.031000,-0.003558,-0.003175,0.746881,-0.664941,0.000110,0.000000,-2.331910
100,True,True,-1.000000,1.000000,334.239990,-500.679993,17.010000,-93.850998,-1336.370972,0.031000,-0.003590,-0.003142,0.753292,-0.657669,0.000000,-0.000110,-2.326810
101,True,True,-1.000000,1.000000,333.239990,-511.859985,17.010000,-119.940994,-1341.740967,0.031000,-0.003623,-0.003105,0.759617,-0.650353,0.000000,-0.000110,-2.321510
102,True,True,-1.000000,1.000000,332.019989,-523.080017,17.010000,-146.221008,-1346.531006,0.031000,-0.003655,-0.003067,0.765856,-0.642995,0.000000,-0.000110,-2.316010
103,True,True,-1.000000,1.000000,330.579987,-534.339966,17.010000,-172.671005,-1350.740967,0.031000,-0.003687,-0.003029,0.772009,-0.635593,0.000000,-0.000110,-2.310410
104,True,True,-1.000000,1.000000,328.919983,-545.630005,17.010000,-199.281006,-1354.360962,0.031000,-0.003714,-0.002991,0.778079,-0.628148,0.000000,0.000000,-2.304610
105,True,True,-1.000000,1.000000,327.039978,-556.940002,17.010000,-226.041000,-1357.401001,0.031000,-0.003741,-0.002954,0.784061,-0.620666,0.000000,0.000000,-2.298710
106,True,True,-1.000000,1.000000,324.929993,-568.269958,17.010000,-252.921005,-1359.850952,0.031000,-0.003768,-0.002916,0.789956,-0.613145,0.000000,0.000000,-2.292610
107,True,True,-1.000000,1.000000,322.600006,-579.619995,17.010000,-279.911011,-1361.720947,0.031000,-0.003795,-0.002878,0.795761,-0.605592,0.000000,0.000000,-2.286310
108,True,True,-1.000000,1.000000,320.039978,-590.979980,17.010000,-307.001007,-1363.000977,0.031000,-0.003822,-0.002840,0.801476,-0.598007,0.000110,0.000000,-2.279910
109,True,True,-1.000000,1.000000,317.259979,-602.339966,17.010000,-334.161011,-1363.690918,0.031000,-0.003849,-0.002803,0.807104,-0.590390,0.000210,0.000000,-2.273410
110,True,True,-1.000000,1.000000,314.250000,-613.700012,17.010000,-361.351013,-1363.710938,0.031000,-0.003876,-0.002765,0.812645,-0.582740,0.000210,0.000000,-2.266610
111,True,True,-1.000000,1.000000,311.009979,-625.049988,17.010000,-388.270996,-1362.370972,0.031000,-0.003903,-0.002727,0.818091,-0.575069,0.000310,0.000000,-2.258410
112,True,True,-1.000000,1.000000,307.549988,-636.380005,17.010000,-415.100983,-1360.200928,0.031000,-0.003930,-0.002689,0.823445,-0.567376,0.000410,0.000000,-2.249910
113,True,True,-1.000000,1.000000,303.869995,-647.690002,17.010000,-441.950989,-1357.500977,0.031000,-0.003957,-0.002652,0.828708,-0.559661,0.000410,0.000000,-2.241810
114,True,True,-1.000000,1.000000,299.959991,-658.979980,17.010000,-468.800995,-1354.281006,0.031000,-0.003984,-0.002614,0.833880,-0.551925,0.000410,0.000000,-2.234010
115,True,True,-1.000000,1.000000,295.829987,-670.229980,17.010000,-495.640991,-1350.550903,0.031000,-0.004011,-0.002576,0.838963,-0.544167,0.000410,0.000000,-2.226410
116,True,True,-1.000000,1.000000,291.479980,-681.450012,17.010000,-522.450989,-1346.310913,0.031000,-0.004038,-0.002538,0.843958,-0.536388,0.000410,0.000000,-2.219010
117,True,True,-1.000000,1.000000,286.899994,-692.630005,17.010000,-549.210938,-1341.570923,0.031000,-0.004060,-0.002500,0.848866,-0.528587,0.000410,0.000000,-2.211710
118,True,True,-1.000000,1.000000,282.100006,-703.769958,17.010000,-575.920959,-1336.320923,0.031000,-0.004081,-0.002463,0.853684,-0.520770,0.000410,0.000000,-2.204510
119,True,True,-1.000000,1.000000,277.079987,-714.859985,17.010000,-602.560974,-1330.580933,0.031000,-0.004103,-0.002425,0.858417,-0.512931,0.000410,0.000000,-2.197410
120,True,True,-1.000000,1.000000,271.839996,-725.899963,17.010000,-629.120972,-1324.340942,0.031000,-0.004124,-0.002387,0.863062,-0.505076,0.000410,0.000000,-2.190310
121,True,True,-1.000000,1.000000,266.380005,-736.880005,17.010000,-655.580933,-1317.610962,0.031000,-0.004146,-0.002349,0.867620,-0.497205,0.000410,0.000000,-2.183210
122,True,True,-1.000000,1.000000,260.699982,-747.799988,17.010000,-681.940979,-1310.401001,0.031000,-0.004167,-0.002312,0.872092,-0.489318,0.000410,0.000000,-2.176110
123,True,True,-1.000000,1.000000,254.799988,-758.659973,17.010000,-708.190979,-1302.710938,0.031000,-0.004189,-0.002274,0.876480,-0.481415,0.000410,0.000000,-2.169010
124,True,True,-1.000000,1.000000,248.679993,-769.450012,17.010000,-734.320984,-1294.540894,0.031000,-0.004211,-0.002236,0.880781,-0.473500,0.000410,0.000000,-2.161810
125,True,True,-1.000000,1.000000,242.339996,-780.169983,17.010000,-760.310974,-1285.901001,0.031000,-0.004232,-0.002198,0.884995,-0.465575,0.000410,0.000000,-2.154610
126,True,True,-1.000000,1.000000,235.789993,-790.809998,17.010000,-786.160950,-1276.790894,0.031000,-0.004254,-0.002161,0.889125,-0.457640,0.000410,0.000000,-2.147310
127,True,True,-1.000000,1.000000,229.019989,-801.369995,17.010000,-811.860962,-1267.220947,0.031000,-0.004275,-0.002123,0.893170,-0.449693,0.000410,0.000000,-2.139910
128,True,True,-1.000000,1.000000,222.039993,-811.849976,17.010000,-837.410950,-1257.180908,0.031000,-0.004297,-0.002085,0.897133,-0.441736,0.000410,0.000000,-2.132710
129,True,True,-1.000000,1.000000,214.849991,-822.239990,17.010000,-862.820984,-1246.660889,0.031000,-0.004313,-0.002047,0.901012,-0.433768,0.000410,0.000110,-2.126310
130,True,True,-1.000000,1.000000,207.449997,-832.539978,17.010000,-888.070984,-1235.670898,0.031000,-0.004329,-0.002010,0.904810,-0.425789,0.000410,0.000110,-2.120610
131,True,True,-1.000000,1.000000,199.839996,-842.739990,17.010000,-913.150940,-1224.210938,0.031000,-0.004346,-0.001972,0.908527,-0.417799,0.000410,0.000110,-2.115610
132,True,True,-1.000000,1.000000,192.019989,-852.839966,17.010000,-938.060974,-1212.281006,0.031000,-0.004362,-0.001934,0.912166,-0.409793,0.000410,0.000110,-2.111110
133,True,True,-1.000000,1.000000,184.000000,-862.839966,17.010000,-962.780945,-1199.901001,0.031000,-0.004378,-0.001896,0.915728,-0.401771,0.000410,0.000110,-2.107010
134,True,True,-1.000000,1.000000,175.769989,-872.729980,17.010000,-987.310974,-1187.060913,0.031000,-0.004394,-0.001859,0.919213,-0.393733,0.000410,0.000110,-2.103310
135,True,True,-1.000000,1.000000,167.339996,-882.510010,17.010000,-1011.640930,-1173.770996,0.031000,-0.004410,-0.001821,0.922623,-0.385673,0.000410,0.000110,-2.099910
136,True,True,-1.000000,1.000000,158.709991,-892.179993,17.010000,-1035.770996,-1160.031006,0.031000,-0.004426,-0.001783,0.925958,-0.377597,0.000410,0.000110,-2.096810
137,True,True,-1.000000,1.000000,149.879990,-901.729980,17.010000,-1059.690918,-1145.840942,0.031000,-0.004443,-0.001745,0.929217,-0.369505,0.000410,0.000000,-2.093910
138,True,True,-1.000000,1.000000,140.849991,-911.159973,17.010000,-1083.390991,-1131.200928,0.031000,-0.004459,-0.001707,0.932400,-0.361396,0.000410,0.000000,-2.091210
139,True,True,-1.000000,1.000000,131.629990,-920.459961,17.010000,-1106.860962,-1116.120972,0.031000,-0.004475,-0.001670,0.935511,-0.353266,0.000410,0.000000,-2.088610
140,True,True,-1.000000,1.000000,122.209999,-929.630005,17.010000,-1130.100952,-1100.590942,0.031000,-0.004491,-0.001632,0.938546,-0.345120,0.000410,0.000000,-2.086210
141,True,True,-1.000000,1.000000,112.599998,-938.669983,17.010000,-1153.110962,-1084.620972,0.031000,-0.004507,-0.001594,0.941508,-0.336958,0.000310,0.000000,-2.083910
142,True,True,-1.000000,1.000000,102.799995,-947.570007,17.010000,-1175.870972,-1068.220947,0.031000,-0.004524,-0.001556,0.944395,-0.328779,0.000310,0.000000,-2.081710
143,True,True,-1.000000,1.000000,92.809998,-956.329956,17.010000,-1198.380981,-1051.390991,0.031000,-0.004534,-0.001519,0.947208,-0.320584,0.000210,0.000000,-2.079610
144,True,True,-1.000000,1.000000,82.639999,-964.949951,17.010000,-1220.630981,-1034.120972,0.031000,-0.004545,-0.001481,0.949947,-0.312373,0.000210,0.000000,-2.077510
145,True,True,-1.000000,1.000000,72.279999,-973.419983,17.010000,-1242.610962,-1016.430969,0.031000,-0.004556,-0.001443,0.952613,-0.304146,0.000210,0.000000,-2.075510
146,True,True,-1.000000,1.000000,61.739998,-981.739990,17.010000,-1264.320923,-998.310974,0.031000,-0.004567,-0.001405,0.955206,-0.295903,0.000210,0.000000,-2.073510
147,True,True,-1.000000,1.000000,51.029999,-989.899963,17.010000,-1285.750977,-979.770935,0.031000,-0.004577,-0.001368,0.957724,-0.287649,0.000210,0.000000,-2.071510
148,True,True,-1.000000,1.000000,40.139999,-997.909973,17.010000,-1306.890991,-960.810974,0.031000,-0.004588,-0.001330,0.960169,-0.279379,0.000210,0.000000,-2.069610
149,True,True,-1.000000,1.000000,29.080000,-1005.759949,17.010000,-1327.740967,-941.440979,0.031000,-0.004599,-0.001292,0.962540,-0.271098,0.000110,0.000000,-2.067710
150,True,True,-1.000000,1.000000,17.840000,-1013.440002,17.010000,-1348.290894,-921.660950,0.031000,-0.004610,-0.001254,0.964838,-0.262800,0.000110,0.000000,-2.065710
151,True,True,-1.000000,1.000000,6.440000,-1020.949951,17.010000,-1368.531006,-901.480957,0.031000,-0.004621,-0.001217,0.967063,-0.254492,0.000000,0.000000,-2.063710
152,True,True,-1.000000,1.000000,-5.130000,-1028.289917,17.010000,-1388.450928,-880.900940,0.031000,-0.004631,-0.001179,0.969214,-0.246174,0.000000,0.000000,-2.061710
153,True,True,-1.000000,1.000000,-16.859999,-1035.459961,17.010000,-1408.050903,-859.920959,0.031000,-0.004642,-0.001141,0.971292,-0.237844,0.000000,0.000000,-2.059710
154,True,True,-1.000000,1.000000,-28.750000,-1042.449951,17.010000,-1427.320923,-838.550964,0.031000,-0.004653,-0.001103,0.973295,-0.229509,0.000000,0.000000,-2.057710
155,True,True,-1.000000,1.000000,-40.799999,-1049.260010,17.010000,-1446.250977,-816.800964,0.031000,-0.004664,-0.001065,0.975225,-0.221163,0.000000,0.000000,-2.055710
156,True,True,-1.000000,1.000000,-53.009998,-1055.880005,17.010000,-1464.840942,-794.670959,0.031000,-0.004675,-0.001028,0.977082,-0.212812,0.000000,0.000000,-2.053610
157,True,True,-1.000000,1.000000,-65.369995,-1062.309937,17.010000,-1483.080933,-772.170959,0.031000,-0.004685,-0.000990,0.978865,-0.204450,-0.000110,0.000000,-2.051510
158,True,True,-1.000000,1.000000,-77.879997,-1068.549927,17.010000,-1500.960938,-749.300964,0.031000,-0.004696,-0.000947,0.980576,-0.196083,-0.000110,0.000000,-2.049410
159,True,True,-1.000000,1.000000,-90.529999,-1074.599976,17.010000,-1518.470947,-726.070984,0.031000,-0.004702,-0.000904,0.982213,-0.187710,-0.000110,0.000000,-2.047210
160,True,True,-1.000000,1.000000,-103.329994,-1080.449951,17.010000,-1535.610962,-702.490967,0.031000,-0.004707,-0.000860,0.983777,-0.179332,-0.000110,0.000000,-2.045010
161,True,True,-1.000000,1.000000,-116.269997,-1086.099976,17.010000,-1552.370972,-678.560974,0.031000,-0.004712,-0.000817,0.985267,-0.170954,-0.000110,0.000000,-2.042710
162,True,True,-1.000000,1.000000,-129.339996,-1091.549927,17.010000,-1568.740967,-654.290955,0.031000,-0.004718,-0.000774,0.986686,-0.162570,0.000000,0.000000,-2.040410
163,True,True,-1.000000,1.000000,-142.550003,-1096.799927,17.010000,-1584.720947,-629.690979,0.031000,-0.004723,-0.000736,0.988030,-0.154187,0.000000,0.000000,-2.038010
164,True,True,-1.000000,1.000000,-155.889999,-1101.839966,17.010000,-1600.300903,-604.760986,0.031000,-0.004729,-0.000699,0.989302,-0.145803,0.000000,0.000000,-2.035610
165,True,True,-1.000000,1.000000,-169.349991,-1106.669922,17.010000,-1615.480957,-579.520935,0.031000,-0.004734,-0.000661,0.990501,-0.137419,0.000000,0.000000,-2.033110
166,True,True,-1.000000,1.000000,-182.940002,-1111.289917,17.010000,-1630.250977,-553.970947,0.031000,-0.004739,-0.000623,0.991628,-0.129036,0.000000,0.000000,-2.030610
167,True,True,-1.000000,1.000000,-196.649994,-1115.689941,17.010000,-1644.600952,-528.120972,0.031000,-0.004745,-0.000585,0.992683,-0.120652,0.000000,0.000000,-2.028010
168,True,True,-1.000000,1.000000,-210.470001,-1119.869995,17.010000,-1658.530884,-501.971008,0.031000,-0.004750,-0.000542,0.993666,-0.112269,0.000000,0.000000,-2.025310
169,True,True,-1.000000,1.000000,-224.399994,-1123.829956,17.010000,-1672.030884,-475.531006,0.031000,-0.004756,-0.000504,0.994577,-0.103891,0.000000,0.000000,-2.022610
170,True,True,-1.000000,1.000000,-238.439987,-1127.569946,17.010000,-1685.100952,-448.811005,0.031000,-0.004761,-0.000467,0.995416,-0.095518,0.000000,0.000000,-2.019810
171,True,True,-1.000000,1.000000,-252.589996,-1131.089966,17.010000,-1697.730957,-421.820984,0.031000,-0.004766,-0.000423,0.996184,-0.087151,-0.000110,0.000000,-2.017010
172,True,True,-1.000000,1.000000,-266.839996,-1134.380005,17.010000,-1709.920898,-394.570984,0.031000,-0.004772,-0.000380,0.996880,-0.078789,-0.000110,0.000000,-2.014110
173,True,True,-1.000000,1.000000,-281.190002,-1137.439941,17.010000,-1721.660889,-367.070984,0.031000,-0.004777,-0.000337,0.997505,-0.070432,-0.000110,0.000000,-2.011210
174,True,True,-1.000000,1.000000,-295.630005,-1140.270020,17.010000,-1732.950928,-339.300995,0.031000,-0.004777,-0.000299,0.998060,-0.062081,0.000000,0.000000,-2.008910
175,True,True,-1.000000,1.000000,-310.160004,-1142.859985,17.010000,-1743.780884,-311.270996,0.031000,-0.004777,-0.000262,0.998544,-0.053730,0.000000,0.000000,-2.007110
176,True,True,-1.000000,1.000000,-324.779999,-1145.219971,17.010000,-1754.150879,-282.990997,0.031000,-0.004777,-0.000224,0.998958,-0.045384,0.000000,0.000000,-2.005710
177,True,True,-1.000000,1.000000,-339.479980,-1147.339966,17.010000,-1764.050903,-254.460999,0.031000,-0.004777,-0.000186,0.999303,-0.037038,0.000000,0.000000,-2.004710
178,True,True,-1.000000,1.000000,-354.259979,-1149.219971,17.010000,-1773.480957,-225.701004,0.031000,-0.004777,-0.000148,0.999577,-0.028692,0.000000,0.000000,-2.004010
179,True,True,-1.000000,1.000000,-369.109985,-1150.859985,17.010000,-1782.430908,-196.710999,0.031000,-0.004777,-0.000111,0.999782,-0.020347,0.000000,0.000000,-2.003610
180,True,True,-1.000000,1.000000,-384.029999,-1152.260010,17.010000,-1790.900879,-167.501007,0.031000,-0.004777,-0.000073,0.999917,-0.012001,-0.000110,0.000000,-2.003410
181,True,True,-1.000000,1.000000,-399.019989,-1153.410034,17.010000,-1798.880981,-138.081009,0.031000,-0.004777,-0.000030,0.999982,-0.003655,-0.000210,0.000000,-2.003510
182,True,True,-1.000000,1.000000,-414.069977,-1154.309937,17.010000,-1806.370972,-108.450996,0.031000,-0.004777,0.000013,0.999978,0.004696,-0.000210,0.000000,-2.003710
183,True,True,-1.000000,1.000000,-429.179993,-1154.969971,17.010000,-1813.360962,-78.620995,0.031000,-0.004777,0.000057,0.999904,0.013047,-0.000210,0.000000,-2.004110
184,True,True,-1.000000,1.000000,-444.349976,-1155.369995,17.010000,-1819.850952,-48.591000,0.031000,-0.004777,0.000100,0.999760,0.021399,-0.000110,0.000000,-2.004610
185,True,True,-1.000000,1.000000,-459.569977,-1155.520020,17.010000,-1825.830933,-18.370998,0.031000,-0.004777,0.000138,0.999546,0.029750,0.000000,0.000000,-2.005210
186,True,True,-1.000000,1.000000,-474.829987,-1155.419922,17.010000,-1831.300903,12.021000,0.031000,-0.004777,0.000175,0.999263,0.038101,0.000000,0.000000,-2.005910
187,True,True,-1.000000,1.000000,-490.129974,-1155.059937,17.010000,-1836.260986,42.591000,0.031000,-0.004777,0.000213,0.998909,0.046452,0.000000,0.000000,-2.006710
188,True,True,-1.000000,1.000000,-505.470001,-1154.449951,17.010000,-1840.700928,73.320999,0.031000,-0.004777,0.000251,0.998485,0.054809,0.000000,0.000000,-2.007510
189,True,True,-1.000000,1.000000,-520.839966,-1153.579956,17.010000,-1844.610962,104.221001,0.031000,-0.004777,0.000289,0.997992,0.063165,0.000000,0.000000,-2.008410
190,True,True,-1.000000,1.000000,-536.239990,-1152.449951,17.010000,-1847.990967,135.281006,0.031000,-0.004772,0.000332,0.997428,0.071516,-0.000110,0.000000,-2.009410
191,True,True,-1.000000,1.000000,-551.659973,-1151.059937,17.010000,-1850.830933,166.481003,0.031000,-0.004766,0.000375,0.996794,0.079868,-0.000110,0.000000,-2.010410
192,True,True,-1.000000,1.000000,-567.099976,-1149.410034,17.010000,-1853.140991,197.820999,0.031000,-0.004761,0.000418,0.996090,0.088219,-0.000110,0.000000,-2.011410
193,True,True,-1.000000,1.000000,-582.559998,-1147.500000,17.010000,-1854.900879,229.291000,0.031000,-0.004756,0.000456,0.995315,0.096570,0.000000,0.000000,-2.012410
194,True,True,-1.000000,1.000000,-598.029968,-1145.329956,17.010000,-1856.110962,260.881012,0.031000,-0.004750,0.000494,0.994470,0.104916,0.000000,0.000000,-2.013510
195,True,True,-1.000000,1.000000,-613.500000,-1142.890015,17.010000,-1856.770996,292.591003,0.031000,-0.004745,0.000531,0.993554,0.113261,0.000000,0.000000,-2.014610
196,True,True,-1.000000,1.000000,-628.969971,-1140.189941,17.010000,-1856.880981,324.401001,0.031000,-0.004739,0.000569,0.992567,0.121602,0.000000,0.000000,-2.015710
197,True,True,-1.000000,1.000000,-644.440002,-1137.219971,17.010000,-1856.430908,356.311005,0.031000,-0.004734,0.000607,0.991511,0.129937,-0.000110,0.000000,-2.016810
198,True,True,-1.000000,1.000000,-659.899963,-1133.979980,17.010000,-1855.410889,388.300995,0.031000,-0.004729,0.000650,0.990384,0.138266,-0.000210,0.000000,-2.017910
199,True,True,-1.000000,1.000000,-675.349976,-1130.479980,17.010000,-1853.830933,420.371002,0.031000,-0.004723,0.000693,0.989186,0.146591,-0.000210,0.000000,-2.019010
200,True,True,-1.000000,1.000000,-690.779968,-1126.709961,17.010000,-1851.680908,452.510986,0.031000,-0.004718,0.000736,0.987917,0.154909,-0.000210,0.000000,-2.020110
201,True,True,-1.000000,1.000000,-706.190002,-1122.669922,17.010000,-1848.960938,484.700989,0.031000,-0.004712,0.000774,0.986578,0.163223,-0.000110,0.000000,-2.021210
202,True,True,-1.000000,1.000000,-721.570007,-1118.359985,17.010000,-1845.660889,516.940979,0.031000,-0.004707,0.000812,0.985167,0.171531,-0.000110,0.000000,-2.022310
203,True,True,-1.000000,1.000000,-736.919983,-1113.780029,17.010000,-1841.780884,549.220947,0.031000,-0.004702,0.000850,0.983686,0.179828,-0.000110,0.000000,-2.023410
204,True,True,-1.000000,1.000000,-752.229980,-1108.929932,17.010000,-1837.320923,581.520935,0.031000,-0.004696,0.000887,0.982134,0.188120,-0.000110,0.000000,-2.024410
205,True,True,-1.000000,1.000000,-767.500000,-1103.809937,17.010000,-1832.280884,613.840942,0.031000,-0.004691,0.000925,0.980512,0.196401,-0.000110,0.000000,-2.025410
206,True,True,-1.000000,1.000000,-782.719971,-1098.429932,17.010000,-1826.650879,646.160950,0.031000,-0.004685,0.000963,0.978819,0.204671,-0.000110,0.000000,-2.026410
207,True,True,-1.000000,1.000000,-797.889954,-1092.780029,17.010000,-1820.440918,678.480957,0.031000,-0.004675,0.001001,0.977056,0.212931,-0.000110,0.000000,-2.027410
208,True,True,-1.000000,1.000000,-813.000000,-1086.859985,17.010000,-1813.640991,710.780945,0.031000,-0.004664,0.001038,0.975221,0.221179,-0.000210,0.000000,-2.028410
209,True,True,-1.000000,1.000000,-828.049988,-1080.669922,17.010000,-1806.250977,743.050964,0.031000,-0.004653,0.001082,0.973316,0.229417,-0.000210,0.000000,-2.029410
210,True,True,-1.000000,1.000000,-843.039978,-1074.209961,17.010000,-1798.270996,775.290955,0.031000,-0.004642,0.001119,0.971340,0.237644,-0.000210,0.000000,-2.030410
211,True,True,-1.000000,1.000000,-857.949951,-1067.479980,17.010000,-1789.700928,807.480957,0.031000,-0.004631,0.001157,0.969295,0.245855,-0.000210,0.000000,-2.031310
212,True,True,-1.000000,1.000000,-872.789978,-1060.479980,17.010000,-1780.530884,839.610962,0.031000,-0.004621,0.001195,0.967178,0.254055,-0.000310,0.000000,-2.032210
213,True,True,-1.000000,1.000000,-887.549988,-1053.219971,17.010000,-1770.770996,871.670959,0.031000,-0.004610,0.001238,0.964991,0.262239,-0.000310,0.000000,-2.033110
214,True,True,-1.000000,1.000000,-902.219971,-1045.689941,17.010000,-1760.420898,903.650940,0.031000,-0.004599,0.001276,0.962734,0.270407,-0.000310,0.000000,-2.034010
215,True,True,-1.000000,1.000000,-916.799988,-1037.890015,17.010000,-1749.470947,935.530945,0.031000,-0.004588,0.001314,0.960407,0.278559,-0.000310,0.000000,-2.034810
216,True,True,-1.000000,1.000000,-931.279968,-1029.829956,17.010000,-1737.930908,967.310974,0.031000,-0.004577,0.001351,0.958010,0.286694,-0.000310,0.000000,-2.035610
217,True,True,-1.000000,1.000000,-945.659973,-1021.509949,17.010000,-1725.800903,998.970947,0.031000,-0.004567,0.001389,0.955543,0.294813,-0.000310,0.000000,-2.036410
218,True,True,-1.000000,1.000000,-959.940002,-1012.919983,17.010000,-1713.070923,1030.500977,0.031000,-0.004556,0.001427,0.953007,0.302911,-0.000310,0.000000,-2.037210
219,True,True,-1.000000,1.000000,-974.099976,-1004.070007,17.010000,-1699.750977,1061.890991,0.031000,-0.004545,0.001465,0.950400,0.310992,-0.000310,0.000000,-2.037910
220,True,True,-1.000000,1.000000,-988.149963,-994.959961,17.010000,-1685.840942,1093.130981,0.031000,-0.004534,0.001502,0.947725,0.319052,-0.000310,0.000000,-2.038610
221,True,True,-1.000000,1.000000,-1002.079956,-985.589966,17.010000,-1671.350952,1124.210938,0.031000,-0.004524,0.001540,0.944979,0.327096,-0.000310,0.000000,-2.039310
222,True,True,-1.000000,1.000000,-1015.880005,-975.959961,17.010000,-1656.270996,1155.120972,0.031000,-0.004513,0.001578,0.942164,0.335118,-0.000310,0.000000,-2.040010
223,True,True,-1.000000,1.000000,-1029.549927,-966.079956,17.010000,-1640.600952,1185.850952,0.031000,-0.004497,0.001616,0.939280,0.343118,-0.000310,0.000110,-2.040610
224,True,True,-1.000000,1.000000,-1043.089966,-955.940002,17.010000,-1624.350952,1216.380981,0.031000,-0.004480,0.001654,0.936327,0.351097,-0.000310,0.000110,-2.041210
225,True,True,-1.000000,1.000000,-1056.489990,-945.549988,17.010000,-1607.510986,1246.700928,0.031000,-0.004464,0.001691,0.933306,0.359049,-0.000410,0.000110,-2.041810
226,True,True,-1.000000,1.000000,-1069.739990,-934.909973,17.010000,-1590.100952,1276.800903,0.031000,-0.004448,0.001729,0.930217,0.366980,-0.000410,0.000110,-2.042410
227,True,True,-1.000000,1.000000,-1082.839966,-924.019958,17.010000,-1572.110962,1306.670898,0.031000,-0.004432,0.001767,0.927060,0.374883,-0.000410,0.000110,-2.042910
228,True,True,-1.000000,1.000000,-1095.789917,-912.880005,17.010000,-1553.550903,1336.300903,0.031000,-0.004416,0.001805,0.923834,0.382765,-0.000410,0.000110,-2.043410
229,True,True,-1.000000,1.000000,-1108.579956,-901.500000,17.010000,-1534.420898,1365.680908,0.031000,-0.004399,0.001842,0.920540,0.390620,-0.000410,0.000110,-2.043910
230,True,True,-1.000000,1.000000,-1121.199951,-889.880005,17.010000,-1514.720947,1394.790894,0.031000,-0.004383,0.001880,0.917179,0.398448,-0.000410,0.000110,-2.044410
231,True,True,-1.000000,1.000000,-1133.650024,-878.019958,17.010000,-1494.460938,1423.630981,0.031000,-0.004367,0.001918,0.913750,0.406249,-0.000410,0.000110,-2.044810
232,True,True,-1.000000,1.000000,-1145.929932,-865.919983,17.010000,-1473.651001,1452.180908,0.031000,-0.004351,0.001956,0.910254,0.414023,-0.000410,0.000110,-2.045210
233,True,True,-1.000000,1.000000,-1158.030029,-853.579956,17.010000,-1452.280884,1480.430908,0.031000,-0.004335,0.001993,0.906693,0.421764,-0.000410,0.000110,-2.045610
234,True,True,-1.000000,1.000000,-1169.949951,-841.010010,17.010000,-1430.360962,1508.370972,0.031000,-0.004319,0.002031,0.903064,0.429479,-0.000410,0.000110,-2.045910
235,True,True,-1.000000,1.000000,-1181.679932,-828.209961,17.010000,-1407.901001,1535.990967,0.031000,-0.004302,0.002069,0.899371,0.437161,-0.000410,0.000110,-2.046210
236,True,True,-1.000000,1.000000,-1193.219971,-815.179993,17.010000,-1384.901001,1563.280884,0.031000,-0.004286,0.002107,0.895609,0.444816,-0.000410,0.000110,-2.046510
237,True,True,-1.000000,1.000000,-1204.559937,-801.929993,17.010000,-1361.370972,1590.230957,0.031000,-0.004270,0.002144,0.891783,0.452439,-0.000410,0.000110,-2.046810
238,True,True,-1.000000,1.000000,-1215.699951,-788.459961,17.010000,-1337.310913,1616.830933,0.031000,-0.004254,0.002182,0.887891,0.460030,-0.000310,0.000110,-2.047110
239,True,True,-1.000000,1.000000,-1226.640015,-774.769958,17.010000,-1312.720947,1643.070923,0.031000,-0.004232,0.002220,0.883934,0.467588,-0.000310,0.000110,-2.047310
240,True,True,-1.000000,1.000000,-1237.369995,-760.859985,17.010000,-1287.620972,1668.930908,0.031000,-0.004211,0.002258,0.879912,0.475114,-0.000310,0.000110,-2.047510
241,True,True,-1.000000,1.000000,-1247.890015,-746.739990,17.010000,-1262.000977,1694.410889,0.031000,-0.004189,0.002295,0.875827,0.482601,-0.000310,0.000110,-2.047710
242,True,True,-1.000000,1.000000,-1258.189941,-732.409973,17.010000,-1235.880981,1719.500977,0.031000,-0.004167,0.002333,0.871677,0.490057,-0.000310,0.000110,-2.047810
243,True,True,-1.000000,1.000000,-1268.270020,-717.880005,17.010000,-1209.270996,1744.180908,0.031000,-0.004146,0.002371,0.867465,0.497475,-0.000210,0.000000,-2.047910
244,True,True,-1.000000,1.000000,-1278.119995,-703.140015,17.010000,-1182.161011,1768.450928,0.031000,-0.004124,0.002409,0.863188,0.504860,-0.000210,0.000000,-2.048010
245,True,True,-1.000000,1.000000,-1287.739990,-688.200012,17.010000,-1154.570923,1792.290894,0.031000,-0.004103,0.002447,0.858848,0.512208,-0.000210,0.000000,-2.048110
246,True,True,-1.000000,1.000000,-1297.130005,-673.070007,17.010000,-1126.500977,1815.700928,0.031000,-0.004081,0.002484,0.854446,0.519518,-0.000110,0.000000,-2.048110
247,True,True,-1.000000,1.000000,-1306.280029,-657.750000,17.010000,-1097.960938,1838.670898,0.031000,-0.004060,0.002517,0.849982,0.526790,-0.000110,0.000000,-2.048110
248,True,True,-1.000000,1.000000,-1315.189941,-642.239990,17.010000,-1068.960938,1861.180908,0.031000,-0.004038,0.002549,0.845455,0.534025,-0.000110,0.000000,-2.048110
249,True,True,-1.000000,1.000000,-1323.849976,-626.549988,17.010000,-1039.500977,1883.230957,0.031000,-0.004016,0.002581,0.840867,0.541222,-0.000110,0.000000,-2.048010
250,True,True,-1.000000,1.000000,-1332.260010,-610.679993,17.010000,-1009.600952,1904.810913,0.031000,-0.003995,0.002614,0.836219,0.548375,-0.000110,0.000000,-2.047910
251,True,True,-1.000000,1.000000,-1340.419922,-594.630005,17.010000,-979.260925,1925.910889,0.031000,-0.003973,0.002646,0.831509,0.555491,-0.000110,0.000000,-2.047810
252,True,True,-1.000000,1.000000,-1348.319946,-578.409973,17.010000,-948.490967,1946.520874,0.031000,-0.003952,0.002679,0.826740,0.562563,-0.000110,0.000000,-2.047710
253,True,True,-1.000000,1.000000,-1355.959961,-562.019958,17.010000,-917.300964,1966.630981,0.031000,-0.003930,0.002711,0.821909,0.569598,-0.000110,0.000000,-2.047610
254,True,True,-1.000000,1.000000,-1363.339966,-545.469971,17.010000,-885.690979,1986.240967,0.031000,-0.003909,0.002743,0.817020,0.576590,-0.000110,0.000000,-2.047410
255,True,True,-1.000000,1.000000,-1370.449951,-528.760010,17.010000,-853.670959,2005.330933,0.031000,-0.003887,0.002776,0.812071,0.583538,-0.000110,0.000000,-2.047210
256,True,True,-1.000000,1.000000,-1377.289917,-511.889984,17.010000,-821.260986,2023.900879,0.031000,-0.003865,0.002808,0.807065,0.590444,-0.000110,0.000000,-2.047010
257,True,True,-1.000000,1.000000,-1383.859985,-494.869995,17.010000,-788.460938,2041.940918,0.031000,-0.003844,0.002840,0.801999,0.597306,-0.000110,0.000110,-2.046810
258,True,True,-1.000000,1.000000,-1390.150024,-477.709991,17.010000,-755.280945,2059.440918,0.031000,-0.003817,0.002873,0.796875,0.604125,-0.000110,0.000210,-2.046510
259,True,True,-1.000000,1.000000,-1396.159912,-460.410004,17.010000,-721.730957,2076.390869,0.031000,-0.003790,0.002905,0.791697,0.610896,-0.000110,0.000210,-2.046210
260,True,True,-1.000000,1.000000,-1401.890015,-442.970001,17.010000,-687.830933,2092.791016,0.031000,-0.003763,0.002937,0.786460,0.617623,-0.000110,0.000210,-2.045910
261,True,True,-1.000000,1.000000,-1407.339966,-425.399994,17.010000,-653.580933,2108.630859,0.031000,-0.003736,0.002970,0.781169,0.624302,-0.000110,0.000210,-2.045510
262,True,True,-1.000000,1.000000,-1412.500000,-407.699982,17.010000,-618.990967,2123.900879,0.031000,-0.003709,0.003002,0.775819,0.630937,-0.000110,0.000210,-2.045110
263,True,True,-1.000000,1.000000,-1417.369995,-389.880005,17.010000,-584.070984,2138.590820,0.031000,-0.003682,0.003035,0.770415,0.637524,-0.000210,0.000210,-2.044710
264,True,True,-1.000000,1.000000,-1421.939941,-371.940002,17.010000,-548.830994,2152.700928,0.031000,-0.003655,0.003067,0.764958,0.644063,-0.000210,0.000110,-2.044310
265,True,True,-1.000000,1.000000,-1426.219971,-353.889984,17.010000,-513.290955,2166.220947,0.031000,-0.003628,0.003099,0.759446,0.650553,-0.000210,0.000110,-2.043810
266,True,True,-1.000000,1.000000,-1430.199951,-335.729980,17.010000,-477.450989,2179.150879,0.031000,-0.003601,0.003132,0.753880,0.656994,-0.000210,0.000110,-2.043310
267,True,True,-1.000000,1.000000,-1433.880005,-317.470001,17.010000,-441.330994,2191.480957,0.031000,-0.003574,0.003164,0.748261,0.663387,-0.000210,0.000110,-2.042810
268,True,True,-1.000000,1.000000,-1437.250000,-299.109985,17.010000,-404.931000,2203.200928,0.031000,-0.003547,0.003196,0.742588,0.669731,-0.000210,0.000000,-2.042310
269,True,True,-1.000000,1.000000,-1440.319946,-280.660004,17.010000,-368.260986,2214.311035,0.031000,-0.003520,0.003229,0.736861,0.676027,-0.000210,0.000000,-2.041810
270,True,True,-1.000000,1.000000,-1443.079956,-262.119995,17.010000,-331.341003,2224.801025,0.031000,-0.003493,0.003261,0.731086,0.682269,-0.000110,0.000000,-2.041210
271,True,True,-1.000000,1.000000,-1445.529907,-243.500000,17.010000,-294.181000,2234.660889,0.031000,-0.003466,0.003294,0.725256,0.688462,-0.000110,0.000000,-2.040610
272,True,True,-1.000000,1.000000,-1447.669922,-224.799988,17.010000,-256.781006,2243.900879,0.031000,-0.003439,0.003320,0.719379,0.694602,0.000000,0.000000,-2.040010
273,True,True,-1.000000,1.000000,-1449.500000,-206.029999,17.010000,-219.160995,2252.500977,0.031000,-0.003412,0.003347,0.713453,0.700687,0.000000,0.000000,-2.039410
274,True,True,-1.000000,1.000000,-1451.010010,-187.190002,17.010000,-181.341003,2260.460938,0.031000,-0.003385,0.003374,0.707473,0.706724,0.000000,0.000000,-2.038710
275,True,True,-1.000000,1.000000,-1452.199951,-168.289993,17.010000,-143.320999,2267.781006,0.031000,-0.003358,0.003401,0.701448,0.712705,0.000000,0.000000,-2.038010
276,True,True,-1.000000,1.000000,-1453.079956,-149.339996,17.010000,-105.111000,2274.450928,0.031000,-0.003331,0.003428,0.695373,0.718633,0.000000,0.000000,-2.037310
277,True,True,-1.000000,1.000000,-1453.640015,-130.339996,17.010000,-66.730995,2280.470947,0.031000,-0.003304,0.003455,0.689250,0.724508,0.000000,0.000000,-2.036610
278,True,True,-1.000000,1.000000,-1453.869995,-111.290001,17.010000,-28.181000,2285.840820,0.031000,-0.003272,0.003482,0.683078,0.730330,0.000000,0.000110,-2.035810
279,True,True,-1.000000,1.000000,-1453.779907,-92.199997,17.010000,10.511001,2290.551025,0.031000,-0.003240,0.003509,0.676863,0.736093,0.000000,0.000110,-2.035010
280,True,True,-1.000000,1.000000,-1453.369995,-73.080002,17.010000,49.341000,2294.600830,0.031000,-0.003207,0.003536,0.670600,0.741804,0.000000,0.000110,-2.034210
281,True,True,-1.000000,1.000000,-1452.630005,-53.930000,17.010000,88.300995,2297.990967,0.031000,-0.003175,0.003563,0.664293,0.747457,0.000000,0.000110,-2.033410
282,True,True,-1.000000,1.000000,-1451.569946,-34.759998,17.010000,127.140999,2296.480957,0.031000,-0.003142,0.003590,0.657938,0.753057,0.000000,0.000110,-2.032510
283,True,True,-1.000000,1.000000,-1450.179932,-15.610000,17.010000,165.941010,2294.000977,0.031000,-0.003110,0.003617,0.651540,0.758599,-0.000110,0.000110,-2.031810
284,True,True,-1.000000,1.000000,-1448.469971,3.520000,17.010000,204.701004,2290.870850,0.031000,-0.003078,0.003644,0.645099,0.764084,-0.000110,0.000110,-2.031210
285,True,True,-1.000000,1.000000,-1446.439941,22.619999,17.010000,243.410995,2287.080811,0.031000,-0.003045,0.003671,0.638609,0.769517,-0.000110,0.000110,-2.030710
286,True,True,-1.000000,1.000000,-1444.079956,41.680000,17.010000,282.050995,2282.630859,0.031000,-0.003013,0.003698,0.632076,0.774892,-0.000110,0.000000,-2.030210
287,True,True,-1.000000,1.000000,-1441.400024,60.699997,17.010000,320.621002,2277.541016,0.031000,-0.002981,0.003725,0.625499,0.780210,-0.000110,0.000000,-2.029810
288,True,True,-1.000000,1.000000,-1438.400024,79.669998,17.010000,359.091003,2271.791016,0.031000,-0.002948,0.003752,0.618880,0.785471,-0.000110,0.000000,-2.029510
289,True,True,-1.000000,1.000000,-1435.079956,98.589996,17.010000,397.460999,2265.390869,0.031000,-0.002916,0.003779,0.612217,0.790675,-0.000110,0.000000,-2.029210
290,True,True,-1.000000,1.000000,-1431.439941,117.449997,17.010000,435.721008,2258.350830,0.031000,-0.002884,0.003806,0.605512,0.795822,-0.000110,0.000000,-2.028910
291,True,True,-1.000000,1.000000,-1427.479980,136.239990,17.010000,473.850983,2250.650879,0.031000,-0.002851,0.003833,0.598763,0.800912,-0.000110,0.000000,-2.028710
292,True,True,-1.000000,1.000000,-1423.209961,154.959991,17.010000,511.841003,2242.321045,0.031000,-0.002819,0.003855,0.591971,0.805945,-0.000110,0.000000,-2.028510
293,True,True,-1.000000,1.000000,-1418.619995,173.610001,17.010000,549.680969,2233.340820,0.031000,-0.002786,0.003876,0.585141,0.810918,-0.000110,0.000000,-2.028310
294,True,True,-1.000000,1.000000,-1413.719971,192.179993,17.010000,587.360962,2223.730957,0.031000,-0.002754,0.003898,0.578268,0.815833,-0.000110,0.000000,-2.028110
295,True,True,-1.000000,1.000000,-1408.500000,210.659988,17.010000,624.870972,2213.480957,0.031000,-0.002722,0.003919,0.571352,0.820692,-0.000110,0.000000,-2.028010
296,True,True,-1.000000,1.000000,-1402.969971,229.049988,17.010000,662.210938,2202.600830,0.031000,-0.002689,0.003941,0.564398,0.825489,-0.000110,0.000000,-2.027910
297,True,True,-1.000000,1.000000,-1397.130005,247.349991,17.010000,699.350952,2191.090820,0.031000,-0.002657,0.003962,0.557401,0.830230,-0.000110,0.000000,-2.027810
298,True,True,-1.000000,1.000000,-1390.979980,265.540009,17.010000,736.290955,2178.960938,0.031000,-0.002625,0.003984,0.550366,0.834910,-0.000110,0.000000,-2.027710
299,True,True,-1.000000,1.000000,-1384.530029,283.630005,17.010000,773.020935,2166.200928,0.031000,-0.002592,0.004006,0.543293,0.839530,-0.000110,0.000000,-2.027610
300,True,True,-1.000000,1.000000,-1377.770020,301.609985,17.010000,809.520935,2152.821045,0.031000,-0.002560,0.004027,0.536183,0.844088,-0.000110,0.000000,-2.027510
301,True,True,-1.000000,1.000000,-1370.709961,319.470001,17.010000,845.790955,2138.830811,0.031000,-0.002527,0.004049,0.529035,0.848587,-0.000110,0.000000,-2.027410
302,True,True,-1.000000,1.000000,-1363.349976,337.209991,17.010000,881.820984,2124.230957,0.031000,-0.002495,0.004070,0.521849,0.853025,-0.000110,0.000000,-2.027310
303,True,True,-1.000000,1.000000,-1355.689941,354.820007,17.010000,917.590942,2109.031006,0.031000,-0.002463,0.004092,0.514625,0.857402,-0.000110,0.000000,-2.027210
304,True,True,-1.000000,1.000000,-1347.729980,372.299988,17.010000,953.100952,2093.220947,0.031000,-0.002430,0.004114,0.507364,0.861719,-0.000110,0.000000,-2.027210
305,True,True,-1.000000,1.000000,-1339.479980,389.639984,17.010000,988.330933,2076.821045,0.031000,-0.002398,0.004135,0.500064,0.865975,0.000000,0.000000,-2.027210
306,True,True,-1.000000,1.000000,-1330.939941,406.839996,17.010000,1023.280945,2059.821045,0.031000,-0.002360,0.004157,0.492733,0.870167,0.000000,0.000000,-2.027210
307,True,True,-1.000000,1.000000,-1322.109985,423.889984,17.010000,1057.940918,2042.240967,0.031000,-0.002322,0.004178,0.485364,0.874299,0.000000,0.000000,-2.027210
308,True,True,-1.000000,1.000000,-1312.989990,440.789978,17.010000,1092.290894,2024.070923,0.031000,-0.002285,0.004200,0.477962,0.878368,0.000000,0.000000,-2.027210
309,True,True,-1.000000,1.000000,-1303.589966,457.529999,17.010000,1126.330933,2005.330933,0.031000,-0.002247,0.004221,0.470528,0.882372,0.000000,0.000000,-2.027210
310,True,True,-1.000000,1.000000,-1293.900024,474.109985,17.010000,1160.050903,1986.010986,0.031000,-0.002209,0.004238,0.463056,0.886316,0.000000,0.000000,-2.027210
311,True,True,-1.000000,1.000000,-1283.929932,490.529999,17.010000,1193.440918,1966.130981,0.031000,-0.002171,0.004254,0.455552,0.890197,0.000000,0.000000,-2.027210
312,True,True,-1.000000,1.000000,-1273.689941,506.779999,17.010000,1226.490967,1945.690918,0.031000,-0.002134,0.004270,0.448015,0.894013,0.000000,0.000000,-2.027110
313,True,True,-1.000000,1.000000,-1263.179932,522.849976,17.010000,1259.190918,1924.690918,0.031000,-0.002096,0.004286,0.440446,0.897766,-0.000110,0.000000,-2.027110
314,True,True,-1.000000,1.000000,-1252.400024,538.739990,17.010000,1291.531006,1903.140991,0.031000,-0.002058,0.004302,0.432851,0.901453,-0.000110,0.000000,-2.027110
315,True,True,-1.000000,1.000000,-1241.349976,554.450012,17.010000,1323.490967,1881.050903,0.031000,-0.002020,0.004319,0.425222,0.905077,-0.000210,0.000000,-2.027010
316,True,True,-1.000000,1.000000,-1230.039917,569.969971,17.010000,1355.080933,1858.420898,0.031000,-0.001983,0.004335,0.417562,0.908636,-0.000210,0.000000,-2.027010
317,True,True,-1.000000,1.000000,-1218.459961,585.289978,17.010000,1386.281006,1835.260986,0.031000,-0.001945,0.004351,0.409874,0.912130,-0.000310,0.000000,-2.027010
318,True,True,-1.000000,1.000000,-1206.630005,600.419983,17.010000,1417.090942,1811.580933,0.031000,-0.001907,0.004367,0.402154,0.915560,-0.000310,0.000000,-2.027010
319,True,True,-1.000000,1.000000,-1194.539917,615.339966,17.010000,1447.490967,1787.380981,0.031000,-0.001869,0.004383,0.394407,0.918923,-0.000310,0.000000,-2.027010
320,True,True,-1.000000,1.000000,-1182.199951,630.059998,17.010000,1477.480957,1762.680908,0.031000,-0.001832,0.004399,0.386633,0.922221,-0.000310,0.000000,-2.026910
321,True,True,-1.000000,1.000000,-1169.619995,644.570007,17.010000,1507.040894,1737.470947,0.031000,-0.001794,0.004416,0.378832,0.925453,-0.000310,0.000000,-2.026910
322,True,True,-1.000000,1.000000,-1156.789917,658.859985,17.010000,1536.170898,1711.770996,0.031000,-0.001756,0.004432,0.371004,0.928619,-0.000310,0.000000,-2.026910
323,True,True,-1.000000,1.000000,-1143.719971,672.929993,17.010000,1564.860962,1685.580933,0.031000,-0.001718,0.004448,0.363149,0.931719,-0.000310,0.000000,-2.026910
324,True,True,-1.000000,1.000000,-1130.419922,686.779968,17.010000,1593.110962,1658.910889,0.031000,-0.001680,0.004464,0.355268,0.934753,-0.000310,0.000000,-2.026910
325,True,True,-1.000000,1.000000,-1116.890015,700.399963,17.010000,1620.901001,1631.760986,0.031000,-0.001643,0.004480,0.347359,0.937720,-0.000310,0.000000,-2.026910
326,True,True,-1.000000,1.000000,-1103.130005,713.789978,17.010000,1648.230957,1604.151001,0.031000,-0.001605,0.004497,0.339428,0.940620,-0.000310,0.000000,-2.026910
327,True,True,-1.000000,1.000000,-1089.140015,726.950012,17.010000,1675.090942,1576.080933,0.031000,-0.001567,0.004513,0.331471,0.943453,-0.000310,0.000000,-2.026910
328,True,True,-1.000000,1.000000,-1074.929932,739.869995,17.010000,1701.480957,1547.560913,0.031000,-0.001529,0.004524,0.323492,0.946219,-0.000310,0.000000,-2.026910
329,True,True,-1.000000,1.000000,-1060.510010,752.549988,17.010000,1727.380981,1518.600952,0.031000,-0.001492,0.004534,0.315492,0.948916,-0.000310,0.000000,-2.026910
330,True,True,-1.000000,1.000000,-1045.869995,764.979980,17.010000,1752.780884,1489.210938,0.031000,-0.001454,0.004545,0.307464,0.951548,-0.000310,0.000000,-2.026910
331,True,True,-1.000000,1.000000,-1031.030029,777.169983,17.010000,1777.680908,1459.390991,0.031000,-0.001416,0.004556,0.299415,0.954111,-0.000310,0.000000,-2.026910
332,True,True,-1.000000,1.000000,-1015.979980,789.099976,17.010000,1802.080933,1429.151001,0.031000,-0.001378,0.004567,0.291344,0.956606,-0.000310,0.000000,-2.026910
333,True,True,-1.000000,1.000000,-1000.729980,800.779968,17.010000,1825.960938,1398.510986,0.031000,-0.001341,0.004577,0.283258,0.959032,-0.000310,0.000000,-2.026910
334,True,True,-1.000000,1.000000,-985.289978,812.200012,17.010000,1849.320923,1367.470947,0.031000,-0.001303,0.004588,0.275149,0.961390,-0.000310,0.000000,-2.026910
335,True,True,-1.000000,1.000000,-969.659973,823.359985,17.010000,1872.160889,1336.040894,0.031000,-0.001265,0.004599,0.267019,0.963679,-0.000310,0.000000,-2.026910
336,True,True,-1.000000,1.000000,-953.839966,834.250000,17.010000,1894.460938,1304.220947,0.031000,-0.001227,0.004610,0.258873,0.965900,-0.000310,0.000000,-2.026910
337,True,True,-1.000000,1.000000,-937.839966,844.869995,17.010000,1916.220947,1272.040894,0.031000,-0.001190,0.004621,0.250705,0.968052,-0.000310,0.000000,-2.026910
338,True,True,-1.000000,1.000000,-921.659973,855.219971,17.010000,1937.430908,1239.490967,0.031000,-0.001152,0.004631,0.242521,0.970134,-0.000310,0.000000,-2.026910
339,True,True,-1.000000,1.000000,-905.309998,865.289978,17.010000,1958.090942,1206.590942,0.031000,-0.001114,0.004642,0.234321,0.972148,-0.000210,0.000000,-2.026910
340,True,True,-1.000000,1.000000,-888.789978,875.089966,17.010000,1978.190918,1173.350952,0.031000,-0.001076,0.004653,0.226105,0.974091,-0.000210,0.000000,-2.026910
341,True,True,-1.000000,1.000000,-872.109985,884.609985,17.010000,1997.720947,1139.770996,0.031000,-0.001038,0.004664,0.217872,0.975966,-0.000110,0.000000,-2.026910
342,True,True,-1.000000,1.000000,-855.269958,893.839966,17.010000,2016.690918,1105.870972,0.031000,-0.001001,0.004675,0.209624,0.977770,-0.000110,0.000000,-2.026910
343,True,True,-1.000000,1.000000,-838.279968,902.789978,17.010000,2035.080933,1071.651001,0.031000,-0.000963,0.004685,0.201359,0.979506,0.000000,0.000000,-2.026910
344,True,True,-1.000000,1.000000,-821.139954,911.449951,17.010000,2052.890869,1037.130981,0.031000,-0.000925,0.004691,0.193078,0.981172,0.000000,0.000000,-2.026910
345,True,True,-1.000000,1.000000,-803.849976,919.820007,17.010000,2070.110840,1002.310974,0.031000,-0.000887,0.004696,0.184786,0.982767,0.000000,0.000000,-2.026910
346,True,True,-1.000000,1.000000,-786.429993,927.899963,17.010000,2086.740967,967.200928,0.031000,-0.000850,0.004702,0.176478,0.984293,0.000000,0.000000,-2.026910
347,True,True,-1.000000,1.000000,-768.869995,935.679993,17.010000,2102.781006,931.820984,0.031000,-0.000812,0.004707,0.168159,0.985748,0.000000,0.000000,-2.026910
348,True,True,-1.000000,1.000000,-751.179993,943.159973,17.010000,2118.220947,896.170959,0.031000,-0.000774,0.004712,0.159830,0.987133,0.000000,0.000000,-2.026910
349,True,True,-1.000000,1.000000,-733.369995,950.339966,17.010000,2133.051025,860.270935,0.031000,-0.000736,0.004718,0.151489,0.988447,0.000000,0.000110,-2.026910
350,True,True,-1.000000,1.000000,-715.440002,957.219971,17.010000,2147.281006,824.120972,0.031000,-0.000699,0.004723,0.143138,0.989691,0.000000,0.000110,-2.026910
351,True,True,-1.000000,1.000000,-697.399963,963.799988,17.010000,2160.890869,787.740967,0.031000,-0.000655,0.004729,0.134776,0.990865,0.000110,0.000110,-2.026910
352,True,True,-1.000000,1.000000,-679.250000,970.070007,17.010000,2173.880859,751.130981,0.031000,-0.000612,0.004734,0.126403,0.991968,0.000110,0.000110,-2.026910
353,True,True,-1.000000,1.000000,-661.000000,976.029968,17.010000,2186.260986,714.310974,0.031000,-0.000569,0.004739,0.118020,0.993000,0.000110,0.000110,-2.026910
354,True,True,-1.000000,1.000000,-642.649963,981.690002,17.010000,2198.010986,677.280945,0.031000,-0.000526,0.004745,0.109631,0.993961,0.000000,0.000110,-2.026910
355,True,True,-1.000000,1.000000,-624.200012,987.029968,17.010000,2209.140869,640.060974,0.031000,-0.000488,0.004750,0.101231,0.994851,0.000000,0.000110,-2.026910
356,True,True,-1.000000,1.000000,-605.669983,992.059998,17.010000,2219.630859,602.660950,0.031000,-0.000450,0.004756,0.092826,0.995671,0.000000,0.000110,-2.026910
357,True,True,-1.000000,1.000000,-587.049988,996.779968,17.010000,2229.500977,565.090942,0.031000,-0.000413,0.004761,0.084415,0.996419,0.000000,0.000110,-2.026910
358,True,True,-1.000000,1.000000,-568.359985,1001.179993,17.010000,2238.720947,527.350952,0.031000,-0.000370,0.004766,0.075999,0.997096,0.000000,0.000110,-2.026910
359,True,True,-1.000000,1.000000,-549.599976,1005.269958,17.010000,2247.311035,489.471008,0.031000,-0.000326,0.004772,0.067578,0.997703,0.000000,0.000110,-2.026910
360,True,True,-1.000000,1.000000,-530.769958,1009.039978,17.010000,2255.250977,451.450989,0.031000,-0.000283,0.004777,0.059152,0.998238,0.000000,0.000000,-2.026910
361,True,True,-1.000000,1.000000,-511.879974,1012.489990,17.010000,2262.561035,413.300995,0.031000,-0.000245,0.004777,0.050719,0.998702,0.000000,0.000000,-2.026910
362,True,True,-1.000000,1.000000,-492.929993,1015.619995,17.010000,2269.210938,375.031006,0.031000,-0.000202,0.004777,0.042282,0.999094,0.000000,0.000000,-2.026910
363,True,True,-1.000000,1.000000,-473.929993,1018.429993,17.010000,2275.220947,336.651001,0.031000,-0.000165,0.004777,0.033844,0.999416,0.000000,0.000000,-2.026910
364,True,True,-1.000000,1.000000,-454.889984,1020.919983,17.010000,2280.580811,298.181000,0.031000,-0.000121,0.004777,0.025401,0.999666,0.000000,0.000000,-2.026910
365,True,True,-1.000000,1.000000,-435.809998,1023.089966,17.010000,2285.291016,259.621002,0.031000,-0.000084,0.004777,0.016959,0.999845,0.000000,0.000000,-2.026910
366,True,True,-1.000000,1.000000,-416.690002,1024.939941,17.010000,2289.350830,220.981003,0.031000,-0.000046,0.004777,0.008516,0.999952,0.000000,0.000000,-2.026910
367,True,True,-1.000000,1.000000,-397.549988,1026.459961,17.010000,2292.760986,182.281006,0.031000,-0.000003,0.004777,0.000073,0.999989,0.000000,0.000000,-2.026910
368,True,True,-1.000000,1.000000,-378.380005,1027.660034,17.010000,2295.510986,143.531006,0.031000,0.000040,0.004777,-0.008370,0.999954,0.000000,0.000000,-2.026910
369,True,True,-1.000000,1.000000,-359.199982,1028.530029,17.010000,2297.610840,104.740997,0.031000,0.000078,0.004777,-0.016813,0.999847,0.000000,0.000000,-2.026910
370,True,True,-1.000000,1.000000,-340.000000,1029.079956,17.010000,2299.051025,65.920998,0.031000,0.000121,0.004777,-0.025256,0.999670,0.000000,0.000000,-2.026910
371,True,True,-1.000000,1.000000,-320.799988,1029.309937,17.010000,2299.840820,27.091000,0.031000,0.000159,0.004777,-0.033699,0.999421,0.000000,0.000000,-2.026910
372,True,True,-1.000000,1.000000,-301.600006,1029.209961,17.010000,2299.970947,-11.751000,0.031000,0.000197,0.004777,-0.042136,0.999100,0.000000,0.000000,-2.026910
373,True,True,-1.000000,1.000000,-282.399994,1028.789917,17.010000,2299.440918,-50.580997,0.031000,0.000240,0.004777,-0.050574,0.998709,0.000000,0.000000,-2.026910
374,True,True,-1.000000,1.000000,-263.209991,1028.039917,17.010000,2298.260986,-89.401001,0.031000,0.000278,0.004777,-0.059006,0.998246,0.000000,0.000000,-2.026910
375,True,True,-1.000000,1.000000,-244.039993,1026.969971,17.010000,2296.420898,-128.201004,0.031000,0.000321,0.004777,-0.067433,0.997712,0.000000,0.000000,-2.026910
376,True,True,-1.000000,1.000000,-224.889999,1025.579956,17.010000,2293.930908,-166.960999,0.031000,0.000359,0.004772,-0.075854,0.997108,0.000000,0.000000,-2.026910
377,True,True,-1.000000,1.000000,-205.759995,1023.859985,17.010000,2290.781006,-205.671005,0.031000,0.000402,0.004766,-0.084270,0.996432,0.000000,0.000000,-2.026910
378,True,True,-1.000000,1.000000,-186.659988,1021.820007,17.010000,2286.980957,-244.320999,0.031000,0.000440,0.004761,-0.092680,0.995684,0.000000,0.000000,-2.026910
379,True,True,-1.000000,1.000000,-167.599991,1019.459961,17.010000,2282.531006,-282.911011,0.031000,0.000477,0.004756,-0.101085,0.994866,0.000000,0.000000,-2.026910
380,True,True,-1.000000,1.000000,-148.580002,1016.779968,17.010000,2277.430908,-321.420990,0.031000,0.000515,0.004750,-0.109485,0.993977,0.000000,0.000000,-2.026910
381,True,True,-1.000000,1.000000,-129.610001,1013.779968,17.010000,2271.670898,-359.830994,0.031000,0.000553,0.004745,-0.117874,0.993017,0.000000,0.000000,-2.026910
382,True,True,-1.000000,1.000000,-110.699997,1010.459961,17.010000,2265.270996,-398.140991,0.031000,0.000596,0.004739,-0.126258,0.991986,0.000110,0.000000,-2.026910
383,True,True,-1.000000,1.000000,-91.839996,1006.820007,17.010000,2258.220947,-436.341003,0.031000,0.000639,0.004734,-0.134630,0.990884,0.000110,0.000000,-2.026910
384,True,True,-1.000000,1.000000,-73.049995,1002.859985,17.010000,2250.531006,-474.420990,0.031000,0.000682,0.004729,-0.142992,0.989712,0.000110,0.000000,-2.026910
385,True,True,-1.000000,1.000000,-54.329998,998.579956,17.010000,2242.200928,-512.360962,0.031000,0.000720,0.004723,-0.151344,0.988470,0.000000,0.000000,-2.026910
386,True,True,-1.000000,1.000000,-35.680000,993.989990,17.010000,2233.230957,-550.150940,0.031000,0.000758,0.004718,-0.159684,0.987157,0.000000,0.000000,-2.026910
387,True,True,-1.000000,1.000000,-17.109999,989.079956,17.010000,2223.620850,-587.790955,0.031000,0.000796,0.004712,-0.168013,0.985773,0.000000,0.000000,-2.026910
388,True,True,-1.000000,1.000000,1.370000,983.859985,17.010000,2213.370850,-625.260986,0.031000,0.000833,0.004707,-0.176332,0.984319,0.000000,0.000000,-2.026910
389,True,True,-1.000000,1.000000,19.760000,978.329956,17.010000,2202.500977,-662.550964,0.031000,0.000871,0.004702,-0.184640,0.982795,0.000000,0.000000,-2.026910
390,True,True,-1.000000,1.000000,38.049999,972.489990,17.010000,2190.990967,-699.650940,0.031000,0.000909,0.004696,-0.192932,0.981200,0.000110,0.000000,-2.026910
391,True,True,-1.000000,1.000000,56.239998,966.339966,17.010000,2178.870850,-736.550964,0.031000,0.000952,0.004691,-0.201213,0.979536,0.000110,0.000000,-2.026910
392,True,True,-1.000000,1.000000,74.330002,959.880005,17.010000,2166.120850,-773.240967,0.031000,0.000990,0.004680,-0.209478,0.977802,0.000110,0.000000,-2.026910
393,True,True,-1.000000,1.000000,92.309998,953.119995,17.010000,2152.750977,-809.720947,0.031000,0.001028,0.004669,-0.217727,0.975998,0.000110,0.000000,-2.026910
394,True,True,-1.000000,1.000000,110.169998,946.059998,17.010000,2138.770996,-845.960938,0.031000,0.001065,0.004658,-0.225959,0.974125,0.000110,0.000000,-2.026910
395,True,True,-1.000000,1.000000,127.909996,938.699951,17.010000,2124.170898,-881.960938,0.031000,0.001103,0.004648,-0.234176,0.972183,0.000210,0.000000,-2.026910
396,True,True,-1.000000,1.000000,145.520004,931.039978,17.010000,2108.980957,-917.710938,0.031000,0.001141,0.004637,-0.242376,0.970171,0.000210,0.000000,-2.026910
397,True,True,-1.000000,1.000000,163.000000,923.079956,17.010000,2093.180908,-953.190979,0.031000,0.001179,0.004626,-0.250560,0.968089,0.000310,0.000000,-2.026910
398,True,True,-1.000000,1.000000,180.339996,914.829956,17.010000,2076.781006,-988.400940,0.031000,0.001222,0.004615,-0.258727,0.965939,0.000310,0.000000,-2.026910
399,True,True,-1.000000,1.000000,197.539993,906.289978,17.010000,2059.791016,-1023.340942,0.031000,0.001260,0.004604,-0.266874,0.963720,0.000310,0.000000,-2.026910
400,True,True,-1.000000,1.000000,214.589996,897.459961,17.010000,2042.220947,-1057.980957,0.031000,0.001297,0.004594,-0.275003,0.961431,0.000310,0.000000,-2.026910
401,True,True,-1.000000,1.000000,231.489990,888.339966,17.010000,2024.060913,-1092.320923,0.031000,0.001335,0.004583,-0.283112,0.959075,0.000310,0.000000,-2.026910
402,True,True,-1.000000,1.000000,248.229996,878.940002,17.010000,2005.320923,-1126.350952,0.031000,0.001373,0.004572,-0.291204,0.956649,0.000310,0.000000,-2.026910
403,True,True,-1.000000,1.000000,264.809998,869.250000,17.010000,1986.010986,-1160.060913,0.031000,0.001411,0.004561,-0.299275,0.954155,0.000310,0.000000,-2.026910
404,True,True,-1.000000,1.000000,281.229980,859.289978,17.010000,1966.130981,-1193.440918,0.031000,0.001449,0.004551,-0.307324,0.951593,0.000310,0.000000,-2.026910
405,True,True,-1.000000,1.000000,297.479980,849.049988,17.010000,1945.690918,-1226.480957,0.031000,0.001486,0.004540,-0.315351,0.948963,0.000310,0.000000,-2.026910
406,True,True,-1.000000,1.000000,313.549988,838.539978,17.010000,1924.700928,-1259.170898,0.031000,0.001524,0.004529,-0.323352,0.946267,0.000310,0.000000,-2.026910
407,True,True,-1.000000,1.000000,329.440002,827.760010,17.010000,1903.160889,-1291.500977,0.031000,0.001562,0.004518,-0.331331,0.943503,0.000310,0.000000,-2.026910
408,True,True,-1.000000,1.000000,345.149994,816.709961,17.010000,1881.070923,-1323.460938,0.031000,0.001600,0.004507,-0.339288,0.940670,0.000310,-0.000110,-2.026910
409,True,True,-1.000000,1.000000,360.669983,805.399963,17.010000,1858.450928,-1355.040894,0.031000,0.001637,0.004491,-0.347219,0.937772,0.000310,-0.000210,-2.026910
410,True,True,-1.000000,1.000000,375.989990,793.829956,17.010000,1835.300903,-1386.240967,0.031000,0.001675,0.004475,-0.355127,0.934806,0.000310,-0.000210,-2.026910
411,True,True,-1.000000,1.000000,391.119995,782.000000,17.010000,1811.620972,-1417.040894,0.031000,0.001713,0.004459,-0.363009,0.931773,0.000310,-0.000210,-2.026910
412,True,True,-1.000000,1.000000,406.039978,769.909973,17.010000,1787.430908,-1447.440918,0.031000,0.001751,0.004443,-0.370864,0.928675,0.000310,-0.000210,-2.026910
413,True,True,-1.000000,1.000000,420.759979,757.570007,17.010000,1762.730957,-1477.420898,0.031000,0.001788,0.004426,-0.378692,0.925510,0.000310,-0.000210,-2.026910
414,True,True,-1.000000,1.000000,435.269989,744.989990,17.010000,1737.520996,-1506.980957,0.031000,0.001826,0.004410,-0.386493,0.922280,0.000310,-0.000110,-2.026910
415,True,True,-1.000000,1.000000,449.559998,732.159973,17.010000,1711.820923,-1536.110962,0.031000,0.001864,0.004394,-0.394267,0.918984,0.000310,-0.000110,-2.026910
416,True,True,-1.000000,1.000000,463.630005,719.089966,17.010000,1685.630981,-1564.800903,0.031000,0.001902,0.004378,-0.402014,0.915621,0.000310,-0.000110,-2.026910
417,True,True,-1.000000,1.000000,477.479980,705.789978,17.010000,1658.970947,-1593.050903,0.031000,0.001939,0.004362,-0.409734,0.912193,0.000310,-0.000110,-2.026910
418,True,True,-1.000000,1.000000,491.109985,692.260010,17.010000,1631.820923,-1620.840942,0.031000,0.001977,0.004346,-0.417421,0.908701,0.000310,-0.000110,-2.026910
419,True,True,-1.000000,1.000000,504.500000,678.500000,17.010000,1604.210938,-1648.170898,0.031000,0.002015,0.004329,-0.425082,0.905142,0.000310,-0.000110,-2.026910
420,True,True,-1.000000,1.000000,517.659973,664.510010,17.010000,1576.151001,-1675.030884,0.031000,0.002053,0.004313,-0.432710,0.901520,0.000310,-0.000110,-2.026910
421,True,True,-1.000000,1.000000,530.580017,650.299988,17.010000,1547.630981,-1701.410889,0.031000,0.002090,0.004297,-0.440306,0.897835,0.000310,-0.000110,-2.026910
422,True,True,-1.000000,1.000000,543.260010,635.880005,17.010000,1518.680908,-1727.310913,0.031000,0.002128,0.004281,-0.447875,0.894083,0.000310,-0.000110,-2.026910
423,True,True,-1.000000,1.000000,555.700012,621.250000,17.010000,1489.290894,-1752.710938,0.031000,0.002166,0.004265,-0.455412,0.890268,0.000210,-0.000110,-2.026910
424,True,True,-1.000000,1.000000,567.890015,606.409973,17.010000,1459.470947,-1777.610962,0.031000,0.002204,0.004248,-0.462916,0.886389,0.000210,-0.000110,-2.026910
425,True,True,-1.000000,1.000000,579.820007,591.359985,17.010000,1429.240967,-1802.010986,0.031000,0.002242,0.004227,-0.470388,0.882447,0.000110,-0.000110,-2.026910
426,True,True,-1.000000,1.000000,591.500000,576.109985,17.010000,1398.600952,-1825.900879,0.031000,0.002279,0.004205,-0.477822,0.878444,0.000110,-0.000110,-2.026910
427,True,True,-1.000000,1.000000,602.919983,560.669983,17.010000,1367.560913,-1849.260986,0.031000,0.002317,0.004184,-0.485223,0.874377,0.000110,-0.000110,-2.026910
428,True,True,-1.000000,1.000000,614.079956,545.039978,17.010000,1336.130981,-1872.090942,0.031000,0.002355,0.004162,-0.492593,0.870247,0.000000,0.000000,-2.026910
429,True,True,-1.000000,1.000000,624.969971,529.219971,17.010000,1304.320923,-1894.390991,0.031000,0.002393,0.004141,-0.499924,0.866056,0.000000,0.000000,-2.026910
430,True,True,-1.000000,1.000000,635.589966,513.219971,17.010000,1272.140991,-1916.150879,0.031000,0.002425,0.004119,-0.507218,0.861805,0.000000,0.000000,-2.026910
431,True,True,-1.000000,1.000000,645.940002,497.039978,17.010000,1239.590942,-1937.360962,0.031000,0.002457,0.004097,-0.514479,0.857489,0.000000,0.000000,-2.026910
432,True,True,-1.000000,1.000000,656.019958,480.690002,17.010000,1206.690918,-1958.030884,0.031000,0.002490,0.004076,-0.521703,0.853114,0.000000,0.000000,-2.026910
433,True,True,-1.000000,1.000000,665.820007,464.169983,17.010000,1173.440918,-1978.130981,0.031000,0.002522,0.004054,-0.528889,0.848678,0.000000,0.000000,-2.026910
434,True,True,-1.000000,1.000000,675.339966,447.489990,17.010000,1139.860962,-1997.670898,0.031000,0.002554,0.004033,-0.536037,0.844181,0.000000,0.000000,-2.026910
435,True,True,-1.000000,1.000000,684.570007,430.649994,17.010000,1105.960938,-2016.640991,0.031000,0.002587,0.004011,-0.543148,0.839624,0.000110,0.000000,-2.026910
436,True,True,-1.000000,1.000000,693.519958,413.660004,17.010000,1071.740967,-2035.030884,0.031000,0.002619,0.003989,-0.550220,0.835006,0.000110,0.000000,-2.026910
437,True,True,-1.000000,1.000000,702.179993,396.519989,17.010000,1037.210938,-2052.840820,0.031000,0.002652,0.003968,-0.557255,0.830328,0.000110,0.000000,-2.026910
438,True,True,-1.000000,1.000000,710.549988,379.239990,17.010000,1002.390930,-2070.071045,0.031000,0.002684,0.003946,-0.564247,0.825593,0.000210,0.000000,-2.026910
439,True,True,-1.000000,1.000000,718.630005,361.819977,17.010000,967.280945,-2086.710938,0.031000,0.002716,0.003925,-0.571201,0.820797,0.000210,0.000000,-2.026910
440,True,True,-1.000000,1.000000,726.409973,344.259979,17.010000,931.890930,-2102.750977,0.031000,0.002749,0.003903,-0.578111,0.815944,0.000210,0.000000,-2.026910
441,True,True,-1.000000,1.000000,733.889954,326.570007,17.010000,896.240967,-2118.190918,0.031000,0.002781,0.003882,-0.584979,0.811034,0.000210,0.000000,-2.026910
442,True,True,-1.000000,1.000000,741.070007,308.759979,17.010000,860.340942,-2133.020996,0.031000,0.002813,0.003860,-0.591809,0.806064,0.000210,-0.000110,-2.026910
443,True,True,-1.000000,1.000000,747.950012,290.829987,17.010000,824.190979,-2147.250977,0.031000,0.002846,0.003838,-0.598595,0.801037,0.000210,-0.000110,-2.026910
444,True,True,-1.000000,1.000000,754.529968,272.790009,17.010000,787.800964,-2160.860840,0.031000,0.002878,0.003817,-0.605339,0.795953,0.000210,-0.000210,-2.026910
445,True,True,-1.000000,1.000000,760.799988,254.639999,17.010000,751.190979,-2173.860840,0.031000,0.002910,0.003790,-0.612039,0.790813,0.000210,-0.000210,-2.026910
446,True,True,-1.000000,1.000000,766.760010,236.389999,17.010000,714.370972,-2186.240967,0.031000,0.002943,0.003763,-0.618697,0.785616,0.000210,-0.000210,-2.026910
447,True,True,-1.000000,1.000000,772.419983,218.039993,17.010000,677.340942,-2197.990967,0.031000,0.002975,0.003736,-0.625311,0.780361,0.000210,-0.000210,-2.026910
448,True,True,-1.000000,1.000000,777.760010,199.589996,17.010000,640.120972,-2209.120850,0.031000,0.003008,0.003709,-0.631876,0.775055,0.000210,-0.000210,-2.026910
449,True,True,-1.000000,1.000000,782.789978,181.059998,17.010000,602.720947,-2219.620850,0.031000,0.003040,0.003682,-0.638398,0.769691,0.000210,-0.000210,-2.026910
450,True,True,-1.000000,1.000000,787.510010,162.440002,17.010000,565.140991,-2229.480957,0.031000,0.003072,0.003655,-0.644878,0.764271,0.000210,-0.000210,-2.026910
451,True,True,-1.000000,1.000000,791.909973,143.750000,17.010000,527.400940,-2238.710938,0.031000,0.003105,0.003628,-0.651308,0.758798,0.000210,-0.000110,-2.026910
452,True,True,-1.000000,1.000000,796.000000,124.989998,17.010000,489.510986,-2247.301025,0.031000,0.003137,0.003601,-0.657696,0.753269,0.000210,-0.000110,-2.026910
453,True,True,-1.000000,1.000000,799.769958,106.159996,17.010000,451.480988,-2255.250977,0.031000,0.003169,0.003574,-0.664035,0.747687,0.000210,-0.000110,-2.026910
454,True,True,-1.000000,1.000000,803.219971,87.269997,17.010000,413.320984,-2262.551025,0.031000,0.003202,0.003547,-0.670325,0.742052,0.000110,0.000000,-2.026910
455,True,True,-1.000000,1.000000,806.349976,68.320000,17.010000,375.050995,-2269.210938,0.031000,0.003234,0.003520,-0.676567,0.736366,0.000110,0.000000,-2.026910
456,True,True,-1.000000,1.000000,809.159973,49.320000,17.010000,336.670990,-2275.220947,0.031000,0.003267,0.003493,-0.682760,0.730627,0.000110,0.000000,-2.026910
457,True,True,-1.000000,1.000000,811.649963,30.279999,17.010000,298.191010,-2280.580811,0.031000,0.003294,0.003466,-0.688905,0.724836,0.000000,0.000000,-2.026910
458,True,True,-1.000000,1.000000,813.820007,11.200000,17.010000,259.631012,-2285.291016,0.031000,0.003320,0.003439,-0.695001,0.718993,0.000000,0.000000,-2.026910
459,True,True,-1.000000,1.000000,815.669983,-7.920000,17.010000,221.001007,-2289.350830,0.031000,0.003347,0.003412,-0.701048,0.713098,0.000000,0.000000,-2.026910
460,True,True,-1.000000,1.000000,817.190002,-27.059999,17.010000,182.301010,-2292.760986,0.031000,0.003374,0.003385,-0.707047,0.707150,0.000000,0.000000,-2.026910
461,True,True,-1.000000,1.000000,818.389954,-46.230000,17.010000,143.551010,-2295.510986,0.031000,-0.003401,-0.003358,0.712997,-0.701151,0.000000,0.000000,-2.026910
462,True,True,-1.000000,1.000000,819.260010,-65.409996,17.010000,104.760994,-2297.610840,0.031000,-0.003428,-0.003331,0.718894,-0.695103,0.000000,0.000000,-2.026910
463,True,True,-1.000000,1.000000,819.809998,-84.610001,17.010000,65.931000,-2299.051025,0.031000,-0.003455,-0.003304,0.724739,-0.689007,0.000000,-0.000110,-2.026910
464,True,True,-1.000000,1.000000,820.039978,-103.809998,17.010000,27.091000,-2299.840820,0.031000,-0.003482,-0.003272,0.730531,-0.682862,0.000000,-0.000110,-2.026910
465,True,True,-1.000000,1.000000,819.940002,-123.009995,17.010000,-11.751000,-2299.960938,0.031000,-0.003509,-0.003240,0.736272,-0.676669,0.000000,-0.000110,-2.026910
466,True,True,-1.000000,1.000000,819.519958,-142.209991,17.010000,-50.591000,-2299.440918,0.031000,-0.003536,-0.003207,0.741960,-0.670428,0.000000,-0.000110,-2.026910
467,True,True,-1.000000,1.000000,818.769958,-161.399994,17.010000,-89.420998,-2298.260986,0.031000,-0.003563,-0.003175,0.747596,-0.664137,0.000000,-0.000110,-2.026910
468,True,True,-1.000000,1.000000,817.700012,-180.569992,17.010000,-128.221008,-2296.420898,0.031000,-0.003590,-0.003142,0.753179,-0.657798,0.000000,-0.000110,-2.026910
469,True,True,-1.000000,1.000000,816.309998,-199.720001,17.010000,-166.990997,-2293.920898,0.031000,-0.003617,-0.003110,0.758706,-0.651416,0.000110,-0.000110,-2.026910
470,True,True,-1.000000,1.000000,814.589966,-218.849991,17.010000,-205.710999,-2290.781006,0.031000,-0.003644,-0.003078,0.764180,-0.644985,0.000110,-0.000110,-2.026910
471,True,True,-1.000000,1.000000,812.549988,-237.949997,17.010000,-244.371002,-2286.980957,0.031000,-0.003671,-0.003045,0.769602,-0.638506,0.000110,-0.000110,-2.026910
472,True,True,-1.000000,1.000000,810.190002,-257.009979,17.010000,-282.960999,-2282.520996,0.031000,-0.003698,-0.003013,0.774967,-0.631984,0.000110,0.000000,-2.026910
473,True,True,-1.000000,1.000000,807.510010,-276.029999,17.010000,-321.471008,-2277.420898,0.031000,-0.003725,-0.002981,0.780275,-0.625418,0.000110,0.000000,-2.026910
474,True,True,-1.000000,1.000000,804.500000,-295.000000,17.010000,-359.890991,-2271.660889,0.031000,-0.003752,-0.002948,0.785531,-0.618804,0.000110,0.000000,-2.026910
475,True,True,-1.000000,1.000000,801.179993,-313.910004,17.010000,-398.210999,-2265.260986,0.031000,-0.003779,-0.002916,0.790730,-0.612147,0.000110,0.000000,-2.026910
476,True,True,-1.000000,1.000000,797.539978,-332.769989,17.010000,-436.411011,-2258.210938,0.031000,-0.003806,-0.002884,0.795871,-0.605447,0.000110,0.000000,-2.026910
477,True,True,-1.000000,1.000000,793.579956,-351.559998,17.010000,-474.490997,-2250.520996,0.031000,-0.003833,-0.002851,0.800957,-0.598703,0.000110,0.000000,-2.026910
478,True,True,-1.000000,1.000000,789.299988,-370.279999,17.010000,-512.430969,-2242.180908,0.031000,-0.003855,-0.002819,0.805985,-0.591917,0.000110,0.000000,-2.026910
479,True,True,-1.000000,1.000000,784.709961,-388.929993,17.010000,-550.230957,-2233.210938,0.031000,-0.003876,-0.002786,0.810957,-0.585087,0.000110,0.000000,-2.026910
480,True,True,-1.000000,1.000000,779.799988,-407.500000,17.010000,-587.870972,-2223.600830,0.031000,-0.003898,-0.002754,0.815868,-0.578219,0.000110,0.000000,-2.026910
481,True,True,-1.000000,1.000000,774.579956,-425.979980,17.010000,-625.340942,-2213.350830,0.031000,-0.003919,-0.002722,0.820722,-0.571308,0.000110,0.000000,-2.026910
482,True,True,-1.000000,1.000000,769.049988,-444.369995,17.010000,-662.640991,-2202.470947,0.031000,-0.003941,-0.002689,0.825519,-0.564355,0.000110,0.000000,-2.026910
483,True,True,-1.000000,1.000000,763.209961,-462.660004,17.010000,-699.750977,-2190.960938,0.031000,-0.003962,-0.002657,0.830255,-0.557363,0.000110,0.000000,-2.026910
484,True,True,-1.000000,1.000000,757.059998,-480.849976,17.010000,-736.660950,-2178.830811,0.031000,-0.003984,-0.002625,0.834931,-0.550333,0.000110,0.000000,-2.026910
485,True,True,-1.000000,1.000000,750.599976,-498.940002,17.010000,-773.360962,-2166.080811,0.031000,-0.004006,-0.002592,0.839550,-0.543261,0.000110,0.000000,-2.026910
486,True,True,-1.000000,1.000000,743.839966,-516.909973,17.010000,-809.840942,-2152.700928,0.031000,-0.004027,-0.002560,0.844109,-0.536150,0.000110,0.000000,-2.026910
487,True,True,-1.000000,1.000000,736.779968,-534.769958,17.010000,-846.090942,-2138.720947,0.031000,-0.004049,-0.002527,0.848607,-0.529002,0.000110,0.000000,-2.026910
488,True,True,-1.000000,1.000000,729.409973,-552.510010,17.010000,-882.090942,-2124.120850,0.031000,-0.004070,-0.002495,0.853045,-0.521816,0.000110,0.000000,-2.026910
489,True,True,-1.000000,1.000000,721.750000,-570.119995,17.010000,-917.840942,-2108.920898,0.031000,-0.004092,-0.002463,0.857421,-0.514593,0.000110,0.000000,-2.026910
490,True,True,-1.000000,1.000000,713.789978,-587.599976,17.010000,-953.330933,-2093.110840,0.031000,-0.004114,-0.002430,0.861738,-0.507331,0.000110,0.000000,-2.026910
491,True,True,-1.000000,1.000000,705.539978,-604.940002,17.010000,-988.550964,-2076.710938,0.031000,-0.004135,-0.002398,0.865991,-0.500038,0.000000,0.000000,-2.026910
492,True,True,-1.000000,1.000000,696.989990,-622.140015,17.010000,-1023.490967,-2059.720947,0.031000,-0.004157,-0.002360,0.870183,-0.492706,0.000000,0.000000,-2.026910
493,True,True,-1.000000,1.000000,688.149963,-639.190002,17.010000,-1058.130981,-2042.140991,0.031000,-0.004178,-0.002322,0.874314,-0.485337,0.000000,0.000000,-2.026910
494,True,True,-1.000000,1.000000,679.029968,-656.089966,17.010000,-1092.470947,-2023.970947,0.031000,-0.004200,-0.002285,0.878382,-0.477935,0.000000,0.000000,-2.026910
495,True,True,-1.000000,1.000000,669.619995,-672.829956,17.010000,-1126.510986,-2005.230957,0.031000,-0.004221,-0.002247,0.882387,-0.470501,0.000000,0.000000,-2.026910
496,True,True,-1.000000,1.000000,659.929993,-689.409973,17.010000,-1160.220947,-1985.920898,0.031000,-0.004238,-0.002209,0.886328,-0.463035,0.000000,0.000000,-2.026910
497,True,True,-1.000000,1.000000,649.959961,-705.829956,17.010000,-1193.590942,-1966.040894,0.031000,-0.004254,-0.002171,0.890207,-0.455530,0.000000,0.000000,-2.026910
498,True,True,-1.000000,1.000000,639.719971,-722.079956,17.010000,-1226.630981,-1945.600952,0.031000,-0.004270,-0.002134,0.894024,-0.447994,0.000000,0.000000,-2.026910
499,True,True,-1.000000,1.000000,629.200012,-738.149963,17.010000,-1259.320923,-1924.600952,0.031000,-0.004286,-0.002096,0.897777,-0.440425,0.000110,0.000000,-2.026910
