frame,input.bActivateBoost,input.bHoldingBoost,input.Throttle,input.Steer,input.bHandbrake,car.Location.X,car.Location.Y,car.Location.Z,car.LinearVelocity.X,car.LinearVelocity.Y,car.LinearVelocity.Z,car.Quaternion.X,car.Quaternion.Y,car.Quaternion.Z,car.Quaternion.W,car.AngularVelocity.X,car.AngularVelocity.Y,car.AngularVelocity.Z
0,False,False,0.000000,0.000000,False,3500.179932,0.000000,17.010000,0.000000,0.000000,0.251000,0.000003,0.004799,0.000003,0.999988,0.000000,-0.000310,0.000000
1,False,False,0.000000,0.000000,False,3500.179932,0.000000,17.010000,0.000000,0.000000,0.251000,0.000003,0.004799,0.000003,0.999988,0.000000,-0.000310,0.000000
2,False,False,0.000000,0.000000,False,3500.179932,0.000000,17.010000,0.000000,0.000000,0.251000,0.000003,0.004799,0.000003,0.999988,0.000000,-0.000310,0.000000
3,False,False,0.000000,0.000000,False,3500.179932,0.000000,17.010000,0.000000,0.000000,0.251000,0.000003,0.004799,0.000003,0.999988,0.000000,-0.000310,0.000000
4,False,False,1.000000,0.000000,False,3500.290039,0.000000,17.010000,13.331000,0.000000,0.251000,0.000003,0.004793,0.000003,0.999989,0.000000,-0.001010,0.000000
5,False,False,1.000000,0.000000,False,3500.510010,0.000000,17.010000,26.550999,0.000000,0.251000,0.000003,0.004788,0.000003,0.999989,0.000000,-0.001410,0.000000
6,False,False,1.000000,0.000000,False,3500.839844,0.000000,17.010000,39.650997,0.000000,0.251000,0.000003,0.004782,0.000003,0.999989,0.000000,-0.001610,0.000000
7,False,False,1.000000,0.000000,False,3501.280029,0.000000,17.010000,52.640999,0.000000,0.251000,0.000003,0.004777,0.000003,0.999989,0.000000,-0.001610,0.000000
8,False,False,1.000000,0.000000,False,3501.829834,0.000000,17.010000,65.520996,0.000000,0.251000,0.000003,0.004772,0.000003,0.999989,0.000000,-0.001610,0.000000
9,False,False,1.000000,0.000000,False,3502.479980,0.000000,17.010000,78.291000,0.000000,0.251000,0.000003,0.004766,0.000003,0.999989,0.000000,-0.001510,0.000000
10,False,False,1.000000,0.000000,False,3503.239990,0.000000,17.010000,90.950996,0.000000,0.251000,0.000003,0.004761,0.000003,0.999989,0.000000,-0.001410,0.000000
11,False,False,1.000000,0.000000,False,3504.099854,0.000000,17.010000,103.500999,0.000000,0.251000,0.000003,0.004756,0.000003,0.999989,0.000000,-0.001310,0.000000
12,False,False,1.000000,0.000000,False,3505.069824,0.000000,17.010000,115.940994,0.000000,0.251000,0.000003,0.004750,0.000003,0.999989,0.000000,-0.001210,0.000000
13,False,False,1.000000,0.000000,False,3506.139893,0.000000,17.010000,128.281006,0.000000,0.251000,0.000003,0.004745,0.000003,0.999989,0.000000,-0.001110,0.000000
14,False,False,1.000000,0.000000,False,3507.309814,0.000000,17.010000,140.511002,0.000000,0.251000,0.000003,0.004739,0.000003,0.999989,0.000000,-0.000910,0.000000
15,False,False,1.000000,0.000000,False,3508.579834,0.000000,17.010000,152.641006,0.000000,0.251000,0.000003,0.004734,0.000003,0.999989,0.000000,-0.000810,0.000000
16,False,False,1.000000,0.000000,False,3509.949951,0.000000,17.010000,164.661011,0.000000,0.251000,0.000003,0.004729,0.000003,0.999989,0.000000,-0.000610,0.000000
17,False,False,1.000000,0.000000,False,3511.419922,0.000000,17.010000,176.581009,0.000000,0.251000,0.000003,0.004729,0.000003,0.999989,0.000000,-0.000510,0.000000
18,False,False,1.000000,0.000000,False,3512.989990,0.000000,17.010000,188.401001,0.000000,0.251000,0.000003,0.004729,0.000003,0.999989,0.000000,-0.000410,0.000000
19,False,False,1.000000,0.000000,False,3514.659912,0.000000,17.010000,200.111008,0.000000,0.251000,0.000003,0.004729,0.000003,0.999989,0.000000,-0.000310,0.000000
20,False,False,1.000000,0.000000,False,3516.419922,0.000000,17.010000,211.721008,0.000000,0.251000,0.000003,0.004729,0.000003,0.999989,0.000000,-0.000310,0.000000
21,False,False,1.000000,0.000000,False,3518.280029,0.000000,17.010000,223.231003,0.000000,0.251000,0.000003,0.004729,0.000003,0.999989,0.000000,-0.000210,0.000000
22,False,False,1.000000,0.000000,False,3520.239990,0.000000,17.010000,234.651001,0.000000,0.251000,0.000003,0.004729,0.000003,0.999989,0.000000,-0.000210,0.000000
23,False,False,1.000000,0.000000,False,3522.290039,0.000000,17.010000,245.971008,0.000000,0.251000,0.000003,0.004729,0.000003,0.999989,0.000000,-0.000210,0.000000
24,False,False,1.000000,0.000000,False,3524.429932,0.000000,17.010000,257.191010,0.000000,0.251000,0.000003,0.004729,0.000003,0.999989,0.000000,-0.000210,0.000000
25,False,False,1.000000,0.000000,False,3526.669922,0.000000,17.010000,268.321014,0.000000,0.251000,0.000003,0.004729,0.000003,0.999989,0.000000,-0.000210,0.000000
26,False,False,1.000000,0.000000,False,3529.000000,0.000000,17.010000,279.351013,0.000000,0.251000,0.000003,0.004729,0.000003,0.999989,0.000000,-0.000210,0.000000
27,False,False,1.000000,0.000000,False,3531.419922,0.000000,17.010000,290.291016,0.000000,0.251000,0.000003,0.004729,0.000003,0.999989,0.000000,-0.000210,0.000000
28,False,False,1.000000,0.000000,False,3533.929932,0.000000,17.010000,301.131012,0.000000,0.251000,0.000003,0.004729,0.000003,0.999989,0.000000,-0.000210,0.000000
29,False,False,1.000000,0.000000,False,3536.530029,0.000000,17.010000,311.881012,0.000000,0.251000,0.000003,0.004729,0.000003,0.999989,0.000000,-0.000110,0.000000
30,False,False,1.000000,0.000000,False,3539.219971,0.000000,17.010000,322.540985,0.000000,0.251000,0.000003,0.004729,0.000003,0.999989,0.000000,-0.000110,0.000000
31,False,False,1.000000,0.000000,False,3542.000000,0.000000,17.010000,333.101013,0.000000,0.251000,0.000003,0.004729,0.000003,0.999989,0.000000,-0.000110,0.000000
32,False,False,1.000000,0.000000,False,3544.859863,0.000000,17.010000,343.571014,0.000000,0.251000,0.000003,0.004729,0.000003,0.999989,0.000000,-0.000110,0.000000
33,False,False,1.000000,0.000000,False,3547.809814,0.000000,17.010000,353.950989,0.000000,0.251000,0.000003,0.004729,0.000003,0.999989,0.000000,-0.000110,0.000000
34,False,False,1.000000,0.000000,False,3550.849854,0.000000,17.010000,364.251007,0.000000,0.251000,0.000003,0.004729,0.000003,0.999989,0.000000,-0.000110,0.000000
35,False,False,1.000000,0.000000,False,3553.969971,0.000000,17.010000,374.460999,0.000000,0.251000,0.000003,0.004729,0.000003,0.999989,0.000000,-0.000110,0.000000
36,False,False,1.000000,0.000000,False,3557.169922,0.000000,17.010000,384.580994,0.000000,0.251000,0.000003,0.004729,0.000003,0.999989,0.000000,-0.000110,0.000000
37,False,False,1.000000,0.000000,False,3560.459961,0.000000,17.010000,394.610992,0.000000,0.251000,0.000003,0.004729,0.000003,0.999989,0.000000,0.000000,0.000000
38,False,False,1.000000,0.000000,False,3563.829834,0.000000,17.010000,404.561005,0.000000,0.251000,0.000003,0.004729,0.000003,0.999989,0.000000,0.000000,0.000000
39,False,False,1.000000,0.000000,False,3567.280029,0.000000,17.010000,414.420990,0.000000,0.251000,0.000003,0.004729,0.000003,0.999989,0.000000,0.000000,0.000000
40,False,False,1.000000,0.000000,False,3570.819824,0.000000,17.010000,424.200989,0.000000,0.251000,0.000003,0.004729,0.000003,0.999989,0.000000,0.000000,0.000000
41,False,False,1.000000,0.000000,False,3574.439941,0.000000,17.010000,433.890991,0.000000,0.251000,0.000003,0.004729,0.000003,0.999989,0.000000,0.000000,0.000000
42,False,False,1.000000,0.000000,False,3578.139893,0.000000,17.010000,443.501007,0.000000,0.251000,0.000003,0.004729,0.000003,0.999989,0.000000,0.000000,0.000000
43,False,False,1.000000,0.000000,False,3581.919922,0.000000,17.010000,453.031006,0.000000,0.251000,0.000003,0.004729,0.000003,0.999989,0.000000,0.000000,0.000000
44,False,False,1.000000,0.000000,False,3585.770020,0.000000,17.010000,462.480988,0.000000,0.251000,0.000003,0.004729,0.000003,0.999989,0.000000,0.000000,0.000000
45,False,False,1.000000,0.000000,False,3589.699951,0.000000,17.010000,471.850983,0.000000,0.251000,0.000003,0.004729,0.000003,0.999989,0.000000,0.000000,0.000000
46,False,False,1.000000,0.000000,False,3593.709961,0.000000,17.010000,481.140991,0.000000,0.251000,0.000003,0.004729,0.000003,0.999989,0.000000,0.000000,0.000000
47,False,False,1.000000,0.000000,False,3597.799805,0.000000,17.010000,490.350983,0.000000,0.251000,0.000003,0.004729,0.000003,0.999989,0.000000,0.000000,0.000000
48,False,False,1.000000,0.000000,False,3601.959961,0.000000,17.010000,499.480988,0.000000,0.251000,0.000003,0.004729,0.000003,0.999989,0.000000,0.000000,0.000000
49,False,False,1.000000,0.000000,False,3606.199951,0.000000,17.010000,508.531006,0.000000,0.251000,0.000003,0.004729,0.000003,0.999989,0.000000,0.000000,0.000000
50,False,False,1.000000,0.000000,False,3610.510010,0.000000,17.010000,517.500977,0.000000,0.251000,0.000003,0.004729,0.000003,0.999989,0.000000,0.000000,0.000000
51,False,False,1.000000,0.000000,False,3614.899902,0.000000,17.010000,526.390991,0.000000,0.251000,0.000003,0.004729,0.000003,0.999989,0.000000,0.000000,0.000000
52,False,False,1.000000,0.000000,False,3619.359863,0.000000,17.010000,535.210938,0.000000,0.251000,0.000003,0.004729,0.000003,0.999989,0.000000,0.000000,0.000000
53,False,False,1.000000,0.000000,False,3623.889893,0.000000,17.010000,543.950989,0.000000,0.251000,0.000003,0.004729,0.000003,0.999989,0.000000,0.000000,0.000000
54,False,False,1.000000,0.000000,False,3628.500000,0.000000,17.010000,552.620972,0.000000,0.251000,0.000003,0.004729,0.000003,0.999989,0.000000,0.000000,0.000000
55,False,False,1.000000,0.000000,False,3633.179932,0.000000,17.010000,561.210938,0.000000,0.251000,0.000003,0.004729,0.000003,0.999989,0.000000,0.000000,0.000000
56,False,False,1.000000,0.000000,False,3637.929932,0.000000,17.010000,569.730957,0.000000,0.251000,0.000003,0.004729,0.000003,0.999989,0.000000,0.000000,0.000000
57,False,False,1.000000,0.000000,False,3642.750000,0.000000,17.010000,578.180969,0.000000,0.251000,0.000003,0.004729,0.000003,0.999989,0.000000,0.000000,0.000000
58,False,False,1.000000,0.000000,False,3647.639893,0.000000,17.010000,586.550964,0.000000,0.251000,0.000003,0.004729,0.000003,0.999989,0.000000,0.000000,0.000000
59,False,False,1.000000,0.000000,False,3652.599854,0.000000,17.010000,594.850952,0.000000,0.251000,0.000003,0.004729,0.000003,0.999989,0.000000,0.000000,0.000000
60,False,False,1.000000,0.000000,False,3657.629883,0.000000,17.010000,603.080933,0.000000,0.251000,0.000003,0.004729,0.000003,0.999989,0.000000,0.000000,0.000000
61,False,False,1.000000,0.000000,False,3662.719971,0.000000,17.010000,611.240967,0.000000,0.251000,0.000003,0.004729,0.000003,0.999989,0.000000,0.000000,0.000000
62,False,False,1.000000,0.000000,False,3667.879883,0.000000,17.010000,619.330933,0.000000,0.251000,0.000003,0.004729,0.000003,0.999989,0.000000,0.000000,0.000000
63,False,False,1.000000,0.000000,False,3673.109863,0.000000,17.010000,627.350952,0.000000,0.251000,0.000003,0.004729,0.000003,0.999989,0.000000,0.000000,0.000000
64,False,False,1.000000,0.000000,False,3678.399902,0.000000,17.010000,635.300964,0.000000,0.251000,0.000003,0.004729,0.000003,0.999989,0.000000,0.000000,0.000000
65,False,False,1.000000,0.000000,False,3683.760010,0.000000,17.010000,643.180969,0.000000,0.251000,0.000003,0.004729,0.000003,0.999989,0.000000,0.000000,0.000000
66,False,False,1.000000,0.000000,False,3689.189941,0.000000,17.010000,651.000977,0.000000,0.251000,0.000003,0.004729,0.000003,0.999989,0.000000,0.000000,0.000000
67,False,False,1.000000,0.000000,False,3694.679932,0.000000,17.010000,658.750977,0.000000,0.251000,0.000003,0.004729,0.000003,0.999989,0.000000,0.000000,0.000000
68,False,False,1.000000,0.000000,False,3700.229980,0.000000,17.010000,666.430969,0.000000,0.251000,0.000003,0.004729,0.000003,0.999989,0.000000,0.000000,0.000000
69,False,False,1.000000,0.000000,False,3705.849854,0.000000,17.010000,674.050964,0.000000,0.251000,0.000003,0.004729,0.000003,0.999989,0.000000,0.000110,0.000000
70,False,False,1.000000,0.000000,False,3711.530029,0.000000,17.010000,681.600952,0.000000,0.251000,0.000003,0.004729,0.000003,0.999989,0.000000,0.000110,0.000000
71,False,False,1.000000,0.000000,False,3717.270020,0.000000,17.010000,689.090942,0.000000,0.251000,0.000003,0.004729,0.000003,0.999989,0.000000,0.000110,0.000000
72,False,False,1.000000,0.000000,False,3723.069824,0.000000,17.010000,696.510986,0.000000,0.251000,0.000003,0.004729,0.000003,0.999989,0.000000,0.000110,0.000000
73,False,False,1.000000,0.000000,False,3728.939941,0.000000,17.010000,703.870972,0.000000,0.251000,0.000003,0.004729,0.000003,0.999989,0.000000,0.000110,0.000000
74,False,False,1.000000,0.000000,False,3734.869873,0.000000,17.010000,711.170959,0.000000,0.251000,0.000003,0.004729,0.000003,0.999989,0.000000,0.000110,0.000000
75,False,False,1.000000,0.000000,False,3740.859863,0.000000,17.010000,718.400940,0.000000,0.251000,0.000003,0.004729,0.000003,0.999989,0.000000,0.000110,0.000000
76,False,False,1.000000,0.000000,False,3746.909912,0.000000,17.010000,725.570984,0.000000,0.251000,0.000003,0.004729,0.000003,0.999989,0.000000,0.000110,0.000000
77,False,False,1.000000,0.000000,False,3753.020020,0.000000,17.010000,732.680969,0.000000,0.251000,0.000003,0.004729,0.000003,0.999989,0.000000,0.000110,0.000000
78,False,False,1.000000,0.000000,False,3759.179932,0.000000,17.010000,739.730957,0.000000,0.251000,0.000003,0.004729,0.000003,0.999989,0.000000,0.000210,0.000000
79,False,False,1.000000,0.000000,False,3765.399902,0.000000,17.010000,746.720947,0.000000,0.251000,0.000003,0.004729,0.000003,0.999989,0.000000,0.000210,0.000000
80,False,False,1.000000,0.000000,False,3771.679932,0.000000,17.010000,753.650940,0.000000,0.251000,0.000003,0.004729,0.000003,0.999989,0.000000,0.000210,0.000000
81,False,False,1.000000,0.000000,False,3778.020020,0.000000,17.010000,760.520935,0.000000,0.251000,0.000003,0.004729,0.000003,0.999989,0.000000,0.000210,0.000000
82,False,False,1.000000,0.000000,False,3784.409912,0.000000,17.010000,767.330933,0.000000,0.251000,0.000003,0.004729,0.000003,0.999989,0.000000,0.000210,0.000000
83,False,False,1.000000,0.000000,False,3790.859863,0.000000,17.010000,774.080933,0.000000,0.251000,0.000003,0.004729,0.000003,0.999989,0.000000,0.000210,0.000000
84,False,False,1.000000,0.000000,False,3797.359863,0.000000,17.070000,779.740967,0.000000,7.391000,0.000003,0.003768,0.000003,0.999993,0.000000,-0.230310,0.000000
85,False,False,1.000000,0.000000,False,3803.899902,0.000000,17.260000,784.680969,0.000000,22.660999,0.000003,0.000763,0.000003,1.000000,0.000000,-0.721110,0.000000
86,False,False,1.000000,0.000000,False,3810.489990,0.000000,17.510000,790.400940,0.000000,30.000999,0.000003,-0.003159,0.000003,0.999995,0.000000,-0.941110,0.000000
87,False,False,1.000000,0.000000,False,3817.129883,0.000000,17.789999,796.460938,0.000000,33.500999,0.000003,-0.007464,0.000003,0.999972,0.000000,-1.033310,0.000000
88,False,False,1.000000,0.000000,False,3823.819824,0.000000,18.080000,802.670959,0.000000,34.990997,0.000003,-0.011887,0.000003,0.999929,0.000000,-1.062110,0.000000
89,False,False,1.000000,0.000000,False,3830.559814,0.000000,18.379999,808.870972,0.000000,35.990997,0.000003,-0.016381,0.000003,0.999866,0.000000,-1.078810,0.000000
90,False,False,1.000000,0.000000,False,3837.349854,0.000000,18.690001,815.040955,0.000000,36.611000,0.000003,-0.020913,0.000003,0.999781,0.000000,-1.087610,0.000000
91,False,False,1.000000,0.000000,False,3844.189941,0.000000,19.000000,821.180969,0.000000,36.890999,0.000003,-0.025461,0.000003,0.999676,0.000000,-1.092210,0.000000
92,False,False,1.000000,0.000000,False,3850.969971,0.000000,19.650000,814.000977,0.000000,77.880997,0.000003,-0.035436,0.000003,0.999372,0.000000,-2.394910,0.000000
93,False,False,1.000000,0.000000,False,3857.750000,0.000000,20.459999,813.910950,0.000000,97.270996,0.000003,-0.047957,0.000003,0.998849,0.000000,-3.008310,0.000000
94,False,False,1.000000,0.000000,False,3864.559814,0.000000,21.340000,817.180969,0.000000,105.670998,0.000003,-0.061601,0.000003,0.998101,0.000000,-3.278910,0.000000
95,False,False,1.000000,0.000000,False,3871.409912,0.000000,22.240000,822.290955,0.000000,107.721001,0.000003,-0.075573,0.000003,0.997140,0.000000,-3.361810,0.000000
96,False,False,1.000000,0.000000,False,3878.289795,0.000000,23.240000,826.170959,0.000000,119.890999,0.000003,-0.088613,0.000003,0.996066,0.000000,-3.140010,0.000000
97,False,False,1.000000,0.000000,False,3885.199951,0.000000,24.420000,829.270935,0.000000,141.801010,0.000003,-0.099742,0.000003,0.995013,0.000000,-2.683310,0.000000
98,False,False,1.000000,0.000000,False,3892.139893,0.000000,25.699999,833.350952,0.000000,153.681000,0.000003,-0.109857,0.000003,0.993947,0.000000,-2.440910,0.000000
99,False,False,1.000000,0.000000,False,3898.939941,0.000000,27.359999,815.780945,0.000000,199.781006,0.000003,-0.125108,0.000003,0.992143,0.000000,-3.685910,0.000000
100,False,False,1.000000,0.000000,False,3905.699951,0.000000,29.199999,810.820984,0.000000,220.660995,0.000003,-0.142712,0.000003,0.989764,0.000000,-4.263310,0.000000
101,False,False,1.000000,0.000000,False,3912.469971,0.000000,31.099998,812.170959,0.000000,228.331009,0.000003,-0.161227,0.000003,0.986917,0.000000,-4.495610,0.000000
102,False,False,1.000000,0.000000,False,3919.270020,0.000000,33.009998,816.510986,0.000000,229.561005,0.000003,-0.179963,0.000003,0.983673,0.000000,-4.563010,0.000000
103,False,False,1.000000,0.000000,False,3925.969971,0.000000,35.369999,804.010986,0.000000,282.990997,0.000003,-0.193704,0.000003,0.981060,0.000000,-3.357110,0.000000
104,False,False,1.000000,0.000000,False,3932.629883,0.000000,37.969997,799.240967,0.000000,312.341003,0.000003,-0.204795,0.000003,0.978805,0.000000,-2.716710,0.000000
105,False,False,1.000000,0.000000,False,3939.049805,0.000000,40.980000,770.590942,0.000000,361.431000,0.000003,-0.219809,0.000003,0.975543,0.000000,-3.686710,0.000000
106,False,False,1.000000,0.000000,False,3945.379883,0.000000,44.189999,759.830933,0.000000,384.651001,0.000003,-0.236544,0.000003,0.971621,0.000000,-4.125310,0.000000
107,False,False,1.000000,0.000000,False,3951.699951,0.000000,47.459999,758.580933,0.000000,392.770996,0.000003,-0.254007,0.000003,0.967202,0.000000,-4.323510,0.000000
108,False,False,1.000000,0.000000,False,3958.049805,0.000000,50.750000,761.460938,0.000000,394.931000,0.000003,-0.271599,0.000003,0.962410,0.000000,-4.375610,0.000000
109,False,False,1.000000,0.000000,False,3964.429932,0.000000,54.039997,765.460938,0.000000,395.031006,0.000003,-0.289251,0.000003,0.957253,0.000000,-4.414110,0.000000
110,False,False,1.000000,0.000000,False,3970.599854,0.000000,57.759998,740.970947,0.000000,446.431000,0.000003,-0.301735,0.000003,0.953392,0.000000,-3.135510,0.000000
111,False,False,1.000000,0.000000,False,3976.409912,0.000000,61.930000,697.280945,0.000000,500.441010,0.000003,-0.316430,0.000003,0.948616,0.000000,-3.708610,0.000000
112,False,False,1.000000,0.000000,False,3982.059814,0.000000,66.320000,678.300964,0.000000,527.210938,0.000003,-0.332016,0.000003,0.943274,0.000000,-3.953610,0.000000
113,False,False,1.000000,0.000000,False,3987.659912,0.000000,70.799995,672.600952,0.000000,538.080994,0.000003,-0.348017,0.000003,0.937488,0.000000,-4.083410,0.000000
114,False,False,1.000000,0.000000,False,3993.270020,0.000000,75.309998,673.760986,0.000000,541.000977,0.000003,-0.364077,0.000003,0.931369,0.000000,-4.124710,0.000000
115,False,False,1.000000,0.000000,False,3998.909912,0.000000,79.830002,676.540955,0.000000,541.830994,0.000003,-0.380170,0.000003,0.924917,0.000000,-4.161310,0.000000
116,False,False,1.000000,0.000000,False,4004.270020,0.000000,84.699997,643.730957,0.000000,584.820984,0.000003,-0.391537,0.000003,0.920162,0.000000,-2.957710,0.000000
117,False,False,1.000000,0.000000,False,4009.500000,0.000000,89.769997,627.510986,0.000000,608.150940,0.000003,-0.400460,0.000003,0.916314,0.000000,-2.331910,0.000000
118,False,False,1.000000,0.000000,False,4014.339844,0.000000,95.110001,580.960938,0.000000,641.300964,0.000003,-0.413321,0.000003,0.910585,0.000000,-3.378510,0.000000
119,False,False,1.000000,0.000000,False,4019.030029,0.000000,100.579994,562.290955,0.000000,655.810974,0.000003,-0.428033,0.000003,0.903763,0.000000,-3.892210,0.000000
120,False,False,1.000000,0.000000,False,4023.669922,0.000000,106.089996,557.010986,0.000000,661.280945,0.000003,-0.443484,0.000003,0.896282,0.000000,-4.120210,0.000000
121,False,False,1.000000,0.000000,False,4028.319824,0.000000,111.610001,558.070984,0.000000,662.680969,0.000003,-0.459048,0.000003,0.888412,0.000000,-4.185710,0.000000
122,False,False,1.000000,0.000000,False,4032.639893,0.000000,117.419998,518.830994,0.000000,696.620972,0.000003,-0.470312,0.000003,0.882500,0.000000,-3.052610,0.000000
123,False,False,1.000000,0.000000,False,4036.799805,0.000000,123.379997,498.980988,0.000000,715.120972,0.000003,-0.479343,0.000003,0.877628,0.000000,-2.462210,0.000000
124,False,False,1.000000,0.000000,False,4040.530029,0.000000,129.529999,447.110992,0.000000,737.650940,0.000003,-0.492086,0.000003,0.870547,0.000000,-3.498710,0.000000
125,False,False,1.000000,0.000000,False,4044.079834,0.000000,135.759995,425.670990,0.000000,747.840942,0.000003,-0.506522,0.000003,0.862227,0.000000,-3.999110,0.000000
126,False,False,1.000000,0.000000,False,4047.569824,0.000000,142.020004,419.161011,0.000000,751.730957,0.000003,-0.521606,0.000003,0.853186,0.000000,-4.220210,0.000000
127,False,False,1.000000,0.000000,False,4051.069824,0.000000,148.289993,419.580994,0.000000,752.920959,0.000003,-0.536738,0.000003,0.843749,0.000000,-4.280510,0.000000
128,False,False,1.000000,0.000000,False,4054.589844,0.000000,154.569992,422.031006,0.000000,753.050964,0.000003,-0.551855,0.000003,0.833940,0.000000,-4.324510,0.000000
129,False,False,1.000000,0.000000,False,4057.699951,0.000000,161.069992,373.710999,0.000000,780.250977,0.000003,-0.562510,0.000003,0.826791,0.000000,-3.078910,0.000000
130,False,False,1.000000,0.000000,False,4060.609863,0.000000,167.699997,349.020996,0.000000,795.130981,0.000003,-0.570844,0.000003,0.821058,0.000000,-2.427110,0.000000
131,False,False,1.000000,0.000000,False,4063.030029,0.000000,174.429993,290.381012,0.000000,807.270935,0.000003,-0.582864,0.000003,0.812570,0.000000,-3.531010,0.000000
132,False,False,1.000000,0.000000,False,4065.250000,0.000000,181.199997,266.591003,0.000000,812.720947,0.000003,-0.596540,0.000003,0.802583,0.000000,-4.064610,0.000000
133,False,False,1.000000,0.000000,False,4067.409912,0.000000,187.989990,259.661011,0.000000,814.820984,0.000003,-0.610772,0.000003,0.791807,0.000000,-4.285010,0.000000
134,False,False,1.000000,0.000000,False,4069.579834,0.000000,194.789993,260.061005,0.000000,815.600952,0.000003,-0.625014,0.000003,0.780614,0.000000,-4.348210,0.000000
135,False,False,1.000000,0.000000,False,4071.309814,0.000000,201.720001,207.941010,0.000000,832.140930,0.000003,-0.635194,0.000003,0.772353,0.000000,-3.146510,0.000000
136,False,False,1.000000,0.000000,False,4072.819824,0.000000,208.729996,181.261002,0.000000,841.450928,0.000003,-0.643270,0.000003,0.765639,0.000000,-2.520610,0.000000
137,False,False,1.000000,0.000000,False,4074.049805,0.000000,215.779999,147.570999,0.000000,846.200928,0.000003,-0.652371,0.000003,0.757900,0.000000,-2.867310,0.000000
138,False,False,1.000000,0.000000,False,4075.169922,0.000000,222.849991,134.880997,0.000000,848.480957,0.000003,-0.661941,0.000003,0.749556,0.000000,-3.046910,0.000000
139,False,False,1.000000,0.000000,False,4076.270020,0.000000,229.929993,132.341003,0.000000,849.590942,0.000003,-0.671587,0.000003,0.740925,0.000000,-3.106310,0.000000
140,False,False,1.000000,0.000000,False,4077.369873,0.000000,237.019989,132.511002,0.000000,850.350952,0.000003,-0.681228,0.000003,0.732071,0.000000,-3.141910,0.000000
141,False,False,1.000000,0.000000,False,4078.489990,0.000000,244.110001,134.291000,0.000000,850.850952,0.000003,-0.690841,0.000003,0.723006,0.000000,-3.171710,0.000000
142,False,False,1.000000,0.000000,False,4079.139893,0.000000,251.250000,77.600998,0.000000,856.590942,0.000003,-0.696474,0.000003,0.717582,0.000000,-1.876610,0.000000
143,False,False,1.000000,0.000000,False,4079.539795,0.000000,258.419983,48.010998,0.000000,860.250977,0.000003,-0.700110,0.000003,0.714035,0.000000,-1.218810,0.000000
144,False,False,1.000000,0.000000,False,4079.819824,0.000000,265.609985,33.250999,0.000000,862.360962,0.000003,-0.702796,0.000003,0.711391,0.000000,-0.904010,0.000000
145,False,False,1.000000,0.000000,False,4080.059814,0.000000,272.809998,28.671000,0.000000,863.430969,0.000003,-0.705197,0.000003,0.709011,0.000000,-0.811110,0.000000
146,False,False,1.000000,0.000000,False,4080.289795,0.000000,280.009979,27.870998,0.000000,864.130981,-0.000003,0.707533,-0.000003,-0.706681,0.000000,-0.791610,0.000000
147,False,False,1.000000,0.000000,False,4080.530029,0.000000,287.220001,28.261000,0.000000,864.720947,-0.000003,0.709853,-0.000003,-0.704350,0.000000,-0.789110,0.000000
148,False,False,1.000000,0.000000,False,4080.780029,0.000000,294.429993,29.410999,0.000000,865.240967,-0.000003,0.712190,-0.000003,-0.701987,0.000000,-0.797710,0.000000
149,False,False,1.000000,0.000000,False,4080.799805,0.000000,301.639984,2.461000,0.000000,865.350952,-0.000003,0.712684,-0.000003,-0.701485,0.000000,-0.169610,0.000000
150,False,False,1.000000,0.000000,False,4080.709961,0.000000,308.859985,-11.021000,0.000000,865.850952,-0.000003,0.712312,-0.000003,-0.701863,0.000000,0.127910,0.000000
151,False,False,1.000000,0.000000,False,4080.579834,0.000000,316.079987,-16.070999,0.000000,866.340942,-0.000003,0.711647,-0.000003,-0.702537,0.000000,0.226610,0.000000
152,False,False,1.000000,0.000000,False,4080.429932,0.000000,323.299988,-17.431000,0.000000,866.830933,-0.000003,0.710927,-0.000003,-0.703266,0.000000,0.245610,0.000000
153,False,False,1.000000,0.000000,False,4080.280029,0.000000,330.529999,-17.710999,0.000000,867.310974,-0.000003,0.710201,-0.000003,-0.703999,0.000000,0.247710,0.000000
154,False,False,1.000000,1.000000,False,4080.139893,0.110000,337.739990,-17.250999,12.651000,865.050964,0.000947,0.709498,-0.000947,-0.704706,-0.321210,0.239210,-0.002810
155,False,False,1.000000,1.000000,False,4080.000000,0.310000,344.929993,-16.370998,23.910999,863.100952,0.002732,0.708835,-0.002722,-0.705364,-0.604210,0.224610,-0.003810
156,False,False,1.000000,1.000000,False,4079.869873,0.600000,352.109985,-15.201000,34.271000,861.380981,0.005246,0.708210,-0.005225,-0.705963,-0.851510,0.206710,-0.003910
157,False,False,1.000000,1.000000,False,4079.750000,0.970000,359.279999,-13.881001,44.100998,859.820984,0.008392,0.707628,-0.008365,-0.706486,-1.066610,0.187410,-0.003710
158,False,False,1.000000,1.000000,False,4079.649902,1.420000,366.429993,-12.501000,53.700996,858.360962,0.012087,0.707079,-0.012055,-0.706929,-1.253010,0.168110,-0.003510
159,False,False,1.000000,1.000000,False,4079.559814,1.950000,373.569977,-11.161000,63.300999,856.940979,-0.016257,-0.706556,0.016220,0.707284,-1.414210,0.149510,-0.003510
160,False,False,1.000000,1.000000,False,4079.479980,2.560000,380.699982,-9.901000,73.060997,855.510986,-0.020837,-0.706049,0.020789,0.707551,-1.553410,0.132210,-0.003610
161,False,False,1.000000,1.000000,False,4079.409912,3.250000,387.819977,-8.731000,83.100998,854.030945,-0.025774,-0.705542,0.025709,0.707732,-1.673610,0.116310,-0.003910
162,False,False,1.000000,1.000000,False,4079.349854,4.030000,394.919983,-7.651000,93.500999,852.450928,-0.031018,-0.705030,0.030931,0.707824,-1.777510,0.101810,-0.004310
163,False,False,1.000000,1.000000,False,4079.289795,4.900000,402.009979,-6.691000,104.310997,850.730957,-0.036526,-0.704506,0.036412,0.707821,-1.867410,0.088810,-0.004710
164,False,False,1.000000,1.000000,False,4079.239990,5.860000,409.079987,-5.801000,115.550995,848.830933,-0.042266,-0.703962,0.042120,0.707727,-1.945210,0.077310,-0.005110
165,False,False,1.000000,1.000000,False,4079.199951,6.920000,416.139984,-5.001000,127.230995,846.720947,-0.048205,-0.703384,0.048017,0.707546,-2.012710,0.067110,-0.005510
166,False,False,1.000000,1.000000,False,4079.159912,8.080000,423.179993,-4.301000,139.341003,844.380981,-0.054318,-0.702769,0.054080,0.707277,-2.071410,0.058210,-0.005810
167,False,False,1.000000,1.000000,False,4079.129883,9.349999,430.190002,-3.661000,151.871002,841.780945,-0.060576,-0.702111,0.060284,0.706920,-2.122510,0.050310,-0.006110
168,False,False,1.000000,1.000000,False,4079.099854,10.719999,437.179993,-3.111000,164.801010,838.910950,-0.066963,-0.701410,0.066613,0.706472,-2.167110,0.043410,-0.006310
169,False,False,1.000000,1.000000,False,4079.079834,12.200000,444.139984,-2.621000,178.091003,835.750977,-0.073464,-0.700655,0.073048,0.705939,-2.206110,0.037410,-0.006410
170,False,False,1.000000,1.000000,False,4079.059814,13.799999,451.079987,-2.211000,191.721008,832.280945,-0.080062,-0.699845,0.079576,0.705319,-2.240210,0.032110,-0.006410
171,False,False,1.000000,1.000000,False,4079.039795,15.509999,457.979980,-1.851000,205.660995,828.490967,-0.086741,-0.698977,0.086185,0.704613,-2.270110,0.027610,-0.006310
172,False,False,1.000000,1.000000,False,4079.030029,17.340000,464.849976,-1.531000,219.871002,824.380981,-0.093489,-0.698049,0.092858,0.703822,-2.296410,0.023610,-0.006210
173,False,False,1.000000,1.000000,False,4079.020020,19.289999,471.679993,-1.281000,234.320999,819.930969,-0.100298,-0.697056,0.099591,0.702947,-2.319510,0.020210,-0.006010
174,False,False,1.000000,1.000000,False,4079.010010,21.359999,478.470001,-1.071000,248.981003,815.150940,-0.107155,-0.695999,0.106372,0.701989,-2.339810,0.017310,-0.005810
175,False,False,1.000000,1.000000,False,4079.000000,23.559999,485.220001,-0.891000,263.811005,810.030945,-0.114055,-0.694877,0.113197,0.700945,-2.357710,0.014710,-0.005510
176,False,False,1.000000,1.000000,False,4078.989990,25.879999,491.919983,-0.731000,278.791016,804.570984,-0.120992,-0.693685,0.120054,0.699821,-2.373410,0.012510,-0.005210
177,False,False,1.000000,1.000000,False,4078.989990,28.330000,498.579987,-0.581000,293.890991,798.770935,-0.127957,-0.692422,0.126937,0.698617,-2.387310,0.010710,-0.004910
178,False,False,1.000000,1.000000,False,4078.989990,30.910000,505.190002,-0.481000,309.080994,792.630981,-0.134943,-0.691090,0.133843,0.697332,-2.399510,0.009110,-0.004610
179,False,False,1.000000,1.000000,False,4078.989990,33.610001,511.739990,-0.411000,324.341003,786.160950,-0.141946,-0.689687,0.140770,0.695965,-2.410310,0.007710,-0.004310
180,False,False,1.000000,1.000000,False,4078.989990,36.439999,518.229980,-0.361000,339.651001,779.350952,-0.148964,-0.688209,0.147707,0.694522,-2.419810,0.006610,-0.004110
181,False,False,1.000000,1.000000,False,4078.989990,39.399998,524.669983,-0.331000,354.980988,772.220947,-0.155988,-0.686660,0.154656,0.692998,-2.428110,0.005610,-0.003810
182,False,False,1.000000,1.000000,False,4078.989990,42.489998,531.039978,-0.311000,370.311005,764.760986,-0.163018,-0.685042,0.161610,0.691393,-2.435410,0.004710,-0.003510
183,False,False,1.000000,1.000000,False,4078.989990,45.700001,537.349976,-0.301000,385.621002,756.980957,-0.170053,-0.683348,0.168564,0.689713,-2.441810,0.003910,-0.003210
184,False,False,1.000000,1.000000,False,4078.989990,49.039997,543.589966,-0.291000,400.901001,748.890930,-0.177082,-0.681584,0.175518,0.687953,-2.447410,0.003210,-0.002910
185,False,False,1.000000,1.000000,False,4078.989990,52.509998,549.760010,-0.291000,416.121002,740.490967,-0.184106,-0.679744,0.182466,0.686119,-2.452310,0.002710,-0.002610
186,False,False,1.000000,1.000000,False,4078.989990,56.099998,555.859985,-0.291000,431.281006,731.780945,-0.191125,-0.677834,0.189409,0.684205,-2.456610,0.002210,-0.002410
187,False,False,1.000000,1.000000,False,4078.989990,59.820000,561.880005,-0.291000,446.350983,722.770935,-0.198133,-0.675849,0.196342,0.682218,-2.460310,0.001810,-0.002210
188,False,False,1.000000,1.000000,False,4078.989990,63.660000,567.830017,-0.291000,461.330994,713.470947,-0.205130,-0.673794,0.203263,0.680153,-2.463510,0.001510,-0.002010
189,False,False,1.000000,1.000000,False,4078.989990,67.629997,573.700012,-0.291000,476.210999,703.890991,-0.212111,-0.671663,0.210174,0.678015,-2.466210,0.001210,-0.001810
190,False,False,1.000000,1.000000,False,4078.989990,71.720001,579.479980,-0.291000,490.971008,694.020935,-0.219075,-0.669462,0.217069,0.675802,-2.468510,0.000910,-0.001610
191,False,False,1.000000,1.000000,False,4078.989990,75.930000,585.179993,-0.281000,505.600983,683.880981,-0.226024,-0.667191,0.223947,0.673512,-2.470510,0.000710,-0.001410
192,False,False,1.000000,1.000000,False,4078.989990,80.259995,590.789978,-0.281000,520.100952,673.470947,-0.232951,-0.664844,0.230804,0.671153,-2.472110,0.000610,-0.001310
193,False,False,1.000000,1.000000,False,4078.989990,84.709999,596.309998,-0.281000,534.460938,662.790955,-0.239856,-0.662427,0.237639,0.668721,-2.473410,0.000410,-0.001210
194,False,False,1.000000,1.000000,False,4078.989990,89.279999,601.739990,-0.281000,548.670959,651.850952,-0.246740,-0.659940,0.244453,0.666214,-2.474510,0.000310,-0.001110
195,False,False,1.000000,1.000000,False,4078.989990,93.970001,607.079956,-0.281000,562.720947,640.660950,-0.253602,-0.657383,0.251245,0.663634,-2.475310,0.000210,-0.001010
196,False,False,1.000000,1.000000,False,4078.989990,98.779999,612.320007,-0.281000,576.610962,629.220947,-0.260438,-0.654755,0.258010,0.660983,-2.475910,0.000110,-0.000910
197,False,False,1.000000,1.000000,False,4078.989990,103.699997,617.469971,-0.281000,590.330994,617.530945,-0.267246,-0.652058,0.264748,0.658262,-2.476310,0.000110,-0.000810
198,False,False,1.000000,1.000000,False,4078.989990,108.729996,622.519958,-0.281000,603.880981,605.600952,-0.274027,-0.649291,0.271459,0.655470,-2.476510,0.000110,-0.000710
199,False,False,1.000000,1.000000,False,4078.989990,113.869995,627.469971,-0.281000,617.250977,593.430969,-0.280776,-0.646453,0.278143,0.652610,-2.476610,0.000110,-0.000610
200,False,False,1.000000,1.000000,False,4078.989990,119.119995,632.309998,-0.281000,630.430969,581.030945,-0.287498,-0.643545,0.284795,0.649682,-2.476510,0.000110,-0.000510
201,False,False,1.000000,1.000000,False,4078.989990,124.479996,637.049988,-0.281000,643.430969,568.400940,-0.294188,-0.640573,0.291420,0.646680,-2.476310,0.000000,-0.000410
202,False,False,1.000000,1.000000,False,4078.989990,129.949997,641.679993,-0.281000,656.240967,555.550964,-0.300845,-0.637530,0.298012,0.643612,-2.475910,0.000000,-0.000310
203,False,False,1.000000,1.000000,False,4078.989990,135.520004,646.200012,-0.281000,668.850952,542.480957,-0.307470,-0.634422,0.304573,0.640474,-2.475410,0.000000,-0.000210
204,False,False,1.000000,1.000000,True,4078.989990,141.190002,650.609985,-0.281000,680.960938,529.350952,-0.314073,-0.631239,0.311111,0.637264,-2.480010,0.000000,-0.000210
205,False,False,1.000000,1.000000,True,4078.989990,146.959991,654.909973,-0.281000,692.600952,516.150940,-0.320665,-0.627981,0.317639,0.633971,-2.488810,0.000000,-0.000110
206,False,False,1.000000,1.000000,True,4078.989990,152.819992,659.099976,-0.281000,703.790955,502.871002,-0.327252,-0.624636,0.324167,0.630596,-2.501110,0.000110,0.000000
207,False,False,1.000000,1.000000,True,4078.989990,158.769989,663.179993,-0.281000,714.550964,489.501007,-0.333845,-0.621205,0.330700,0.627128,-2.516210,0.000210,0.000000
208,False,False,1.000000,1.000000,True,4078.989990,164.809998,667.149963,-0.281000,724.890930,476.050995,-0.340448,-0.617677,0.337238,0.623571,-2.533710,0.000210,0.000000
209,False,False,1.000000,1.000000,True,4078.989990,170.929993,671.000000,-0.281000,734.820984,462.520996,-0.347062,-0.614052,0.343793,0.619915,-2.553110,0.000310,0.000000
210,False,False,1.000000,1.000000,True,4078.989990,177.129990,674.739990,-0.281000,744.350952,448.920990,-0.353692,-0.610329,0.350358,0.616157,-2.574010,0.000310,0.000000
211,False,False,1.000000,1.000000,True,4078.989990,183.409988,678.369995,-0.281000,753.480957,435.260986,-0.360339,-0.606504,0.356940,0.612293,-2.596210,0.000310,0.000000
212,False,False,1.000000,1.000000,True,4078.989990,189.759995,681.880005,-0.281000,762.210938,421.561005,-0.367001,-0.602571,0.363538,0.608324,-2.619410,0.000410,0.000000
213,False,False,1.000000,1.000000,True,4078.989990,196.179993,685.279968,-0.281000,770.550964,407.841003,-0.373680,-0.598531,0.370152,0.604245,-2.643310,0.000410,0.000000
214,False,False,1.000000,1.000000,True,4078.989990,202.669998,688.559998,-0.281000,778.490967,394.131012,-0.380375,-0.594377,0.376782,0.600055,-2.667710,0.000410,0.000000
215,False,False,1.000000,1.000000,True,4078.989990,209.220001,691.729980,-0.281000,786.030945,380.460999,-0.387081,-0.590109,0.383429,0.595753,-2.692510,0.000410,0.000000
216,False,False,1.000000,1.000000,True,4078.989990,215.830002,694.789978,-0.281000,793.170959,366.860992,-0.393803,-0.585729,0.390086,0.591333,-2.717410,0.000410,0.000000
217,False,False,1.000000,1.000000,True,4078.989990,222.500000,697.729980,-0.281000,799.920959,353.381012,-0.400535,-0.581229,0.396754,0.586796,-2.742410,0.000410,0.000000
218,False,False,1.000000,1.000000,True,4078.989990,229.220001,700.559998,-0.281000,806.270935,340.071014,-0.407274,-0.576617,0.403432,0.582137,-2.767210,0.000410,0.000000
219,False,False,1.000000,1.000000,True,4078.989990,235.989990,703.279968,-0.281000,812.230957,326.980988,-0.414017,-0.571886,0.410111,0.577361,-2.791710,0.000310,0.000000
220,False,False,1.000000,1.000000,True,4078.989990,242.809998,705.899963,-0.281000,817.810974,314.170990,-0.420761,-0.567036,0.416795,0.572462,-2.815810,0.000310,0.000000
221,False,False,1.000000,1.000000,True,4078.989990,249.669998,708.409973,-0.281000,823.010986,301.710999,-0.427504,-0.562062,0.423474,0.567447,-2.839310,0.000310,0.000000
222,False,False,1.000000,1.000000,True,4078.989990,256.570007,710.820007,-0.271000,827.850952,289.670990,-0.434242,-0.556969,0.430148,0.562310,-2.862010,0.000210,0.000000
223,False,False,1.000000,1.000000,True,4078.989990,263.509979,713.139954,-0.271000,832.350952,278.131012,-0.440970,-0.551758,0.436810,0.557051,-2.883910,0.000210,0.000000
224,False,False,1.000000,1.000000,True,4078.989990,270.479980,715.369995,-0.271000,836.530945,267.170990,-0.447681,-0.546428,0.443457,0.551675,-2.904710,0.000110,0.000000
225,False,False,1.000000,1.000000,True,4078.989990,277.479980,717.510010,-0.271000,840.420959,256.890991,-0.454370,-0.540984,0.450081,0.546178,-2.924410,0.000110,0.000000
226,False,False,1.000000,1.000000,True,4078.989990,284.509979,719.570007,-0.271000,844.060974,247.391006,-0.461033,-0.535422,0.456679,0.540570,-2.942710,0.000110,0.000000
227,False,False,1.000000,1.000000,True,4078.989990,291.570007,721.559998,-0.261000,847.490967,238.791000,-0.467663,-0.529752,0.463245,0.534844,-2.959610,0.000000,0.000000
228,False,False,1.000000,1.000000,True,4078.989990,298.660004,723.479980,-0.261000,850.870972,229.951004,-0.474261,-0.523969,0.469778,0.529001,-2.976410,0.000000,0.000000
229,False,False,1.000000,1.000000,True,4078.989990,305.779999,725.320007,-0.261000,854.190979,220.880997,-0.480821,-0.518067,0.476279,0.523045,-2.993110,0.000000,0.000000
230,False,False,1.000000,1.000000,True,4078.989990,312.929993,727.079956,-0.261000,857.440979,211.591003,-0.487343,-0.512052,0.482736,0.516977,-3.009710,0.000000,0.000000
231,False,False,1.000000,1.000000,True,4078.989990,320.100006,728.760010,-0.261000,860.610962,202.070999,-0.493823,-0.505923,0.489156,0.510791,-3.026210,0.000000,0.000000
232,False,False,1.000000,1.000000,True,4078.989990,327.299988,730.359985,-0.261000,863.690979,192.341003,-0.500259,-0.499681,0.495533,0.504487,-3.042710,0.000000,0.000000
233,False,False,1.000000,1.000000,True,4078.989990,334.519989,731.880005,-0.261000,866.670959,182.391006,0.506648,0.493326,-0.501861,-0.498068,-3.059110,0.000000,0.000000
234,False,False,1.000000,1.000000,True,4078.989990,341.769989,733.320007,-0.261000,869.550964,172.240997,0.512992,0.486853,-0.508141,-0.491535,-3.075410,0.000000,0.000000
235,False,False,1.000000,1.000000,True,4078.989990,349.039978,734.669983,-0.261000,872.320984,161.880997,0.519278,0.480266,-0.514372,-0.484889,-3.091610,0.000000,0.000000
236,False,False,1.000000,1.000000,True,4078.989990,356.329987,735.929993,-0.261000,874.960938,151.331009,0.525512,0.473565,-0.520549,-0.478124,-3.107710,0.000000,0.000000
237,False,False,1.000000,1.000000,True,4078.989990,363.639984,737.099976,-0.261000,877.480957,140.591003,0.531689,0.466751,-0.526666,-0.471245,-3.123710,0.000000,0.000000
238,False,False,1.000000,1.000000,True,4078.989990,370.970001,738.179993,-0.261000,879.860962,129.661011,0.537810,0.459825,-0.532725,-0.464248,-3.139710,0.000000,0.000000
239,False,False,1.000000,1.000000,True,4078.989990,378.319977,739.169983,-0.261000,882.100952,118.550995,0.543868,0.452779,-0.538724,-0.457138,-3.155610,0.000000,0.000000
240,False,False,1.000000,1.000000,True,4078.989990,385.690002,740.059998,-0.261000,884.190979,107.270996,0.549866,0.445620,-0.544658,-0.449909,-3.171410,0.000000,0.000000
241,False,False,1.000000,1.000000,True,4078.989990,393.069977,740.859985,-0.261000,886.120972,95.820999,0.555793,0.438348,-0.550528,-0.442567,-3.187110,0.000000,0.000000
242,False,False,1.000000,1.000000,True,4078.989990,400.470001,741.559998,-0.261000,887.890930,84.210999,0.561650,0.430962,-0.556327,-0.435111,-3.202710,0.000000,0.000000
243,False,False,1.000000,1.000000,True,4078.989990,407.880005,742.159973,-0.261000,889.490967,72.440994,0.567432,0.423463,-0.562056,-0.427542,-3.218310,0.000000,0.000000
244,False,False,1.000000,1.000000,True,4078.989990,415.299988,742.659973,-0.261000,890.910950,60.521000,0.573141,0.415851,-0.567710,-0.419860,-3.233810,0.000000,0.000000
245,False,False,1.000000,1.000000,True,4078.989990,422.729980,743.059998,-0.261000,892.150940,48.460999,0.578772,0.408126,-0.573288,-0.412064,-3.249210,0.000000,0.000000
246,False,False,1.000000,1.000000,True,4078.989990,430.169983,743.359985,-0.261000,893.210938,36.271000,0.584321,0.400293,-0.578786,-0.404155,-3.264510,0.000000,0.000000
247,False,False,1.000000,1.000000,True,4078.989990,437.619995,743.559998,-0.261000,894.080933,23.950998,0.589789,0.392346,-0.584202,-0.396133,-3.279710,0.000000,0.000000
248,False,False,1.000000,1.000000,True,4078.989990,445.079987,743.659973,-0.261000,894.750977,11.511000,0.595172,0.384292,-0.589532,-0.387998,-3.294910,0.000000,0.000000
249,False,False,1.000000,1.000000,True,4078.989990,452.539978,743.649963,-0.261000,895.220947,-1.031000,0.600465,0.376124,-0.594776,-0.379755,-3.310010,0.000000,0.000000
250,False,False,1.000000,1.000000,True,4078.989990,460.000000,743.539978,-0.261000,895.490967,-13.681000,0.605671,0.367848,-0.599928,-0.371398,-3.325010,0.000000,0.000000
251,False,False,1.000000,1.000000,True,4078.989990,467.459991,743.320007,-0.261000,895.550964,-26.421000,0.610781,0.359465,-0.604988,-0.362934,-3.339910,0.000000,0.000110
252,False,False,1.000000,1.000000,True,4078.989990,474.919983,742.989990,-0.261000,895.400940,-39.250999,0.615796,0.350973,-0.609952,-0.354361,-3.354710,0.000000,0.000110
253,False,False,1.000000,1.000000,True,4078.989990,482.379974,742.559998,-0.261000,895.030945,-52.170998,0.620713,0.342374,-0.614818,-0.345681,-3.369410,0.000110,0.000110
254,False,False,1.000000,-1.000000,False,4078.989990,489.849976,742.039978,-0.251000,896.330933,-62.790997,0.625384,0.333931,-0.619446,-0.337152,-3.284910,-0.000710,0.000510
255,False,False,1.000000,-1.000000,False,4078.989990,497.329987,741.419983,-0.251000,897.180969,-74.160995,0.629819,0.325661,-0.623832,-0.328795,-3.194010,-0.001210,0.000810
256,False,False,1.000000,-1.000000,False,4078.989990,504.809998,740.700012,-0.251000,897.550964,-86.300995,0.634014,0.317585,-0.627981,-0.320633,-3.097510,-0.001510,0.001010
257,False,False,1.000000,-1.000000,False,4078.989990,512.289978,739.869995,-0.241000,897.400940,-99.200996,0.637974,0.309725,-0.631892,-0.312686,-2.996010,-0.001610,0.001210
258,False,False,1.000000,-1.000000,False,4078.989990,519.760010,738.929993,-0.241000,896.690979,-112.840996,0.641695,0.302102,-0.635572,-0.304977,-2.889910,-0.001610,0.001310
259,False,False,1.000000,-1.000000,False,4078.989990,527.219971,737.869995,-0.241000,895.380981,-127.200996,0.645186,0.294727,-0.639024,-0.297522,-2.779710,-0.001510,0.001410
260,False,False,1.000000,-1.000000,False,4078.989990,534.669983,736.679993,-0.231000,893.450928,-142.240997,0.648454,0.287617,-0.642256,-0.290330,-2.665710,-0.001410,0.001510
261,False,False,1.000000,-1.000000,False,4078.989990,542.089966,735.359985,-0.231000,890.880981,-157.941010,0.651501,0.280787,-0.645271,-0.283425,-2.548110,-0.001310,0.001510
262,False,False,1.000000,-1.000000,False,4078.989990,549.489990,733.909973,-0.231000,887.660950,-174.261002,0.654335,0.274254,-0.648077,-0.276816,-2.427310,-0.001210,0.001510
263,False,False,1.000000,-1.000000,False,4078.989990,556.849976,732.320007,-0.231000,883.780945,-191.151001,0.656962,0.268028,-0.650677,-0.270520,-2.303410,-0.001110,0.001510
264,False,False,1.000000,-1.000000,False,4078.989990,564.179993,730.579956,-0.221000,879.240967,-208.570999,0.659391,0.262121,-0.653078,-0.264548,-2.176610,-0.001010,0.001410
265,False,False,1.000000,-1.000000,False,4078.989990,571.459961,728.690002,-0.221000,874.050964,-226.471008,0.661622,0.256548,-0.655290,-0.258911,-2.047110,-0.000910,0.001410
266,False,False,1.000000,-1.000000,False,4078.989990,578.700012,726.649963,-0.221000,868.220947,-244.811005,0.663671,0.251315,-0.657313,-0.253618,-1.915010,-0.000810,0.001310
267,False,False,1.000000,-1.000000,False,4078.989990,585.880005,724.450012,-0.211000,861.780945,-263.531006,0.665535,0.246438,-0.659158,-0.248682,-1.780410,-0.000710,0.001310
268,False,False,1.000000,-1.000000,False,4078.989990,593.000000,722.099976,-0.211000,854.760986,-282.580994,0.667223,0.241922,-0.660830,-0.244113,-1.643410,-0.000610,0.001210
269,False,False,1.000000,-1.000000,False,4078.989990,600.059998,719.579956,-0.211000,847.200928,-301.901001,0.668738,0.237779,-0.662335,-0.239921,-1.504010,-0.000510,0.001110
270,False,False,1.000000,-1.000000,False,4078.989990,607.049988,716.899963,-0.211000,839.140930,-321.441010,0.670091,0.234019,-0.663673,-0.236118,-1.362410,-0.000510,0.001010
271,False,False,1.000000,-1.000000,False,4078.989990,613.969971,714.059998,-0.211000,830.650940,-341.151001,0.671280,0.230647,-0.664855,-0.232708,-1.218610,-0.000410,0.000910
272,False,False,1.000000,-1.000000,False,4078.989990,620.820007,711.049988,-0.211000,821.780945,-360.971008,0.672313,0.227675,-0.665880,-0.229703,-1.072710,-0.000410,0.000910
273,False,False,1.000000,-1.000000,False,4078.989990,627.589966,707.880005,-0.211000,812.600952,-380.841003,0.673191,0.225112,-0.666754,-0.227108,-0.924810,-0.000410,0.000910
274,False,False,1.000000,-1.000000,False,4078.989990,634.279968,704.539978,-0.211000,803.190979,-400.700989,0.673922,0.222960,-0.667476,-0.224929,-0.775110,-0.000410,0.000810
275,False,False,1.000000,-1.000000,False,4078.989990,640.890015,701.039978,-0.211000,793.640930,-420.490997,0.674504,0.221228,-0.668054,-0.223175,-0.623710,-0.000410,0.000810
276,False,False,1.000000,-1.000000,False,4078.989990,647.419983,697.369995,-0.211000,784.040955,-440.140991,0.674942,0.219917,-0.668485,-0.221848,-0.470910,-0.000410,0.000710
277,False,False,1.000000,-1.000000,False,4078.989990,653.869995,693.539978,-0.211000,774.480957,-459.600983,0.675233,0.219038,-0.668777,-0.220953,-0.316910,-0.000410,0.000710
278,False,False,1.000000,-1.000000,False,4078.989990,660.250000,689.549988,-0.211000,765.070984,-478.790985,0.675384,0.218590,-0.668922,-0.220494,-0.161910,-0.000410,0.000610
279,False,False,1.000000,-1.000000,False,4078.989990,666.549988,685.399963,-0.211000,755.920959,-497.640991,0.675391,0.218574,-0.668928,-0.220473,-0.006410,-0.000310,0.000510
280,False,False,1.000000,-1.000000,False,4078.989990,672.779968,681.099976,-0.211000,747.140930,-516.090942,0.675253,0.218989,-0.668793,-0.220893,0.149210,-0.000310,0.000510
281,False,False,1.000000,-1.000000,False,4078.989990,678.940002,676.649963,-0.211000,738.840942,-534.050964,0.674972,0.219842,-0.668512,-0.221751,0.304510,-0.000310,0.000410
282,False,False,1.000000,-1.000000,False,4078.989990,685.029968,672.049988,-0.211000,731.140930,-551.450989,0.674546,0.221120,-0.668091,-0.223041,0.459010,-0.000310,0.000410
283,False,False,1.000000,-1.000000,False,4078.989990,691.059998,667.309998,-0.211000,724.160950,-568.200989,0.673975,0.222825,-0.667525,-0.224762,0.612110,-0.000210,0.000410
284,False,False,1.000000,-1.000000,False,4078.989990,697.039978,662.440002,-0.211000,718.010986,-584.210938,0.673255,0.224950,-0.666813,-0.226903,0.763210,-0.000210,0.000410
285,False,False,1.000000,-1.000000,False,4078.989990,702.979980,657.440002,-0.211000,712.790955,-599.400940,0.672389,0.227481,-0.665955,-0.229455,0.911510,-0.000210,0.000310
286,False,False,1.000000,-1.000000,False,4078.989990,708.890015,652.329956,-0.221000,708.610962,-613.680969,0.671374,0.230410,-0.664946,-0.232411,1.056410,-0.000110,0.000210
287,False,False,1.000000,-1.000000,False,4078.989990,714.769958,647.109985,-0.221000,705.550964,-626.950989,0.670209,0.233722,-0.663786,-0.235756,1.197010,0.000000,0.000110
288,False,False,1.000000,-1.000000,False,4078.989990,720.630005,641.779968,-0.221000,703.700989,-639.140991,0.668887,0.237407,-0.662481,-0.239473,1.332510,0.000000,0.000000
289,False,False,1.000000,-1.000000,False,4078.989990,726.489990,636.359985,-0.231000,703.110962,-650.170959,0.667415,0.241437,-0.661024,-0.243541,1.461710,0.000000,0.000000
290,False,False,1.000000,-1.000000,False,4078.989990,732.359985,630.859985,-0.241000,703.830933,-659.970947,0.665796,0.245791,-0.659417,-0.247938,1.583510,0.000110,-0.000110
291,False,False,1.000000,-1.000000,False,4078.989990,738.239990,625.289978,-0.241000,705.870972,-668.470947,0.664024,0.250446,-0.657663,-0.252642,1.696710,0.000210,-0.000210
292,False,False,1.000000,-1.000000,False,4078.989990,744.149963,619.659973,-0.251000,709.240967,-675.610962,0.662112,0.255372,-0.655764,-0.257616,1.800510,0.000310,-0.000410
293,False,False,1.000000,-1.000000,False,4078.989990,750.099976,613.979980,-0.251000,713.930969,-681.340942,0.660054,0.260540,-0.653730,-0.262838,1.894310,0.000410,-0.000510
294,True,True,1.000000,-1.000000,False,4078.989990,756.149963,608.219971,-0.181000,725.570984,-691.630981,0.657864,0.265919,-0.651562,-0.268271,1.977810,0.000510,-0.000610
295,True,True,1.000000,-1.000000,False,4078.989990,762.299988,602.380005,-0.131000,738.450989,-700.370972,0.655549,0.271475,-0.649264,-0.273887,2.051910,0.000610,-0.000810
296,True,True,1.000000,-1.000000,False,4078.989990,768.570007,596.479980,-0.101000,752.500977,-707.510986,0.653104,0.277194,-0.646841,-0.279670,2.118910,0.000710,-0.000910
297,True,True,1.000000,-1.000000,False,4078.989990,774.969971,590.539978,-0.081000,767.630981,-713.060974,0.650534,0.283053,-0.644300,-0.285594,2.179310,0.000910,-0.001010
298,True,True,1.000000,-1.000000,False,4078.989990,781.500000,584.559998,-0.071000,783.750977,-717.040955,0.647846,0.289030,-0.641641,-0.291641,2.233610,0.000910,-0.001010
299,True,True,1.000000,-1.000000,False,4078.989990,788.169983,578.559998,-0.061000,800.760986,-719.450989,0.645044,0.295115,-0.638862,-0.297791,2.282110,0.000910,-0.001010
300,True,True,1.000000,-1.000000,False,4078.989990,794.989990,572.559998,-0.061000,818.570984,-720.320984,0.642125,0.301287,-0.635976,-0.304033,2.325110,0.001010,-0.001010
301,True,True,1.000000,-1.000000,False,4078.989990,801.969971,566.559998,-0.061000,837.090942,-719.660950,0.639098,0.307529,-0.632982,-0.310345,2.362910,0.001010,-0.001010
302,True,True,1.000000,-1.000000,False,4078.989990,809.109985,560.580017,-0.061000,856.220947,-717.490967,0.635969,0.313830,-0.629880,-0.316711,2.395810,0.001010,-0.001010
303,True,True,1.000000,-1.000000,False,4078.989990,816.409973,554.630005,-0.061000,875.890930,-713.830933,0.632735,0.320174,-0.626681,-0.323120,2.424010,0.001010,-0.001010
304,True,True,1.000000,-1.000000,False,4078.989990,823.880005,548.719971,-0.061000,896.000977,-708.720947,0.629404,0.326546,-0.623385,-0.329561,2.447610,0.001010,-0.001010
305,True,True,1.000000,-1.000000,False,4078.989990,831.519958,542.869995,-0.061000,916.470947,-702.180969,0.625980,0.332933,-0.619997,-0.336019,2.466910,0.001010,-0.000910
306,True,True,1.000000,-1.000000,False,4078.989990,839.329956,537.080017,-0.061000,937.220947,-694.260986,0.622469,0.339326,-0.616522,-0.342476,2.482010,0.001010,-0.000910
307,True,True,1.000000,-1.000000,False,4078.989990,847.309998,531.369995,-0.061000,958.160950,-685.000977,0.618875,0.345708,-0.612967,-0.348929,2.493110,0.001010,-0.000910
308,True,True,1.000000,-1.000000,False,4078.989990,855.469971,525.750000,-0.061000,979.220947,-674.440979,0.615210,0.352068,-0.609331,-0.355359,2.500310,0.001010,-0.000910
309,True,True,1.000000,-1.000000,False,4078.989990,863.809998,520.229980,-0.061000,1000.330933,-662.630981,0.611469,0.358402,-0.605625,-0.361763,2.503710,0.001010,-0.000810
310,True,True,1.000000,-1.000000,False,4078.989990,872.320007,514.820007,-0.061000,1021.420959,-649.620972,0.607662,0.364698,-0.601854,-0.368123,2.503510,0.001010,-0.000710
311,True,True,1.000000,-1.000000,False,4078.989990,881.010010,509.519989,-0.061000,1042.420898,-635.470947,0.603793,0.370945,-0.598024,-0.374435,2.499910,0.001110,-0.000610
312,True,True,1.000000,-1.000000,False,4078.989990,889.869995,504.349976,-0.061000,1063.260986,-620.230957,0.599872,0.377133,-0.594139,-0.380688,2.492910,0.001110,-0.000610
313,True,True,1.000000,-1.000000,False,4078.989990,898.899963,499.319977,-0.061000,1083.890991,-603.970947,0.595901,0.383256,-0.590207,-0.386876,2.482710,0.001110,-0.000610
314,True,True,1.000000,-1.000000,True,4078.989990,908.099976,494.419983,-0.061000,1103.730957,-587.610962,0.591866,0.389336,-0.586214,-0.393021,2.482610,0.001010,-0.000510
315,True,True,1.000000,-1.000000,True,4078.989990,917.459961,489.660004,-0.061000,1122.800903,-571.140991,0.587758,0.395394,-0.582141,-0.399144,2.491010,0.000810,-0.000410
316,True,True,1.000000,-1.000000,True,4078.989990,926.969971,485.039978,-0.061000,1141.120972,-554.560974,0.583555,0.401453,-0.577982,-0.405261,2.506410,0.000710,-0.000210
317,True,True,1.000000,-1.000000,True,4078.989990,936.630005,480.559998,-0.061000,1158.710938,-537.860962,0.579252,0.407516,-0.573725,-0.411384,2.527610,0.000510,-0.000110
318,True,True,1.000000,-1.000000,True,4078.989990,946.429993,476.220001,-0.061000,1175.580933,-521.050964,0.574845,0.413596,-0.569356,-0.417524,2.553610,0.000310,0.000000
319,True,True,1.000000,-1.000000,True,4078.989990,956.359985,472.019989,-0.061000,1191.740967,-504.151001,0.570311,0.419703,-0.564872,-0.423690,2.583610,0.000110,0.000000
320,True,True,1.000000,-1.000000,True,4078.989990,966.419983,467.959991,-0.061000,1207.200928,-487.181000,0.565655,0.425837,-0.560265,-0.429883,2.616810,0.000000,0.000000
321,True,True,1.000000,-1.000000,True,4078.989990,976.599976,464.039978,-0.061000,1221.950928,-470.170990,0.560871,0.432004,-0.555523,-0.436109,2.652610,-0.000110,0.000000
322,True,True,1.000000,-1.000000,True,4078.989990,986.899963,460.259979,-0.061000,1236.000977,-453.181000,0.555949,0.438202,-0.550646,-0.442367,2.690410,-0.000110,0.000000
323,True,True,1.000000,-1.000000,True,4078.989990,997.309998,456.619995,-0.061000,1249.350952,-436.260986,0.550882,0.444439,-0.545624,-0.448663,2.729610,-0.000110,0.000000
324,True,True,1.000000,-1.000000,True,4078.989990,1007.829956,453.119995,-0.061000,1262.010986,-419.480988,0.545669,0.450707,-0.540455,-0.454991,2.769810,-0.000110,0.000000
325,True,True,1.000000,-1.000000,True,4078.989990,1018.449951,449.759979,-0.061000,1273.980957,-402.920990,0.540302,0.457003,-0.535142,-0.461351,2.810610,-0.000110,0.000000
326,True,True,1.000000,-1.000000,True,4078.989990,1029.160034,446.539978,-0.061000,1285.281006,-386.681000,0.534783,0.463331,-0.529671,-0.467739,2.851410,-0.000110,0.000000
327,True,True,1.000000,-1.000000,True,4078.989990,1039.959961,443.449982,-0.061000,1295.920898,-370.860992,0.529108,0.469681,-0.524050,-0.474148,2.891910,-0.000110,0.000000
328,True,True,1.000000,-1.000000,True,4078.989990,1050.839966,440.489990,-0.061000,1305.930908,-355.591003,0.523281,0.476047,-0.518272,-0.480573,2.931710,-0.000110,0.000000
329,True,True,1.000000,-1.000000,True,4078.989990,1061.799927,437.649994,-0.061000,1315.350952,-340.990997,0.517296,0.482424,-0.512338,-0.487014,2.970310,-0.000110,0.000000
330,True,True,1.000000,-1.000000,True,4078.989990,1072.839966,434.919983,-0.061000,1324.220947,-327.210999,0.511155,0.488806,-0.506252,-0.493456,3.007310,0.000000,0.000000
331,True,True,1.000000,-1.000000,True,4078.989990,1083.939941,432.299988,-0.061000,1332.600952,-314.401001,0.504858,0.495182,-0.500016,-0.499897,3.042410,0.000000,0.000000
332,True,True,1.000000,-1.000000,True,4078.989990,1095.109985,429.779999,-0.061000,1340.570923,-302.730988,-0.498414,-0.501548,0.493628,0.506324,3.075210,0.000000,0.000000
333,True,True,1.000000,-1.000000,True,4078.989990,1106.349976,427.339996,-0.061000,1348.210938,-292.371002,-0.491821,-0.507892,0.487101,0.512728,3.105210,0.000000,0.000000
334,True,True,1.000000,-1.000000,True,4078.989990,1117.650024,424.979980,-0.061000,1355.640991,-283.510986,-0.485088,-0.514204,0.480433,0.519103,3.132110,0.000110,0.000000
335,True,True,1.000000,-1.000000,True,4078.989990,1129.010010,422.679993,-0.051000,1362.980957,-276.341003,-0.478221,-0.520478,0.473630,0.525435,3.155610,0.000210,0.000000
336,True,True,1.000000,-1.000000,True,4078.989990,1140.429932,420.419983,-0.051000,1370.380981,-271.071014,-0.471229,-0.526699,0.466703,0.531714,3.175310,0.000310,0.000000
337,True,True,1.000000,-1.000000,True,4078.989990,1151.910034,418.190002,-0.041000,1378.020996,-267.901001,-0.464119,-0.532854,0.459657,0.537936,3.191010,0.000410,0.000000
338,True,True,1.000000,-1.000000,True,4078.989990,1163.449951,415.989990,-0.041000,1385.380981,-264.210999,-0.456890,-0.538945,0.452498,0.544091,3.206510,0.000410,0.000000
339,True,True,1.000000,-1.000000,True,4078.989990,1175.049927,413.819977,-0.041000,1392.440918,-260.020996,-0.449542,-0.544971,0.445226,0.550175,3.221710,0.000410,0.000000
340,True,True,1.000000,-1.000000,True,4078.989990,1186.709961,411.690002,-0.041000,1399.200928,-255.350998,-0.442081,-0.550927,0.437835,0.556187,3.236710,0.000410,0.000000
341,True,True,1.000000,-1.000000,True,4078.989990,1198.419922,409.599976,-0.041000,1405.640991,-250.221008,-0.434507,-0.556807,0.430331,0.562125,3.251410,0.000410,0.000000
342,True,True,1.000000,-1.000000,True,4078.989990,1210.179932,407.559998,-0.041000,1411.750977,-244.651001,-0.426819,-0.562612,0.422714,0.567985,3.265810,0.000410,0.000000
343,True,True,1.000000,-1.000000,True,4078.989990,1221.989990,405.569977,-0.041000,1417.520996,-238.671005,-0.419018,-0.568336,0.414988,0.573762,3.279910,0.000410,0.000110
344,True,True,1.000000,-1.000000,True,4078.989990,1233.849976,403.630005,-0.041000,1422.940918,-232.291000,-0.411104,-0.573979,0.407149,0.579458,3.293710,0.000410,0.000110
345,True,True,1.000000,-1.000000,True,4078.989990,1245.750000,401.750000,-0.041000,1428.010986,-225.531006,-0.403076,-0.579535,0.399203,0.585068,3.307210,0.000410,0.000110
346,True,True,1.000000,-1.000000,True,4078.989990,1257.689941,399.929993,-0.041000,1432.720947,-218.421005,-0.394941,-0.585000,0.391149,0.590592,3.320410,0.000410,0.000110
347,True,True,1.000000,-1.000000,True,4078.989990,1269.669922,398.169983,-0.041000,1437.060913,-210.971008,-0.386698,-0.590374,0.382986,0.596025,3.333210,0.000310,0.000110
348,True,True,1.000000,-1.000000,True,4078.989990,1281.679932,396.479980,-0.041000,1441.030884,-203.201004,-0.378352,-0.595655,0.374721,0.601356,3.345710,0.000210,0.000110
349,True,True,1.000000,-1.000000,True,4078.989990,1293.719971,394.850006,-0.041000,1444.630981,-195.130997,-0.369898,-0.600840,0.366354,0.606590,3.357810,0.000210,0.000110
350,True,True,1.000000,-1.000000,True,4078.989990,1305.789917,393.289978,-0.041000,1447.860962,-186.791000,-0.361348,-0.605922,0.357884,0.611724,3.369510,0.000110,0.000110
351,True,True,1.000000,-1.000000,True,4078.989990,1317.880005,391.809998,-0.041000,1450.710938,-178.191010,-0.352694,-0.610901,0.349312,0.616756,3.380810,0.000110,0.000110
352,True,True,1.000000,-1.000000,True,4078.989990,1329.989990,390.399994,-0.041000,1453.190918,-169.350998,-0.343944,-0.615778,0.340642,0.621678,3.391610,0.000000,0.000110
353,True,True,1.000000,-1.000000,True,4078.989990,1342.119995,389.059998,-0.041000,1455.300903,-160.281006,-0.335096,-0.620547,0.331881,0.626488,3.401910,0.000000,0.000110
354,True,True,1.000000,-1.000000,True,4078.989990,1354.260010,387.799988,-0.041000,1457.040894,-151.011002,-0.326157,-0.625203,0.323028,0.631186,3.411810,0.000000,0.000110
355,True,True,1.000000,-1.000000,True,4078.989990,1366.409912,386.619995,-0.041000,1458.410889,-141.551010,-0.317126,-0.629745,0.314084,0.635770,3.421210,0.000000,0.000110
356,True,True,1.000000,-1.000000,True,4078.989990,1378.569946,385.519989,-0.041000,1459.420898,-131.911011,-0.308009,-0.634169,0.305053,0.640237,3.430010,0.000000,0.000110
357,True,True,1.000000,-1.000000,True,4078.989990,1390.739990,384.500000,-0.041000,1460.070923,-122.111000,-0.298805,-0.638474,0.295935,0.644584,3.438310,0.000000,0.000110
358,True,True,1.000000,-1.000000,True,4078.989990,1402.909912,383.569977,-0.041000,1460.370972,-112.170998,-0.289521,-0.642655,0.286737,0.648810,3.446010,0.000000,0.000110
359,True,True,1.000000,-1.000000,True,4078.989990,1415.079956,382.720001,-0.041000,1460.330933,-102.100998,-0.280156,-0.646712,0.277464,0.652909,3.453110,0.000000,0.000210
360,True,True,1.000000,-1.000000,True,4078.989990,1427.250000,381.949982,-0.041000,1459.950928,-91.910995,-0.270715,-0.650645,0.268114,0.656879,3.459610,0.000000,0.000210
361,True,True,1.000000,-1.000000,True,4078.989990,1439.409912,381.269989,-0.041000,1459.240967,-81.611000,-0.261198,-0.654448,0.258695,0.660720,3.465510,0.000000,0.000310
362,True,True,1.000000,-1.000000,True,4078.989990,1451.559937,380.679993,-0.041000,1458.210938,-71.210999,-0.251617,-0.658122,0.249205,0.664425,3.470710,0.000000,0.000310
363,True,True,1.000000,-1.000000,True,4078.989990,1463.699951,380.169983,-0.041000,1456.870972,-60.720997,-0.241971,-0.661661,0.239651,0.667999,3.475210,0.000000,0.000310
364,True,True,1.000000,-1.000000,True,4078.989990,1475.829956,379.750000,-0.041000,1455.230957,-50.150997,-0.232260,-0.665065,0.230038,0.671436,3.479010,0.000000,0.000310
365,True,True,1.000000,-1.000000,True,4078.989990,1487.939941,379.419983,-0.041000,1453.300903,-39.500999,-0.222496,-0.668334,0.220365,0.674733,3.482110,0.000000,0.000310
366,True,True,1.000000,-1.000000,True,4078.989990,1500.029907,379.179993,-0.041000,1451.080933,-28.780998,-0.212677,-0.671463,0.210638,0.677892,3.484410,0.000000,0.000310
367,True,True,1.000000,-1.000000,True,4078.989990,1512.099976,379.029999,-0.041000,1448.590942,-18.000999,-0.202810,-0.674452,0.200863,0.680909,3.485910,0.000000,0.000310
368,True,True,1.000000,-1.000000,True,4078.989990,1524.150024,378.970001,-0.041000,1445.840942,-7.161000,-0.192894,-0.677300,0.191044,0.683782,3.486610,0.000000,0.000310
369,True,True,1.000000,-1.000000,True,4078.989990,1536.169922,379.000000,-0.041000,1442.830933,3.731000,-0.182941,-0.680003,0.181188,0.686512,3.486410,0.000000,0.000310
370,True,True,1.000000,-1.000000,True,4078.989990,1548.169922,379.119995,-0.041000,1439.580933,14.681000,-0.172950,-0.682566,0.171294,0.689094,3.485410,0.000000,0.000310
371,True,True,1.000000,-1.000000,True,4078.989990,1560.140015,379.329987,-0.041000,1436.100952,25.690998,-0.162932,-0.684983,0.161367,0.691529,3.483510,0.000000,0.000310
372,True,True,1.000000,-1.000000,True,4078.989990,1572.079956,379.639984,-0.041000,1432.390991,36.760998,-0.152886,-0.687248,0.151419,0.693821,3.480610,0.000000,0.000310
373,True,True,1.000000,-1.000000,True,4078.989990,1583.979980,380.039978,-0.041000,1428.470947,47.890999,-0.142820,-0.689369,0.141449,0.695964,3.476710,0.000000,0.000310
374,True,True,1.000000,-1.000000,True,4078.989990,1595.849976,380.529999,-0.041000,1424.340942,59.091000,-0.132737,-0.691343,0.131464,0.697956,3.471810,-0.000110,0.000310
375,True,True,1.000000,-1.000000,True,4078.989990,1607.679932,381.119995,-0.041000,1420.010986,70.361000,-0.122643,-0.693172,0.121467,0.699798,3.465910,-0.000210,0.000310
376,True,True,1.000000,-1.000000,True,4078.989990,1619.479980,381.799988,-0.041000,1415.480957,81.700996,-0.112544,-0.694850,0.111465,0.701494,3.458910,-0.000210,0.000310
377,True,True,1.000000,-1.000000,True,4078.989990,1631.239990,382.579987,-0.041000,1410.770996,93.120995,-0.102445,-0.696382,0.101463,0.703038,3.450710,-0.000210,0.000310
378,True,True,1.000000,-1.000000,True,4078.989990,1642.959961,383.449982,-0.041000,1405.860962,104.630997,-0.092351,-0.697768,0.091466,0.704432,3.441910,-0.000210,0.000310
379,True,True,1.000000,-1.000000,True,4078.989990,1654.630005,384.419983,-0.041000,1400.600952,116.170998,-0.082252,-0.699009,0.081464,0.705680,3.436910,-0.000210,0.000210
380,True,True,1.000000,-1.000000,True,4078.989990,1666.260010,385.479980,-0.041000,1395.010986,127.740997,-0.072142,-0.700104,0.071452,0.706784,3.435710,-0.000210,0.000110
381,True,True,1.000000,-1.000000,True,4078.989990,1677.839966,386.639984,-0.041000,1389.090942,139.331009,-0.062011,-0.701059,0.061417,0.707742,3.438210,-0.000210,0.000000
382,True,True,1.000000,-1.000000,True,4078.989990,1689.359985,387.899994,-0.041000,1382.860962,150.951004,-0.051847,-0.701868,0.051351,0.708559,3.444210,-0.000110,0.000000
383,True,True,1.000000,-1.000000,True,4078.989990,1700.829956,389.250000,-0.041000,1376.320923,162.591003,-0.041645,-0.702537,0.041246,0.709229,3.453810,-0.000110,0.000000
384,True,True,1.000000,-1.000000,True,4078.989990,1712.239990,390.699982,-0.041000,1369.310913,174.171005,-0.031390,-0.703061,0.031088,0.709756,3.469510,-0.000110,-0.000110
385,True,True,1.000000,-1.000000,True,4078.989990,1723.589966,392.250000,-0.041000,1361.800903,185.660995,-0.021059,-0.703438,0.020854,0.710138,3.491910,-0.000110,-0.000210
386,True,True,1.000000,-1.000000,True,4078.989990,1734.869995,393.889984,-0.041000,1353.810913,197.051010,-0.010641,-0.703670,0.010533,0.710369,3.520910,0.000000,-0.000310
387,True,True,1.000000,-1.000000,True,4078.989990,1746.079956,395.630005,-0.041000,1345.350952,208.331009,-0.000116,-0.703751,0.000105,0.710447,3.556310,0.000000,-0.000410
388,True,True,1.000000,-1.000000,True,4078.989990,1757.219971,397.459991,-0.041000,1336.440918,219.490997,0.010533,-0.703676,-0.010447,0.710366,3.598010,0.000000,-0.000510
389,True,True,1.000000,-1.000000,True,4078.989990,1768.279907,399.380005,-0.041000,1327.090942,230.531006,0.021323,-0.703433,-0.021140,0.710127,3.645910,0.000110,-0.000710
390,True,True,1.000000,-1.000000,True,4078.989990,1779.260010,401.389984,-0.041000,1317.310913,241.431000,0.032264,-0.703023,-0.031983,0.709715,3.700010,0.000110,-0.000810
391,True,True,1.000000,-1.000000,True,4078.989990,1790.149902,403.489990,-0.041000,1307.110962,252.190994,0.043377,-0.702435,-0.042994,0.709123,3.760210,0.000210,-0.000910
392,True,True,1.000000,-1.000000,True,4078.989990,1800.949951,405.679993,-0.041000,1296.350952,262.751007,0.054668,-0.701658,-0.054183,0.708344,3.824310,0.000210,-0.001010
393,True,True,1.000000,-1.000000,True,4078.989990,1811.659912,407.959991,-0.041000,1284.950928,273.050995,0.066143,-0.700687,-0.065555,0.707365,3.890910,0.000210,-0.001010
394,True,True,1.000000,-1.000000,True,4078.989990,1822.270020,410.319977,-0.041000,1272.930908,283.080994,0.077801,-0.699511,-0.077111,0.706177,3.960010,0.000210,-0.001010
395,True,True,1.000000,-1.000000,True,4078.989990,1832.770020,412.759979,-0.041000,1260.310913,292.800995,0.089648,-0.698119,-0.088850,0.704769,4.031410,0.000310,-0.000910
396,True,True,1.000000,-1.000000,True,4078.989990,1843.159912,415.279999,-0.041000,1247.310913,301.871002,0.101679,-0.696495,-0.100772,0.703136,4.102110,0.000410,-0.000810
397,True,True,1.000000,-1.000000,True,4078.989990,1853.439941,417.869995,-0.041000,1233.970947,310.290985,0.113882,-0.694639,-0.112868,0.701262,4.172210,0.000410,-0.000710
398,True,True,1.000000,-1.000000,True,4078.989990,1863.609985,420.519989,-0.041000,1220.320923,318.040985,0.126258,-0.692535,-0.125130,0.699140,4.241710,0.000410,-0.000510
399,True,True,1.000000,-1.000000,True,4078.989990,1873.659912,423.229980,-0.041000,1206.380981,325.110992,0.138790,-0.690178,-0.137549,0.696758,4.310010,0.000410,-0.000310
400,True,True,1.000000,-1.000000,True,4078.989990,1883.589966,425.989990,-0.041000,1192.010986,331.371002,0.151462,-0.687556,-0.150103,0.694115,4.372810,0.000410,-0.000110
401,True,True,1.000000,-1.000000,True,4078.989990,1893.399902,428.799988,-0.041000,1177.260986,336.800995,0.164248,-0.684664,-0.162770,0.691204,4.430110,0.000410,0.000000
402,True,True,1.000000,-1.000000,True,4078.989990,1903.079956,431.649994,-0.041000,1162.180908,341.411011,0.177125,-0.681503,-0.175528,0.688019,4.482010,0.000310,0.000110
403,True,True,1.000000,-1.000000,True,4078.989990,1912.640015,434.529999,-0.041000,1146.820923,345.191010,0.190078,-0.678066,-0.188357,0.684557,4.528610,0.000210,0.000210
404,True,True,1.000000,-1.000000,True,4078.989990,1922.069946,437.429993,-0.041000,1131.240967,348.140991,0.203080,-0.674355,-0.201235,0.680815,4.569910,0.000110,0.000310
405,True,True,1.000000,-1.000000,True,4078.989990,1931.369995,440.349976,-0.041000,1115.480957,350.281006,0.216108,-0.670368,-0.214139,0.676793,4.606010,0.000000,0.000410
406,True,True,1.000000,-1.000000,True,4078.989990,1940.529907,443.279999,-0.041000,1099.600952,351.621002,0.229148,-0.666106,-0.227049,0.672490,4.636910,0.000000,0.000510
407,True,True,1.000000,-1.000000,True,4078.989990,1949.559937,446.209991,-0.041000,1083.640991,352.181000,0.242171,-0.661569,-0.239943,0.667913,4.662810,0.000000,0.000610
408,True,True,1.000000,-1.000000,True,4078.989990,1958.459961,449.139984,-0.041000,1067.661011,351.990997,0.255161,-0.656762,-0.252804,0.663058,4.683710,-0.000110,0.000610
409,True,True,1.000000,-1.000000,True,4078.989990,1967.219971,452.069977,-0.041000,1051.690918,351.071014,0.268098,-0.651686,-0.265611,0.657936,4.699710,-0.000210,0.000610
410,True,True,1.000000,-1.000000,True,4078.989990,1975.849976,454.979980,-0.041000,1035.781006,349.450989,0.280965,-0.646345,-0.278348,0.652548,4.711010,-0.000210,0.000610
411,True,True,1.000000,-1.000000,True,4078.989990,1984.349976,457.869995,-0.041000,1019.960938,347.181000,0.293740,-0.640751,-0.290999,0.646897,4.717610,-0.000310,0.000610
412,True,True,1.000000,-1.000000,True,4078.989990,1992.719971,460.739990,-0.041000,1004.270935,344.290985,0.306407,-0.634903,-0.303542,0.640996,4.719610,-0.000310,0.000610
413,True,True,1.000000,-1.000000,True,4078.989990,2000.959961,463.579987,-0.041000,988.740967,340.821014,0.318950,-0.628817,-0.315961,0.634845,4.717010,-0.000410,0.000610
414,True,True,1.000000,-1.000000,True,4078.989990,2009.069946,466.389984,-0.031000,973.400940,336.811005,0.331347,-0.622494,-0.328240,0.628465,4.710010,-0.000410,0.000610
415,True,True,1.000000,-1.000000,True,4078.989990,2017.059937,469.160004,-0.031000,958.260925,332.311005,0.343588,-0.615951,-0.340362,0.621857,4.698610,-0.000510,0.000610
416,True,True,1.000000,-1.000000,True,4078.989990,2024.919922,471.889984,-0.031000,943.340942,327.371002,0.355656,-0.609191,-0.352311,0.615038,4.682910,-0.000610,0.000710
417,True,True,1.000000,-1.000000,True,4078.989990,2032.659912,474.569977,-0.031000,928.650940,322.031006,0.367541,-0.602232,-0.364077,0.608012,4.662910,-0.000710,0.000710
418,True,True,1.000000,-1.000000,True,4078.989990,2040.279907,477.209991,-0.031000,914.200928,316.330994,0.379226,-0.595083,-0.375644,0.600795,4.638710,-0.000810,0.000710
419,True,True,1.000000,-1.000000,True,4078.989990,2047.779907,479.799988,-0.021000,899.990967,310.330994,0.390701,-0.587757,-0.387000,0.593402,4.610310,-0.000810,0.000710
420,True,True,1.000000,-1.000000,True,4078.989990,2055.159912,482.329987,-0.021000,886.030945,304.061005,0.401949,-0.580269,-0.398135,0.585844,4.577710,-0.000910,0.000610
421,True,True,1.000000,-1.000000,True,4078.989990,2062.429932,484.809998,-0.021000,872.300964,297.571014,0.412965,-0.572636,-0.409038,0.578132,4.540910,-0.001010,0.000510
422,True,True,1.000000,-1.000000,True,4078.989990,2069.589844,487.229980,-0.021000,858.800964,290.911011,0.423733,-0.564867,-0.419698,0.570289,4.499810,-0.001010,0.000410
423,True,True,1.000000,-1.000000,True,4078.989990,2076.639893,489.599976,-0.011000,845.520935,284.110992,0.434248,-0.556980,-0.430104,0.562328,4.454510,-0.001010,0.000310
424,True,True,1.000000,-1.000000,True,4078.989990,2083.579834,491.910004,-0.011000,832.420959,277.221008,0.444498,-0.548995,-0.440252,0.554260,4.404810,-0.001110,0.000210
425,True,True,1.000000,-1.000000,True,4078.989990,2090.409912,494.160004,-0.011000,819.450928,270.251007,0.454473,-0.540925,-0.450130,0.546111,4.350810,-0.001110,0.000110
426,True,True,1.000000,-1.000000,True,4078.989990,2097.129883,496.349976,-0.011000,806.570984,263.210999,0.464173,-0.532789,-0.459733,0.537889,4.293510,-0.001110,0.000000
427,True,True,1.000000,-1.000000,True,4078.989990,2103.739990,498.479980,0.000000,793.730957,256.101013,0.473592,-0.524600,-0.469060,0.529611,4.234310,-0.001110,0.000000
428,True,True,1.000000,-1.000000,True,4078.989990,2110.250000,500.549988,0.000000,780.920959,248.910995,0.482731,-0.516368,-0.478108,0.521295,4.173710,-0.001110,0.000000
429,True,True,1.000000,-1.000000,True,4078.989990,2116.649902,502.559998,0.000000,768.130981,241.630997,0.491595,-0.508103,-0.486885,0.512942,4.112310,-0.001010,0.000000
430,True,True,1.000000,-1.000000,True,4078.989990,2122.939941,504.509979,0.000000,755.350952,234.251007,0.500183,-0.499816,-0.495387,0.504571,4.050510,-0.000910,0.000000
431,True,True,1.000000,-1.000000,True,4078.989990,2129.129883,506.399994,0.000000,742.570984,226.770996,0.508504,-0.491514,-0.503625,0.496186,3.988810,-0.000810,0.000000
432,True,True,1.000000,-1.000000,True,4078.989990,2135.209961,508.229980,0.000000,729.780945,219.171005,0.516559,-0.483206,-0.511599,0.487797,3.927710,-0.000710,-0.000110
433,True,True,1.000000,-1.000000,True,4078.989990,2141.179932,509.989990,0.000000,716.970947,211.451004,0.524351,-0.474903,-0.519319,0.479408,3.867510,-0.000610,-0.000210
434,True,True,1.000000,-1.000000,True,4078.989990,2147.050049,511.690002,0.000000,704.140991,203.600998,0.531890,-0.466606,-0.526790,0.471024,3.808710,-0.000510,-0.000210
435,True,True,1.000000,-1.000000,True,4078.989990,2152.810059,513.320007,0.000000,691.280945,195.611008,0.539189,-0.458314,-0.534019,0.462651,3.751510,-0.000410,-0.000210
436,True,True,1.000000,-1.000000,True,4078.989990,2158.459961,514.880005,0.000000,678.390991,187.471008,0.546249,-0.450038,-0.541017,0.454290,3.696310,-0.000310,-0.000210
437,True,True,1.000000,-1.000000,True,4078.989990,2164.010010,516.369995,0.000000,665.460938,179.171005,0.553082,-0.441773,-0.547787,0.445944,3.643410,-0.000210,-0.000210
438,True,True,1.000000,-1.000000,True,4078.989990,2169.449951,517.789978,0.000000,652.490967,170.701004,0.559692,-0.433525,-0.554342,0.437614,3.593210,-0.000110,-0.000210
439,True,True,1.000000,-1.000000,True,4078.989990,2174.780029,519.140015,0.000000,639.480957,162.051010,0.566099,-0.425287,-0.560686,0.429295,3.545910,0.000000,-0.000210
440,True,True,1.000000,-1.000000,True,4078.989990,2180.000000,520.419983,0.000000,626.440979,153.210999,0.572306,-0.417060,-0.566831,0.420987,3.501710,0.000000,-0.000210
441,True,True,1.000000,-1.000000,True,4078.989990,2185.109863,521.619995,0.000000,613.360962,144.171005,0.578316,-0.408844,-0.572787,0.412690,3.461010,0.000110,-0.000210
442,True,True,1.000000,-1.000000,True,4078.989990,2190.109863,522.739990,0.000000,600.250977,134.921005,0.584139,-0.400633,-0.578564,0.404398,3.424010,0.000210,-0.000210
443,True,True,1.000000,-1.000000,True,4078.989990,2195.000000,523.789978,0.000000,587.120972,125.440994,0.589792,-0.392416,-0.584170,0.396106,3.390910,0.000310,-0.000210
444,True,True,1.000000,-1.000000,True,4078.989990,2199.780029,524.750000,0.000000,573.970947,115.740997,0.595281,-0.384195,-0.589613,0.387804,3.362010,0.000410,-0.000210
445,True,True,1.000000,-1.000000,True,4078.989990,2204.449951,525.630005,0.000000,560.750977,105.770996,0.600614,-0.375957,-0.594900,0.379490,3.337710,0.000510,-0.000110
446,True,True,1.000000,-1.000000,True,4078.989990,2209.010010,526.429993,0.000000,547.430969,95.471001,0.605803,-0.367697,-0.600041,0.371150,3.318110,0.000510,-0.000110
447,True,True,1.000000,-1.000000,True,4078.989990,2213.459961,527.140015,0.000000,534.020935,84.810997,0.610850,-0.359405,-0.605048,0.362777,3.303110,0.000610,0.000000
448,True,True,1.000000,-1.000000,True,4078.989990,2217.800049,527.750000,0.000000,520.550964,73.761002,0.615768,-0.351070,-0.609925,0.354361,3.292710,0.000710,0.000000
449,True,True,1.000000,-1.000000,True,4078.989990,2222.030029,528.269958,0.000000,507.031006,62.271000,0.620562,-0.342681,-0.614677,0.345897,3.286910,0.000810,0.000000
450,True,True,1.000000,-1.000000,True,4078.989990,2226.139893,528.690002,0.000000,493.490997,50.320999,0.625240,-0.334233,-0.619312,0.337368,3.285810,0.000810,0.000000
451,True,True,1.000000,-1.000000,True,4078.989990,2230.139893,529.010010,0.000000,479.960999,37.870998,0.629803,-0.325709,-0.623838,0.328768,3.289510,0.000910,0.000110
452,True,True,1.000000,-1.000000,True,4078.989990,2234.030029,529.219971,0.000000,466.460999,24.890999,0.634260,-0.317105,-0.628256,0.320083,3.298110,0.000910,0.000110
453,True,True,1.000000,-1.000000,True,4078.989990,2237.810059,529.309998,0.000000,453.031006,11.341001,0.638618,-0.308403,-0.632572,0.311300,3.311910,0.000910,0.000210
454,True,True,1.000000,-1.000000,True,4078.989990,2241.469971,529.289978,0.000000,439.700989,-2.801000,0.642871,-0.299593,-0.636796,0.302409,3.331110,0.001010,0.000210
455,True,True,1.000000,-1.000000,True,4078.989990,2245.020020,529.140015,0.000000,426.501007,-17.580999,0.647035,-0.290659,-0.640923,0.293394,3.356010,0.001010,0.000310
456,True,True,1.000000,-1.000000,True,4078.989990,2248.469971,528.859985,0.000000,413.480988,-33.041000,0.651109,-0.281585,-0.644964,0.284234,3.387110,0.001010,0.000310
457,True,True,1.000000,-1.000000,True,4078.989990,2251.810059,528.450012,0.000000,400.681000,-49.230999,0.655097,-0.272349,-0.648918,0.274917,3.424910,0.001010,0.000310
458,True,True,1.000000,-1.000000,True,4078.989990,2255.040039,527.899963,0.000000,388.031006,-66.030998,0.658993,-0.262951,-0.652786,0.265433,3.464310,0.001010,0.000410
459,True,True,1.000000,-1.000000,True,4078.989990,2258.169922,527.200012,0.000000,375.531006,-83.420998,0.662796,-0.253392,-0.656557,0.255787,3.503410,0.000910,0.000510
460,True,True,1.000000,-1.000000,True,4078.989990,2261.199951,526.349976,0.000000,363.221008,-101.460999,0.666499,-0.243670,-0.660226,0.245979,3.542510,0.000810,0.000510
461,True,True,1.000000,-1.000000,True,4078.989990,2264.129883,525.349976,0.000000,351.140991,-120.210999,0.670094,-0.233787,-0.663792,0.236004,3.582010,0.000710,0.000510
462,True,True,1.000000,-1.000000,True,4078.989990,2266.959961,524.190002,0.000000,339.351013,-139.751007,0.673579,-0.223742,-0.667244,0.225868,3.622410,0.000610,0.000610
