frame,ball.Location.X,ball.Location.Y,ball.Location.Z,ball.LinearVelocity.X,ball.LinearVelocity.Y,ball.LinearVelocity.Z,ball.Quaternion.X,ball.Quaternion.Y,ball.Quaternion.Z,ball.Quaternion.W,ball.AngularVelocity.X,ball.AngularVelocity.Y,ball.AngularVelocity.Z
0,0.000000,0.000000,93.150002,0.000000,0.000000,0.000000,0.000003,0.000003,0.000003,1.000000,0.000000,0.000000,0.000000
1,-41.660000,0.000000,99.949997,-4998.730957,0.000000,-5.411000,0.000003,0.000003,0.000003,1.000000,0.000000,0.000000,0.000000
2,-83.309998,0.000000,99.860001,-4997.460938,0.000000,-10.821000,0.000003,0.000003,0.000003,1.000000,0.000000,0.000000,0.000000
3,-124.939995,0.000000,99.720001,-4996.190918,0.000000,-16.230999,0.000003,0.000003,0.000003,1.000000,0.000000,0.000000,0.000000
4,-166.559998,0.000000,99.540001,-4994.920898,0.000000,-21.640999,0.000003,0.000003,0.000003,1.000000,0.000000,0.000000,0.000000
5,-208.169998,0.000000,99.309998,-4993.650879,0.000000,-27.050999,0.000003,0.000003,0.000003,1.000000,0.000000,0.000000,0.000000
6,-249.769989,0.000000,99.040001,-4992.380859,0.000000,-32.460999,0.000003,0.000003,0.000003,1.000000,0.000000,0.000000,0.000000
7,-291.359985,0.000000,98.720001,-4991.110840,0.000000,-37.861000,0.000003,0.000003,0.000003,1.000000,0.000000,0.000000,0.000000
8,-332.940002,0.000000,98.360001,-4989.840820,0.000000,-43.260998,0.000003,0.000003,0.000003,1.000000,0.000000,0.000000,0.000000
9,-374.509979,0.000000,97.949997,-4988.570801,0.000000,-48.660999,0.000003,0.000003,0.000003,1.000000,0.000000,0.000000,0.000000
10,-416.069977,0.000000,97.500000,-4987.300781,0.000000,-54.060997,0.000003,0.000003,0.000003,1.000000,0.000000,0.000000,0.000000
11,-457.619995,0.000000,97.000000,-4986.030762,0.000000,-59.460999,0.000003,0.000003,0.000003,1.000000,0.000000,0.000000,0.000000
12,-499.160004,0.000000,96.459999,-4984.760742,0.000000,-64.861000,0.000003,0.000003,0.000003,1.000000,0.000000,0.000000,0.000000
13,-540.690002,0.000000,95.869995,-4983.490723,0.000000,-70.261002,0.000003,0.000003,0.000003,1.000000,0.000000,0.000000,0.000000
14,-582.209961,0.000000,95.239998,-4982.220703,0.000000,-75.651001,0.000003,0.000003,0.000003,1.000000,0.000000,0.000000,0.000000
15,-623.719971,0.000000,94.559998,-4980.950684,0.000000,-81.041000,0.000003,0.000003,0.000003,1.000000,0.000000,0.000000,0.000000
16,-665.219971,0.000000,93.839996,-4979.680664,0.000000,-86.431000,0.000003,0.000003,0.000003,1.000000,0.000000,0.000000,0.000000
17,-706.709961,0.000000,93.070000,-4978.410645,0.000000,-91.820999,0.000003,0.000003,0.000003,1.000000,0.000000,0.000000,0.000000
18,-747.739990,0.000000,93.529999,-4923.840820,0.000000,55.070999,0.000003,-0.006083,0.000003,0.999981,0.000000,-1.460310,0.000000
19,-788.760010,0.000000,93.939995,-4922.590820,0.000000,49.640999,0.000003,-0.012168,0.000003,0.999926,0.000000,-1.460310,0.000000
20,-829.769958,0.000000,94.309998,-4921.340820,0.000000,44.210999,0.000003,-0.018253,0.000003,0.999833,0.000000,-1.460310,0.000000
21,-870.769958,0.000000,94.629997,-4920.090820,0.000000,38.780998,0.000003,-0.024339,0.000003,0.999704,0.000000,-1.460310,0.000000
22,-911.760010,0.000000,94.909996,-4918.840820,0.000000,33.350998,0.000003,-0.030419,0.000003,0.999537,0.000000,-1.460310,0.000000
23,-952.739990,0.000000,95.139999,-4917.590820,0.000000,27.921000,0.000003,-0.036499,0.000003,0.999334,0.000000,-1.460310,0.000000
24,-993.709961,0.000000,95.329994,-4916.340820,0.000000,22.490999,0.000003,-0.042579,0.000003,0.999093,0.000000,-1.460310,0.000000
25,-1034.669922,0.000000,95.470001,-4915.090820,0.000000,17.060999,0.000003,-0.048659,0.000003,0.998815,0.000000,-1.460310,0.000000
26,-1075.619995,0.000000,95.570000,-4913.840820,0.000000,11.641000,0.000003,-0.054733,0.000003,0.998501,0.000000,-1.460310,0.000000
27,-1116.559937,0.000000,95.619995,-4912.590820,0.000000,6.221000,0.000003,-0.060808,0.000003,0.998149,0.000000,-1.460310,0.000000
28,-1157.489990,0.000000,95.629997,-4911.340820,0.000000,0.801000,0.000003,-0.066882,0.000003,0.997761,0.000000,-1.460310,0.000000
29,-1198.410034,0.000000,95.589996,-4910.090820,0.000000,-4.611000,0.000003,-0.072951,0.000003,0.997335,0.000000,-1.460310,0.000000
30,-1239.319946,0.000000,95.509995,-4908.840820,0.000000,-10.021000,0.000003,-0.079021,0.000003,0.996873,0.000000,-1.460310,0.000000
31,-1280.219971,0.000000,95.379997,-4907.590820,0.000000,-15.431000,0.000003,-0.085084,0.000003,0.996374,0.000000,-1.460310,0.000000
32,-1321.109985,0.000000,95.209999,-4906.340820,0.000000,-20.841000,0.000003,-0.091143,0.000003,0.995838,0.000000,-1.460310,0.000000
33,-1361.989990,0.000000,94.989998,-4905.090820,0.000000,-26.250999,0.000003,-0.097201,0.000003,0.995265,0.000000,-1.460310,0.000000
34,-1402.859985,0.000000,94.729996,-4903.840820,0.000000,-31.660999,0.000003,-0.103254,0.000003,0.994655,0.000000,-1.460310,0.000000
35,-1443.709961,0.000000,94.419998,-4902.590820,0.000000,-37.060997,0.000003,-0.109302,0.000003,0.994009,0.000000,-1.460310,0.000000
36,-1484.549927,0.000000,94.070000,-4901.340820,0.000000,-42.460999,0.000003,-0.115349,0.000003,0.993325,0.000000,-1.460310,0.000000
37,-1525.380005,0.000000,93.669998,-4900.090820,0.000000,-47.861000,0.000003,-0.121391,0.000003,0.992605,0.000000,-1.460310,0.000000
38,-1566.199951,0.000000,93.229996,-4898.840820,0.000000,-53.260998,0.000003,-0.127428,0.000003,0.991848,0.000000,-1.460310,0.000000
39,-1607.010010,0.000000,92.739998,-4897.590820,0.000000,-58.660999,0.000003,-0.133460,0.000003,0.991054,0.000000,-1.460310,0.000000
40,-1647.520020,0.000000,93.029999,-4861.610840,0.000000,35.181000,0.000003,-0.143413,0.000003,0.989663,0.000000,-2.412010,0.000000
41,-1688.020020,0.000000,93.279999,-4860.371094,0.000000,29.750999,0.000003,-0.153350,0.000003,0.988172,0.000000,-2.412010,0.000000
42,-1728.510010,0.000000,93.479996,-4859.130859,0.000000,24.320999,0.000003,-0.163271,0.000003,0.986581,0.000000,-2.412010,0.000000
43,-1768.989990,0.000000,93.639999,-4857.890625,0.000000,18.890999,0.000003,-0.173176,0.000003,0.984891,0.000000,-2.412010,0.000000
44,-1809.459961,0.000000,93.750000,-4856.650879,0.000000,13.461000,0.000003,-0.183065,0.000003,0.983101,0.000000,-2.412010,0.000000
45,-1849.919922,0.000000,93.820000,-4855.410645,0.000000,8.041000,0.000003,-0.192938,0.000003,0.981211,0.000000,-2.412010,0.000000
46,-1890.369995,0.000000,93.839996,-4854.170898,0.000000,2.621000,0.000003,-0.202788,0.000003,0.979222,0.000000,-2.412010,0.000000
47,-1930.809937,0.000000,93.820000,-4852.930664,0.000000,-2.791000,0.000003,-0.212618,0.000003,0.977135,0.000000,-2.412010,0.000000
48,-1971.239990,0.000000,93.750000,-4851.690918,0.000000,-8.201000,0.000003,-0.222426,0.000003,0.974950,0.000000,-2.412010,0.000000
49,-2011.659912,0.000000,93.639999,-4850.450684,0.000000,-13.611000,0.000003,-0.232212,0.000003,0.972665,0.000000,-2.412010,0.000000
50,-2052.070068,0.000000,93.479996,-4849.210938,0.000000,-19.021000,0.000003,-0.241976,0.000003,0.970282,0.000000,-2.412010,0.000000
51,-2092.469971,0.000000,93.279999,-4847.980957,0.000000,-24.431000,0.000003,-0.251714,0.000003,0.967802,0.000000,-2.412010,0.000000
52,-2132.859863,0.000000,93.029999,-4846.750977,0.000000,-29.841000,0.000003,-0.261430,0.000003,0.965222,0.000000,-2.412010,0.000000
53,-2173.079834,0.000000,93.180000,-4826.910645,0.000000,17.900999,0.000003,-0.273158,0.000003,0.961969,0.000000,-2.921610,0.000000
54,-2213.290039,0.000000,93.279999,-4825.680664,0.000000,12.471000,0.000003,-0.284849,0.000003,0.958572,0.000000,-2.921610,0.000000
55,-2253.489990,0.000000,93.339996,-4824.450684,0.000000,7.051000,0.000003,-0.296496,0.000003,0.955034,0.000000,-2.921610,0.000000
56,-2293.679932,0.000000,93.349998,-4823.220703,0.000000,1.631000,0.000003,-0.308101,0.000003,0.951354,0.000000,-2.921610,0.000000
57,-2333.859863,0.000000,93.320000,-4821.990723,0.000000,-3.781000,0.000003,-0.319656,0.000003,0.947533,0.000000,-2.921610,0.000000
58,-2374.030029,0.000000,93.239998,-4820.760742,0.000000,-9.191000,0.000003,-0.331169,0.000003,0.943571,0.000000,-2.921610,0.000000
59,-2414.189941,0.000000,93.119995,-4819.530762,0.000000,-14.601000,0.000003,-0.342633,0.000003,0.939469,0.000000,-2.921610,0.000000
60,-2454.260010,0.000000,93.189995,-4808.230957,0.000000,8.751000,0.000003,-0.355117,0.000003,0.934822,0.000000,-3.197510,0.000000
61,-2494.319824,0.000000,93.220001,-4807.010742,0.000000,3.331000,0.000003,-0.367541,0.000003,0.930007,0.000000,-3.197510,0.000000
62,-2534.369873,0.000000,93.199997,-4805.791016,0.000000,-2.081000,0.000003,-0.379900,0.000003,0.925027,0.000000,-3.197510,0.000000
63,-2574.409912,0.000000,93.139999,-4804.570801,0.000000,-7.491000,0.000003,-0.392190,0.000003,0.919884,0.000000,-3.197510,0.000000
64,-2614.389893,0.000000,93.180000,-4797.260742,0.000000,4.491000,0.000003,-0.405046,0.000003,0.914296,0.000000,-3.364310,0.000000
65,-2654.359863,0.000000,93.169998,-4796.041016,0.000000,-0.921000,0.000003,-0.417820,0.000003,0.908530,0.000000,-3.364310,0.000000
66,-2694.319824,0.000000,93.119995,-4794.820801,0.000000,-6.331000,0.000003,-0.430514,0.000003,0.902584,0.000000,-3.364310,0.000000
67,-2734.219971,0.000000,93.150002,-4788.160645,0.000000,3.791000,0.000003,-0.443683,0.000003,0.896184,0.000000,-3.513310,0.000000
68,-2774.109863,0.000000,93.150002,-4786.371094,0.000000,0.000000,0.000003,-0.456814,0.000003,0.889562,0.000000,-3.528910,0.000000
69,-2813.969971,0.000000,93.150002,-4783.260742,0.000000,0.000000,0.000003,-0.470037,0.000003,0.882647,0.000000,-3.580810,0.000000
70,-2853.800049,0.000000,93.150002,-4780.150879,0.000000,0.000000,0.000003,-0.483341,0.000003,0.875432,0.000000,-3.632710,0.000000
71,-2893.609863,0.000000,93.150002,-4777.041016,0.000000,0.000000,0.000003,-0.496725,0.000003,0.867908,0.000000,-3.684610,0.000000
72,-2933.389893,0.000000,93.150002,-4773.930664,0.000000,0.000000,0.000003,-0.510174,0.000003,0.860071,0.000000,-3.736510,0.000000
73,-2973.149902,0.000000,93.150002,-4770.820801,0.000000,0.000000,0.000003,-0.523688,0.000003,0.851910,0.000000,-3.788410,0.000000
74,-3012.879883,0.000000,93.150002,-4767.710938,0.000000,0.000000,0.000003,-0.537251,0.000003,0.843422,0.000000,-3.840310,0.000000
75,-3052.579834,0.000000,93.150002,-4764.601074,0.000000,0.000000,0.000003,-0.550857,0.000003,0.834600,0.000000,-3.892210,0.000000
76,-3092.260010,0.000000,93.150002,-4761.490723,0.000000,0.000000,0.000003,-0.564495,0.000003,0.825437,0.000000,-3.944110,0.000000
77,-3131.909912,0.000000,93.150002,-4758.380859,0.000000,0.000000,0.000003,-0.578160,0.000003,0.815923,0.000000,-3.996010,0.000000
78,-3171.540039,0.000000,93.150002,-4755.270996,0.000000,0.000000,0.000003,-0.591841,0.000003,0.806055,0.000000,-4.047910,0.000000
79,-3211.139893,0.000000,93.150002,-4752.160645,0.000000,0.000000,0.000003,-0.605522,0.000003,0.795828,0.000000,-4.099810,0.000000
80,-3250.719971,0.000000,93.150002,-4749.050781,0.000000,0.000000,0.000003,-0.619198,0.000003,0.785235,0.000000,-4.151710,0.000000
81,-3290.270020,0.000000,93.150002,-4745.940918,0.000000,0.000000,0.000003,-0.632858,0.000003,0.774268,0.000000,-4.203610,0.000000
82,-3329.790039,0.000000,93.150002,-4742.840820,0.000000,0.000000,0.000003,-0.646485,0.000003,0.762926,0.000000,-4.255510,0.000000
83,-3369.290039,0.000000,93.150002,-4739.740723,0.000000,0.000000,0.000003,-0.660075,0.000003,0.751200,0.000000,-4.307410,0.000000
84,-3408.760010,0.000000,93.150002,-4736.641113,0.000000,0.000000,0.000003,-0.673610,0.000003,0.739087,0.000000,-4.359310,0.000000
85,-3448.209961,0.000000,93.150002,-4733.541016,0.000000,0.000000,0.000003,-0.687081,0.000003,0.726581,0.000000,-4.411210,0.000000
86,-3487.629883,0.000000,93.150002,-4730.440918,0.000000,0.000000,0.000003,-0.700471,0.000003,0.713681,0.000000,-4.463110,0.000000
87,-3527.020020,0.000000,93.150002,-4727.340820,0.000000,0.000000,-0.000003,0.713771,-0.000003,-0.700379,0.000000,-4.515010,0.000000
88,-3566.389893,0.000000,93.150002,-4724.240723,0.000000,0.000000,-0.000003,0.726968,-0.000003,-0.686671,0.000000,-4.566910,0.000000
89,-3605.729980,0.000000,93.150002,-4721.141113,0.000000,0.000000,-0.000003,0.740049,-0.000003,-0.672553,0.000000,-4.618810,0.000000
90,-3645.049805,0.000000,93.150002,-4718.041016,0.000000,0.000000,-0.000003,0.752996,-0.000003,-0.658025,0.000000,-4.670710,0.000000
91,-3684.339844,0.000000,93.150002,-4714.940918,0.000000,0.000000,-0.000003,0.765798,-0.000003,-0.643081,0.000000,-4.722610,0.000000
92,-3723.609863,0.000000,93.150002,-4711.840820,0.000000,0.000000,-0.000003,0.778437,-0.000003,-0.627722,0.000000,-4.774510,0.000000
93,-3762.849854,0.000000,93.150002,-4708.740723,0.000000,0.000000,-0.000003,0.790902,-0.000003,-0.611942,0.000000,-4.826410,0.000000
94,-3802.059814,0.000000,93.150002,-4705.641113,0.000000,0.000000,-0.000003,0.803176,-0.000003,-0.595741,0.000000,-4.878310,0.000000
95,-3841.250000,0.000000,93.150002,-4702.550781,0.000000,0.000000,-0.000003,0.815246,-0.000003,-0.579115,0.000000,-4.930210,0.000000
96,-3878.239990,0.000000,98.029999,-4439.270996,0.000000,585.900940,-0.000003,0.840435,-0.000003,-0.541912,0.000000,-5.999910,0.000000
97,-3908.819824,0.000000,111.500000,-3669.730957,0.000000,1616.690918,-0.000003,0.878034,-0.000003,-0.478599,0.000000,-6.000010,0.000000
98,-3939.389893,0.000000,124.919998,-3668.791016,0.000000,1610.860962,-0.000003,0.889723,-0.000003,-0.456501,0.000000,-6.000010,0.000000
99,-3956.289795,0.000000,146.819992,-2079.551025,0.000000,2566.110840,-0.000003,0.929016,-0.000003,-0.370039,0.000000,-5.999910,0.000000
100,-3973.609863,0.000000,168.149994,-2079.020996,0.000000,2560.041016,-0.000003,0.937976,-0.000003,-0.346701,0.000000,-5.999910,0.000000
101,-3990.929932,0.000000,189.429993,-2078.490967,0.000000,2553.970947,-0.000003,0.946349,-0.000003,-0.323147,0.000000,-5.999910,0.000000
102,-3993.159912,0.000000,211.419998,-340.010986,0.000000,2600.031006,-0.000003,0.971697,-0.000003,-0.236231,0.000000,-6.000010,0.000000
103,-3995.989990,0.000000,233.039993,-339.920990,0.000000,2593.950928,-0.000003,0.977298,-0.000003,-0.211868,0.000000,-6.000010,0.000000
104,-3998.819824,0.000000,254.610001,-339.830994,0.000000,2587.870850,-0.000003,0.982289,-0.000003,-0.187370,0.000000,-6.000010,0.000000
105,-4001.649902,0.000000,276.119995,-339.740997,0.000000,2581.791016,-0.000003,0.986666,-0.000003,-0.162759,0.000000,-6.000010,0.000000
106,-4004.479980,0.000000,297.579987,-339.651001,0.000000,2575.710938,-0.000003,0.990426,-0.000003,-0.138045,0.000000,-6.000010,0.000000
107,-4002.780029,0.000000,317.410004,203.731003,0.000000,2379.480957,-0.000003,0.995791,-0.000003,-0.091650,0.000000,-6.000010,0.000000
108,-4001.079834,0.000000,337.190002,203.671005,0.000000,2373.460938,-0.000003,0.997771,-0.000003,-0.066731,0.000000,-6.000010,0.000000
109,-3999.379883,0.000000,356.919983,203.611008,0.000000,2367.440918,-0.000003,0.999127,-0.000003,-0.041769,0.000000,-6.000010,0.000000
110,-3997.679932,0.000000,376.600006,203.551010,0.000000,2361.420898,-0.000003,0.999859,-0.000003,-0.016781,0.000000,-6.000010,0.000000
111,-3995.979980,0.000000,396.229980,203.490997,0.000000,2355.400879,-0.000003,0.999966,-0.000003,0.008219,0.000000,-6.000010,0.000000
112,-3994.280029,0.000000,415.809998,203.431000,0.000000,2349.380859,-0.000003,0.999448,-0.000003,0.033213,0.000000,-6.000010,0.000000
113,-3992.579834,0.000000,435.339996,203.371002,0.000000,2343.360840,-0.000003,0.998306,-0.000003,0.058186,0.000000,-6.000010,0.000000
114,-3990.889893,0.000000,454.819977,203.311005,0.000000,2337.340820,-0.000003,0.996539,-0.000003,0.083121,0.000000,-6.000010,0.000000
115,-3989.199951,0.000000,474.250000,203.251007,0.000000,2331.330811,-0.000003,0.994150,-0.000003,0.108007,0.000000,-6.000010,0.000000
116,-3987.510010,0.000000,493.629974,203.191010,0.000000,2325.321045,-0.000003,0.991140,-0.000003,0.132823,0.000000,-6.000010,0.000000
117,-3985.819824,0.000000,512.959961,203.130997,0.000000,2319.311035,-0.000003,0.987510,-0.000003,0.157558,0.000000,-6.000010,0.000000
118,-3984.129883,0.000000,532.239990,203.070999,0.000000,2313.301025,-0.000003,0.983262,-0.000003,0.182196,0.000000,-6.000010,0.000000
119,-3982.439941,0.000000,551.469971,203.011002,0.000000,2307.291016,-0.000003,0.978401,-0.000003,0.206716,0.000000,-6.000010,0.000000
120,-3980.750000,0.000000,570.649963,202.951004,0.000000,2301.281006,-0.000003,0.972927,-0.000003,0.231111,0.000000,-6.000010,0.000000
121,-3979.059814,0.000000,589.779968,202.891006,0.000000,2295.281006,-0.000003,0.966846,-0.000003,0.255361,0.000000,-6.000010,0.000000
122,-3977.369873,0.000000,608.859985,202.831009,0.000000,2289.281006,-0.000003,0.960161,-0.000003,0.279449,0.000000,-6.000010,0.000000
123,-3975.679932,0.000000,627.890015,202.770996,0.000000,2283.281006,-0.000003,0.952875,-0.000003,0.303364,0.000000,-6.000010,0.000000
124,-3973.989990,0.000000,646.869995,202.710999,0.000000,2277.281006,-0.000003,0.944993,-0.000003,0.327090,0.000000,-6.000010,0.000000
125,-3972.299805,0.000000,665.799988,202.651001,0.000000,2271.281006,-0.000003,0.936521,-0.000003,0.350612,0.000000,-6.000010,0.000000
126,-3970.609863,0.000000,684.679993,202.591003,0.000000,2265.281006,-0.000003,0.927464,-0.000003,0.373912,0.000000,-6.000010,0.000000
127,-3968.919922,0.000000,703.510010,202.531006,0.000000,2259.281006,-0.000003,0.917827,-0.000003,0.396980,0.000000,-6.000010,0.000000
128,-3967.229980,0.000000,722.289978,202.471008,0.000000,2253.291016,-0.000003,0.907616,-0.000003,0.419800,0.000000,-6.000010,0.000000
129,-3965.539795,0.000000,741.019958,202.410995,0.000000,2247.301025,-0.000003,0.896839,-0.000003,0.442356,0.000000,-6.000010,0.000000
130,-3963.849854,0.000000,759.700012,202.350998,0.000000,2241.311035,-0.000003,0.885501,-0.000003,0.464637,0.000000,-6.000010,0.000000
131,-3962.159912,0.000000,778.329956,202.291000,0.000000,2235.321045,-0.000003,0.873610,-0.000003,0.486626,0.000000,-6.000010,0.000000
132,-3960.469971,0.000000,796.909973,202.231003,0.000000,2229.330811,-0.000003,0.861172,-0.000003,0.508313,0.000000,-6.000010,0.000000
133,-3958.780029,0.000000,815.440002,202.171005,0.000000,2223.340820,-0.000003,0.848196,-0.000003,0.529682,0.000000,-6.000010,0.000000
134,-3957.099854,0.000000,833.919983,202.111008,0.000000,2217.350830,-0.000003,0.834692,-0.000003,0.550716,0.000000,-6.000010,0.000000
135,-3955.419922,0.000000,852.349976,202.051010,0.000000,2211.370850,-0.000003,0.820664,-0.000003,0.571411,0.000000,-6.000010,0.000000
136,-3953.739990,0.000000,870.729980,201.990997,0.000000,2205.390869,-0.000003,0.806126,-0.000003,0.591744,0.000000,-6.000010,0.000000
137,-3952.059814,0.000000,889.059998,201.931000,0.000000,2199.410889,-0.000003,0.791082,-0.000003,0.611710,0.000000,-6.000010,0.000000
138,-3950.379883,0.000000,907.339966,201.871002,0.000000,2193.430908,-0.000003,0.775544,-0.000003,0.631293,0.000000,-6.000010,0.000000
139,-3948.699951,0.000000,925.570007,201.811005,0.000000,2187.450928,-0.000003,0.759521,-0.000003,0.650483,0.000000,-6.000010,0.000000
140,-3947.020020,0.000000,943.750000,201.751007,0.000000,2181.470947,-0.000003,0.743021,-0.000003,0.669267,0.000000,-6.000010,0.000000
141,-3945.339844,0.000000,961.880005,201.691010,0.000000,2175.500977,-0.000003,0.726060,-0.000003,0.687631,0.000000,-6.000010,0.000000
142,-3943.659912,0.000000,979.959961,201.630997,0.000000,2169.531006,-0.000003,0.708646,-0.000003,0.705564,0.000000,-6.000010,0.000000
143,-3941.979980,0.000000,997.989990,201.570999,0.000000,2163.561035,-0.000003,0.690787,-0.000003,0.723058,0.000000,-6.000010,0.000000
144,-3940.299805,0.000000,1015.969971,201.511002,0.000000,2157.590820,-0.000003,0.672499,-0.000003,0.740098,0.000000,-6.000010,0.000000
145,-3938.619873,0.000000,1033.900024,201.451004,0.000000,2151.620850,-0.000003,0.653790,-0.000003,0.756676,0.000000,-6.000010,0.000000
146,-3936.939941,0.000000,1051.780029,201.391006,0.000000,2145.650879,-0.000003,0.634671,-0.000003,0.772783,0.000000,-6.000010,0.000000
147,-3935.260010,0.000000,1069.609985,201.331009,0.000000,2139.680908,-0.000003,0.615152,-0.000003,0.788408,0.000000,-6.000010,0.000000
148,-3933.579834,0.000000,1087.390015,201.270996,0.000000,2133.720947,-0.000003,0.595251,-0.000003,0.803540,0.000000,-6.000010,0.000000
149,-3931.899902,0.000000,1105.119995,201.210999,0.000000,2127.760986,-0.000003,0.574977,-0.000003,0.818170,0.000000,-6.000010,0.000000
150,-3930.219971,0.000000,1122.799927,201.151001,0.000000,2121.801025,-0.000003,0.554347,-0.000003,0.832286,0.000000,-6.000010,0.000000
151,-3928.539795,0.000000,1140.429932,201.091003,0.000000,2115.840820,-0.000003,0.533367,-0.000003,0.845884,0.000000,-6.000010,0.000000
152,-3926.859863,0.000000,1158.010010,201.031006,0.000000,2109.880859,-0.000003,0.512057,-0.000003,0.858951,0.000000,-6.000010,0.000000
153,-3925.179932,0.000000,1175.539917,200.971008,0.000000,2103.920898,-0.000003,0.490424,-0.000003,0.871484,0.000000,-6.000010,0.000000
154,-3923.510010,0.000000,1193.020020,200.921005,0.000000,2097.970947,-0.000003,0.468483,-0.000003,0.883472,0.000000,-6.000010,0.000000
155,-3921.839844,0.000000,1210.449951,200.871002,0.000000,2092.020996,-0.000003,0.446251,-0.000003,0.894908,0.000000,-6.000010,0.000000
156,-3920.169922,0.000000,1227.829956,200.820999,0.000000,2086.071045,-0.000003,0.423739,-0.000003,0.905784,0.000000,-6.000010,0.000000
157,-3918.500000,0.000000,1245.159912,200.770996,0.000000,2080.120850,-0.000003,0.400962,-0.000003,0.916095,0.000000,-6.000010,0.000000
158,-3916.829834,0.000000,1262.439941,200.721008,0.000000,2074.170898,-0.000003,0.377937,-0.000003,0.925831,0.000000,-6.000010,0.000000
159,-3915.159912,0.000000,1279.679932,200.671005,0.000000,2068.220947,-0.000003,0.354674,-0.000003,0.934990,0.000000,-6.000010,0.000000
160,-3913.489990,0.000000,1296.869995,200.621002,0.000000,2062.270996,-0.000003,0.331190,-0.000003,0.943564,0.000000,-6.000010,0.000000
161,-3911.819824,0.000000,1314.010010,200.570999,0.000000,2056.330811,-0.000003,0.307502,-0.000003,0.951547,0.000000,-6.000010,0.000000
162,-3910.149902,0.000000,1331.099976,200.520996,0.000000,2050.390869,-0.000003,0.283619,-0.000003,0.958937,0.000000,-6.000010,0.000000
163,-3908.479980,0.000000,1348.140015,200.471008,0.000000,2044.450928,-0.000003,0.259558,-0.000003,0.965727,0.000000,-6.000010,0.000000
164,-3906.809814,0.000000,1365.130005,200.421005,0.000000,2038.510986,-0.000003,0.235335,-0.000003,0.971914,0.000000,-6.000010,0.000000
165,-3905.139893,0.000000,1382.069946,200.371002,0.000000,2032.570923,-0.000003,0.210967,-0.000003,0.977493,0.000000,-6.000010,0.000000
166,-3903.469971,0.000000,1398.959961,200.320999,0.000000,2026.630981,-0.000003,0.186464,-0.000003,0.982462,0.000000,-6.000010,0.000000
167,-3901.799805,0.000000,1415.799927,200.270996,0.000000,2020.690918,-0.000003,0.161847,-0.000003,0.986816,0.000000,-6.000010,0.000000
168,-3900.129883,0.000000,1432.589966,200.221008,0.000000,2014.760986,-0.000003,0.137128,-0.000003,0.990553,0.000000,-6.000010,0.000000
169,-3898.459961,0.000000,1449.329956,200.171005,0.000000,2008.830933,-0.000003,0.112323,-0.000003,0.993672,0.000000,-6.000010,0.000000
170,-3896.789795,0.000000,1466.020020,200.121002,0.000000,2002.900879,-0.000003,0.087447,-0.000003,0.996169,0.000000,-6.000010,0.000000
171,-3895.119873,0.000000,1482.659912,200.070999,0.000000,1996.970947,-0.000003,0.062518,-0.000003,0.998044,0.000000,-6.000010,0.000000
172,-3893.449951,0.000000,1499.250000,200.020996,0.000000,1991.040894,-0.000003,0.037551,-0.000003,0.999295,0.000000,-6.000010,0.000000
173,-3891.780029,0.000000,1515.789917,199.971008,0.000000,1985.110962,-0.000003,0.012562,-0.000003,0.999921,0.000000,-6.000010,0.000000
174,-3890.109863,0.000000,1532.279907,199.921005,0.000000,1979.190918,-0.000003,-0.012438,-0.000003,0.999923,0.000000,-6.000010,0.000000
175,-3888.439941,0.000000,1548.719971,199.871002,0.000000,1973.270874,-0.000003,-0.037432,-0.000003,0.999299,0.000000,-6.000010,0.000000
176,-3886.770020,0.000000,1565.109985,199.820999,0.000000,1967.350952,-0.000003,-0.062399,-0.000003,0.998051,0.000000,-6.000010,0.000000
177,-3885.109863,0.000000,1581.459961,199.770996,0.000000,1961.430908,-0.000003,-0.087329,-0.000003,0.996180,0.000000,-6.000010,0.000000
178,-3883.449951,0.000000,1597.760010,199.721008,0.000000,1955.510986,-0.000003,-0.112204,-0.000003,0.993685,0.000000,-6.000010,0.000000
179,-3881.789795,0.000000,1614.010010,199.671005,0.000000,1949.590942,-0.000003,-0.137009,-0.000003,0.990570,0.000000,-6.000010,0.000000
180,-3880.129883,0.000000,1630.209961,199.621002,0.000000,1943.670898,-0.000003,-0.161729,-0.000003,0.986835,0.000000,-6.000010,0.000000
181,-3878.469971,0.000000,1646.359985,199.570999,0.000000,1937.760986,-0.000003,-0.186345,-0.000003,0.982484,0.000000,-6.000010,0.000000
182,-3876.809814,0.000000,1662.459961,199.520996,0.000000,1931.850952,-0.000003,-0.210848,-0.000003,0.977519,0.000000,-6.000010,0.000000
183,-3875.149902,0.000000,1678.510010,199.471008,0.000000,1925.940918,-0.000003,-0.235217,-0.000003,0.971943,0.000000,-6.000010,0.000000
184,-3873.489990,0.000000,1694.510010,199.421005,0.000000,1920.030884,-0.000003,-0.259439,-0.000003,0.965759,0.000000,-6.000010,0.000000
185,-3871.829834,0.000000,1710.459961,199.371002,0.000000,1914.120972,-0.000003,-0.283500,-0.000003,0.958972,0.000000,-6.000010,0.000000
186,-3870.169922,0.000000,1726.359985,199.320999,0.000000,1908.210938,-0.000003,-0.307383,-0.000003,0.951586,0.000000,-6.000010,0.000000
187,-3868.510010,0.000000,1742.209961,199.270996,0.000000,1902.310913,-0.000003,-0.331072,-0.000003,0.943606,0.000000,-6.000010,0.000000
188,-3866.849854,0.000000,1758.010010,199.221008,0.000000,1896.410889,-0.000003,-0.354555,-0.000003,0.935035,0.000000,-6.000010,0.000000
189,-3865.189941,0.000000,1773.760010,199.171005,0.000000,1890.510986,-0.000003,-0.377818,-0.000003,0.925880,0.000000,-6.000010,0.000000
190,-3863.530029,0.000000,1789.469971,199.121002,0.000000,1884.610962,-0.000003,-0.400843,-0.000003,0.916147,0.000000,-6.000010,0.000000
191,-3861.869873,0.000000,1805.130005,199.070999,0.000000,1878.710938,-0.000003,-0.423620,-0.000003,0.905840,0.000000,-6.000010,0.000000
192,-3860.209961,0.000000,1820.739990,199.020996,0.000000,1872.810913,-0.000003,-0.446132,-0.000003,0.894967,0.000000,-6.000010,0.000000
193,-3858.549805,0.000000,1836.299927,198.971008,0.000000,1866.910889,-0.000003,-0.468364,-0.000003,0.883535,0.000000,-6.000010,0.000000
194,-3856.889893,0.000000,1851.809937,198.921005,0.000000,1861.020874,-0.000003,-0.490305,-0.000003,0.871551,0.000000,-6.000010,0.000000
195,-3845.599854,0.000000,1852.649902,1355.340942,0.000000,100.670998,-0.000003,-0.533809,-0.000003,0.845605,0.000000,-6.000010,0.000000
196,-3834.309814,0.000000,1853.439941,1354.990967,0.000000,95.221001,-0.000003,-0.554779,-0.000003,0.831998,0.000000,-6.000010,0.000000
197,-3823.020020,0.000000,1854.189941,1354.640991,0.000000,89.780998,-0.000003,-0.575403,-0.000003,0.817870,0.000000,-6.000010,0.000000
198,-3811.729980,0.000000,1854.890015,1354.290894,0.000000,84.340996,-0.000003,-0.595666,-0.000003,0.803232,0.000000,-6.000010,0.000000
199,-3800.449951,0.000000,1855.549927,1353.940918,0.000000,78.901001,-0.000003,-0.615557,-0.000003,0.788093,0.000000,-6.000010,0.000000
200,-3789.169922,0.000000,1856.159912,1353.590942,0.000000,73.460999,-0.000003,-0.635064,-0.000003,0.772459,0.000000,-6.000010,0.000000
201,-3777.889893,0.000000,1856.729980,1353.240967,0.000000,68.020996,-0.000003,-0.654173,-0.000003,0.756345,0.000000,-6.000010,0.000000
202,-3766.619873,0.000000,1857.250000,1352.890991,0.000000,62.580997,-0.000003,-0.672877,-0.000003,0.739755,0.000000,-6.000010,0.000000
203,-3755.349854,0.000000,1857.729980,1352.540894,0.000000,57.140999,-0.000003,-0.691160,-0.000003,0.722702,0.000000,-6.000010,0.000000
204,-3744.079834,0.000000,1858.159912,1352.190918,0.000000,51.700996,0.000003,0.709011,0.000003,-0.705197,0.000000,-6.000010,0.000000
205,-3732.809814,0.000000,1858.549927,1351.840942,0.000000,46.271000,0.000003,0.726417,0.000003,-0.687254,0.000000,-6.000010,0.000000
206,-3721.549805,0.000000,1858.890015,1351.490967,0.000000,40.841000,0.000003,0.743371,0.000003,-0.668879,0.000000,-6.000010,0.000000
207,-3710.290039,0.000000,1859.189941,1351.140991,0.000000,35.410999,0.000003,0.759858,0.000003,-0.650089,0.000000,-6.000010,0.000000
208,-3699.030029,0.000000,1859.439941,1350.790894,0.000000,29.980999,0.000003,0.775873,0.000003,-0.630889,0.000000,-6.000010,0.000000
209,-3687.780029,0.000000,1859.640015,1350.440918,0.000000,24.550999,0.000003,0.791403,0.000003,-0.611295,0.000000,-6.000010,0.000000
210,-3676.530029,0.000000,1859.799927,1350.090942,0.000000,19.120998,0.000003,0.806435,0.000003,-0.591323,0.000000,-6.000010,0.000000
211,-3665.280029,0.000000,1859.909912,1349.740967,0.000000,13.691000,0.000003,0.820964,0.000003,-0.570979,0.000000,-6.000010,0.000000
212,-3654.030029,0.000000,1859.979980,1349.390991,0.000000,8.271000,0.000003,0.834981,0.000003,-0.550279,0.000000,-6.000010,0.000000
213,-3642.790039,0.000000,1860.000000,1349.040894,0.000000,2.851000,0.000003,0.848476,0.000003,-0.529234,0.000000,-6.000010,0.000000
214,-3631.549805,0.000000,1859.979980,1348.690918,0.000000,-2.561000,0.000003,0.861440,0.000003,-0.507860,0.000000,-6.000010,0.000000
215,-3620.309814,0.000000,1859.909912,1348.340942,0.000000,-7.971000,0.000003,0.873866,0.000003,-0.486167,0.000000,-6.000010,0.000000
216,-3609.079834,0.000000,1859.799927,1347.990967,0.000000,-13.381001,0.000003,0.885745,0.000003,-0.464173,0.000000,-6.000010,0.000000
217,-3597.849854,0.000000,1859.640015,1347.640991,0.000000,-18.790998,0.000003,0.897071,0.000003,-0.441887,0.000000,-6.000010,0.000000
218,-3586.619873,0.000000,1859.439941,1347.290894,0.000000,-24.200998,0.000003,0.907836,0.000003,-0.419326,0.000000,-6.000010,0.000000
219,-3575.399902,0.000000,1859.189941,1346.940918,0.000000,-29.610998,0.000003,0.918034,0.000003,-0.396500,0.000000,-6.000010,0.000000
220,-3564.179932,0.000000,1858.899902,1346.590942,0.000000,-35.021000,0.000003,0.927660,0.000003,-0.373427,0.000000,-6.000010,0.000000
221,-3552.959961,0.000000,1858.559937,1346.240967,0.000000,-40.420998,0.000003,0.936704,0.000003,-0.350121,0.000000,-6.000010,0.000000
222,-3541.739990,0.000000,1858.179932,1345.890991,0.000000,-45.820999,0.000003,0.945165,0.000003,-0.326594,0.000000,-6.000010,0.000000
223,-3530.530029,0.000000,1857.750000,1345.540894,0.000000,-51.220997,0.000003,0.953033,0.000003,-0.302868,0.000000,-6.000010,0.000000
224,-3519.319824,0.000000,1857.279907,1345.190918,0.000000,-56.620998,0.000003,0.960306,0.000003,-0.278947,0.000000,-6.000010,0.000000
225,-3508.109863,0.000000,1856.760010,1344.840942,0.000000,-62.021000,0.000003,0.966979,0.000003,-0.254854,0.000000,-6.000010,0.000000
226,-3496.909912,0.000000,1856.199951,1344.490967,0.000000,-67.420998,0.000003,0.973048,0.000003,-0.230604,0.000000,-6.000010,0.000000
227,-3485.709961,0.000000,1855.589966,1344.140991,0.000000,-72.820999,0.000003,0.978508,0.000003,-0.206209,0.000000,-6.000010,0.000000
228,-3474.510010,0.000000,1854.939941,1343.800903,0.000000,-78.210999,0.000003,0.983357,0.000003,-0.181684,0.000000,-6.000010,0.000000
229,-3463.309814,0.000000,1854.239990,1343.450928,0.000000,-83.600998,0.000003,0.987591,0.000003,-0.157046,0.000000,-6.000010,0.000000
230,-3452.119873,0.000000,1853.500000,1343.110962,0.000000,-88.990997,0.000003,0.991208,0.000003,-0.132311,0.000000,-6.000010,0.000000
231,-3440.929932,0.000000,1852.709961,1342.770996,0.000000,-94.380997,0.000003,0.994206,0.000003,-0.107489,0.000000,-6.000010,0.000000
232,-3429.739990,0.000000,1851.880005,1342.430908,0.000000,-99.770996,0.000003,0.996583,0.000003,-0.082603,0.000000,-6.000010,0.000000
233,-3418.559814,0.000000,1851.000000,1342.090942,0.000000,-105.160995,0.000003,0.998336,0.000003,-0.057662,0.000000,-6.000010,0.000000
234,-3407.379883,0.000000,1850.079956,1341.750977,0.000000,-110.550995,0.000003,0.999465,0.000003,-0.032690,0.000000,-6.000010,0.000000
235,-3396.199951,0.000000,1849.109985,1341.410889,0.000000,-115.931000,0.000003,0.999970,0.000003,-0.007696,0.000000,-6.000010,0.000000
236,-3385.020020,0.000000,1848.099976,1341.070923,0.000000,-121.310997,0.000003,0.999850,0.000003,0.017304,0.000000,-6.000010,0.000000
237,-3373.849854,0.000000,1847.039917,1340.730957,0.000000,-126.690994,0.000003,0.999105,0.000003,0.042293,0.000000,-6.000010,0.000000
238,-3362.679932,0.000000,1845.939941,1340.390991,0.000000,-132.070999,0.000003,0.997736,0.000003,0.067254,0.000000,-6.000010,0.000000
239,-3351.510010,0.000000,1844.789917,1340.050903,0.000000,-137.451004,0.000003,0.995743,0.000003,0.092173,0.000000,-6.000010,0.000000
240,-3340.349854,0.000000,1843.599976,1339.710938,0.000000,-142.831009,0.000003,0.993127,0.000003,0.117038,0.000000,-6.000010,0.000000
241,-3329.189941,0.000000,1842.359985,1339.370972,0.000000,-148.210999,0.000003,0.989891,0.000003,0.141827,0.000000,-6.000010,0.000000
242,-3318.030029,0.000000,1841.079956,1339.031006,0.000000,-153.591003,0.000003,0.986036,0.000003,0.166530,0.000000,-6.000010,0.000000
243,-3306.869873,0.000000,1839.760010,1338.690918,0.000000,-158.960999,0.000003,0.981566,0.000003,0.191125,0.000000,-6.000010,0.000000
244,-3295.719971,0.000000,1838.390015,1338.350952,0.000000,-164.331009,0.000003,0.976481,0.000003,0.215601,0.000000,-6.000010,0.000000
245,-3284.569824,0.000000,1836.979980,1338.010986,0.000000,-169.701004,0.000003,0.970787,0.000003,0.239943,0.000000,-6.000010,0.000000
246,-3273.419922,0.000000,1835.520020,1337.670898,0.000000,-175.070999,0.000003,0.964486,0.000003,0.264133,0.000000,-6.000010,0.000000
247,-3262.280029,0.000000,1834.020020,1337.330933,0.000000,-180.441010,0.000003,0.957582,0.000003,0.288161,0.000000,-6.000010,0.000000
248,-3251.139893,0.000000,1832.469971,1336.990967,0.000000,-185.811005,0.000003,0.950080,0.000003,0.312007,0.000000,-6.000010,0.000000
249,-3240.000000,0.000000,1830.880005,1336.651001,0.000000,-191.181000,0.000003,0.941984,0.000003,0.335657,0.000000,-6.000010,0.000000
250,-3228.859863,0.000000,1829.239990,1336.310913,0.000000,-196.541000,0.000003,0.933300,0.000003,0.359098,0.000000,-6.000010,0.000000
251,-3217.729980,0.000000,1827.559937,1335.970947,0.000000,-201.901001,0.000003,0.924031,0.000003,0.382317,0.000000,-6.000010,0.000000
252,-3206.599854,0.000000,1825.829956,1335.630981,0.000000,-207.261002,0.000003,0.914186,0.000003,0.405294,0.000000,-6.000010,0.000000
253,-3195.469971,0.000000,1824.059937,1335.290894,0.000000,-212.621002,0.000003,0.903771,0.000003,0.428017,0.000000,-6.000010,0.000000
254,-3184.349854,0.000000,1822.239990,1334.950928,0.000000,-217.981003,0.000003,0.892789,0.000003,0.450475,0.000000,-6.000010,0.000000
255,-3173.229980,0.000000,1820.380005,1334.610962,0.000000,-223.341003,0.000003,0.881248,0.000003,0.472653,0.000000,-6.000010,0.000000
256,-3162.109863,0.000000,1818.469971,1334.270996,0.000000,-228.701004,0.000003,0.869158,0.000003,0.494535,0.000000,-6.000010,0.000000
257,-3150.989990,0.000000,1816.520020,1333.930908,0.000000,-234.050995,0.000003,0.856523,0.000003,0.516109,0.000000,-6.000010,0.000000
258,-3139.879883,0.000000,1814.520020,1333.590942,0.000000,-239.401001,0.000003,0.843354,0.000003,0.537359,0.000000,-6.000010,0.000000
259,-3128.770020,0.000000,1812.479980,1333.250977,0.000000,-244.751007,0.000003,0.829656,0.000003,0.558274,0.000000,-6.000010,0.000000
260,-3117.659912,0.000000,1810.399902,1332.910889,0.000000,-250.100998,0.000003,0.815441,0.000003,0.578840,0.000000,-6.000010,0.000000
261,-3106.550049,0.000000,1808.270020,1332.570923,0.000000,-255.451004,0.000003,0.800717,0.000003,0.599043,0.000000,-6.000010,0.000000
262,-3095.449951,0.000000,1806.099976,1332.230957,0.000000,-260.800995,0.000003,0.785490,0.000003,0.618874,0.000000,-6.000010,0.000000
263,-3084.349854,0.000000,1803.880005,1331.890991,0.000000,-266.151001,0.000003,0.769773,0.000003,0.638317,0.000000,-6.000010,0.000000
264,-3073.250000,0.000000,1801.619995,1331.550903,0.000000,-271.501007,0.000003,0.753576,0.000003,0.657361,0.000000,-6.000010,0.000000
265,-3062.159912,0.000000,1799.309937,1331.210938,0.000000,-276.841003,0.000003,0.736906,0.000003,0.675995,0.000000,-6.000010,0.000000
266,-3051.069824,0.000000,1796.959961,1330.870972,0.000000,-282.181000,0.000003,0.719780,0.000003,0.694202,0.000000,-6.000010,0.000000
267,-3039.979980,0.000000,1794.559937,1330.531006,0.000000,-287.520996,0.000003,0.702203,0.000003,0.711977,0.000000,-6.000010,0.000000
268,-3028.889893,0.000000,1792.119995,1330.190918,0.000000,-292.860992,0.000003,0.684184,0.000003,0.729309,0.000000,-6.000010,0.000000
269,-3017.809814,0.000000,1789.630005,1329.850952,0.000000,-298.200989,0.000003,0.665739,0.000003,0.746184,0.000000,-6.000010,0.000000
270,-3006.729980,0.000000,1787.099976,1329.510986,0.000000,-303.540985,0.000003,0.646879,0.000003,0.762593,0.000000,-6.000010,0.000000
271,-2995.649902,0.000000,1784.529907,1329.170898,0.000000,-308.881012,0.000003,0.627614,0.000003,0.778525,0.000000,-6.000010,0.000000
272,-2984.579834,0.000000,1781.909912,1328.830933,0.000000,-314.210999,0.000003,0.607955,0.000003,0.793971,0.000000,-6.000010,0.000000
273,-2973.510010,0.000000,1779.250000,1328.490967,0.000000,-319.540985,0.000003,0.587919,0.000003,0.808920,0.000000,-6.000010,0.000000
274,-2962.439941,0.000000,1776.539917,1328.151001,0.000000,-324.871002,0.000003,0.567516,0.000003,0.823362,0.000000,-6.000010,0.000000
275,-2951.369873,0.000000,1773.789917,1327.810913,0.000000,-330.200989,0.000003,0.546757,0.000003,0.837292,0.000000,-6.000010,0.000000
276,-2940.309814,0.000000,1770.989990,1327.470947,0.000000,-335.531006,0.000003,0.525657,0.000003,0.850696,0.000000,-6.000010,0.000000
277,-2929.250000,0.000000,1768.149902,1327.130981,0.000000,-340.860992,0.000003,0.504229,0.000003,0.863570,0.000000,-6.000010,0.000000
278,-2918.189941,0.000000,1765.270020,1326.790894,0.000000,-346.191010,0.000003,0.482483,0.000003,0.875905,0.000000,-6.000010,0.000000
279,-2907.139893,0.000000,1762.339966,1326.450928,0.000000,-351.510986,0.000003,0.460434,0.000003,0.887694,0.000000,-6.000010,0.000000
280,-2896.089844,0.000000,1759.369995,1326.110962,0.000000,-356.830994,0.000003,0.438100,0.000003,0.898926,0.000000,-6.000010,0.000000
281,-2885.040039,0.000000,1756.349976,1325.770996,0.000000,-362.151001,0.000003,0.415490,0.000003,0.909598,0.000000,-6.000010,0.000000
282,-2873.989990,0.000000,1753.289917,1325.430908,0.000000,-367.471008,0.000003,0.392621,0.000003,0.919700,0.000000,-6.000010,0.000000
283,-2862.949951,0.000000,1750.179932,1325.090942,0.000000,-372.790985,0.000003,0.369510,0.000003,0.929227,0.000000,-6.000010,0.000000
284,-2851.909912,0.000000,1747.029907,1324.750977,0.000000,-378.110992,0.000003,0.346167,0.000003,0.938173,0.000000,-6.000010,0.000000
285,-2840.869873,0.000000,1743.829956,1324.410889,0.000000,-383.431000,0.000003,0.322607,0.000003,0.946533,0.000000,-6.000010,0.000000
286,-2829.839844,0.000000,1740.589966,1324.070923,0.000000,-388.751007,0.000003,0.298843,0.000003,0.954302,0.000000,-6.000010,0.000000
287,-2818.810059,0.000000,1737.309937,1323.730957,0.000000,-394.061005,0.000003,0.274896,0.000003,0.961474,0.000000,-6.000010,0.000000
288,-2807.780029,0.000000,1733.979980,1323.390991,0.000000,-399.371002,0.000003,0.250775,0.000003,0.968045,0.000000,-6.000010,0.000000
289,-2796.750000,0.000000,1730.609985,1323.050903,0.000000,-404.681000,0.000003,0.226499,0.000003,0.974011,0.000000,-6.000010,0.000000
290,-2785.729980,0.000000,1727.189941,1322.710938,0.000000,-409.990997,0.000003,0.202082,0.000003,0.979369,0.000000,-6.000010,0.000000
291,-2774.709961,0.000000,1723.729980,1322.370972,0.000000,-415.300995,0.000003,0.177535,0.000003,0.984114,0.000000,-6.000010,0.000000
292,-2763.689941,0.000000,1720.219971,1322.031006,0.000000,-420.610992,0.000003,0.152881,0.000003,0.988245,0.000000,-6.000010,0.000000
293,-2752.679932,0.000000,1716.669922,1321.690918,0.000000,-425.920990,0.000003,0.128130,0.000003,0.991757,0.000000,-6.000010,0.000000
294,-2741.669922,0.000000,1713.079956,1321.350952,0.000000,-431.221008,0.000003,0.103297,0.000003,0.994650,0.000000,-6.000010,0.000000
295,-2730.659912,0.000000,1709.439941,1321.010986,0.000000,-436.520996,0.000003,0.078400,0.000003,0.996922,0.000000,-6.000010,0.000000
296,-2719.649902,0.000000,1705.760010,1320.670898,0.000000,-441.820984,0.000003,0.053455,0.000003,0.998570,0.000000,-6.000010,0.000000
297,-2708.649902,0.000000,1702.029907,1320.330933,0.000000,-447.121002,0.000003,0.028477,0.000003,0.999594,0.000000,-6.000010,0.000000
298,-2697.649902,0.000000,1698.260010,1319.990967,0.000000,-452.420990,0.000003,0.003482,0.000003,0.999994,0.000000,-6.000010,0.000000
299,-2686.649902,0.000000,1694.449951,1319.651001,0.000000,-457.721008,0.000003,-0.021517,0.000003,0.999768,0.000000,-6.000010,0.000000
300,-2675.659912,0.000000,1690.589966,1319.310913,0.000000,-463.020996,0.000003,-0.046501,0.000003,0.998918,0.000000,-6.000010,0.000000
301,-2664.669922,0.000000,1686.689941,1318.970947,0.000000,-468.320984,0.000003,-0.071457,0.000003,0.997444,0.000000,-6.000010,0.000000
302,-2653.679932,0.000000,1682.739990,1318.630981,0.000000,-473.610992,0.000003,-0.096370,0.000003,0.995346,0.000000,-6.000010,0.000000
303,-2642.689941,0.000000,1678.750000,1318.290894,0.000000,-478.901001,0.000003,-0.121219,0.000003,0.992626,0.000000,-6.000010,0.000000
304,-2631.709961,0.000000,1674.719971,1317.950928,0.000000,-484.191010,0.000003,-0.145992,0.000003,0.989286,0.000000,-6.000010,0.000000
305,-2620.729980,0.000000,1670.640015,1317.610962,0.000000,-489.480988,0.000003,-0.170673,0.000003,0.985328,0.000000,-6.000010,0.000000
306,-2609.750000,0.000000,1666.520020,1317.270996,0.000000,-494.770996,0.000003,-0.195252,0.000003,0.980753,0.000000,-6.000010,0.000000
307,-2598.780029,0.000000,1662.349976,1316.930908,0.000000,-500.061005,0.000003,-0.219707,0.000003,0.975566,0.000000,-6.000010,0.000000
308,-2587.810059,0.000000,1658.140015,1316.590942,0.000000,-505.350983,0.000003,-0.244026,0.000003,0.969769,0.000000,-6.000010,0.000000
309,-2576.839844,0.000000,1653.880005,1316.250977,0.000000,-510.630981,0.000003,-0.268190,0.000003,0.963366,0.000000,-6.000010,0.000000
310,-2565.869873,0.000000,1649.579956,1315.910889,0.000000,-515.910950,0.000003,-0.292186,0.000003,0.956361,0.000000,-6.000010,0.000000
311,-2554.909912,0.000000,1645.239990,1315.570923,0.000000,-521.190979,0.000003,-0.315999,0.000003,0.948760,0.000000,-6.000010,0.000000
312,-2543.949951,0.000000,1640.849976,1315.230957,0.000000,-526.470947,0.000003,-0.339617,0.000003,0.940564,0.000000,-6.000010,0.000000
313,-2532.989990,0.000000,1636.419922,1314.890991,0.000000,-531.750977,0.000003,-0.363025,0.000003,0.931779,0.000000,-6.000010,0.000000
314,-2522.040039,0.000000,1631.939941,1314.550903,0.000000,-537.030945,0.000003,-0.386201,0.000003,0.922414,0.000000,-6.000010,0.000000
315,-2511.089844,0.000000,1627.419922,1314.210938,0.000000,-542.310974,0.000003,-0.409140,0.000003,0.912471,0.000000,-6.000010,0.000000
316,-2500.139893,0.000000,1622.859985,1313.870972,0.000000,-547.590942,0.000003,-0.431820,0.000003,0.901960,0.000000,-6.000010,0.000000
317,-2489.189941,0.000000,1618.250000,1313.531006,0.000000,-552.860962,0.000003,-0.454230,0.000003,0.890884,0.000000,-6.000010,0.000000
318,-2478.250000,0.000000,1613.599976,1313.190918,0.000000,-558.130981,0.000003,-0.476360,0.000003,0.879250,0.000000,-6.000010,0.000000
319,-2467.310059,0.000000,1608.900024,1312.850952,0.000000,-563.400940,0.000003,-0.498187,0.000003,0.867069,0.000000,-6.000010,0.000000
320,-2456.369873,0.000000,1604.159912,1312.510986,0.000000,-568.670959,0.000003,-0.519707,0.000003,0.854344,0.000000,-6.000010,0.000000
321,-2445.429932,0.000000,1599.380005,1312.170898,0.000000,-573.940979,0.000003,-0.540903,0.000003,0.841085,0.000000,-6.000010,0.000000
322,-2434.500000,0.000000,1594.549927,1311.830933,0.000000,-579.210938,0.000003,-0.561760,0.000003,0.827300,0.000000,-6.000010,0.000000
323,-2423.569824,0.000000,1589.679932,1311.490967,0.000000,-584.480957,0.000003,-0.582265,0.000003,0.812999,0.000000,-6.000010,0.000000
324,-2412.639893,0.000000,1584.770020,1311.151001,0.000000,-589.740967,0.000003,-0.602404,0.000003,0.798191,0.000000,-6.000010,0.000000
325,-2401.719971,0.000000,1579.809937,1310.810913,0.000000,-595.000977,0.000003,-0.622171,0.000003,0.782881,0.000000,-6.000010,0.000000
326,-2390.800049,0.000000,1574.809937,1310.470947,0.000000,-600.260986,0.000003,-0.641544,0.000003,0.767087,0.000000,-6.000010,0.000000
327,-2379.879883,0.000000,1569.760010,1310.130981,0.000000,-605.520935,0.000003,-0.660517,0.000003,0.750811,0.000000,-6.000010,0.000000
328,-2368.959961,0.000000,1564.669922,1309.790894,0.000000,-610.780945,0.000003,-0.679081,0.000003,0.734064,0.000000,-6.000010,0.000000
329,-2358.050049,0.000000,1559.539917,1309.450928,0.000000,-616.040955,0.000003,-0.697218,0.000003,0.716859,0.000000,-6.000010,0.000000
330,-2347.139893,0.000000,1554.359985,1309.110962,0.000000,-621.300964,-0.000003,0.714918,-0.000003,-0.699209,0.000000,-6.000010,0.000000
331,-2336.229980,0.000000,1549.140015,1308.770996,0.000000,-626.550964,-0.000003,0.732172,-0.000003,-0.681120,0.000000,-6.000010,0.000000
332,-2325.329834,0.000000,1543.869995,1308.430908,0.000000,-631.800964,-0.000003,0.748969,-0.000003,-0.662605,0.000000,-6.000010,0.000000
333,-2314.429932,0.000000,1538.559937,1308.090942,0.000000,-637.050964,-0.000003,0.765299,-0.000003,-0.643674,0.000000,-6.000010,0.000000
334,-2303.530029,0.000000,1533.209961,1307.750977,0.000000,-642.300964,-0.000003,0.781149,-0.000003,-0.624345,0.000000,-6.000010,0.000000
335,-2292.629883,0.000000,1527.809937,1307.410889,0.000000,-647.550964,-0.000003,0.796513,-0.000003,-0.604621,0.000000,-6.000010,0.000000
336,-2281.739990,0.000000,1522.369995,1307.070923,0.000000,-652.800964,-0.000003,0.811379,-0.000003,-0.584520,0.000000,-6.000010,0.000000
337,-2270.849854,0.000000,1516.890015,1306.730957,0.000000,-658.050964,-0.000003,0.825735,-0.000003,-0.564058,0.000000,-6.000010,0.000000
338,-2259.959961,0.000000,1511.359985,1306.390991,0.000000,-663.300964,-0.000003,0.839578,-0.000003,-0.543239,0.000000,-6.000010,0.000000
339,-2249.079834,0.000000,1505.789917,1306.050903,0.000000,-668.540955,-0.000003,0.852896,-0.000003,-0.522081,0.000000,-6.000010,0.000000
340,-2238.199951,0.000000,1500.179932,1305.710938,0.000000,-673.780945,-0.000003,0.865680,-0.000003,-0.500599,0.000000,-6.000010,0.000000
341,-2227.320068,0.000000,1494.520020,1305.370972,0.000000,-679.020935,-0.000003,0.877922,-0.000003,-0.478804,0.000000,-6.000010,0.000000
342,-2216.439941,0.000000,1488.819946,1305.031006,0.000000,-684.260986,-0.000003,0.889617,-0.000003,-0.456706,0.000000,-6.000010,0.000000
343,-2205.570068,0.000000,1483.069946,1304.690918,0.000000,-689.500977,-0.000003,0.900757,-0.000003,-0.434323,0.000000,-6.000010,0.000000
344,-2194.699951,0.000000,1477.279907,1304.350952,0.000000,-694.740967,-0.000003,0.911333,-0.000003,-0.411670,0.000000,-6.000010,0.000000
345,-2183.829834,0.000000,1471.449951,1304.010986,0.000000,-699.980957,-0.000003,0.921340,-0.000003,-0.388759,0.000000,-6.000010,0.000000
346,-2172.969971,0.000000,1465.569946,1303.680908,0.000000,-705.210938,-0.000003,0.930770,-0.000003,-0.365604,0.000000,-6.000010,0.000000
347,-2162.109863,0.000000,1459.650024,1303.350952,0.000000,-710.440979,-0.000003,0.939619,-0.000003,-0.342223,0.000000,-6.000010,0.000000
348,-2151.250000,0.000000,1453.689941,1303.020996,0.000000,-715.670959,-0.000003,0.947881,-0.000003,-0.318626,0.000000,-6.000010,0.000000
349,-2140.389893,0.000000,1447.679932,1302.690918,0.000000,-720.900940,-0.000003,0.955550,-0.000003,-0.294829,0.000000,-6.000010,0.000000
350,-2129.540039,0.000000,1441.630005,1302.360962,0.000000,-726.130981,-0.000003,0.962622,-0.000003,-0.270849,0.000000,-6.000010,0.000000
351,-2118.689941,0.000000,1435.539917,1302.031006,0.000000,-731.360962,-0.000003,0.969091,-0.000003,-0.246702,0.000000,-6.000010,0.000000
352,-2107.839844,0.000000,1429.400024,1301.700928,0.000000,-736.590942,-0.000003,0.974956,-0.000003,-0.222399,0.000000,-6.000010,0.000000
353,-2096.989990,0.000000,1423.219971,1301.370972,0.000000,-741.820984,-0.000003,0.980210,-0.000003,-0.197960,0.000000,-6.000010,0.000000
354,-2086.149902,0.000000,1416.989990,1301.040894,0.000000,-747.040955,-0.000003,0.984852,-0.000003,-0.173398,0.000000,-6.000010,0.000000
355,-2075.310059,0.000000,1410.719971,1300.710938,0.000000,-752.260986,-0.000003,0.988878,-0.000003,-0.148727,0.000000,-6.000010,0.000000
356,-2064.469971,0.000000,1404.409912,1300.380981,0.000000,-757.480957,-0.000003,0.992287,-0.000003,-0.123959,0.000000,-6.000010,0.000000
357,-2053.639893,0.000000,1398.049927,1300.050903,0.000000,-762.700989,-0.000003,0.995076,-0.000003,-0.099116,0.000000,-6.000010,0.000000
358,-2042.809937,0.000000,1391.650024,1299.720947,0.000000,-767.920959,-0.000003,0.997243,-0.000003,-0.074208,0.000000,-6.000010,0.000000
359,-2031.979980,0.000000,1385.209961,1299.390991,0.000000,-773.140930,-0.000003,0.998786,-0.000003,-0.049257,0.000000,-6.000010,0.000000
360,-2021.149902,0.000000,1378.719971,1299.060913,0.000000,-778.360962,-0.000003,0.999705,-0.000003,-0.024274,0.000000,-6.000010,0.000000
361,-2010.329956,0.000000,1372.189941,1298.730957,0.000000,-783.580933,-0.000003,1.000000,-0.000003,0.000726,0.000000,-6.000010,0.000000
362,-1999.510010,0.000000,1365.619995,1298.401001,0.000000,-788.790955,-0.000003,0.999669,-0.000003,0.025725,0.000000,-6.000010,0.000000
363,-1988.689941,0.000000,1359.000000,1298.070923,0.000000,-794.000977,-0.000003,0.998713,-0.000003,0.050709,0.000000,-6.000010,0.000000
364,-1977.880005,0.000000,1352.339966,1297.740967,0.000000,-799.210938,-0.000003,0.997134,-0.000003,0.075660,0.000000,-6.000010,0.000000
365,-1967.069946,0.000000,1345.640015,1297.410889,0.000000,-804.420959,-0.000003,0.994931,-0.000003,0.100562,0.000000,-6.000010,0.000000
366,-1956.260010,0.000000,1338.890015,1297.080933,0.000000,-809.630981,-0.000003,0.992106,-0.000003,0.125400,0.000000,-6.000010,0.000000
367,-1945.449951,0.000000,1332.099976,1296.750977,0.000000,-814.840942,-0.000003,0.988661,-0.000003,0.150162,0.000000,-6.000010,0.000000
368,-1934.649902,0.000000,1325.270020,1296.420898,0.000000,-820.050964,-0.000003,0.984599,-0.000003,0.174827,0.000000,-6.000010,0.000000
369,-1923.849976,0.000000,1318.390015,1296.090942,0.000000,-825.250977,-0.000003,0.979921,-0.000003,0.199384,0.000000,-6.000010,0.000000
370,-1913.049927,0.000000,1311.469971,1295.760986,0.000000,-830.450928,-0.000003,0.974631,-0.000003,0.223817,0.000000,-6.000010,0.000000
371,-1902.250000,0.000000,1304.510010,1295.430908,0.000000,-835.650940,-0.000003,0.968732,-0.000003,0.248110,0.000000,-6.000010,0.000000
372,-1891.459961,0.000000,1297.500000,1295.100952,0.000000,-840.850952,-0.000003,0.962227,-0.000003,0.272247,0.000000,-6.000010,0.000000
373,-1880.669922,0.000000,1290.449951,1294.770996,0.000000,-846.050964,-0.000003,0.955121,-0.000003,0.296216,0.000000,-6.000010,0.000000
374,-1869.880005,0.000000,1283.359985,1294.440918,0.000000,-851.250977,-0.000003,0.947419,-0.000003,0.319996,0.000000,-6.000010,0.000000
375,-1859.099976,0.000000,1276.219971,1294.110962,0.000000,-856.450928,-0.000003,0.939124,-0.000003,0.343577,0.000000,-6.000010,0.000000
376,-1848.319946,0.000000,1269.039917,1293.781006,0.000000,-861.650940,-0.000003,0.930242,-0.000003,0.366947,0.000000,-6.000010,0.000000
377,-1837.539917,0.000000,1261.819946,1293.450928,0.000000,-866.840942,-0.000003,0.920778,-0.000003,0.390086,0.000000,-6.000010,0.000000
378,-1826.760010,0.000000,1254.549927,1293.120972,0.000000,-872.030945,-0.000003,0.910739,-0.000003,0.412981,0.000000,-6.000010,0.000000
379,-1815.989990,0.000000,1247.239990,1292.790894,0.000000,-877.220947,-0.000003,0.900132,-0.000003,0.435618,0.000000,-6.000010,0.000000
380,-1805.219971,0.000000,1239.890015,1292.460938,0.000000,-882.410950,-0.000003,0.888960,-0.000003,0.457985,0.000000,-6.000010,0.000000
381,-1794.449951,0.000000,1232.489990,1292.130981,0.000000,-887.600952,-0.000003,0.877232,-0.000003,0.480066,0.000000,-6.000010,0.000000
382,-1783.679932,0.000000,1225.049927,1291.800903,0.000000,-892.790955,-0.000003,0.864958,-0.000003,0.501845,0.000000,-6.000010,0.000000
383,-1772.919922,0.000000,1217.569946,1291.470947,0.000000,-897.980957,-0.000003,0.852142,-0.000003,0.523311,0.000000,-6.000010,0.000000
384,-1762.159912,0.000000,1210.039917,1291.140991,0.000000,-903.160950,-0.000003,0.838795,-0.000003,0.544448,0.000000,-6.000010,0.000000
385,-1751.399902,0.000000,1202.469971,1290.810913,0.000000,-908.340942,-0.000003,0.824923,-0.000003,0.565245,0.000000,-6.000010,0.000000
386,-1740.649902,0.000000,1194.859985,1290.480957,0.000000,-913.520935,-0.000003,0.810534,-0.000003,0.585691,0.000000,-6.000010,0.000000
387,-1729.899902,0.000000,1187.199951,1290.151001,0.000000,-918.700928,-0.000003,0.795639,-0.000003,0.605770,0.000000,-6.000010,0.000000
388,-1719.149902,0.000000,1179.500000,1289.820923,0.000000,-923.880981,-0.000003,0.780246,-0.000003,0.625472,0.000000,-6.000010,0.000000
389,-1708.399902,0.000000,1171.760010,1289.490967,0.000000,-929.060974,-0.000003,0.764368,-0.000003,0.644780,0.000000,-6.000010,0.000000
390,-1697.659912,0.000000,1163.969971,1289.160889,0.000000,-934.240967,-0.000003,0.748013,-0.000003,0.663684,0.000000,-6.000010,0.000000
391,-1686.919922,0.000000,1156.140015,1288.830933,0.000000,-939.420959,-0.000003,0.731187,-0.000003,0.682177,0.000000,-6.000010,0.000000
392,-1676.179932,0.000000,1148.270020,1288.500977,0.000000,-944.590942,-0.000003,0.713903,-0.000003,0.700245,0.000000,-6.000010,0.000000
393,-1665.449951,0.000000,1140.359985,1288.170898,0.000000,-949.760925,-0.000003,0.696177,-0.000003,0.717870,0.000000,-6.000010,0.000000
394,-1654.719971,0.000000,1132.400024,1287.840942,0.000000,-954.930969,-0.000003,0.678012,-0.000003,0.735050,0.000000,-6.000010,0.000000
395,-1643.989990,0.000000,1124.400024,1287.510986,0.000000,-960.100952,-0.000003,0.659427,-0.000003,0.751768,0.000000,-6.000010,0.000000
396,-1633.260010,0.000000,1116.359985,1287.180908,0.000000,-965.270935,-0.000003,0.640427,-0.000003,0.768019,0.000000,-6.000010,0.000000
397,-1622.539917,0.000000,1108.270020,1286.850952,0.000000,-970.440979,-0.000003,0.621027,-0.000003,0.783789,0.000000,-6.000010,0.000000
398,-1611.819946,0.000000,1100.140015,1286.520996,0.000000,-975.610962,-0.000003,0.601239,-0.000003,0.799069,0.000000,-6.000010,0.000000
399,-1601.099976,0.000000,1091.969971,1286.190918,0.000000,-980.780945,-0.000003,0.581078,-0.000003,0.813848,0.000000,-6.000010,0.000000
400,-1590.380005,0.000000,1083.750000,1285.860962,0.000000,-985.940979,-0.000003,0.560551,-0.000003,0.828120,0.000000,-6.000010,0.000000
401,-1579.669922,0.000000,1075.489990,1285.531006,0.000000,-991.100952,-0.000003,0.539673,-0.000003,0.841875,0.000000,-6.000010,0.000000
402,-1568.959961,0.000000,1067.189941,1285.200928,0.000000,-996.260925,-0.000003,0.518461,-0.000003,0.855101,0.000000,-6.000010,0.000000
403,-1558.250000,0.000000,1058.839966,1284.870972,0.000000,-1001.420959,-0.000003,0.496925,-0.000003,0.867794,0.000000,-6.000010,0.000000
404,-1547.549927,0.000000,1050.449951,1284.540894,0.000000,-1006.580933,-0.000003,0.475076,-0.000003,0.879945,0.000000,-6.000010,0.000000
405,-1536.849976,0.000000,1042.020020,1284.210938,0.000000,-1011.740967,-0.000003,0.452930,-0.000003,0.891546,0.000000,-6.000010,0.000000
406,-1526.150024,0.000000,1033.549927,1283.880981,0.000000,-1016.900940,-0.000003,0.430504,-0.000003,0.902589,0.000000,-6.000010,0.000000
407,-1515.449951,0.000000,1025.030029,1283.550903,0.000000,-1022.050964,-0.000003,0.407808,-0.000003,0.913068,0.000000,-6.000010,0.000000
408,-1504.760010,0.000000,1016.469971,1283.220947,0.000000,-1027.200928,-0.000003,0.384858,-0.000003,0.922976,0.000000,-6.000010,0.000000
409,-1494.069946,0.000000,1007.869995,1282.890991,0.000000,-1032.350952,-0.000003,0.361666,-0.000003,0.932308,0.000000,-6.000010,0.000000
410,-1483.380005,0.000000,999.219971,1282.560913,0.000000,-1037.500977,-0.000003,0.338247,-0.000003,0.941057,0.000000,-6.000010,0.000000
411,-1472.689941,0.000000,990.529968,1282.230957,0.000000,-1042.651001,-0.000003,0.314618,-0.000003,0.949218,0.000000,-6.000010,0.000000
412,-1462.010010,0.000000,981.799988,1281.901001,0.000000,-1047.800903,-0.000003,0.290789,-0.000003,0.956787,0.000000,-6.000010,0.000000
413,-1451.329956,0.000000,973.029968,1281.570923,0.000000,-1052.950928,-0.000003,0.266782,-0.000003,0.963757,0.000000,-6.000010,0.000000
414,-1440.650024,0.000000,964.209961,1281.240967,0.000000,-1058.100952,-0.000003,0.242608,-0.000003,0.970124,0.000000,-6.000010,0.000000
415,-1429.979980,0.000000,955.349976,1280.910889,0.000000,-1063.240967,-0.000003,0.218282,-0.000003,0.975886,0.000000,-6.000010,0.000000
416,-1419.309937,0.000000,946.449951,1280.580933,0.000000,-1068.380981,-0.000003,0.193822,-0.000003,0.981037,0.000000,-6.000010,0.000000
417,-1408.640015,0.000000,937.500000,1280.250977,0.000000,-1073.520996,-0.000003,0.169238,-0.000003,0.985575,0.000000,-6.000010,0.000000
418,-1397.969971,0.000000,928.509949,1279.920898,0.000000,-1078.661011,-0.000003,0.144546,-0.000003,0.989498,0.000000,-6.000010,0.000000
419,-1387.309937,0.000000,919.479980,1279.590942,0.000000,-1083.800903,-0.000003,0.119768,-0.000003,0.992802,0.000000,-6.000010,0.000000
420,-1376.650024,0.000000,910.409973,1279.260986,0.000000,-1088.940918,-0.000003,0.094914,-0.000003,0.995485,0.000000,-6.000010,0.000000
421,-1365.989990,0.000000,901.289978,1278.930908,0.000000,-1094.080933,-0.000003,0.070000,-0.000003,0.997547,0.000000,-6.000010,0.000000
422,-1355.329956,0.000000,892.130005,1278.600952,0.000000,-1099.210938,-0.000003,0.045044,-0.000003,0.998985,0.000000,-6.000010,0.000000
423,-1344.679932,0.000000,882.929993,1278.270996,0.000000,-1104.340942,-0.000003,0.020061,-0.000003,0.999799,0.000000,-6.000010,0.000000
424,-1334.030029,0.000000,873.679993,1277.940918,0.000000,-1109.470947,-0.000003,-0.004939,-0.000003,0.999988,0.000000,-6.000010,0.000000
425,-1323.380005,0.000000,864.389954,1277.610962,0.000000,-1114.600952,-0.000003,-0.029933,-0.000003,0.999552,0.000000,-6.000010,0.000000
426,-1312.739990,0.000000,855.059998,1277.281006,0.000000,-1119.730957,-0.000003,-0.054911,-0.000003,0.998491,0.000000,-6.000010,0.000000
427,-1302.099976,0.000000,845.690002,1276.950928,0.000000,-1124.860962,-0.000003,-0.079851,-0.000003,0.996807,0.000000,-6.000010,0.000000
428,-1291.459961,0.000000,836.269958,1276.620972,0.000000,-1129.990967,-0.000003,-0.104743,-0.000003,0.994499,0.000000,-6.000010,0.000000
429,-1280.819946,0.000000,826.809998,1276.290894,0.000000,-1135.120972,-0.000003,-0.129570,-0.000003,0.991570,0.000000,-6.000010,0.000000
430,-1270.189941,0.000000,817.309998,1275.960938,0.000000,-1140.240967,-0.000003,-0.154316,-0.000003,0.988021,0.000000,-6.000010,0.000000
431,-1259.559937,0.000000,807.769958,1275.630981,0.000000,-1145.360962,-0.000003,-0.178965,-0.000003,0.983855,0.000000,-6.000010,0.000000
432,-1248.929932,0.000000,798.179993,1275.300903,0.000000,-1150.480957,-0.000003,-0.203501,-0.000003,0.979075,0.000000,-6.000010,0.000000
433,-1238.309937,0.000000,788.549988,1274.970947,0.000000,-1155.600952,-0.000003,-0.227912,-0.000003,0.973682,0.000000,-6.000010,0.000000
434,-1227.689941,0.000000,778.880005,1274.640991,0.000000,-1160.720947,-0.000003,-0.252178,-0.000003,0.967681,0.000000,-6.000010,0.000000
435,-1217.069946,0.000000,769.159973,1274.310913,0.000000,-1165.840942,-0.000003,-0.276287,-0.000003,0.961075,0.000000,-6.000010,0.000000
436,-1206.449951,0.000000,759.399963,1273.980957,0.000000,-1170.960938,-0.000003,-0.300224,-0.000003,0.953869,0.000000,-6.000010,0.000000
437,-1195.839966,0.000000,749.599976,1273.651001,0.000000,-1176.080933,-0.000003,-0.323972,-0.000003,0.946066,0.000000,-6.000010,0.000000
438,-1185.229980,0.000000,739.760010,1273.320923,0.000000,-1181.190918,-0.000003,-0.347521,-0.000003,0.937672,0.000000,-6.000010,0.000000
439,-1174.619995,0.000000,729.869995,1272.990967,0.000000,-1186.300903,-0.000003,-0.370853,-0.000003,0.928691,0.000000,-6.000010,0.000000
440,-1164.010010,0.000000,719.940002,1272.660889,0.000000,-1191.411011,-0.000003,-0.393954,-0.000003,0.919130,0.000000,-6.000010,0.000000
441,-1153.410034,0.000000,709.969971,1272.330933,0.000000,-1196.520996,-0.000003,-0.416806,-0.000003,0.908995,0.000000,-6.000010,0.000000
442,-1142.809937,0.000000,699.959961,1272.000977,0.000000,-1201.630981,-0.000003,-0.439400,-0.000003,0.898292,0.000000,-6.000010,0.000000
443,-1132.209961,0.000000,689.899963,1271.670898,0.000000,-1206.740967,-0.000003,-0.461718,-0.000003,0.887027,0.000000,-6.000010,0.000000
444,-1121.619995,0.000000,679.799988,1271.340942,0.000000,-1211.850952,-0.000003,-0.483745,-0.000003,0.875209,0.000000,-6.000010,0.000000
445,-1111.030029,0.000000,669.659973,1271.010986,0.000000,-1216.960938,-0.000003,-0.505470,-0.000003,0.862844,0.000000,-6.000010,0.000000
446,-1100.439941,0.000000,659.479980,1270.680908,0.000000,-1222.060913,-0.000003,-0.526882,-0.000003,0.849938,0.000000,-6.000010,0.000000
447,-1089.849976,0.000000,649.250000,1270.350952,0.000000,-1227.160889,-0.000003,-0.547965,-0.000003,0.836501,0.000000,-6.000010,0.000000
448,-1079.270020,0.000000,638.979980,1270.020996,0.000000,-1232.260986,-0.000003,-0.568703,-0.000003,0.822543,0.000000,-6.000010,0.000000
449,-1068.689941,0.000000,628.669983,1269.690918,0.000000,-1237.360962,-0.000003,-0.589084,-0.000003,0.808071,0.000000,-6.000010,0.000000
450,-1058.109985,0.000000,618.320007,1269.360962,0.000000,-1242.460938,-0.000003,-0.609099,-0.000003,0.793094,0.000000,-6.000010,0.000000
451,-1047.530029,0.000000,607.919983,1269.031006,0.000000,-1247.560913,-0.000003,-0.628736,-0.000003,0.777619,0.000000,-6.000010,0.000000
452,-1036.959961,0.000000,597.479980,1268.700928,0.000000,-1252.660889,-0.000003,-0.647980,-0.000003,0.761658,0.000000,-6.000010,0.000000
453,-1026.390015,0.000000,587.000000,1268.370972,0.000000,-1257.750977,-0.000003,-0.666818,-0.000003,0.745220,0.000000,-6.000010,0.000000
454,-1015.820007,0.000000,576.479980,1268.040894,0.000000,-1262.840942,-0.000003,-0.685236,-0.000003,0.728321,0.000000,-6.000010,0.000000
455,-1005.259949,0.000000,565.909973,1267.710938,0.000000,-1267.930908,-0.000003,-0.703228,-0.000003,0.710964,0.000000,-6.000010,0.000000
456,-994.699951,0.000000,555.299988,1267.380981,0.000000,-1273.020996,0.000003,0.720783,0.000003,-0.693161,0.000000,-6.000010,0.000000
457,-984.139954,0.000000,544.649963,1267.050903,0.000000,-1278.110962,0.000003,0.737885,0.000003,-0.674927,0.000000,-6.000010,0.000000
458,-973.579956,0.000000,533.959961,1266.720947,0.000000,-1283.200928,0.000003,0.754525,0.000003,-0.656271,0.000000,-6.000010,0.000000
459,-963.029968,0.000000,523.219971,1266.390991,0.000000,-1288.290894,0.000003,0.770693,0.000003,-0.637206,0.000000,-6.000010,0.000000
460,-952.479980,0.000000,512.440002,1266.060913,0.000000,-1293.380981,0.000003,0.786381,0.000003,-0.617742,0.000000,-6.000010,0.000000
461,-941.929993,0.000000,501.619995,1265.730957,0.000000,-1298.460938,0.000003,0.801579,0.000003,-0.597889,0.000000,-6.000010,0.000000
462,-931.380005,0.000000,490.759979,1265.401001,0.000000,-1303.540894,0.000003,0.816275,0.000003,-0.577663,0.000000,-6.000010,0.000000
463,-920.839966,0.000000,479.849976,1265.070923,0.000000,-1308.620972,0.000003,0.830461,0.000003,-0.557077,0.000000,-6.000010,0.000000
464,-910.299988,0.000000,468.899994,1264.740967,0.000000,-1313.700928,0.000003,0.844126,0.000003,-0.536145,0.000000,-6.000010,0.000000
465,-899.760010,0.000000,457.910004,1264.410889,0.000000,-1318.781006,0.000003,0.857263,0.000003,-0.514879,0.000000,-6.000010,0.000000
466,-889.229980,0.000000,446.880005,1264.090942,0.000000,-1323.860962,0.000003,0.869866,0.000003,-0.493288,0.000000,-6.000010,0.000000
467,-878.699951,0.000000,435.809998,1263.770996,0.000000,-1328.940918,0.000003,0.881924,0.000003,-0.471391,0.000000,-6.000010,0.000000
468,-868.169983,0.000000,424.690002,1263.450928,0.000000,-1334.020996,0.000003,0.893433,0.000003,-0.449197,0.000000,-6.000010,0.000000
469,-857.639954,0.000000,413.529999,1263.130981,0.000000,-1339.090942,0.000003,0.904383,0.000003,-0.426722,0.000000,-6.000010,0.000000
470,-847.119995,0.000000,402.329987,1262.810913,0.000000,-1344.160889,0.000003,0.914767,0.000003,-0.403983,0.000000,-6.000010,0.000000
471,-836.599976,0.000000,391.089996,1262.490967,0.000000,-1349.230957,0.000003,0.924579,0.000003,-0.380990,0.000000,-6.000010,0.000000
472,-826.079956,0.000000,379.799988,1262.170898,0.000000,-1354.300903,0.000003,0.933814,0.000003,-0.357760,0.000000,-6.000010,0.000000
473,-815.559998,0.000000,368.470001,1261.850952,0.000000,-1359.370972,0.000003,0.942465,0.000003,-0.334303,0.000000,-6.000010,0.000000
474,-805.049988,0.000000,357.100006,1261.531006,0.000000,-1364.440918,0.000003,0.950527,0.000003,-0.310642,0.000000,-6.000010,0.000000
475,-794.539978,0.000000,345.690002,1261.210938,0.000000,-1369.510986,0.000003,0.957995,0.000003,-0.286786,0.000000,-6.000010,0.000000
476,-784.029968,0.000000,334.239990,1260.890991,0.000000,-1374.580933,0.000003,0.964865,0.000003,-0.262746,0.000000,-6.000010,0.000000
477,-773.529968,0.000000,322.739990,1260.570923,0.000000,-1379.640991,0.000003,0.971131,0.000003,-0.238545,0.000000,-6.000010,0.000000
478,-763.029968,0.000000,311.199982,1260.250977,0.000000,-1384.700928,0.000003,0.976791,0.000003,-0.214193,0.000000,-6.000010,0.000000
479,-752.529968,0.000000,299.619995,1259.930908,0.000000,-1389.760986,0.000003,0.981840,0.000003,-0.189711,0.000000,-6.000010,0.000000
480,-742.029968,0.000000,288.000000,1259.610962,0.000000,-1394.820923,0.000003,0.986275,0.000003,-0.165111,0.000000,-6.000010,0.000000
481,-731.539978,0.000000,276.329987,1259.290894,0.000000,-1399.880981,0.000003,0.990094,0.000003,-0.140403,0.000000,-6.000010,0.000000
482,-721.049988,0.000000,264.619995,1258.970947,0.000000,-1404.940918,0.000003,0.993295,0.000003,-0.115608,0.000000,-6.000010,0.000000
483,-710.559998,0.000000,252.869995,1258.651001,0.000000,-1410.000977,0.000003,0.995874,0.000003,-0.090744,0.000000,-6.000010,0.000000
484,-700.070007,0.000000,241.080002,1258.330933,0.000000,-1415.050903,0.000003,0.997831,0.000003,-0.065819,0.000000,-6.000010,0.000000
485,-689.589966,0.000000,229.250000,1258.010986,0.000000,-1420.100952,0.000003,0.999165,0.000003,-0.040858,0.000000,-6.000010,0.000000
486,-679.109985,0.000000,217.369995,1257.690918,0.000000,-1425.151001,0.000003,0.999874,0.000003,-0.015869,0.000000,-6.000010,0.000000
487,-668.630005,0.000000,205.449997,1257.370972,0.000000,-1430.200928,0.000003,0.999958,0.000003,0.009131,0.000000,-6.000010,0.000000
488,-658.149963,0.000000,193.489990,1257.050903,0.000000,-1435.250977,0.000003,0.999417,0.000003,0.034125,0.000000,-6.000010,0.000000
489,-647.679993,0.000000,181.489990,1256.730957,0.000000,-1440.300903,0.000003,0.998252,0.000003,0.059098,0.000000,-6.000010,0.000000
490,-637.209961,0.000000,169.449997,1256.410889,0.000000,-1445.350952,0.000003,0.996463,0.000003,0.084032,0.000000,-6.000010,0.000000
491,-626.739990,0.000000,157.360001,1256.090942,0.000000,-1450.401001,0.000003,0.994051,0.000003,0.108913,0.000000,-6.000010,0.000000
492,-616.279968,0.000000,145.229996,1255.770996,0.000000,-1455.440918,0.000003,0.991018,0.000003,0.133729,0.000000,-6.000010,0.000000
493,-605.820007,0.000000,133.059998,1255.450928,0.000000,-1460.480957,0.000003,0.987365,0.000003,0.158459,0.000000,-6.000010,0.000000
494,-595.359985,0.000000,120.849998,1255.130981,0.000000,-1465.520996,0.000003,0.983096,0.000003,0.183092,0.000000,-6.000010,0.000000
495,-584.899963,0.000000,108.599998,1254.810913,0.000000,-1470.560913,0.000003,0.978211,0.000003,0.207611,0.000000,-6.000010,0.000000
496,-574.450012,0.000000,96.299995,1254.490967,0.000000,-1475.600952,0.000003,0.972715,0.000003,0.232001,0.000000,-6.000010,0.000000
497,-564.000000,0.000000,83.959999,1254.170898,0.000000,-1480.640991,0.000003,0.966612,0.000003,0.256246,0.000000,-6.000010,0.000000
498,-557.839966,0.000000,97.189995,739.180969,0.000000,888.150940,0.000003,0.974708,0.000003,0.223483,0.000000,5.999910,0.000000
499,-551.679993,0.000000,104.540001,738.990967,0.000000,882.500977,0.000003,0.979989,0.000003,0.199050,0.000000,5.999910,0.000000
500,-545.519958,0.000000,111.849998,738.800964,0.000000,876.860962,0.000003,0.984658,0.000003,0.174493,0.000000,5.999910,0.000000
501,-539.359985,0.000000,119.110001,738.610962,0.000000,871.220947,0.000003,0.988713,0.000003,0.149822,0.000000,5.999910,0.000000
502,-533.209961,0.000000,126.320000,738.420959,0.000000,865.580933,0.000003,0.992149,0.000003,0.125060,0.000000,5.999910,0.000000
503,-527.059998,0.000000,133.489990,738.230957,0.000000,859.940979,0.000003,0.994965,0.000003,0.100222,0.000000,5.999910,0.000000
504,-520.909973,0.000000,140.610001,738.040955,0.000000,854.300964,0.000003,0.997159,0.000003,0.075320,0.000000,5.999910,0.000000
505,-514.760010,0.000000,147.679993,737.850952,0.000000,848.660950,0.000003,0.998731,0.000003,0.050369,0.000000,5.999910,0.000000
506,-508.609985,0.000000,154.709991,737.660950,0.000000,843.020935,0.000003,0.999678,0.000003,0.025385,0.000000,5.999910,0.000000
507,-502.459991,0.000000,161.690002,737.470947,0.000000,837.390930,0.000003,1.000000,0.000003,0.000391,0.000000,5.999910,0.000000
508,-496.319977,0.000000,168.619995,737.280945,0.000000,831.760986,0.000003,0.999697,0.000003,-0.024608,0.000000,5.999910,0.000000
509,-490.179993,0.000000,175.500000,737.090942,0.000000,826.130981,0.000003,0.998770,0.000003,-0.049592,0.000000,5.999910,0.000000
510,-484.039978,0.000000,182.339996,736.900940,0.000000,820.500977,0.000003,0.997218,0.000003,-0.074543,0.000000,5.999910,0.000000
511,-477.899994,0.000000,189.129990,736.710938,0.000000,814.870972,0.000003,0.995043,0.000003,-0.099445,0.000000,5.999910,0.000000
512,-471.759979,0.000000,195.869995,736.520935,0.000000,809.240967,0.000003,0.992246,0.000003,-0.124288,0.000000,5.999910,0.000000
513,-465.619995,0.000000,202.569992,736.330933,0.000000,803.610962,0.000003,0.988830,0.000003,-0.149051,0.000000,5.999910,0.000000
514,-459.489990,0.000000,209.220001,736.140930,0.000000,797.990967,0.000003,0.984795,0.000003,-0.173721,0.000000,5.999910,0.000000
515,-453.359985,0.000000,215.819992,735.950989,0.000000,792.370972,0.000003,0.980145,0.000003,-0.198284,0.000000,5.999910,0.000000
516,-447.229980,0.000000,222.379990,735.760986,0.000000,786.750977,0.000003,0.974882,0.000003,-0.222722,0.000000,5.999910,0.000000
517,-441.099976,0.000000,228.889999,735.570984,0.000000,781.130981,0.000003,0.969010,0.000003,-0.247021,0.000000,5.999910,0.000000
518,-434.970001,0.000000,235.349991,735.380981,0.000000,775.510986,0.000003,0.962532,0.000003,-0.271168,0.000000,5.999910,0.000000
519,-428.839996,0.000000,241.769989,735.190979,0.000000,769.890930,0.000003,0.955453,0.000003,-0.295142,0.000000,5.999910,0.000000
520,-422.709991,0.000000,248.139999,735.000977,0.000000,764.270935,0.000003,0.947777,0.000003,-0.318933,0.000000,5.999910,0.000000
521,-416.589996,0.000000,254.459991,734.810974,0.000000,758.660950,0.000003,0.939509,0.000003,-0.342525,0.000000,5.999910,0.000000
522,-410.470001,0.000000,260.739990,734.620972,0.000000,753.050964,0.000003,0.930654,0.000003,-0.365901,0.000000,5.999910,0.000000
523,-404.350006,0.000000,266.970001,734.430969,0.000000,747.440979,0.000003,0.921217,0.000003,-0.389050,0.000000,5.999910,0.000000
524,-398.229980,0.000000,273.149994,734.240967,0.000000,741.830933,0.000003,0.911204,0.000003,-0.411956,0.000000,5.999910,0.000000
525,-392.109985,0.000000,279.290009,734.050964,0.000000,736.220947,0.000003,0.900622,0.000003,-0.434604,0.000000,5.999910,0.000000
526,-385.989990,0.000000,285.380005,733.860962,0.000000,730.610962,0.000003,0.889476,0.000003,-0.456982,0.000000,5.999910,0.000000
527,-379.880005,0.000000,291.419983,733.670959,0.000000,725.000977,0.000003,0.877775,0.000003,-0.479073,0.000000,5.999910,0.000000
528,-373.769989,0.000000,297.419983,733.480957,0.000000,719.400940,0.000003,0.865527,0.000003,-0.500863,0.000000,5.999910,0.000000
529,-367.660004,0.000000,303.369995,733.290955,0.000000,713.800964,0.000003,0.852737,0.000003,-0.522340,0.000000,5.999910,0.000000
530,-361.549988,0.000000,309.269989,733.100952,0.000000,708.200989,0.000003,0.839414,0.000003,-0.543493,0.000000,5.999910,0.000000
531,-355.440002,0.000000,315.130005,732.910950,0.000000,702.600952,0.000003,0.825566,0.000003,-0.564306,0.000000,5.999910,0.000000
532,-349.329987,0.000000,320.940002,732.720947,0.000000,697.000977,0.000003,0.811200,0.000003,-0.584768,0.000000,5.999910,0.000000
533,-343.229980,0.000000,326.699982,732.530945,0.000000,691.400940,0.000003,0.796329,0.000003,-0.604864,0.000000,5.999910,0.000000
534,-337.130005,0.000000,332.419983,732.340942,0.000000,685.800964,0.000003,0.780959,0.000003,-0.624582,0.000000,5.999910,0.000000
535,-331.029999,0.000000,338.089996,732.150940,0.000000,680.210938,0.000003,0.765104,0.000003,-0.643906,0.000000,5.999910,0.000000
536,-324.929993,0.000000,343.709991,731.960938,0.000000,674.620972,0.000003,0.748769,0.000003,-0.662831,0.000000,5.999910,0.000000
537,-318.829987,0.000000,349.289978,731.770935,0.000000,669.030945,0.000003,0.731966,0.000003,-0.681341,0.000000,5.999910,0.000000
538,-312.729980,0.000000,354.820007,731.580933,0.000000,663.440979,0.000003,0.714706,0.000003,-0.699424,0.000000,5.999910,0.000000
539,-306.630005,0.000000,360.299988,731.390930,0.000000,657.850952,-0.000003,-0.696997,-0.000003,0.717074,0.000000,5.999910,0.000000
540,-300.539978,0.000000,365.739990,731.200989,0.000000,652.260986,-0.000003,-0.678854,-0.000003,0.734273,0.000000,5.999910,0.000000
541,-294.449982,0.000000,371.130005,731.010986,0.000000,646.670959,-0.000003,-0.660285,-0.000003,0.751015,0.000000,5.999910,0.000000
542,-288.359985,0.000000,376.470001,730.820984,0.000000,641.090942,-0.000003,-0.641306,-0.000003,0.767285,0.000000,5.999910,0.000000
543,-282.269989,0.000000,381.769989,730.630981,0.000000,635.510986,-0.000003,-0.621928,-0.000003,0.783074,0.000000,5.999910,0.000000
544,-276.179993,0.000000,387.019989,730.440979,0.000000,629.930969,-0.000003,-0.602161,-0.000003,0.798374,0.000000,5.999910,0.000000
545,-270.089996,0.000000,392.220001,730.250977,0.000000,624.350952,-0.000003,-0.582017,-0.000003,0.813176,0.000000,5.999910,0.000000
546,-264.009979,0.000000,397.380005,730.060974,0.000000,618.770935,-0.000003,-0.561506,-0.000003,0.827473,0.000000,5.999910,0.000000
547,-257.929993,0.000000,402.489990,729.870972,0.000000,613.190979,-0.000003,-0.540644,-0.000003,0.841251,0.000000,5.999910,0.000000
548,-251.849991,0.000000,407.549988,729.680969,0.000000,607.610962,-0.000003,-0.519448,-0.000003,0.854502,0.000000,5.999910,0.000000
549,-245.769989,0.000000,412.569977,729.490967,0.000000,602.040955,-0.000003,-0.497928,-0.000003,0.867218,0.000000,5.999910,0.000000
550,-239.689987,0.000000,417.539978,729.300964,0.000000,596.470947,-0.000003,-0.476095,-0.000003,0.879394,0.000000,5.999910,0.000000
551,-233.610001,0.000000,422.459991,729.110962,0.000000,590.900940,-0.000003,-0.453966,-0.000003,0.891019,0.000000,5.999910,0.000000
552,-227.539993,0.000000,427.339996,728.920959,0.000000,585.330994,-0.000003,-0.431550,-0.000003,0.902089,0.000000,5.999910,0.000000
553,-221.470001,0.000000,432.169983,728.730957,0.000000,579.760986,-0.000003,-0.408865,-0.000003,0.912595,0.000000,5.999910,0.000000
554,-215.399994,0.000000,436.949982,728.540955,0.000000,574.190979,-0.000003,-0.385926,-0.000003,0.922530,0.000000,5.999910,0.000000
555,-209.330002,0.000000,441.690002,728.350952,0.000000,568.620972,-0.000003,-0.362745,-0.000003,0.931888,0.000000,5.999910,0.000000
556,-203.259995,0.000000,446.380005,728.160950,0.000000,563.060974,-0.000003,-0.339337,-0.000003,0.940665,0.000000,5.999910,0.000000
557,-197.190002,0.000000,451.029999,727.970947,0.000000,557.500977,-0.000003,-0.315718,-0.000003,0.948853,0.000000,5.999910,0.000000
558,-191.129990,0.000000,455.630005,727.780945,0.000000,551.940979,-0.000003,-0.291900,-0.000003,0.956449,0.000000,5.999910,0.000000
559,-185.069992,0.000000,460.179993,727.590942,0.000000,546.380981,-0.000003,-0.267898,-0.000003,0.963447,0.000000,5.999910,0.000000
560,-179.009995,0.000000,464.690002,727.400940,0.000000,540.820984,-0.000003,-0.243730,-0.000003,0.969843,0.000000,5.999910,0.000000
561,-172.949997,0.000000,469.149994,727.210938,0.000000,535.260986,-0.000003,-0.219410,-0.000003,0.975633,0.000000,5.999910,0.000000
562,-166.889999,0.000000,473.559998,727.020935,0.000000,529.700989,-0.000003,-0.194955,-0.000003,0.980812,0.000000,5.999910,0.000000
563,-160.830002,0.000000,477.929993,726.830933,0.000000,524.140991,-0.000003,-0.170376,-0.000003,0.985379,0.000000,5.999910,0.000000
564,-154.769989,0.000000,482.250000,726.640930,0.000000,518.590942,-0.000003,-0.145690,-0.000003,0.989330,0.000000,5.999910,0.000000
565,-148.720001,0.000000,486.529999,726.450989,0.000000,513.040955,-0.000003,-0.120911,-0.000003,0.992663,0.000000,5.999910,0.000000
566,-142.669998,0.000000,490.759979,726.260986,0.000000,507.490997,-0.000003,-0.096057,-0.000003,0.995376,0.000000,5.999910,0.000000
567,-136.619995,0.000000,494.940002,726.070984,0.000000,501.941010,-0.000003,-0.071144,-0.000003,0.997466,0.000000,5.999910,0.000000
568,-130.569992,0.000000,499.079987,725.880981,0.000000,496.390991,-0.000003,-0.046188,-0.000003,0.998933,0.000000,5.999910,0.000000
569,-124.519997,0.000000,503.169983,725.690979,0.000000,490.841003,-0.000003,-0.021204,-0.000003,0.999775,0.000000,5.999910,0.000000
570,-118.469994,0.000000,507.209991,725.500977,0.000000,485.290985,-0.000003,0.003795,-0.000003,0.999993,0.000000,5.999910,0.000000
571,-112.430000,0.000000,511.209991,725.310974,0.000000,479.751007,-0.000003,0.028789,-0.000003,0.999585,0.000000,5.999910,0.000000
572,-106.389999,0.000000,515.159973,725.120972,0.000000,474.210999,-0.000003,0.053767,-0.000003,0.998553,0.000000,5.999910,0.000000
573,-100.349998,0.000000,519.070007,724.930969,0.000000,468.670990,-0.000003,0.078713,-0.000003,0.996897,0.000000,5.999910,0.000000
574,-94.309998,0.000000,522.929993,724.740967,0.000000,463.131012,-0.000003,0.103610,-0.000003,0.994618,0.000000,5.999910,0.000000
575,-88.269997,0.000000,526.739990,724.550964,0.000000,457.591003,-0.000003,0.128443,-0.000003,0.991717,0.000000,5.999910,0.000000
576,-82.229996,0.000000,530.510010,724.360962,0.000000,452.050995,-0.000003,0.153194,-0.000003,0.988196,0.000000,5.999910,0.000000
577,-76.199997,0.000000,534.229980,724.170959,0.000000,446.510986,-0.000003,0.177848,-0.000003,0.984058,0.000000,5.999910,0.000000
578,-70.169998,0.000000,537.899963,723.980957,0.000000,440.980988,-0.000003,0.202389,-0.000003,0.979305,0.000000,5.999910,0.000000
579,-64.139999,0.000000,541.529968,723.790955,0.000000,435.450989,-0.000003,0.226806,-0.000003,0.973940,0.000000,5.999910,0.000000
580,-58.109997,0.000000,545.109985,723.600952,0.000000,429.920990,-0.000003,0.251083,-0.000003,0.967966,0.000000,5.999910,0.000000
581,-52.079998,0.000000,548.649963,723.410950,0.000000,424.390991,-0.000003,0.275203,-0.000003,0.961386,0.000000,5.999910,0.000000
582,-46.049999,0.000000,552.140015,723.220947,0.000000,418.860992,-0.000003,0.299151,-0.000003,0.954206,0.000000,5.999910,0.000000
583,-40.020000,0.000000,555.580017,723.030945,0.000000,413.330994,-0.000003,0.322909,-0.000003,0.946430,0.000000,5.999910,0.000000
584,-34.000000,0.000000,558.979980,722.840942,0.000000,407.800995,-0.000003,0.346469,-0.000003,0.938061,0.000000,5.999910,0.000000
585,-27.980000,0.000000,562.330017,722.650940,0.000000,402.281006,-0.000003,0.369807,-0.000003,0.929109,0.000000,5.999910,0.000000
586,-21.959999,0.000000,565.640015,722.460938,0.000000,396.760986,-0.000003,0.392918,-0.000003,0.919573,0.000000,5.999910,0.000000
587,-15.940000,0.000000,568.899963,722.270935,0.000000,391.240997,-0.000003,0.415781,-0.000003,0.909465,0.000000,5.999910,0.000000
588,-9.920000,0.000000,572.109985,722.080933,0.000000,385.721008,-0.000003,0.438386,-0.000003,0.898787,0.000000,5.999910,0.000000
589,-3.900000,0.000000,575.279968,721.890930,0.000000,380.200989,-0.000003,0.460715,-0.000003,0.887548,0.000000,5.999910,0.000000
590,2.110000,0.000000,578.399963,721.700989,0.000000,374.681000,-0.000003,0.482758,-0.000003,0.875754,0.000000,5.999910,0.000000
591,8.120000,0.000000,581.479980,721.510986,0.000000,369.161011,-0.000003,0.504499,-0.000003,0.863412,0.000000,5.999910,0.000000
592,14.130000,0.000000,584.510010,721.320984,0.000000,363.651001,-0.000003,0.525922,-0.000003,0.850533,0.000000,5.999910,0.000000
593,20.139999,0.000000,587.489990,721.130981,0.000000,358.140991,-0.000003,0.547016,-0.000003,0.837122,0.000000,5.999910,0.000000
594,26.150000,0.000000,590.429993,720.940979,0.000000,352.631012,-0.000003,0.567769,-0.000003,0.823188,0.000000,5.999910,0.000000
595,32.160000,0.000000,593.320007,720.750977,0.000000,347.121002,-0.000003,0.588167,-0.000003,0.808739,0.000000,5.999910,0.000000
596,38.160000,0.000000,596.169983,720.560974,0.000000,341.610992,-0.000003,0.608198,-0.000003,0.793785,0.000000,5.999910,0.000000
597,44.160000,0.000000,598.969971,720.370972,0.000000,336.101013,-0.000003,0.627851,-0.000003,0.778333,0.000000,5.999910,0.000000
598,50.160000,0.000000,601.719971,720.180969,0.000000,330.591003,-0.000003,0.647111,-0.000003,0.762396,0.000000,5.999910,0.000000
599,56.160000,0.000000,604.429993,719.990967,0.000000,325.091003,-0.000003,0.665966,-0.000003,0.745982,0.000000,5.999910,0.000000
600,62.160000,0.000000,607.089966,719.800964,0.000000,319.591003,-0.000003,0.684405,-0.000003,0.729102,0.000000,5.999910,0.000000
601,68.159996,0.000000,609.709961,719.610962,0.000000,314.091003,-0.000003,0.702419,-0.000003,0.711764,0.000000,5.999910,0.000000
602,74.159996,0.000000,612.279968,719.420959,0.000000,308.591003,-0.000003,0.719993,-0.000003,0.693981,0.000000,5.999910,0.000000
603,80.150002,0.000000,614.809998,719.230957,0.000000,303.091003,-0.000003,0.737114,-0.000003,0.675768,0.000000,5.999910,0.000000
604,86.139999,0.000000,617.289978,719.040955,0.000000,297.591003,-0.000003,0.753778,-0.000003,0.657129,0.000000,5.999910,0.000000
605,92.129997,0.000000,619.719971,718.850952,0.000000,292.091003,-0.000003,0.769970,-0.000003,0.638080,0.000000,5.999910,0.000000
606,98.119995,0.000000,622.109985,718.660950,0.000000,286.601013,-0.000003,0.785681,-0.000003,0.618632,0.000000,5.999910,0.000000
607,104.110001,0.000000,624.450012,718.470947,0.000000,281.110992,-0.000003,0.800898,-0.000003,0.598800,0.000000,5.999910,0.000000
608,110.099998,0.000000,626.750000,718.280945,0.000000,275.621002,-0.000003,0.815618,-0.000003,0.578591,0.000000,5.999910,0.000000
609,116.079994,0.000000,629.000000,718.090942,0.000000,270.131012,-0.000003,0.829827,-0.000003,0.558021,0.000000,5.999910,0.000000
610,122.059998,0.000000,631.209961,717.900940,0.000000,264.640991,-0.000003,0.843515,-0.000003,0.537105,0.000000,5.999910,0.000000
611,128.039993,0.000000,633.369995,717.710938,0.000000,259.151001,-0.000003,0.856679,-0.000003,0.515850,0.000000,5.999910,0.000000
612,134.020004,0.000000,635.479980,717.520935,0.000000,253.660995,-0.000003,0.869305,-0.000003,0.494276,0.000000,5.999910,0.000000
613,140.000000,0.000000,637.549988,717.330933,0.000000,248.171005,-0.000003,0.881390,-0.000003,0.472389,0.000000,5.999910,0.000000
614,145.979996,0.000000,639.570007,717.140930,0.000000,242.690994,-0.000003,0.892922,-0.000003,0.450211,0.000000,5.999910,0.000000
615,151.949997,0.000000,641.549988,716.950989,0.000000,237.210999,-0.000003,0.903896,-0.000003,0.427752,0.000000,5.999910,0.000000
616,157.919998,0.000000,643.479980,716.760986,0.000000,231.731003,-0.000003,0.914306,-0.000003,0.405024,0.000000,5.999910,0.000000
617,163.889999,0.000000,645.369995,716.570984,0.000000,226.251007,-0.000003,0.924145,-0.000003,0.382042,0.000000,5.999910,0.000000
618,169.860001,0.000000,647.209961,716.380981,0.000000,220.770996,-0.000003,0.933406,-0.000003,0.358823,0.000000,5.999910,0.000000
619,175.830002,0.000000,649.000000,716.190979,0.000000,215.291000,-0.000003,0.942084,-0.000003,0.335377,0.000000,5.999910,0.000000
620,181.800003,0.000000,650.750000,716.000977,0.000000,209.811005,-0.000003,0.950174,-0.000003,0.311721,0.000000,5.999910,0.000000
621,187.769989,0.000000,652.450012,715.810974,0.000000,204.341003,-0.000003,0.957669,-0.000003,0.287870,0.000000,5.999910,0.000000
622,193.729996,0.000000,654.109985,715.620972,0.000000,198.871002,-0.000003,0.964566,-0.000003,0.263842,0.000000,5.999910,0.000000
623,199.690002,0.000000,655.719971,715.430969,0.000000,193.401001,-0.000003,0.970860,-0.000003,0.239646,0.000000,5.999910,0.000000
624,205.649994,0.000000,657.289978,715.240967,0.000000,187.931000,-0.000003,0.976547,-0.000003,0.215304,0.000000,5.999910,0.000000
625,211.610001,0.000000,658.809998,715.050964,0.000000,182.460999,-0.000003,0.981623,-0.000003,0.190828,0.000000,5.999910,0.000000
626,217.569992,0.000000,660.289978,714.860962,0.000000,176.990997,-0.000003,0.986086,-0.000003,0.166233,0.000000,5.999910,0.000000
627,223.529999,0.000000,661.719971,714.670959,0.000000,171.520996,-0.000003,0.989934,-0.000003,0.141530,0.000000,5.999910,0.000000
628,229.479996,0.000000,663.099976,714.480957,0.000000,166.061005,-0.000003,0.993162,-0.000003,0.116741,0.000000,5.999910,0.000000
629,235.429993,0.000000,664.440002,714.290955,0.000000,160.600998,-0.000003,0.995770,-0.000003,0.091876,0.000000,5.999910,0.000000
630,241.379990,0.000000,665.729980,714.100952,0.000000,155.141006,-0.000003,0.997756,-0.000003,0.066958,0.000000,5.999910,0.000000
631,247.330002,0.000000,666.979980,713.910950,0.000000,149.681000,-0.000003,0.999118,-0.000003,0.041996,0.000000,5.999910,0.000000
632,253.279999,0.000000,668.179993,713.720947,0.000000,144.221008,-0.000003,0.999855,-0.000003,0.017007,0.000000,5.999910,0.000000
633,259.229980,0.000000,669.339966,713.530945,0.000000,138.761002,-0.000003,0.999968,-0.000003,-0.007992,0.000000,5.999910,0.000000
634,265.169983,0.000000,670.450012,713.340942,0.000000,133.301010,-0.000003,0.999456,-0.000003,-0.032987,0.000000,5.999910,0.000000
635,271.109985,0.000000,671.519958,713.150940,0.000000,127.850998,-0.000003,0.998319,-0.000003,-0.057959,0.000000,5.999910,0.000000
636,277.049988,0.000000,672.539978,712.960938,0.000000,122.400993,-0.000003,0.996558,-0.000003,-0.082894,0.000000,5.999910,0.000000
637,282.989990,0.000000,673.510010,712.780945,0.000000,116.950996,-0.000003,0.994175,-0.000003,-0.107780,0.000000,5.999910,0.000000
638,288.929993,0.000000,674.440002,712.600952,0.000000,111.500999,-0.000003,0.991170,-0.000003,-0.132596,0.000000,5.999910,0.000000
639,294.869995,0.000000,675.320007,712.420959,0.000000,106.050995,-0.000003,0.987546,-0.000003,-0.157332,0.000000,5.999910,0.000000
640,300.809998,0.000000,676.159973,712.240967,0.000000,100.600998,-0.000003,0.983304,-0.000003,-0.181970,0.000000,5.999910,0.000000
641,306.739990,0.000000,676.950012,712.060974,0.000000,95.151001,-0.000003,0.978448,-0.000003,-0.206495,0.000000,5.999910,0.000000
642,312.669983,0.000000,677.700012,711.880981,0.000000,89.710999,-0.000003,0.972980,-0.000003,-0.230890,0.000000,5.999910,0.000000
643,318.600006,0.000000,678.399963,711.700989,0.000000,84.270996,-0.000003,0.966904,-0.000003,-0.255140,0.000000,5.999910,0.000000
644,324.529999,0.000000,679.059998,711.520935,0.000000,78.831001,-0.000003,0.960225,-0.000003,-0.279228,0.000000,5.999910,0.000000
645,330.459991,0.000000,679.669983,711.340942,0.000000,73.390999,-0.000003,0.952945,-0.000003,-0.303143,0.000000,5.999910,0.000000
646,336.389984,0.000000,680.239990,711.160950,0.000000,67.950996,-0.000003,0.945069,-0.000003,-0.326869,0.000000,5.999910,0.000000
647,342.309998,0.000000,680.760010,710.980957,0.000000,62.510998,-0.000003,0.936604,-0.000003,-0.350391,0.000000,5.999910,0.000000
648,348.229980,0.000000,681.239990,710.800964,0.000000,57.070999,-0.000003,0.927553,-0.000003,-0.373691,0.000000,5.999910,0.000000
649,354.149994,0.000000,681.669983,710.620972,0.000000,51.630997,-0.000003,0.917923,-0.000003,-0.396759,0.000000,5.999910,0.000000
650,360.069977,0.000000,682.049988,710.440979,0.000000,46.201000,-0.000003,0.907719,-0.000003,-0.419579,0.000000,5.999910,0.000000
651,365.989990,0.000000,682.390015,710.260986,0.000000,40.771000,-0.000003,0.896946,-0.000003,-0.442140,0.000000,5.999910,0.000000
652,371.910004,0.000000,682.679993,710.080933,0.000000,35.341000,-0.000003,0.885615,-0.000003,-0.464421,0.000000,5.999910,0.000000
653,377.829987,0.000000,682.929993,709.900940,0.000000,29.910999,-0.000003,0.873728,-0.000003,-0.486416,0.000000,5.999910,0.000000
654,383.739990,0.000000,683.130005,709.720947,0.000000,24.480999,-0.000003,0.861296,-0.000003,-0.508103,0.000000,5.999910,0.000000
655,389.649994,0.000000,683.289978,709.540955,0.000000,19.050999,-0.000003,0.848328,-0.000003,-0.529472,0.000000,5.999910,0.000000
656,395.559998,0.000000,683.399963,709.360962,0.000000,13.621000,-0.000003,0.834828,-0.000003,-0.550511,0.000000,5.999910,0.000000
657,401.470001,0.000000,683.469971,709.180969,0.000000,8.201000,-0.000003,0.820807,-0.000003,-0.571206,0.000000,5.999910,0.000000
658,407.380005,0.000000,683.489990,709.000977,0.000000,2.781000,-0.000003,0.806272,-0.000003,-0.591544,0.000000,5.999910,0.000000
659,413.289978,0.000000,683.469971,708.820984,0.000000,-2.631000,-0.000003,0.791232,-0.000003,-0.611516,0.000000,5.999910,0.000000
660,419.199982,0.000000,683.399963,708.640991,0.000000,-8.041000,-0.000003,0.775698,-0.000003,-0.631105,0.000000,5.999910,0.000000
661,425.099976,0.000000,683.289978,708.460938,0.000000,-13.451000,-0.000003,0.759678,-0.000003,-0.650299,0.000000,5.999910,0.000000
662,431.000000,0.000000,683.130005,708.280945,0.000000,-18.860998,-0.000003,0.743187,-0.000003,-0.669084,0.000000,5.999910,0.000000
663,436.899994,0.000000,682.929993,708.100952,0.000000,-24.270998,-0.000003,0.726228,-0.000003,-0.687453,0.000000,5.999910,0.000000
664,442.799988,0.000000,682.679993,707.920959,0.000000,-29.680998,-0.000003,0.708818,-0.000003,-0.705391,0.000000,5.999910,0.000000
665,448.699982,0.000000,682.390015,707.740967,0.000000,-35.091000,0.000003,-0.690965,0.000003,0.722888,0.000000,5.999910,0.000000
666,454.599976,0.000000,682.049988,707.560974,0.000000,-40.490997,0.000003,-0.672677,0.000003,0.739936,0.000000,5.999910,0.000000
667,460.489990,0.000000,681.669983,707.380981,0.000000,-45.890999,0.000003,-0.653968,0.000003,0.756522,0.000000,5.999910,0.000000
668,466.379974,0.000000,681.239990,707.200989,0.000000,-51.290997,0.000003,-0.634854,0.000003,0.772632,0.000000,5.999910,0.000000
669,472.269989,0.000000,680.769958,707.020935,0.000000,-56.690998,0.000003,-0.615341,0.000003,0.788261,0.000000,5.999910,0.000000
670,478.160004,0.000000,680.250000,706.840942,0.000000,-62.091000,0.000003,-0.595445,0.000003,0.803396,0.000000,5.999910,0.000000
671,484.049988,0.000000,679.690002,706.660950,0.000000,-67.490997,0.000003,-0.575176,0.000003,0.818029,0.000000,5.999910,0.000000
672,489.940002,0.000000,679.079956,706.480957,0.000000,-72.890999,0.000003,-0.554547,0.000003,0.832153,0.000000,5.999910,0.000000
673,495.829987,0.000000,678.429993,706.300964,0.000000,-78.280998,0.000003,-0.533572,0.000003,0.845755,0.000000,5.999910,0.000000
674,501.709991,0.000000,677.729980,706.120972,0.000000,-83.670998,0.000003,-0.512262,0.000003,0.858829,0.000000,5.999910,0.000000
675,507.589996,0.000000,676.989990,705.940979,0.000000,-89.060997,0.000003,-0.490634,0.000003,0.871365,0.000000,5.999910,0.000000
676,513.469971,0.000000,676.200012,705.760986,0.000000,-94.450996,0.000003,-0.468699,0.000003,0.883358,0.000000,5.999910,0.000000
677,519.349976,0.000000,675.369995,705.580933,0.000000,-99.840996,0.000003,-0.446472,0.000003,0.894797,0.000000,5.999910,0.000000
678,525.229980,0.000000,674.489990,705.400940,0.000000,-105.230995,0.000003,-0.423965,0.000003,0.905678,0.000000,5.999910,0.000000
679,531.109985,0.000000,673.570007,705.220947,0.000000,-110.620995,0.000003,-0.401194,0.000003,0.915993,0.000000,5.999910,0.000000
680,536.989990,0.000000,672.599976,705.040955,0.000000,-116.000999,0.000003,-0.378169,0.000003,0.925737,0.000000,5.999910,0.000000
681,542.859985,0.000000,671.589966,704.860962,0.000000,-121.380997,0.000003,-0.354912,0.000003,0.934900,0.000000,5.999910,0.000000
682,548.729980,0.000000,670.529968,704.680969,0.000000,-126.760994,0.000003,-0.331433,0.000003,0.943479,0.000000,5.999910,0.000000
683,554.599976,0.000000,669.429993,704.500977,0.000000,-132.141006,0.000003,-0.307745,0.000003,0.951469,0.000000,5.999910,0.000000
684,560.469971,0.000000,668.279968,704.320984,0.000000,-137.521011,0.000003,-0.283867,0.000003,0.958864,0.000000,5.999910,0.000000
685,566.339966,0.000000,667.089966,704.140991,0.000000,-142.901001,0.000003,-0.259812,0.000003,0.965659,0.000000,5.999910,0.000000
686,572.209961,0.000000,665.849976,703.960938,0.000000,-148.281006,0.000003,-0.235594,0.000003,0.971851,0.000000,5.999910,0.000000
687,578.070007,0.000000,664.570007,703.780945,0.000000,-153.661011,0.000003,-0.211226,0.000003,0.977437,0.000000,5.999910,0.000000
688,583.929993,0.000000,663.239990,703.600952,0.000000,-159.031006,0.000003,-0.186728,0.000003,0.982412,0.000000,5.999910,0.000000
689,589.789978,0.000000,661.869995,703.420959,0.000000,-164.401001,0.000003,-0.162112,0.000003,0.986772,0.000000,5.999910,0.000000
690,595.649963,0.000000,660.459961,703.240967,0.000000,-169.770996,0.000003,-0.137392,0.000003,0.990517,0.000000,5.999910,0.000000
691,601.510010,0.000000,659.000000,703.060974,0.000000,-175.141006,0.000003,-0.112587,0.000003,0.993642,0.000000,5.999910,0.000000
692,607.369995,0.000000,657.500000,702.880981,0.000000,-180.511002,0.000003,-0.087712,0.000003,0.996146,0.000000,5.999910,0.000000
693,613.229980,0.000000,655.950012,702.700989,0.000000,-185.880997,0.000003,-0.062782,0.000003,0.998027,0.000000,5.999910,0.000000
694,619.079956,0.000000,654.359985,702.520935,0.000000,-191.251007,0.000003,-0.037815,0.000003,0.999285,0.000000,5.999910,0.000000
695,624.929993,0.000000,652.719971,702.340942,0.000000,-196.611008,0.000003,-0.012826,0.000003,0.999918,0.000000,5.999910,0.000000
696,630.779968,0.000000,651.039978,702.160950,0.000000,-201.971008,0.000003,0.012173,0.000003,0.999926,0.000000,5.999910,0.000000
697,636.630005,0.000000,649.309998,701.980957,0.000000,-207.331009,0.000003,0.037162,0.000003,0.999309,0.000000,5.999910,0.000000
698,642.479980,0.000000,647.539978,701.800964,0.000000,-212.691010,0.000003,0.062129,0.000003,0.998068,0.000000,5.999910,0.000000
699,648.329956,0.000000,645.719971,701.620972,0.000000,-218.050995,0.000003,0.087059,0.000003,0.996203,0.000000,5.999910,0.000000
