frame,input.bJump,input.bJumped,input.bActivateBoost,input.bHoldingBoost,input.Yaw,input.Roll,car.Location.X,car.Location.Y,car.Location.Z,car.LinearVelocity.X,car.LinearVelocity.Y,car.LinearVelocity.Z,car.Quaternion.X,car.Quaternion.Y,car.Quaternion.Z,car.Quaternion.W,car.AngularVelocity.X,car.AngularVelocity.Y,car.AngularVelocity.Z
0,False,False,False,False,0.000000,0.000000,0.120000,0.000000,18.639999,0.000000,0.000000,8.440000,0.000003,0.003008,0.000003,0.999995,0.000000,-0.000400,0.000000
1,True,True,False,False,0.000000,1.000000,0.140000,0.000000,21.170000,-0.490000,0.000000,304.119995,0.000003,0.003008,0.000003,0.999995,0.000000,-0.000300,0.000000
2,True,True,False,False,0.000000,1.000000,0.140000,0.000000,23.740000,0.100000,0.000000,308.139984,0.000003,0.003008,0.000003,0.999995,0.000000,-0.000300,0.000000
3,True,True,False,False,0.000000,1.000000,0.140000,0.000000,26.340000,-0.050000,0.000000,312.160004,0.000003,0.003008,0.000003,0.999995,0.000000,-0.000200,0.000000
4,True,True,False,False,0.000000,1.000000,0.140000,0.000000,28.969999,-0.010000,0.000000,316.179993,0.000003,0.003008,0.000003,0.999995,0.000000,-0.000100,0.000000
5,True,True,False,False,0.000000,1.000000,0.140000,0.000000,31.639999,-0.020000,0.000000,320.199982,0.000003,0.003008,0.000003,0.999995,0.000000,0.000000,0.000000
6,True,True,False,False,0.000000,1.000000,0.140000,0.000000,34.340000,0.050000,0.000000,324.220001,0.000003,0.003008,0.000003,0.999995,0.000000,0.000000,0.000000
7,True,True,False,False,0.000000,1.000000,0.140000,0.000000,37.099998,0.120000,0.000000,330.949982,-0.001330,0.003008,0.000008,0.999995,-0.319500,0.000000,0.001900
8,True,True,False,False,0.000000,1.000000,0.140000,0.000000,39.910000,0.190000,0.030000,337.679993,-0.003941,0.003008,0.000013,0.999988,-0.626300,0.000000,0.003700
9,True,True,False,False,0.000000,1.000000,0.140000,0.000000,42.779999,0.260000,0.120000,344.410004,-0.007777,0.003008,0.000024,0.999965,-0.920800,0.000000,0.005400
10,True,True,False,False,0.000000,1.000000,0.140000,0.000000,45.709999,0.330000,0.300000,351.139984,-0.012794,0.003008,0.000040,0.999914,-1.203500,0.000000,0.007100
11,True,True,False,False,0.000000,1.000000,0.140000,0.010000,48.689999,0.400000,0.610000,357.869995,-0.018939,0.003008,0.000057,0.999816,-1.474900,0.000000,0.008700
12,True,True,False,False,0.000000,1.000000,0.140000,0.020000,51.730000,0.470000,1.070000,364.589996,-0.026168,0.003008,0.000078,0.999653,-1.735500,0.000000,0.010200
13,True,True,False,False,0.000000,1.000000,0.140000,0.030000,54.820000,0.540000,1.700000,371.299988,-0.034438,0.003008,0.000100,0.999402,-1.985700,0.000000,0.011700
14,True,True,False,False,0.000000,1.000000,0.150000,0.050000,57.969997,0.610000,2.530000,378.000000,-0.043706,0.003008,0.000127,0.999040,-2.225900,0.000000,0.013100
15,True,True,False,False,0.000000,1.000000,0.160000,0.080000,61.180000,0.680000,3.590000,384.679993,-0.053929,0.003008,0.000154,0.998540,-2.456500,0.000000,0.014400
16,True,True,False,False,0.000000,1.000000,0.170000,0.120000,64.439995,0.750000,4.890000,391.339996,-0.065070,0.003008,0.000186,0.997876,-2.677900,0.000000,0.015700
17,True,True,False,False,0.000000,1.000000,0.180000,0.170000,67.760002,0.820000,6.460000,397.970001,-0.077084,0.003008,0.000218,0.997020,-2.890400,0.000000,0.016900
18,True,True,False,False,0.000000,1.000000,0.190000,0.240000,71.129997,0.890000,8.320000,404.559998,-0.089934,0.003002,0.000256,0.995943,-3.094500,0.000000,0.018100
19,True,True,False,False,0.000000,1.000000,0.200000,0.330000,74.559998,0.960000,10.490000,411.089996,-0.103578,0.002997,0.000294,0.994617,-3.290400,0.000000,0.019200
20,True,True,False,False,0.000000,1.000000,0.210000,0.440000,78.040001,1.030000,12.990000,417.559998,-0.117982,0.002991,0.000337,0.993011,-3.478500,0.000000,0.020300
21,False,False,False,False,0.000000,1.000000,0.220000,0.550000,81.470001,1.030000,12.990000,412.139984,-0.133109,0.002986,0.000380,0.991097,-3.659100,0.000000,0.021300
22,False,False,False,False,0.000000,1.000000,0.230000,0.660000,84.860001,1.030000,12.990000,406.720001,-0.148916,0.002981,0.000423,0.988845,-3.832500,0.000000,0.022300
23,False,False,False,False,0.000000,1.000000,0.240000,0.770000,88.199997,1.030000,12.990000,401.299988,-0.165370,0.002975,0.000472,0.986227,-3.998900,0.000000,0.023300
24,False,False,False,False,0.000000,1.000000,0.250000,0.880000,91.500000,1.030000,12.990000,395.880005,-0.182434,0.002964,0.000521,0.983213,-4.158700,0.000000,0.024200
25,False,False,False,False,0.000000,1.000000,0.260000,0.990000,94.750000,1.030000,12.990000,390.459991,-0.200069,0.002954,0.000569,0.979777,-4.312100,0.000000,0.025100
26,False,False,False,False,0.000000,1.000000,0.270000,1.100000,97.959999,1.030000,12.990000,385.039978,-0.218239,0.002943,0.000618,0.975891,-4.459400,0.000000,0.025900
27,False,False,False,False,0.000000,1.000000,0.280000,1.210000,101.119995,1.030000,12.990000,379.619995,-0.236905,0.002932,0.000672,0.971528,-4.600800,0.000000,0.026700
28,False,False,False,False,0.000000,1.000000,0.290000,1.320000,104.239998,1.030000,12.990000,374.199982,-0.256030,0.002916,0.000726,0.966664,-4.736500,0.000000,0.027500
29,False,False,False,False,0.000000,1.000000,0.300000,1.430000,107.309998,1.030000,12.990000,368.779999,-0.275581,0.002900,0.000780,0.961273,-4.866800,0.000000,0.028200
30,False,False,False,False,0.000000,1.000000,0.310000,1.540000,110.339996,1.030000,12.990000,363.359985,-0.295515,0.002884,0.000833,0.955333,-4.991900,0.000000,0.028900
31,False,False,False,False,0.000000,1.000000,0.320000,1.650000,113.320000,1.030000,12.990000,357.940002,-0.315794,0.002862,0.000887,0.948823,-5.112000,0.000000,0.029600
32,False,False,False,False,0.000000,1.000000,0.330000,1.760000,116.259995,1.030000,12.990000,352.519989,-0.336386,0.002840,0.000947,0.941719,-5.227300,0.000000,0.030300
33,False,False,False,False,0.000000,1.000000,0.340000,1.870000,119.149994,1.030000,12.990000,347.100006,-0.357247,0.002819,0.001006,0.934005,-5.338000,0.000000,0.030900
34,False,False,False,False,0.000000,1.000000,0.350000,1.980000,122.000000,1.030000,12.990000,341.679993,-0.378341,0.002792,0.001065,0.925661,-5.444300,0.000000,0.031500
35,False,False,False,False,0.000000,1.000000,0.360000,2.090000,124.799995,1.030000,12.990000,336.259979,-0.399629,0.002765,0.001125,0.916672,-5.499900,0.000000,0.031800
36,False,False,False,False,0.000000,1.000000,0.370000,2.200000,127.559998,1.030000,12.990000,330.839996,-0.420906,0.002738,0.001184,0.907099,-5.499900,0.000000,0.031800
37,False,False,False,False,0.000000,1.000000,0.380000,2.310000,130.270004,1.030000,12.990000,325.419983,-0.441957,0.002705,0.001244,0.897031,-5.499900,0.000000,0.031800
38,False,False,False,False,0.000000,1.000000,0.390000,2.420000,132.940002,1.030000,12.990000,320.000000,-0.462765,0.002673,0.001303,0.886476,-5.499900,0.000000,0.031800
39,False,False,False,False,0.000000,1.000000,0.400000,2.530000,135.559998,1.030000,12.990000,314.579987,-0.483319,0.002641,0.001362,0.875439,-5.499900,0.000000,0.031800
40,False,False,False,False,0.000000,1.000000,0.410000,2.640000,138.139999,1.030000,12.990000,309.160004,-0.503614,0.002608,0.001416,0.863923,-5.499900,0.000000,0.031800
41,False,False,False,False,0.000000,1.000000,0.420000,2.750000,140.669998,1.030000,12.990000,303.739990,-0.523634,0.002571,0.001470,0.851938,-5.499900,0.000000,0.031800
42,False,False,False,False,0.000000,1.000000,0.430000,2.860000,143.160004,1.030000,12.990000,298.320007,-0.543369,0.002533,0.001524,0.839489,-5.499900,0.000000,0.031800
43,False,False,False,False,0.000000,1.000000,0.440000,2.970000,145.599991,1.030000,12.990000,292.899994,-0.562806,0.002495,0.001578,0.826584,-5.499900,0.000000,0.031800
44,False,False,False,False,0.000000,1.000000,0.450000,3.080000,148.000000,1.030000,12.990000,287.479980,-0.581936,0.002457,0.001632,0.813229,-5.499900,0.000000,0.031800
45,False,False,False,False,0.000000,1.000000,0.460000,3.190000,150.349991,1.030000,12.990000,282.059998,-0.600753,0.002414,0.001686,0.799429,-5.499900,0.000000,0.031800
46,False,False,False,False,0.000000,1.000000,0.470000,3.300000,152.660004,1.030000,12.990000,276.639984,-0.619241,0.002371,0.001740,0.785195,-5.499900,0.000000,0.031800
47,False,False,False,False,0.000000,1.000000,0.480000,3.410000,154.919998,1.030000,12.990000,271.220001,-0.637389,0.002328,0.001788,0.770536,-5.499900,0.000000,0.031800
48,False,False,False,False,0.000000,1.000000,0.490000,3.520000,157.139999,1.030000,12.990000,265.799988,-0.655192,0.002285,0.001837,0.755456,-5.499900,0.000000,0.031800
49,False,False,False,False,0.000000,1.000000,0.500000,3.630000,159.309998,1.030000,12.990000,260.380005,-0.672639,0.002236,0.001885,0.739965,-5.499900,0.000000,0.031800
50,False,False,False,False,0.000000,1.000000,0.510000,3.740000,161.429993,1.030000,12.990000,254.959991,-0.689719,0.002188,0.001934,0.724071,-5.499900,0.000000,0.031800
51,False,False,False,False,0.000000,1.000000,0.520000,3.850000,163.509995,1.030000,12.990000,249.539993,-0.706427,0.002139,0.001983,0.707780,-5.499900,0.000000,0.031800
52,False,False,False,False,0.000000,1.000000,0.530000,3.960000,165.539993,1.030000,12.990000,244.119995,0.722748,-0.002090,-0.002026,-0.691106,-5.499900,0.000000,0.031800
53,False,False,False,False,0.000000,1.000000,0.540000,4.070000,167.529999,1.030000,12.990000,238.699997,0.738677,-0.002042,-0.002069,-0.674053,-5.499900,0.000000,0.031800
54,False,False,False,False,0.000000,1.000000,0.550000,4.180000,169.470001,1.030000,12.990000,233.279999,0.754205,-0.001988,-0.002112,-0.656633,-5.499900,0.000000,0.031800
55,False,False,False,False,0.000000,1.000000,0.560000,4.290000,171.369995,1.030000,12.990000,227.860001,0.769320,-0.001934,-0.002155,-0.638857,-5.499900,0.000000,0.031800
56,False,False,False,False,0.000000,1.000000,0.570000,4.400000,173.220001,1.030000,12.990000,222.440002,0.784014,-0.001880,-0.002198,-0.620736,-5.499900,0.000000,0.031800
57,False,False,False,False,0.000000,1.000000,0.580000,4.510000,175.029999,1.030000,12.990000,217.019989,0.798284,-0.001826,-0.002236,-0.602275,-5.499900,0.000000,0.031800
58,False,False,False,False,0.000000,1.000000,0.590000,4.620000,176.789993,1.030000,12.990000,211.599991,0.812119,-0.001772,-0.002274,-0.583484,-5.499900,0.000000,0.031700
59,False,False,False,False,0.000000,1.000000,0.600000,4.730000,178.509995,1.030000,12.990000,206.179993,0.825513,-0.001718,-0.002312,-0.564376,-5.499900,0.000000,0.031700
60,False,False,False,False,0.000000,1.000000,0.610000,4.840000,180.179993,1.030000,12.990000,200.759995,0.838457,-0.001659,-0.002349,-0.544960,-5.499900,0.000000,0.031700
61,False,False,False,False,0.000000,1.000000,0.620000,4.950000,181.809998,1.030000,12.990000,195.339996,0.850945,-0.001600,-0.002382,-0.525247,-5.499900,0.000000,0.031700
62,False,False,False,False,0.000000,1.000000,0.630000,5.060000,183.389999,1.030000,12.990000,189.919998,0.862969,-0.001540,-0.002414,-0.505249,-5.499900,0.000000,0.031600
63,False,False,False,False,0.000000,1.000000,0.640000,5.170000,184.929993,1.030000,12.990000,184.500000,0.874523,-0.001481,-0.002447,-0.484975,-5.499900,0.000000,0.031500
64,False,False,False,False,0.000000,1.000000,0.650000,5.280000,186.419998,1.030000,12.990000,179.080002,0.885599,-0.001422,-0.002479,-0.464442,-5.499900,0.000000,0.031500
65,False,False,False,False,0.000000,1.000000,0.660000,5.390000,187.869995,1.030000,12.990000,173.660004,0.896192,-0.001362,-0.002506,-0.443656,-5.499900,0.000000,0.031500
66,False,False,False,False,0.000000,1.000000,0.670000,5.500000,189.269989,1.030000,12.990000,168.239990,0.906299,-0.001303,-0.002533,-0.422627,-5.499900,0.000000,0.031400
67,False,False,False,False,0.000000,1.000000,0.680000,5.610000,190.629990,1.030000,12.990000,162.819992,0.915913,-0.001244,-0.002560,-0.401366,-5.499900,0.000000,0.031400
68,False,False,False,False,0.000000,1.000000,0.690000,5.720000,191.940002,1.030000,12.990000,157.399994,0.925027,-0.001179,-0.002581,-0.379889,-5.499900,0.000000,0.031400
69,False,False,False,False,0.000000,1.000000,0.700000,5.830000,193.209991,1.030000,12.990000,151.979996,0.933640,-0.001114,-0.002603,-0.358202,-5.499900,0.000000,0.031300
70,False,False,False,False,0.000000,1.000000,0.710000,5.940000,194.429993,1.030000,12.990000,146.559998,0.941743,-0.001049,-0.002625,-0.336321,-5.499900,0.000000,0.031200
71,True,True,False,False,0.000000,0.000000,0.710000,7.590000,193.729996,-0.200000,197.739990,-84.529999,0.948913,-0.000990,-0.002641,-0.315524,-5.280100,0.000000,0.029900
72,False,False,True,True,1.000000,0.000000,0.780000,9.240000,192.979996,8.059999,197.729996,-89.989998,0.955365,-0.001233,-0.002754,-0.295412,-5.069500,0.045400,-0.032000
73,False,False,True,True,1.000000,0.000000,0.920000,10.889999,192.179993,16.869999,197.720001,-95.449997,0.961157,-0.001778,-0.002959,-0.275980,-4.867300,0.088100,-0.095800
74,False,False,True,True,1.000000,0.000000,1.130000,12.540000,191.339996,25.680000,197.699997,-100.919998,0.966345,-0.002630,-0.003250,-0.257217,-4.673200,0.128000,-0.161400
75,False,False,True,True,1.000000,0.000000,1.420000,14.190000,190.449997,34.489998,197.659988,-106.399994,0.970979,-0.003790,-0.003623,-0.239106,-4.486900,0.165100,-0.228600
76,False,False,True,True,1.000000,0.000000,1.780000,15.839999,189.519989,43.299999,197.610001,-111.889999,0.975106,-0.005257,-0.004065,-0.221638,-4.308100,0.199300,-0.297300
77,False,False,True,True,1.000000,0.000000,2.210000,17.490000,188.539993,52.110001,197.529999,-117.389999,0.978768,-0.007032,-0.004572,-0.204801,-4.136500,0.230600,-0.367400
78,False,False,True,True,1.000000,0.000000,2.720000,19.139999,187.519989,60.919998,197.419998,-122.909996,0.982002,-0.009120,-0.005139,-0.188579,-3.971800,0.259000,-0.438800
79,False,False,True,True,1.000000,0.000000,3.300000,20.779999,186.449997,69.729996,197.269989,-128.440002,0.984846,-0.011515,-0.005754,-0.172950,-3.813700,0.284600,-0.511400
80,False,False,True,True,1.000000,0.000000,3.950000,22.420000,185.330002,78.540001,197.080002,-133.989990,0.987331,-0.014223,-0.006417,-0.157904,-3.662000,0.307300,-0.585000
81,False,False,True,True,1.000000,0.000000,4.680000,24.059999,184.169998,87.349998,196.849991,-139.550003,0.989486,-0.017245,-0.007118,-0.143419,-3.516500,0.327100,-0.659600
82,False,False,True,True,1.000000,0.000000,5.480000,25.699999,182.959991,96.159996,196.559998,-145.129990,0.991338,-0.020579,-0.007852,-0.129478,-3.376900,0.344100,-0.735000
83,False,False,True,True,1.000000,0.000000,6.350000,27.340000,181.699997,104.970001,196.209991,-150.729996,0.992908,-0.024225,-0.008618,-0.116067,-3.243100,0.358400,-0.811100
84,False,False,True,True,1.000000,0.000000,7.300000,28.969999,180.399994,113.769997,195.800003,-156.339996,0.994221,-0.028185,-0.009406,-0.103162,-3.114800,0.369900,-0.887800
85,False,False,True,True,1.000000,0.000000,8.320000,30.599998,179.050003,122.570000,195.319992,-161.970001,0.995292,-0.032463,-0.010210,-0.090754,-2.991800,0.378800,-0.965100
86,False,False,True,True,1.000000,0.000000,9.410000,32.219997,177.649994,131.360001,194.759995,-167.610001,0.996139,-0.037054,-0.011024,-0.078821,-2.873900,0.385100,-1.042800
87,False,False,True,True,1.000000,0.000000,10.580000,33.840000,176.209991,140.149994,194.119995,-173.269989,0.996777,-0.041958,-0.011844,-0.067346,-2.761000,0.388800,-1.120900
88,False,False,True,True,1.000000,0.000000,11.820000,35.450001,174.720001,148.929993,193.389999,-178.940002,0.997218,-0.047175,-0.012664,-0.056314,-2.652900,0.390000,-1.199300
89,False,False,True,True,1.000000,0.000000,13.130000,37.049999,173.179993,157.699997,192.569992,-184.619995,0.997472,-0.052705,-0.013479,-0.045708,-2.549400,0.388800,-1.277900
90,False,False,True,True,1.000000,0.000000,14.520000,38.649998,171.589996,166.459991,191.649994,-190.309998,0.997550,-0.058553,-0.014283,-0.035511,-2.450400,0.385300,-1.356600
91,False,False,True,True,1.000000,0.000000,15.980000,40.239998,169.959991,175.209991,190.619995,-196.009995,0.997459,-0.064714,-0.015070,-0.025709,-2.355700,0.379500,-1.435400
92,False,False,True,True,1.000000,0.000000,17.510000,41.820000,168.279999,183.949997,189.479996,-201.720001,0.997204,-0.071187,-0.015842,-0.016290,-2.265200,0.371500,-1.514200
93,False,False,True,True,1.000000,0.000000,19.119999,43.389999,166.550003,192.669998,188.229996,-207.429993,0.996792,-0.077969,-0.016586,-0.007232,-2.178700,0.361400,-1.593000
94,False,False,True,True,1.000000,0.000000,20.799999,44.950001,164.769989,201.369995,186.860001,-213.139999,0.996224,-0.085063,-0.017304,0.001470,-2.096200,0.349300,-1.671700
95,False,False,True,True,1.000000,0.000000,22.549999,46.489998,162.949997,210.049988,185.360001,-218.849991,0.995505,-0.092464,-0.017989,0.009837,-2.017500,0.335300,-1.750300
96,False,False,True,True,1.000000,0.000000,24.369999,48.020000,161.080002,218.709991,183.729996,-224.559998,0.994634,-0.100179,-0.018642,0.017881,-1.942500,0.319400,-1.828800
97,False,False,True,True,1.000000,0.000000,26.260000,49.539997,159.160004,227.339996,181.959991,-230.269989,0.993613,-0.108201,-0.019251,0.025612,-1.871000,0.301700,-1.907100
98,False,False,True,True,1.000000,0.000000,28.230000,51.039997,157.190002,235.939987,180.050003,-235.970001,0.992440,-0.116525,-0.019818,0.033041,-1.803000,0.282400,-1.985200
99,False,False,True,True,1.000000,0.000000,30.269999,52.520000,155.179993,244.509995,177.989990,-241.659988,0.991114,-0.125157,-0.020336,0.040183,-1.738300,0.261400,-2.063000
100,False,False,True,True,1.000000,0.000000,32.380001,53.980000,153.119995,253.039993,175.779999,-247.339996,0.989633,-0.134091,-0.020805,0.047051,-1.676900,0.238900,-2.140600
101,False,False,True,True,1.000000,0.000000,34.559998,55.430000,151.009995,261.529999,173.419998,-253.000000,0.987992,-0.143327,-0.021221,0.053649,-1.618700,0.215000,-2.217900
102,False,False,True,True,1.000000,0.000000,36.809998,56.849998,148.849991,269.970001,170.899994,-258.649994,0.986189,-0.152859,-0.021582,0.059993,-1.563500,0.189700,-2.294900
103,False,False,True,True,1.000000,0.000000,39.129997,58.250000,146.649994,278.359985,168.209991,-264.279999,0.984218,-0.162689,-0.021879,0.066089,-1.511300,0.163100,-2.371600
104,False,False,True,True,1.000000,0.000000,41.520000,59.629997,144.399994,286.699982,165.360001,-269.880005,0.982075,-0.172809,-0.022116,0.071948,-1.462000,0.135300,-2.448000
105,False,False,True,True,1.000000,0.000000,43.980000,60.980000,142.099991,294.979980,162.330002,-275.459991,0.979752,-0.183221,-0.022289,0.077580,-1.415600,0.106300,-2.524000
106,False,False,True,True,1.000000,0.000000,46.509998,62.309998,139.759995,303.190002,159.129990,-281.009979,0.977243,-0.193925,-0.022391,0.082991,-1.371900,0.076300,-2.599700
107,False,False,True,True,1.000000,0.000000,49.099998,63.609997,137.369995,311.329987,155.750000,-286.519989,0.974542,-0.204909,-0.022424,0.088192,-1.330900,0.045300,-2.675000
108,False,False,True,True,1.000000,0.000000,51.759998,64.879997,134.940002,319.389984,152.190002,-292.000000,0.971640,-0.216173,-0.022380,0.093187,-1.292500,0.013300,-2.750000
109,False,False,True,True,1.000000,0.000000,54.489998,66.119995,132.459991,327.369995,148.440002,-297.440002,0.968529,-0.227713,-0.022267,0.097989,-1.256600,-0.019400,-2.824600
110,False,False,True,True,1.000000,0.000000,57.279999,67.320000,129.940002,335.259979,144.509995,-302.839996,0.965201,-0.239527,-0.022073,0.102596,-1.223100,-0.052900,-2.898900
111,False,False,True,True,1.000000,0.000000,60.139999,68.489998,127.369995,343.049988,140.389999,-308.190002,0.961647,-0.251606,-0.021803,0.107020,-1.192000,-0.087100,-2.972800
112,False,False,True,True,1.000000,0.000000,63.059998,69.619995,124.759995,350.739990,136.080002,-313.500000,0.957857,-0.263949,-0.021452,0.111265,-1.163200,-0.122000,-3.046400
113,False,False,True,True,1.000000,0.000000,66.049995,70.720001,122.099998,358.319977,131.569992,-318.759979,0.953822,-0.276546,-0.021016,0.115338,-1.136700,-0.157500,-3.119600
114,False,False,True,True,1.000000,0.000000,69.099998,71.779999,119.399994,365.779999,126.869995,-323.959991,0.949531,-0.289397,-0.020498,0.119244,-1.112300,-0.193500,-3.192500
115,False,False,True,True,1.000000,0.000000,72.209999,72.799995,116.659996,373.109985,121.969994,-329.109985,0.944975,-0.302490,-0.019893,0.122988,-1.090100,-0.230000,-3.265000
116,False,False,True,True,1.000000,0.000000,75.379997,73.769997,113.869995,380.299988,116.879997,-334.199982,0.940142,-0.315821,-0.019203,0.126576,-1.069900,-0.266900,-3.337200
117,False,False,True,True,1.000000,0.000000,78.610001,74.699997,111.040001,387.350006,111.589996,-339.229980,0.935022,-0.329383,-0.018421,0.130007,-1.051700,-0.304100,-3.409100
118,False,False,True,True,1.000000,0.000000,81.900002,75.580002,108.169998,394.239990,106.110001,-344.190002,0.929601,-0.343172,-0.017552,0.133292,-1.035500,-0.341600,-3.480700
119,False,False,True,True,1.000000,0.000000,85.239998,76.419998,105.259995,400.970001,100.439995,-349.079987,0.923872,-0.357172,-0.016592,0.136432,-1.021200,-0.379400,-3.552000
120,False,False,True,True,1.000000,0.000000,88.639999,77.209999,102.309998,407.529999,94.570000,-353.899994,0.917820,-0.371382,-0.015540,0.139426,-1.008700,-0.417400,-3.623000
121,False,False,True,True,1.000000,0.000000,92.089996,77.949997,99.320000,413.910004,88.509995,-358.649994,0.911437,-0.385786,-0.014396,0.142280,-0.998000,-0.455500,-3.693700
122,False,False,True,True,1.000000,0.000000,95.589996,78.639999,96.290001,420.099976,82.269997,-363.319977,0.904709,-0.400379,-0.013161,0.144999,-0.989000,-0.493700,-3.764200
123,False,False,True,True,1.000000,0.000000,99.139999,79.269997,93.220001,426.079987,75.839996,-367.919983,0.897624,-0.415150,-0.011834,0.147583,-0.981700,-0.531900,-3.834400
124,False,False,True,True,1.000000,0.000000,102.739998,79.849998,90.119995,431.849976,69.229996,-372.440002,0.890169,-0.430094,-0.010409,0.150033,-0.976000,-0.570200,-3.904400
125,False,False,True,True,1.000000,0.000000,106.389999,80.369995,86.979996,437.399994,62.439999,-376.880005,0.882333,-0.445194,-0.008893,0.152352,-0.971900,-0.608400,-3.974100
126,False,False,True,True,1.000000,0.000000,110.079994,80.830002,83.799995,442.720001,55.480000,-381.229980,0.874105,-0.460440,-0.007286,0.154543,-0.969300,-0.646500,-4.043600
127,False,False,True,True,1.000000,0.000000,113.809998,81.229996,80.589996,447.789978,48.360001,-385.500000,0.865474,-0.475815,-0.005581,0.156603,-0.968100,-0.684500,-4.112900
128,False,False,True,True,1.000000,0.000000,117.579994,81.570000,77.339996,452.609985,41.079998,-389.679993,0.856427,-0.491309,-0.003784,0.158540,-0.968300,-0.722400,-4.182000
129,False,False,True,True,1.000000,0.000000,121.389999,81.849998,74.059998,457.169983,33.639999,-393.769989,0.846950,-0.506911,-0.001896,0.160353,-0.969900,-0.760100,-4.251000
130,False,False,True,True,1.000000,0.000000,125.239998,82.070000,70.750000,461.449982,26.059999,-397.779999,0.837035,-0.522604,0.000089,0.162041,-0.972800,-0.797500,-4.319800
131,False,False,True,True,1.000000,0.000000,129.119995,82.220001,67.400002,465.449982,18.340000,-401.699982,0.826666,-0.538378,0.002166,0.163606,-0.977000,-0.834700,-4.388400
132,False,False,True,True,1.000000,0.000000,133.029999,82.309998,64.019997,469.149994,10.490000,-405.529999,0.815837,-0.554212,0.004335,0.165046,-0.982400,-0.871600,-4.456900
133,False,False,True,True,1.000000,0.000000,136.970001,82.330002,60.609997,472.549988,2.520000,-409.269989,0.804532,-0.570095,0.006595,0.166363,-0.988900,-0.908200,-4.525300
134,False,False,True,True,1.000000,0.000000,140.929993,82.279999,57.169998,475.629974,-5.550000,-412.919983,0.792745,-0.586004,0.008942,0.167555,-0.996600,-0.944400,-4.593600
135,False,False,True,True,1.000000,0.000000,144.919998,82.169998,53.699997,478.389984,-13.710000,-416.470001,0.780460,-0.601929,0.011380,0.168623,-1.005300,-0.980300,-4.661800
136,False,False,True,True,1.000000,0.000000,148.929993,81.989998,50.200001,480.809998,-21.959999,-419.929993,0.767669,-0.617849,0.013905,0.169567,-1.015100,-1.015800,-4.729900
137,False,False,True,True,1.000000,0.000000,152.569992,81.830002,47.980000,437.049988,-19.199999,-266.109985,0.763137,-0.630792,0.013339,0.139804,3.794500,-3.392200,-2.084100
138,False,False,True,True,1.000000,0.000000,156.229996,81.599998,45.730000,438.839996,-27.650000,-269.790009,0.759203,-0.639645,0.012869,0.119584,3.671700,-3.285000,-2.168800
139,False,False,True,True,1.000000,0.000000,159.899994,81.299995,43.450001,440.429993,-36.180000,-273.679993,0.754618,-0.648390,0.012319,0.099958,3.556200,-3.178300,-2.252800
140,False,False,True,True,1.000000,0.000000,163.580002,80.930000,41.139999,441.829987,-44.779999,-277.779999,0.749412,-0.657037,0.011688,0.080914,3.447800,-3.072100,-2.336000
141,False,False,True,True,1.000000,0.000000,167.269989,80.479996,38.790001,443.029999,-53.439999,-282.100006,0.743607,-0.665604,0.010970,0.062442,3.346300,-2.966400,-2.418400
142,False,False,True,True,1.000000,0.000000,170.970001,79.959999,36.399998,444.029999,-62.149998,-286.630005,0.737230,-0.674096,0.010166,0.044537,3.251400,-2.861300,-2.499900
143,False,False,True,True,1.000000,0.000000,174.679993,79.369995,33.969997,444.829987,-70.900002,-291.380005,0.730295,-0.682528,0.009271,0.027176,3.162900,-2.756800,-2.580400
144,False,False,True,True,1.000000,0.000000,178.389999,78.709999,31.500000,445.429993,-79.680000,-296.350006,0.722828,-0.690901,0.008278,0.010355,3.080700,-2.652900,-2.659900
145,False,False,True,True,1.000000,0.000000,182.089996,77.970001,29.029999,444.329987,-88.239998,-296.479980,0.714975,-0.699074,0.007323,-0.007237,3.206900,-2.787400,-2.687700
146,False,False,True,True,1.000000,0.000000,185.669998,77.139999,26.949999,429.229980,-99.680000,-250.149994,0.708003,-0.705888,-0.010204,-0.018707,4.893100,1.074900,-2.269600
147,False,False,True,True,1.000000,0.000000,189.149994,76.180000,26.150000,417.989990,-115.709999,-157.929993,-0.700164,0.713259,0.031703,-0.005300,-0.086600,5.221500,-1.725600
148,False,False,True,True,1.000000,0.000000,192.539993,75.299995,26.230000,406.519989,-105.209999,-89.110001,-0.694278,0.719116,0.022542,-0.018502,-3.351200,1.252200,-1.883500
149,False,False,True,True,1.000000,0.000000,195.929993,74.349998,25.969999,406.199982,-114.019997,-94.559998,-0.687960,0.724931,0.014364,-0.031287,-3.278700,1.205000,-1.964000
150,False,False,True,True,1.000000,0.000000,199.139999,73.439995,26.730000,385.419983,-109.339996,-18.480000,-0.684459,0.728754,0.005079,-0.020190,-0.186600,-2.823100,-1.216800
151,False,False,True,True,1.000000,0.000000,202.349991,72.459999,27.119999,384.869995,-118.139999,-23.689999,-0.680548,0.732619,-0.003644,-0.010479,-0.183200,-2.712900,-1.295100
152,False,False,True,True,1.000000,0.000000,205.549988,71.400002,27.219999,384.220001,-126.930000,-28.920000,-0.676265,0.736561,-0.011855,-0.001869,-0.176700,-2.607100,-1.373100
153,False,False,True,True,1.000000,0.000000,208.669998,70.279999,27.539999,374.799988,-134.349991,-4.920000,-0.672407,0.740127,-0.008629,0.002452,1.100000,-0.494200,-1.248000
154,False,False,True,True,1.000000,0.000000,211.789993,69.089996,27.689999,373.949982,-143.119995,-10.260000,-0.668280,0.743856,-0.005856,0.006746,1.075800,-0.477300,-1.324400
155,False,False,True,True,1.000000,0.000000,214.849991,67.830002,27.859999,367.459991,-150.919998,3.050000,-0.663279,0.748358,-0.002188,0.003930,0.288300,0.980600,-1.613000
156,False,False,True,True,1.000000,0.000000,217.899994,66.500000,27.920000,366.399994,-159.669998,-2.390000,-0.657998,0.753017,0.001319,0.001432,0.280400,0.941400,-1.689000
157,False,False,True,True,1.000000,0.000000,220.919998,65.119995,28.000000,362.899994,-165.849991,3.650000,-0.652285,0.757973,0.001168,-0.000650,-0.325200,0.385200,-1.814800
158,False,False,True,True,1.000000,0.000000,223.929993,63.669998,28.010000,361.579987,-174.569992,-1.770000,-0.646291,0.763086,0.001092,-0.002673,-0.318400,0.370800,-1.890700
159,False,False,True,True,1.000000,0.000000,226.909988,62.160000,28.090000,357.709991,-181.669998,2.470000,-0.640330,0.768097,0.000515,-0.001956,-0.016200,-0.178300,-1.869400
160,False,False,True,True,1.000000,0.000000,229.879990,60.570000,28.099998,356.119995,-190.339996,-2.920000,-0.634082,0.773264,-0.000013,-0.001341,-0.015700,-0.171400,-1.945300
161,False,False,True,True,1.000000,0.000000,232.830002,58.910000,28.049999,354.380005,-198.979996,-8.280000,-0.627549,0.778576,-0.000510,-0.000780,-0.014200,-0.166500,-2.020900
162,False,False,True,True,1.000000,0.000000,235.769989,57.180000,27.959999,352.250000,-207.409988,-12.650000,-0.620757,0.784002,-0.001044,0.000013,0.015200,-0.218800,-2.086400
163,False,False,True,True,1.000000,0.000000,238.679993,55.379997,27.879999,348.910004,-215.589996,-13.490000,-0.613782,0.789476,0.000094,0.000429,0.258300,0.071500,-2.127000
164,False,False,True,True,1.000000,0.000000,241.559998,53.520000,27.789999,345.369995,-223.589996,-14.030000,-0.606321,0.795218,0.001675,-0.000925,0.110200,0.467500,-2.259000
165,False,False,True,True,1.000000,0.000000,244.409988,51.599998,27.740000,342.079987,-230.129990,-12.179999,-0.598498,0.801120,0.000882,-0.002247,-0.310600,0.165500,-2.351800
166,False,False,True,True,1.000000,0.000000,247.220001,49.629997,27.760000,337.500000,-236.739990,-8.320000,-0.590681,0.806904,-0.000456,-0.000877,-0.084100,-0.385900,-2.333900
167,False,False,True,True,1.000000,0.000000,250.009995,47.590000,27.699999,334.829987,-245.139999,-13.710000,-0.582546,0.812796,-0.001707,0.000353,-0.080300,-0.370900,-2.409800
168,False,False,True,True,1.000000,0.000000,252.759995,45.480000,27.670000,330.169983,-252.779999,-12.610000,-0.574270,0.818665,-0.000375,0.001028,0.305700,0.010700,-2.434400
169,False,False,True,True,1.000000,0.000000,255.470001,43.309998,27.619999,325.669983,-260.380005,-12.559999,-0.565460,0.824774,0.001432,-0.000370,0.182700,0.472100,-2.571900
170,False,False,True,True,1.000000,0.000000,258.149994,41.090000,27.619999,321.880005,-266.449982,-10.540000,-0.556289,0.830986,0.000747,-0.001810,-0.277600,0.201700,-2.658300
171,False,False,True,True,1.000000,0.000000,260.790009,38.820000,27.660000,316.739990,-272.649994,-7.130000,-0.547096,0.837069,-0.000580,-0.000580,-0.117500,-0.343400,-2.644900
172,False,False,True,True,1.000000,0.000000,263.389984,36.489998,27.670000,311.789978,-280.070007,-7.370000,-0.537715,0.843127,0.000262,0.000127,0.214000,-0.065000,-2.679500
173,False,False,True,True,1.000000,0.000000,265.949982,34.099998,27.660000,307.669983,-286.410004,-7.110000,-0.527961,0.849268,-0.000958,0.000585,-0.149100,-0.231500,-2.765400
174,False,False,True,True,1.000000,0.000000,268.470001,31.650000,27.660000,302.399994,-293.619995,-7.430000,-0.518018,0.855369,-0.000003,0.000909,0.190200,0.024300,-2.799700
175,False,False,True,True,1.000000,0.000000,270.949982,29.139999,27.639999,297.489990,-301.009979,-9.780000,-0.507612,0.861585,0.001244,-0.000003,0.154500,0.289700,-2.908600
176,False,False,True,True,1.000000,0.000000,273.389984,26.580000,27.639999,293.029999,-307.100006,-9.849999,-0.496833,0.867845,0.000650,-0.001055,-0.199400,0.142200,-2.990500
177,False,False,True,True,1.000000,0.000000,275.779999,23.969999,27.650000,287.380005,-313.019989,-8.410000,-0.485957,0.873982,-0.000569,-0.000024,-0.135000,-0.293100,-2.997200
178,False,False,True,True,1.000000,0.000000,278.130005,21.309999,27.639999,281.440002,-319.750000,-8.860000,-0.474876,0.880052,0.000299,0.000688,0.216800,-0.073900,-3.031800
179,False,False,True,True,1.000000,0.000000,280.429993,18.590000,27.609999,275.399994,-326.509979,-9.840000,-0.463277,0.886212,0.001751,-0.000272,0.203300,0.317000,-3.151900
180,False,False,True,True,1.000000,0.000000,282.679993,15.820000,27.619999,270.449982,-332.059998,-9.639999,-0.451306,0.892367,0.001238,-0.001459,-0.184000,0.196200,-3.229700
181,False,False,True,True,1.000000,0.000000,284.880005,13.009999,27.650000,264.119995,-337.239990,-7.680000,-0.439249,0.898365,-0.000046,-0.000450,-0.164000,-0.276400,-3.231500
182,False,False,True,True,1.000000,0.000000,287.040009,10.139999,27.599998,258.699982,-344.199982,-13.080000,-0.426824,0.904334,-0.001238,0.000445,-0.157000,-0.265800,-3.307400
183,False,False,True,True,1.000000,0.000000,289.139984,7.220000,27.570000,251.699997,-350.000000,-12.770000,-0.414217,0.910177,-0.000051,0.001222,0.275900,-0.070600,-3.334100
184,False,False,True,True,1.000000,0.000000,291.179993,4.250000,27.529999,244.549988,-356.029999,-13.240000,-0.401080,0.916041,0.001880,0.000127,0.313400,0.363600,-3.452000
185,False,False,True,True,1.000000,0.000000,293.169983,1.250000,27.539999,239.059998,-360.440002,-11.580000,-0.387577,0.921835,0.001378,-0.001422,-0.193000,0.276800,-3.526600
186,False,False,True,True,1.000000,0.000000,295.100006,-1.790000,27.580000,231.860001,-364.279999,-8.099999,-0.374042,0.927412,-0.000245,-0.000391,-0.248700,-0.290300,-3.513500
187,False,False,True,True,1.000000,0.000000,296.970001,-4.870000,27.580000,224.250000,-369.329987,-8.010000,-0.360317,0.932830,0.000504,0.000515,0.187200,-0.148600,-3.541400
188,False,False,True,True,1.000000,0.000000,298.790009,-7.980000,27.580000,218.199997,-373.500000,-7.380000,-0.346204,0.938158,-0.000931,0.000731,-0.241800,-0.167700,-3.620200
189,False,False,True,True,1.000000,0.000000,300.539978,-11.139999,27.570000,210.519989,-378.789978,-9.240000,-0.331617,0.943413,-0.001217,-0.000294,-0.158100,0.143200,-3.721300
190,False,False,True,True,1.000000,0.000000,302.229980,-14.330000,27.619999,202.419998,-383.130005,-9.099999,-0.316840,0.948478,0.000607,-0.000904,0.285900,0.233200,-3.748700
191,False,False,True,True,1.000000,0.000000,303.850006,-17.549999,27.639999,194.779999,-386.359985,-7.340000,-0.301972,0.953316,0.000780,0.000370,0.158400,-0.213700,-3.753300
192,False,False,True,True,1.000000,0.000000,305.419983,-20.799999,27.639999,188.289993,-389.759979,-6.680000,-0.286716,0.958015,-0.000742,0.000661,-0.271700,-0.178700,-3.831000
193,False,False,True,True,1.000000,0.000000,306.919983,-24.080000,27.629999,179.789993,-394.169983,-8.080000,-0.271001,0.962579,-0.000990,-0.000343,-0.140200,0.158600,-3.927400
194,False,False,True,True,1.000000,0.000000,308.350006,-27.389999,27.670000,171.220001,-397.559998,-8.160000,-0.255102,0.966913,0.000726,-0.000828,0.292200,0.190400,-3.955000
195,False,False,True,True,1.000000,0.000000,309.709991,-30.719999,27.689999,163.190002,-399.889984,-6.730000,-0.239101,0.970994,0.000801,0.000359,0.117100,-0.215700,-3.963400
196,False,False,True,True,1.000000,0.000000,311.009979,-34.070000,27.689999,156.269989,-402.539978,-6.510000,-0.222728,0.974880,-0.000639,0.000542,-0.275100,-0.132300,-4.039500
197,False,False,True,True,1.000000,0.000000,312.239990,-37.450001,27.670000,147.220001,-406.000000,-8.080000,-0.205934,0.978565,-0.000823,-0.000429,-0.113900,0.171700,-4.126700
198,False,False,True,True,1.000000,0.000000,313.389984,-40.849998,27.699999,138.220001,-408.259979,-8.230000,-0.188967,0.981983,0.000877,-0.000780,0.312700,0.146900,-4.153800
199,False,False,True,True,1.000000,0.000000,314.470001,-44.259998,27.709999,129.899994,-409.489990,-6.820000,-0.171909,0.985112,0.000877,0.000407,0.085200,-0.229800,-4.163000
200,False,False,True,True,1.000000,0.000000,315.489990,-47.689999,27.709999,122.709999,-411.199982,-6.600000,-0.154489,0.987994,-0.000575,0.000499,-0.292800,-0.094300,-4.237500
201,False,False,True,True,1.000000,0.000000,316.429993,-51.139999,27.689999,113.180000,-413.559998,-8.120000,-0.136697,0.990613,-0.000726,-0.000488,-0.095000,0.188500,-4.316500
202,False,False,True,True,1.000000,0.000000,317.299988,-54.590000,27.709999,103.869995,-414.549988,-8.150000,-0.118759,0.992922,0.000990,-0.000726,0.332700,0.103400,-4.341400
203,False,False,True,True,1.000000,0.000000,318.100006,-58.039997,27.719999,95.400002,-414.569977,-6.690000,-0.100740,0.994912,0.000909,0.000450,0.052600,-0.238500,-4.350800
204,False,False,True,True,1.000000,0.000000,318.829987,-61.500000,27.719999,88.070000,-415.279999,-6.500000,-0.082387,0.996600,-0.000537,0.000445,-0.301800,-0.052100,-4.423000
205,False,False,True,True,1.000000,0.000000,319.479980,-64.970001,27.719999,78.239998,-416.410004,-8.010000,-0.063710,0.997968,-0.000736,-0.000585,-0.071000,0.200400,-4.494400
206,False,False,True,True,1.000000,0.000000,320.049988,-68.439995,27.740000,68.809998,-416.039978,-7.990000,-0.044915,0.998990,0.000963,-0.000693,0.342100,0.053800,-4.517900
207,False,False,True,True,1.000000,0.000000,320.549988,-71.900002,27.750000,60.369999,-414.809998,-6.560000,-0.026060,0.999660,0.000812,0.000450,0.016600,-0.240500,-4.528400
208,False,False,True,True,1.000000,0.000000,320.989990,-75.349998,27.740000,53.029999,-414.509979,-6.450000,-0.006908,0.999976,-0.000607,0.000353,-0.304500,-0.007600,-4.597000
209,False,False,True,True,1.000000,0.000000,321.350006,-78.799995,27.730000,43.070000,-414.299988,-7.940000,0.012513,0.999921,-0.000736,-0.000677,-0.043000,0.209500,-4.661600
210,False,False,True,True,1.000000,0.000000,321.630005,-82.239998,27.730000,33.730000,-412.519989,-7.880000,0.032026,0.999486,0.000898,-0.000596,0.344900,0.001500,-4.683900
211,False,False,True,True,1.000000,0.000000,321.839996,-85.659996,27.740000,25.519999,-409.989990,-6.470000,0.051572,0.998669,0.000661,0.000521,-0.020300,-0.237800,-4.695400
212,False,False,True,True,1.000000,0.000000,321.989990,-89.070000,27.730000,18.340000,-408.709991,-6.430000,0.071360,0.997450,-0.000753,0.000316,-0.303300,0.037700,-4.758000
213,False,False,True,True,1.000000,0.000000,322.059998,-92.459999,27.730000,8.470000,-407.069977,-7.860000,0.091364,0.995817,-0.000801,-0.000736,-0.012400,0.215400,-4.816600
214,False,False,True,True,1.000000,0.000000,322.059998,-95.829994,27.730000,-0.540000,-403.839996,-7.750000,0.111416,0.993773,0.000823,-0.000526,0.340200,-0.051700,-4.837700
215,False,False,True,True,1.000000,0.000000,321.989990,-99.159996,27.740000,-8.300000,-400.019989,-6.350000,0.131474,0.991319,0.000504,0.000553,-0.057200,-0.229000,-4.850100
216,False,False,True,True,1.000000,0.000000,321.859985,-102.479996,27.730000,-15.210000,-397.869995,-6.420000,0.151694,0.988427,-0.000904,0.000251,-0.297700,0.083300,-4.902500
217,False,False,True,True,1.000000,0.000000,321.649994,-105.769997,27.730000,-24.760000,-394.779999,-7.750000,0.172070,0.985084,-0.000866,-0.000812,0.020600,0.216900,-4.955500
218,False,False,True,True,1.000000,0.000000,321.369995,-109.019997,27.730000,-33.209999,-390.130005,-7.600000,0.192452,0.981306,0.000736,-0.000477,0.326700,-0.104500,-4.975500
219,False,False,True,True,1.000000,0.000000,321.029999,-112.229996,27.740000,-40.290001,-385.069977,-6.210000,0.212807,0.977094,0.000337,0.000558,-0.092800,-0.213500,-4.988900
220,False,False,True,True,1.000000,0.000000,320.639984,-115.409996,27.730000,-46.980000,-382.199982,-6.460000,0.233221,0.972423,-0.001065,0.000154,-0.287900,0.129400,-5.026200
221,False,False,True,True,1.000000,0.000000,320.169983,-118.559998,27.730000,-55.980000,-377.649994,-7.650000,0.253726,0.967275,-0.000936,-0.000920,0.055700,0.213700,-5.074000
222,False,False,True,True,1.000000,0.000000,319.649994,-121.659996,27.990000,-62.359997,-371.619995,2.210000,0.273827,0.961778,0.000402,-0.001103,0.291500,-0.021100,-5.002000
223,False,False,True,True,1.000000,0.000000,319.079987,-124.709999,28.029999,-68.879997,-365.819977,1.820000,0.293934,0.955825,0.000278,-0.000839,-0.028900,-0.050200,-5.032200
224,False,False,True,True,1.000000,0.000000,318.449982,-127.719994,28.019999,-76.150002,-360.839996,-3.470000,0.314208,0.949354,0.000165,-0.000580,-0.035000,-0.049000,-5.107100
225,False,False,True,True,1.000000,0.000000,317.759979,-130.679993,27.969999,-83.189995,-355.299988,-7.960000,0.334600,0.942360,0.000348,-0.000100,-0.001200,-0.111500,-5.173600
226,False,False,True,True,1.000000,0.000000,317.009979,-133.589996,27.900000,-89.489998,-349.209991,-10.860000,0.355041,0.934851,-0.000181,0.000548,-0.157500,-0.104100,-5.227100
227,False,False,True,True,1.000000,0.000000,316.209991,-136.459991,27.830000,-96.040001,-344.739990,-11.650000,0.375390,0.926865,-0.001621,-0.000208,-0.253600,0.267300,-5.246700
228,False,False,True,True,1.000000,0.000000,315.350006,-139.270004,27.779999,-103.659996,-337.759979,-11.900000,0.395686,0.918384,-0.001190,-0.001524,0.168900,0.248500,-5.279400
229,False,False,True,True,1.000000,0.000000,314.440002,-142.020004,27.879999,-109.000000,-329.679993,3.200000,0.415220,0.909720,0.000634,-0.001384,0.367800,-0.146500,-5.129300
230,False,False,True,True,1.000000,0.000000,313.500000,-144.699997,27.959999,-113.199997,-321.919983,4.180000,0.434636,0.900605,0.000483,-0.001071,-0.032100,-0.059600,-5.148200
231,False,False,True,True,1.000000,0.000000,312.509979,-147.330002,27.980000,-118.680000,-315.009979,-1.210000,0.454133,0.890933,0.000542,-0.000699,-0.032000,-0.057300,-5.224000
232,False,False,True,True,1.000000,0.000000,311.479980,-149.889999,27.959999,-123.639999,-307.739990,-5.760000,0.473668,0.880704,0.000245,-0.000375,-0.081800,-0.040300,-5.292400
233,False,False,True,True,1.000000,0.000000,310.410004,-152.389999,27.889999,-128.209991,-300.220001,-10.080000,0.493213,0.869908,-0.000305,-0.000019,-0.143300,-0.017400,-5.358700
234,False,False,True,True,1.000000,0.000000,309.299988,-154.819992,27.820000,-133.770004,-291.750000,-10.940000,0.512629,0.858610,0.000758,-0.000051,0.205900,-0.113600,-5.391800
235,False,False,True,True,1.000000,0.000000,308.169983,-157.179993,27.789999,-135.860001,-283.119995,-8.820000,0.531818,0.846858,-0.000380,0.000154,-0.225600,0.081800,-5.401300
236,False,False,True,True,1.000000,0.000000,307.000000,-159.459991,27.750000,-140.899994,-274.000000,-8.610000,0.550813,0.834628,0.000607,-0.000024,0.194200,-0.077200,-5.422700
237,False,False,True,True,1.000000,0.000000,305.809998,-161.669998,27.740000,-142.440002,-265.290009,-7.300000,0.569587,0.821930,-0.000477,-0.000073,-0.173700,0.129700,-5.439300
238,False,False,True,True,1.000000,0.000000,304.589996,-163.800003,27.709999,-146.520004,-255.970001,-7.900000,0.588162,0.808743,0.000353,-0.000364,0.170700,-0.038000,-5.467000
239,False,False,True,True,1.000000,0.000000,303.359985,-165.860001,27.699999,-147.479996,-247.209991,-7.350000,0.606510,0.795076,-0.000720,-0.000623,-0.137900,0.173000,-5.490100
240,False,False,True,True,1.000000,0.000000,302.119995,-167.839996,27.680000,-149.229996,-237.879990,-9.429999,0.624674,0.780885,-0.001012,0.000310,-0.179800,-0.087300,-5.496300
241,False,False,True,True,1.000000,0.000000,300.850006,-169.739990,27.650000,-152.019989,-228.220001,-10.330000,0.642482,0.766300,0.000316,0.000882,0.117200,-0.274500,-5.491800
242,False,False,True,True,1.000000,0.000000,299.559998,-171.569992,27.609999,-154.569992,-219.970001,-12.070000,0.659951,0.751308,0.000952,-0.000067,0.239500,0.028200,-5.494700
243,False,False,True,True,1.000000,0.000000,298.279999,-173.330002,27.599998,-153.500000,-211.199997,-10.139999,0.677009,0.735974,-0.000553,-0.000947,-0.087200,0.347100,-5.488300
244,False,False,True,True,1.000000,0.000000,297.000000,-175.009995,27.599998,-153.039993,-201.179993,-9.849999,0.693711,0.720252,-0.000990,0.000235,-0.242100,-0.076800,-5.494100
245,False,False,True,True,1.000000,0.000000,295.720001,-176.599991,27.580000,-154.190002,-191.069992,-10.160000,0.710077,0.704123,0.000407,0.001130,0.048700,-0.342000,-5.489100
246,False,False,True,True,1.000000,0.000000,294.429993,-178.119995,27.549999,-155.349991,-182.509995,-11.370000,0.726069,0.687621,0.001179,0.000208,0.250900,-0.026900,-5.494200
247,False,False,True,True,1.000000,0.000000,293.160004,-179.569992,27.559999,-152.690002,-174.139999,-9.370000,0.741643,0.670794,-0.000245,-0.000817,-0.015800,0.350800,-5.488700
248,False,False,True,True,1.000000,0.000000,291.910004,-180.940002,27.559999,-150.459991,-164.349991,-9.200000,0.756839,0.653601,-0.000763,0.000289,-0.240000,-0.028600,-5.494600
249,False,False,True,True,1.000000,0.000000,290.660004,-182.229996,27.549999,-149.819992,-154.300003,-9.710000,0.771654,0.636041,0.000488,0.001254,-0.012300,-0.326700,-5.490200
250,False,False,True,True,1.000000,0.000000,289.419983,-183.440002,27.529999,-149.339996,-145.690002,-11.110000,0.786075,0.618130,0.001297,0.000407,0.232100,-0.066300,-5.494600
251,False,False,True,True,1.000000,0.000000,288.209991,-184.589996,27.549999,-145.309998,-138.000000,-9.370000,0.800046,0.599939,-0.000030,-0.000709,0.044400,0.339200,-5.489300
252,False,False,True,True,1.000000,0.000000,287.029999,-185.659988,27.549999,-141.379990,-128.770004,-9.290000,0.813604,0.581418,-0.000639,0.000343,-0.239500,0.013500,-5.494700
253,False,False,True,True,1.000000,0.000000,285.869995,-186.649994,27.529999,-139.009995,-119.029999,-9.800000,0.826745,0.562574,0.000510,0.001416,-0.070100,-0.318100,-5.490300
254,False,False,True,True,1.000000,0.000000,284.729980,-187.569992,27.510000,-136.959991,-110.680000,-11.200000,0.839461,0.543417,0.001389,0.000634,0.216800,-0.107100,-5.494600
255,False,False,True,True,1.000000,0.000000,283.630005,-188.440002,27.529999,-131.669998,-103.959999,-9.469999,0.851701,0.524028,0.000143,-0.000607,0.104900,0.327100,-5.489200
256,False,False,True,True,1.000000,0.000000,282.579987,-189.239990,27.529999,-126.119995,-95.579994,-9.370000,0.863503,0.504342,-0.000569,0.000397,-0.234600,0.058000,-5.494600
257,False,False,True,True,1.000000,0.000000,281.549988,-189.970001,27.519999,-123.430000,-87.489998,-9.150000,0.874837,0.484414,-0.001109,-0.001195,0.203900,0.278400,-5.489100
258,False,False,True,True,1.000000,0.000000,280.559998,-190.629990,27.519999,-119.009995,-78.639999,-9.900000,0.885723,0.464210,0.000019,-0.001956,0.274500,-0.071900,-5.492600
259,False,False,True,True,1.000000,0.000000,279.630005,-191.220001,27.559999,-111.829994,-71.029999,-8.020000,0.896116,0.443818,0.000882,-0.000100,-0.217900,-0.344900,-5.484800
260,False,False,True,True,1.000000,0.000000,278.750000,-191.769989,27.590000,-105.259995,-65.919998,-5.850000,0.906026,0.423221,-0.000310,0.000289,-0.215900,0.147200,-5.485500
261,False,False,True,True,1.000000,0.000000,277.910004,-192.259995,27.599998,-101.019997,-58.590000,-6.150000,0.915483,0.402354,-0.000909,-0.001206,0.210600,0.269800,-5.489300
262,False,False,True,True,1.000000,0.000000,277.119995,-192.679993,27.609999,-95.169998,-50.639999,-6.740000,0.924471,0.381249,0.000089,-0.001772,0.219000,-0.097200,-5.494700
263,False,False,True,True,1.000000,0.000000,276.389984,-193.050003,27.650000,-87.129997,-44.469997,-6.200000,0.932980,0.359929,0.000661,-0.000224,-0.217700,-0.243000,-5.490300
264,False,False,True,True,1.000000,0.000000,275.720001,-193.389999,27.670000,-80.049995,-40.329998,-5.390000,0.940987,0.338441,-0.000343,-0.000035,-0.142500,0.157700,-5.495800
265,False,False,True,True,1.000000,0.000000,275.109985,-193.669998,27.660000,-73.250000,-33.360001,-6.330000,0.948516,0.316727,0.000262,0.000958,-0.166800,-0.174200,-5.494700
266,False,False,True,True,1.000000,0.000000,274.549988,-193.899994,27.639999,-66.979996,-27.609999,-8.730000,0.955566,0.294775,0.001044,0.000591,0.097000,-0.150600,-5.497000
267,False,False,True,True,1.000000,0.000000,274.049988,-194.099991,27.650000,-59.549999,-24.279999,-8.639999,0.962088,0.272738,0.000316,-0.000607,0.199600,0.189100,-5.493100
268,False,False,True,True,1.000000,0.000000,273.630005,-194.269989,27.639999,-50.709999,-20.039999,-9.420000,0.968108,0.250533,-0.000510,0.000116,-0.162100,0.145400,-5.495600
269,False,False,True,True,1.000000,0.000000,273.269989,-194.389999,27.609999,-42.829998,-14.360000,-10.170000,0.973606,0.228230,0.000143,0.001427,-0.247100,-0.186700,-5.491200
270,False,False,True,True,1.000000,0.000000,272.970001,-194.470001,27.580000,-35.869999,-9.719999,-11.650000,0.978595,0.205788,0.001206,0.001033,0.095300,-0.219500,-5.494700
271,False,False,True,True,1.000000,0.000000,272.739990,-194.539993,27.590000,-28.180000,-8.190000,-10.150000,0.983054,0.183313,0.000477,-0.000580,0.302400,0.180900,-5.488600
272,False,False,True,True,1.000000,0.000000,272.589996,-194.589996,27.580000,-18.490000,-5.840000,-9.950000,0.987002,0.160709,-0.000585,0.000111,-0.142500,0.209700,-5.494100
273,False,False,True,True,1.000000,0.000000,272.489990,-194.610001,27.559999,-11.440000,-1.810000,-9.370000,0.990421,0.138072,-0.000542,-0.001610,0.353900,0.075800,-5.488000
274,False,False,True,True,1.000000,0.000000,272.470001,-194.589996,27.549999,-2.560000,2.040000,-9.809999,0.993325,0.115333,0.000801,-0.001977,0.168300,-0.243500,-5.492000
275,False,False,True,True,1.000000,0.000000,272.529999,-194.569992,27.590000,7.680000,2.600000,-7.850000,0.995705,0.092572,0.000952,0.000078,-0.396200,-0.111900,-5.484500
276,False,False,True,True,1.000000,0.000000,272.660004,-194.550003,27.619999,15.250000,2.320000,-5.920000,0.997561,0.069795,-0.000299,0.000030,-0.061900,0.255600,-5.484200
277,False,False,True,True,1.000000,0.000000,272.850006,-194.509995,27.619999,22.969999,4.750000,-6.090000,0.998896,0.046943,-0.000337,-0.001573,0.340200,0.061400,-5.489100
278,False,False,True,True,1.000000,0.000000,273.119995,-194.449997,27.629999,32.309998,6.960000,-6.520000,0.999709,0.024031,0.000796,-0.001767,0.101600,-0.219000,-5.494600
279,False,False,True,True,1.000000,0.000000,273.470001,-194.399994,27.670000,42.090000,5.930000,-6.100000,0.999999,0.001071,0.000774,-0.000127,-0.320700,-0.033200,-5.490500
280,False,False,True,True,1.000000,0.000000,273.889984,-194.349991,27.639999,50.899998,5.940000,-11.500000,0.999754,-0.022121,0.000785,0.001368,-0.303200,-0.031900,-5.491500
281,False,False,True,True,1.000000,0.000000,274.369995,-194.319992,27.639999,58.149998,4.060000,-9.710000,0.998987,-0.044995,-0.000423,0.000742,0.096400,0.246000,-5.493300
282,False,False,True,True,1.000000,0.000000,274.919983,-194.279999,27.609999,66.129997,4.570000,-10.020000,0.997692,-0.067896,-0.000267,-0.001217,0.426400,-0.024900,-5.483300
283,False,False,True,True,1.000000,0.000000,275.549988,-194.239990,27.599998,75.860001,5.020000,-9.010000,0.995881,-0.090652,0.001157,-0.001297,0.047200,-0.306000,-5.479200
284,False,False,True,True,1.000000,0.000000,276.259979,-194.229996,27.629999,85.049995,1.320000,-7.200000,0.993551,-0.113375,0.000963,0.000731,-0.414800,0.042200,-5.483000
285,False,False,True,True,1.000000,0.000000,277.019989,-194.250000,27.670000,91.750000,-1.800000,-5.250000,0.990703,-0.136044,-0.000213,0.000418,0.045600,0.246900,-5.483300
286,False,False,True,True,1.000000,0.000000,277.850006,-194.269989,27.670000,99.610001,-2.800000,-5.640000,0.987327,-0.158697,0.000035,-0.001071,0.319300,-0.073300,-5.490200
287,False,False,True,True,1.000000,0.000000,278.759979,-194.309998,27.670000,108.879997,-4.430000,-6.230000,0.983425,-0.181306,0.001092,-0.001049,0.002700,-0.227400,-5.495200
288,False,False,True,True,1.000000,0.000000,279.739990,-194.389999,27.699999,117.070000,-9.200000,-6.180000,0.978998,-0.203867,0.000742,0.000461,-0.292800,0.097600,-5.491300
289,False,False,True,True,1.000000,0.000000,280.769989,-194.500000,27.709999,123.529999,-13.299999,-5.840000,0.974062,-0.226283,-0.000192,0.000057,0.090000,0.188900,-5.496000
290,False,False,True,True,1.000000,0.000000,281.859985,-194.629990,27.689999,131.029999,-15.900000,-6.780000,0.968602,-0.248612,0.000213,-0.001287,0.275000,-0.133100,-5.491500
291,False,False,True,True,1.000000,0.000000,283.019989,-194.789993,27.680000,139.770004,-19.170000,-7.510000,0.962638,-0.270785,0.001281,-0.001114,-0.052800,-0.223200,-5.495200
292,False,False,True,True,1.000000,0.000000,284.239990,-195.000000,27.699999,146.800003,-25.389999,-7.250000,0.956161,-0.292839,0.000747,0.000472,-0.292000,0.166800,-5.489700
293,False,False,True,True,1.000000,0.000000,285.509979,-195.259995,27.709999,152.259995,-30.629999,-6.420000,0.949199,-0.314677,-0.000229,-0.000040,0.135000,0.188300,-5.495100
294,False,False,True,True,1.000000,0.000000,286.839996,-195.550003,27.689999,159.039993,-34.450001,-6.920000,0.941721,-0.336391,0.000321,-0.001449,0.268700,-0.193600,-5.490000
295,False,False,True,True,1.000000,0.000000,288.229980,-195.879990,27.680000,167.080002,-39.160000,-7.340000,0.933758,-0.357900,0.001427,-0.001190,-0.091300,-0.223900,-5.494600
296,False,False,True,True,1.000000,0.000000,289.669983,-196.269989,27.709999,172.739990,-46.539997,-6.940000,0.925286,-0.379269,0.000753,0.000359,-0.258900,0.216700,-5.489600
297,False,False,True,True,1.000000,0.000000,291.149994,-196.709991,27.719999,177.160004,-52.709999,-6.140000,0.916350,-0.400379,-0.000159,-0.000208,0.162600,0.160300,-5.495200
298,False,False,True,True,1.000000,0.000000,292.690002,-197.199997,27.709999,184.470001,-58.449997,-6.530000,0.906916,-0.421311,-0.000423,0.000963,-0.195000,0.165700,-5.494000
299,False,False,True,True,1.000000,0.000000,294.259979,-197.739990,27.709999,188.509995,-65.040001,-6.450000,0.896998,-0.442032,-0.001082,0.000251,0.169600,0.084100,-5.496700
300,False,False,True,True,1.000000,0.000000,295.880005,-198.330002,27.699999,193.860001,-70.809998,-7.820000,0.886585,-0.462565,-0.000316,-0.001017,0.187200,-0.243300,-5.491400
301,False,False,True,True,1.000000,0.000000,297.549988,-198.979996,27.689999,200.259995,-77.479996,-8.340000,0.875735,-0.482790,0.000704,-0.000553,-0.159700,-0.175600,-5.494800
302,False,False,True,True,1.000000,0.000000,299.250000,-199.699997,27.689999,203.610001,-86.040001,-7.920000,0.864402,-0.502800,-0.000170,0.000909,-0.199700,0.297900,-5.488200
303,False,False,True,True,1.000000,0.000000,300.970001,-200.479996,27.699999,206.029999,-93.199997,-6.670000,0.852664,-0.522458,-0.001071,0.000148,0.216800,0.118600,-5.494400
304,False,False,True,True,1.000000,0.000000,302.720001,-201.309998,27.699999,210.199997,-99.479996,-6.840000,0.840441,-0.541901,-0.000138,-0.001190,0.162700,-0.302800,-5.489200
305,False,False,True,True,1.000000,0.000000,304.509979,-202.199997,27.699999,215.339996,-107.189995,-7.130000,0.827794,-0.561031,0.000904,-0.000704,-0.181900,-0.166300,-5.494400
306,False,False,True,True,1.000000,0.000000,306.320007,-203.169998,27.709999,217.059998,-116.180000,-6.740000,0.814674,-0.579919,-0.000040,0.000596,-0.134700,0.305700,-5.489800
307,False,False,True,True,1.000000,0.000000,308.139984,-204.199997,27.719999,218.239990,-123.779999,-5.980000,0.801168,-0.598439,-0.000801,-0.000154,0.213200,0.072700,-5.495300
308,False,False,True,True,1.000000,0.000000,309.979980,-205.289993,27.719999,221.069992,-130.800003,-6.520000,0.787197,-0.616700,0.000170,-0.001276,0.092400,-0.299900,-5.491000
309,False,False,True,True,1.000000,0.000000,311.850006,-206.449997,27.719999,224.599991,-139.349991,-7.190000,0.772835,-0.634606,0.001092,-0.000704,-0.198600,-0.117200,-5.495100
310,False,False,True,True,1.000000,0.000000,313.720001,-207.690002,27.750000,224.709991,-148.470001,-7.030000,0.758030,-0.652220,0.000057,0.000596,-0.071000,0.319300,-5.490200
311,False,False,True,True,1.000000,0.000000,315.589996,-208.989990,27.750000,224.459991,-156.209991,-6.310000,0.742880,-0.669424,-0.000634,-0.000213,0.225500,0.030000,-5.495200
312,False,False,True,True,1.000000,0.000000,317.470001,-210.349991,27.740000,225.889999,-163.580002,-6.750000,0.727288,-0.686331,0.000429,-0.001254,0.035500,-0.317700,-5.490600
313,False,False,True,True,1.000000,0.000000,319.369995,-211.789993,27.730000,227.799988,-172.720001,-7.360000,0.711347,-0.702839,0.001319,-0.000596,-0.221800,-0.081300,-5.494900
314,False,False,True,True,1.000000,0.000000,321.259979,-213.299988,27.760000,226.209991,-181.720001,-7.080000,-0.694995,0.719014,-0.000143,-0.000618,-0.012300,0.333000,-5.489800
315,False,False,True,True,1.000000,0.000000,323.130005,-214.879990,27.760000,224.479996,-189.319992,-6.250000,-0.678336,0.734751,0.000483,0.000251,0.229700,-0.009900,-5.495100
316,False,False,True,True,1.000000,0.000000,325.000000,-216.519989,27.750000,224.470001,-196.769989,-6.630000,-0.661256,0.750159,-0.000655,0.001184,-0.022700,-0.318000,-5.490700
317,False,False,True,True,1.000000,0.000000,326.869995,-218.239990,27.740000,224.589996,-206.229996,-7.300000,-0.643869,0.765134,-0.001481,0.000456,-0.231900,-0.040000,-5.494900
318,False,False,True,True,1.000000,0.000000,328.709991,-220.029999,27.769999,221.379990,-214.809998,-7.040000,-0.626098,0.779744,-0.000202,-0.000639,0.048400,0.328000,-5.489900
319,False,False,True,True,1.000000,0.000000,330.529999,-221.879990,27.769999,218.229996,-222.019989,-6.210000,-0.608063,0.793888,0.000337,0.000272,0.222900,-0.051300,-5.495200
320,False,False,True,True,1.000000,0.000000,332.339996,-223.789993,27.750000,216.799988,-229.289993,-6.590000,-0.589635,0.807669,-0.000860,0.001087,-0.080200,-0.305500,-5.490900
321,False,False,True,True,1.000000,0.000000,334.130005,-225.779999,27.740000,215.009995,-238.750000,-7.360000,-0.570942,0.820989,-0.001610,0.000289,-0.233900,0.004100,-5.495000
322,False,False,True,True,1.000000,0.000000,335.880005,-227.839996,27.769999,210.279999,-246.629990,-7.100000,-0.551909,0.833904,-0.000224,-0.000682,0.108000,0.314400,-5.489900
323,False,False,True,True,1.000000,0.000000,337.589996,-229.949997,27.769999,205.789993,-253.169998,-6.220000,-0.532655,0.846333,0.000235,0.000278,0.210600,-0.091300,-5.495200
324,False,False,True,True,1.000000,0.000000,339.279999,-232.119995,27.750000,203.009995,-260.009979,-6.560000,-0.513034,0.858367,-0.001022,0.000974,-0.134700,-0.284900,-5.490900
325,False,False,True,True,1.000000,0.000000,340.940002,-234.360001,27.740000,199.250000,-269.070007,-7.430000,-0.493186,0.869922,-0.001686,0.000111,-0.227300,0.048400,-5.495000
326,False,False,True,True,1.000000,0.000000,342.549988,-236.659988,27.769999,193.139999,-276.000000,-7.170000,-0.473053,0.881034,-0.000208,-0.000731,0.164200,0.290800,-5.489800
327,False,False,True,True,1.000000,0.000000,344.109985,-239.009995,27.769999,187.449997,-281.630005,-6.230000,-0.452741,0.891642,0.000165,0.000267,0.191100,-0.128800,-5.495100
328,False,False,True,True,1.000000,0.000000,345.639984,-241.409988,27.750000,183.440002,-287.790009,-6.540000,-0.432095,0.901827,-0.001146,0.000844,-0.184500,-0.255200,-5.490900
329,False,False,True,True,1.000000,0.000000,347.119995,-243.879990,27.740000,177.800003,-295.989990,-7.510000,-0.411255,0.911519,-0.001713,-0.000078,-0.210900,0.091200,-5.495100
330,False,False,True,True,1.000000,0.000000,348.539978,-246.389999,27.769999,170.509995,-301.739990,-7.280000,-0.390188,0.920735,-0.000154,-0.000785,0.215400,0.257500,-5.489700
331,False,False,True,True,1.000000,0.000000,349.910004,-248.939987,27.769999,163.800003,-306.229980,-6.260000,-0.368987,0.929435,0.000121,0.000251,0.164800,-0.162900,-5.495100
332,False,False,True,True,1.000000,0.000000,351.229980,-251.539993,27.750000,158.709991,-311.509979,-6.540000,-0.347488,0.937683,-0.001238,0.000704,-0.228500,-0.217800,-5.490900
333,False,False,True,True,1.000000,0.000000,352.489990,-254.189987,27.740000,151.449997,-318.440002,-7.560000,-0.325823,0.945429,-0.001697,-0.000267,-0.186700,0.129600,-5.495200
334,False,False,True,True,1.000000,0.000000,353.679993,-256.880005,27.769999,143.190002,-322.809998,-7.350000,-0.304001,0.952671,-0.000078,-0.000828,0.259500,0.215200,-5.489600
335,False,False,True,True,1.000000,0.000000,354.809998,-259.600006,27.769999,135.690002,-325.989990,-6.260000,-0.282092,0.959387,0.000100,0.000235,0.132000,-0.191100,-5.495000
336,False,False,True,True,1.000000,0.000000,355.889984,-262.350006,27.750000,129.720001,-330.229980,-6.530000,-0.259925,0.965628,-0.001292,0.000564,-0.264500,-0.172600,-5.490900
337,False,False,True,True,1.000000,0.000000,356.899994,-265.149994,27.730000,121.209999,-335.609985,-7.590000,-0.237623,0.971356,-0.001648,-0.000440,-0.156400,0.161800,-5.495300
338,False,False,True,True,1.000000,0.000000,357.839996,-267.970001,27.760000,112.250000,-338.440002,-7.410000,-0.215229,0.976563,0.000024,-0.000855,0.294900,0.165100,-5.489600
339,False,False,True,True,1.000000,0.000000,358.709991,-270.799988,27.760000,104.209999,-340.179993,-6.270000,-0.192797,0.981239,0.000094,0.000224,0.094200,-0.212500,-5.495000
340,False,False,True,True,1.000000,0.000000,359.519989,-273.660004,27.740000,97.559998,-343.250000,-6.540000,-0.170150,0.985417,-0.001330,0.000423,-0.292100,-0.121800,-5.490800
341,False,False,True,True,1.000000,0.000000,360.250000,-276.549988,27.730000,88.159996,-346.910004,-7.620000,-0.147405,0.989075,-0.001583,-0.000612,-0.122100,0.187700,-5.495400
342,False,False,True,True,1.000000,0.000000,360.910004,-279.449982,27.760000,78.779999,-348.089996,-7.440000,-0.124634,0.992202,0.000127,-0.000871,0.320900,0.109300,-5.489500
343,False,False,True,True,1.000000,0.000000,361.500000,-282.350006,27.760000,70.479996,-348.299988,-6.240000,-0.101868,0.994798,0.000094,0.000213,0.053400,-0.226200,-5.495000
344,False,False,True,True,1.000000,0.000000,362.029999,-285.269989,27.740000,63.379997,-350.139984,-6.530000,-0.078934,0.996879,-0.001346,0.000289,-0.309900,-0.067000,-5.490800
345,False,False,True,True,1.000000,0.000000,362.479980,-288.199982,27.730000,53.449997,-351.989990,-7.610000,-0.055947,0.998432,-0.001497,-0.000763,-0.084800,0.206600,-5.495400
346,False,False,True,True,1.000000,0.000000,362.850006,-291.130005,27.740000,43.939999,-351.470001,-7.420000,-0.032987,0.999455,0.000165,-0.000796,0.335700,0.049600,-5.489500
347,False,False,True,True,1.000000,0.000000,363.149994,-294.049988,27.740000,35.669998,-350.130005,-6.190000,-0.010075,0.999949,0.000030,0.000278,0.010800,-0.231300,-5.495100
348,False,False,True,True,1.000000,0.000000,363.389984,-296.970001,27.719999,28.320000,-350.709991,-6.530000,0.012945,0.999915,-0.001422,0.000213,-0.317300,-0.010000,-5.490800
349,False,False,True,True,1.000000,0.000000,363.539978,-299.889984,27.719999,18.219999,-350.709991,-7.590000,0.035981,0.999351,-0.001508,-0.000877,-0.045000,0.218500,-5.495400
350,False,False,True,True,1.000000,0.000000,363.609985,-302.789978,27.730000,8.900000,-348.479980,-7.400000,0.058936,0.998261,0.000154,-0.000758,0.339300,-0.011800,-5.489500
351,False,False,True,True,1.000000,0.000000,363.619995,-305.669983,27.730000,0.950000,-345.609985,-6.150000,0.081799,0.996649,-0.000084,0.000294,-0.031900,-0.228300,-5.495100
352,False,False,True,True,1.000000,0.000000,363.539978,-308.539978,27.709999,-9.130000,-344.279999,-6.950000,0.104743,0.994499,0.001179,0.000192,0.271800,-0.018100,-5.493200
353,False,False,True,True,1.000000,0.000000,363.399994,-311.399994,27.689999,-16.879999,-343.070007,-8.790000,0.127639,0.991820,0.001233,-0.000720,0.064800,0.185000,-5.496500
354,False,False,True,True,1.000000,0.000000,363.199982,-314.229980,27.719999,-24.480000,-339.309998,-8.230000,0.150394,0.988626,-0.000229,-0.000650,-0.279000,0.032100,-5.492800
355,False,False,True,True,1.000000,0.000000,362.919983,-317.019989,27.699999,-33.090000,-335.339996,-9.110000,0.173106,0.984903,0.000046,0.000375,-0.007500,-0.215100,-5.495700
356,False,False,True,True,1.000000,0.000000,362.579987,-319.799988,27.670000,-40.270000,-333.600006,-8.910000,0.195673,0.980668,-0.001308,-0.000175,-0.273100,0.150500,-5.491100
357,False,False,True,True,1.000000,0.000000,362.169983,-322.549988,27.650000,-49.619999,-330.039978,-10.260000,0.218218,0.975898,-0.001217,-0.001427,0.038800,0.257000,-5.493800
358,False,False,True,True,1.000000,0.000000,361.690002,-325.250000,27.670000,-57.649998,-324.259979,-8.920000,0.240531,0.970641,0.000704,-0.000893,0.370700,-0.164700,-5.485000
359,False,False,True,True,1.000000,0.000000,361.160004,-327.899994,27.689999,-63.899998,-318.399994,-6.580000,0.262660,0.964888,0.000229,0.000299,-0.120200,-0.242700,-5.487200
360,False,False,True,True,1.000000,0.000000,360.569977,-330.529999,27.680000,-70.889999,-315.489990,-6.410000,0.284693,0.958618,-0.001341,-0.000181,-0.317400,0.170700,-5.488100
361,False,False,True,True,1.000000,0.000000,359.910004,-333.119995,27.689999,-79.659996,-310.259979,-7.010000,0.306660,0.951817,-0.001184,-0.001341,0.068400,0.230700,-5.494700
362,False,False,True,True,1.000000,0.000000,359.190002,-335.649994,27.719999,-86.619995,-303.369995,-6.560000,0.328434,0.944527,0.000391,-0.000790,0.284300,-0.180200,-5.489600
363,False,False,True,True,1.000000,0.000000,358.419983,-338.119995,27.730000,-92.009995,-296.649994,-5.410000,0.350008,0.936747,-0.000100,0.000111,-0.135600,-0.169000,-5.495700
364,False,False,True,True,1.000000,0.000000,357.589996,-340.539978,27.709999,-99.879997,-290.389984,-6.490000,0.371495,0.928434,0.001060,0.000343,0.206100,-0.147600,-5.494100
365,False,False,True,True,1.000000,0.000000,356.720001,-342.899994,27.719999,-104.849998,-283.339996,-6.210000,0.392735,0.919651,0.000407,0.001049,-0.153500,-0.105800,-5.496800
366,False,False,True,True,1.000000,0.000000,355.789978,-345.220001,27.709999,-111.099998,-278.139984,-7.690000,0.413796,0.910369,-0.000877,0.000364,-0.208400,0.218700,-5.491600
367,False,False,True,True,1.000000,0.000000,354.809998,-347.479980,27.709999,-118.079994,-270.919983,-8.670000,0.434631,0.900608,-0.000521,-0.000726,0.144200,0.178700,-5.495200
368,False,False,True,True,1.000000,0.000000,353.789978,-349.669983,27.699999,-122.979996,-262.329987,-8.150000,0.455190,0.890393,0.001028,0.000062,0.241100,-0.278500,-5.487600
369,False,False,True,True,1.000000,0.000000,352.739990,-351.789978,27.709999,-126.159996,-254.269989,-6.300000,0.475459,0.879737,0.000316,0.001001,-0.201500,-0.140500,-5.494500
370,False,False,True,True,1.000000,0.000000,351.639984,-353.859985,27.709999,-131.639999,-248.220001,-6.760000,0.495522,0.868595,-0.001065,0.000165,-0.196000,0.281400,-5.489200
