frame,input.bJump,input.bJumped,input.Pitch,input.DodgeForward,input.Yaw,input.DodgeStrafe,car.Location.X,car.Location.Y,car.Location.Z,car.LinearVelocity.X,car.LinearVelocity.Y,car.LinearVelocity.Z,car.Quaternion.X,car.Quaternion.Y,car.Quaternion.Z,car.Quaternion.W,car.AngularVelocity.X,car.AngularVelocity.Y,car.AngularVelocity.Z
0,False,False,0.000000,0.000000,0.000000,0.000000,0.120000,0.000000,18.639999,0.000000,0.000000,8.441000,0.000003,0.003008,0.000003,0.999995,0.000000,-0.000410,0.000000
1,True,True,0.000000,0.000000,0.000000,0.000000,0.140000,0.000000,21.170000,-0.491000,0.000000,304.121002,0.000003,0.003008,0.000003,0.999995,0.000000,-0.000310,0.000000
2,True,True,0.000000,0.000000,0.000000,0.000000,0.140000,0.000000,23.740000,0.101000,0.000000,308.140991,0.000003,0.003008,0.000003,0.999995,0.000000,-0.000310,0.000000
3,True,True,0.000000,0.000000,0.000000,0.000000,0.140000,0.000000,26.340000,-0.051000,0.000000,312.161011,0.000003,0.003008,0.000003,0.999995,0.000000,-0.000310,0.000000
4,True,True,0.000000,0.000000,0.000000,0.000000,0.140000,0.000000,28.969999,-0.011000,0.000000,316.181000,0.000003,0.003008,0.000003,0.999995,0.000000,-0.000310,0.000000
5,True,True,0.000000,0.000000,0.000000,0.000000,0.140000,0.000000,31.639999,-0.021000,0.000000,320.200989,0.000003,0.003008,0.000003,0.999995,0.000000,-0.000310,0.000000
6,True,True,0.000000,0.000000,0.000000,0.000000,0.140000,0.000000,34.340000,0.051000,0.000000,324.221008,0.000003,0.003008,0.000003,0.999995,0.000000,-0.000310,0.000000
7,True,True,0.000000,0.000000,0.000000,0.000000,0.140000,0.000000,37.099998,0.121000,0.000000,330.950989,0.000003,0.003008,0.000003,0.999995,0.000000,-0.000310,0.000000
8,True,True,0.000000,0.000000,0.000000,0.000000,0.140000,0.000000,39.910000,0.191000,0.000000,337.681000,0.000003,0.003008,0.000003,0.999995,0.000000,-0.000310,0.000000
9,True,True,0.000000,0.000000,0.000000,0.000000,0.140000,0.000000,42.779999,0.261000,0.000000,344.411011,0.000003,0.003008,0.000003,0.999995,0.000000,-0.000310,0.000000
10,True,True,0.000000,0.000000,0.000000,0.000000,0.140000,0.000000,45.709999,0.331000,0.000000,351.140991,0.000003,0.003008,0.000003,0.999995,0.000000,-0.000310,0.000000
11,True,True,0.000000,0.000000,0.000000,0.000000,0.140000,0.000000,48.689999,0.401000,0.000000,357.871002,0.000003,0.003008,0.000003,0.999995,0.000000,-0.000310,0.000000
12,True,True,0.000000,0.000000,0.000000,0.000000,0.140000,0.000000,51.730000,0.471000,0.000000,364.601013,0.000003,0.003008,0.000003,0.999995,0.000000,-0.000310,0.000000
13,True,True,0.000000,0.000000,0.000000,0.000000,0.140000,0.000000,54.820000,0.541000,0.000000,371.330994,0.000003,0.003008,0.000003,0.999995,0.000000,-0.000310,0.000000
14,True,True,0.000000,0.000000,0.000000,0.000000,0.150000,0.000000,57.969997,0.611000,0.000000,378.061005,0.000003,0.003008,0.000003,0.999995,0.000000,-0.000310,0.000000
15,True,True,0.000000,0.000000,0.000000,0.000000,0.160000,0.000000,61.180000,0.681000,0.000000,384.790985,0.000003,0.003008,0.000003,0.999995,0.000000,-0.000310,0.000000
16,True,True,0.000000,0.000000,0.000000,0.000000,0.170000,0.000000,64.439995,0.751000,0.000000,391.520996,0.000003,0.003008,0.000003,0.999995,0.000000,-0.000310,0.000000
17,True,True,0.000000,0.000000,0.000000,0.000000,0.180000,0.000000,67.760002,0.821000,0.000000,398.251007,0.000003,0.003008,0.000003,0.999995,0.000000,-0.000310,0.000000
18,True,True,0.000000,0.000000,0.000000,0.000000,0.190000,0.000000,71.129997,0.891000,0.000000,404.980988,0.000003,0.003008,0.000003,0.999995,0.000000,-0.000310,0.000000
19,True,True,0.000000,0.000000,0.000000,0.000000,0.200000,0.000000,74.559998,0.961000,0.000000,411.710999,0.000003,0.003008,0.000003,0.999995,0.000000,-0.000310,0.000000
20,True,True,0.000000,0.000000,0.000000,0.000000,0.210000,0.000000,78.049995,1.031000,0.000000,418.441010,0.000003,0.003008,0.000003,0.999995,0.000000,-0.000310,0.000000
21,False,False,0.000000,0.000000,0.000000,0.000000,0.220000,0.000000,81.489998,1.031000,0.000000,413.020996,0.000003,0.003008,0.000003,0.999995,0.000000,-0.000310,0.000000
22,False,False,0.000000,0.000000,0.000000,0.000000,0.230000,0.000000,84.889999,1.031000,0.000000,407.601013,0.000003,0.003008,0.000003,0.999995,0.000000,-0.000310,0.000000
23,False,False,0.000000,0.000000,0.000000,0.000000,0.240000,0.000000,88.239998,1.031000,0.000000,402.181000,0.000003,0.003008,0.000003,0.999995,0.000000,-0.000310,0.000000
24,False,False,0.000000,0.000000,0.000000,0.000000,0.250000,0.000000,91.549995,1.031000,0.000000,396.760986,0.000003,0.003008,0.000003,0.999995,0.000000,-0.000310,0.000000
25,False,False,0.000000,0.000000,0.000000,0.000000,0.260000,0.000000,94.809998,1.031000,0.000000,391.341003,0.000003,0.003008,0.000003,0.999995,0.000000,-0.000310,0.000000
26,False,False,0.000000,0.000000,0.000000,0.000000,0.270000,0.000000,98.029999,1.031000,0.000000,385.920990,0.000003,0.003008,0.000003,0.999995,0.000000,-0.000310,0.000000
27,False,False,0.000000,0.000000,0.000000,0.000000,0.280000,0.000000,101.199997,1.031000,0.000000,380.501007,0.000003,0.003008,0.000003,0.999995,0.000000,-0.000310,0.000000
28,False,False,0.000000,0.000000,0.000000,0.000000,0.290000,0.000000,104.329994,1.031000,0.000000,375.080994,0.000003,0.003008,0.000003,0.999995,0.000000,-0.000310,0.000000
29,False,False,0.000000,0.000000,0.000000,0.000000,0.300000,0.000000,107.409996,1.031000,0.000000,369.661011,0.000003,0.003008,0.000003,0.999995,0.000000,-0.000310,0.000000
30,False,False,0.000000,0.000000,0.000000,0.000000,0.310000,0.000000,110.449997,1.031000,0.000000,364.240997,0.000003,0.003008,0.000003,0.999995,0.000000,-0.000310,0.000000
31,False,False,0.000000,0.000000,0.000000,0.000000,0.320000,0.000000,113.439995,1.031000,0.000000,358.820984,0.000003,0.003008,0.000003,0.999995,0.000000,-0.000310,0.000000
32,False,False,0.000000,0.000000,0.000000,0.000000,0.330000,0.000000,116.389999,1.031000,0.000000,353.401001,0.000003,0.003008,0.000003,0.999995,0.000000,-0.000310,0.000000
33,False,False,0.000000,0.000000,0.000000,0.000000,0.340000,0.000000,119.290001,1.031000,0.000000,347.980988,0.000003,0.003008,0.000003,0.999995,0.000000,-0.000310,0.000000
34,False,False,0.000000,0.000000,0.000000,0.000000,0.350000,0.000000,122.139999,1.031000,0.000000,342.561005,0.000003,0.003008,0.000003,0.999995,0.000000,-0.000310,0.000000
35,False,False,0.000000,0.000000,0.000000,0.000000,0.360000,0.000000,124.949997,1.031000,0.000000,337.140991,0.000003,0.003008,0.000003,0.999995,0.000000,-0.000310,0.000000
36,False,False,0.000000,0.000000,0.000000,0.000000,0.370000,0.000000,127.709999,1.031000,0.000000,331.721008,0.000003,0.003008,0.000003,0.999995,0.000000,-0.000310,0.000000
37,False,False,0.000000,0.000000,0.000000,0.000000,0.380000,0.000000,130.429993,1.031000,0.000000,326.300995,0.000003,0.003008,0.000003,0.999995,0.000000,-0.000310,0.000000
38,False,False,0.000000,0.000000,0.000000,0.000000,0.390000,0.000000,133.099991,1.031000,0.000000,320.881012,0.000003,0.003008,0.000003,0.999995,0.000000,-0.000310,0.000000
39,False,False,0.000000,0.000000,0.000000,0.000000,0.400000,0.000000,135.729996,1.031000,0.000000,315.460999,0.000003,0.003008,0.000003,0.999995,0.000000,-0.000310,0.000000
40,False,False,0.000000,0.000000,0.000000,0.000000,0.410000,0.000000,138.309998,1.031000,0.000000,310.040985,0.000003,0.003008,0.000003,0.999995,0.000000,-0.000310,0.000000
41,False,False,0.000000,0.000000,0.000000,0.000000,0.420000,0.000000,140.849991,1.031000,0.000000,304.621002,0.000003,0.003008,0.000003,0.999995,0.000000,-0.000310,0.000000
42,False,False,0.000000,0.000000,0.000000,0.000000,0.430000,0.000000,143.339996,1.031000,0.000000,299.200989,0.000003,0.003008,0.000003,0.999995,0.000000,-0.000310,0.000000
43,False,False,0.000000,0.000000,0.000000,0.000000,0.440000,0.000000,145.789993,1.031000,0.000000,293.781006,0.000003,0.003008,0.000003,0.999995,0.000000,-0.000310,0.000000
44,False,False,0.000000,0.000000,0.000000,0.000000,0.450000,0.000000,148.190002,1.031000,0.000000,288.360992,0.000003,0.003008,0.000003,0.999995,0.000000,-0.000310,0.000000
45,False,False,0.000000,0.000000,0.000000,0.000000,0.460000,0.000000,150.550003,1.031000,0.000000,282.941010,0.000003,0.003008,0.000003,0.999995,0.000000,-0.000310,0.000000
46,False,False,0.000000,0.000000,0.000000,0.000000,0.470000,0.000000,152.860001,1.031000,0.000000,277.520996,0.000003,0.003008,0.000003,0.999995,0.000000,-0.000310,0.000000
47,False,False,0.000000,0.000000,0.000000,0.000000,0.480000,0.000000,155.129990,1.031000,0.000000,272.101013,0.000003,0.003008,0.000003,0.999995,0.000000,-0.000310,0.000000
48,False,False,0.000000,0.000000,0.000000,0.000000,0.490000,0.000000,157.349991,1.031000,0.000000,266.681000,0.000003,0.003008,0.000003,0.999995,0.000000,-0.000310,0.000000
49,False,False,0.000000,0.000000,0.000000,0.000000,0.500000,0.000000,159.529999,1.031000,0.000000,261.260986,0.000003,0.003008,0.000003,0.999995,0.000000,-0.000310,0.000000
50,False,False,0.000000,0.000000,0.000000,0.000000,0.510000,0.000000,161.660004,1.031000,0.000000,255.841003,0.000003,0.003008,0.000003,0.999995,0.000000,-0.000310,0.000000
51,False,False,0.000000,0.000000,0.000000,0.000000,0.520000,0.000000,163.750000,1.031000,0.000000,250.421005,0.000003,0.003008,0.000003,0.999995,0.000000,-0.000310,0.000000
52,False,False,0.000000,0.000000,0.000000,0.000000,0.530000,0.000000,165.789993,1.031000,0.000000,245.001007,0.000003,0.003008,0.000003,0.999995,0.000000,-0.000310,0.000000
53,False,False,0.000000,0.000000,0.000000,0.000000,0.540000,0.000000,167.789993,1.031000,0.000000,239.581009,0.000003,0.003008,0.000003,0.999995,0.000000,-0.000310,0.000000
54,False,False,0.000000,0.000000,0.000000,0.000000,0.550000,0.000000,169.739990,1.031000,0.000000,234.160995,0.000003,0.003008,0.000003,0.999995,0.000000,-0.000310,0.000000
55,False,False,0.000000,0.000000,0.000000,0.000000,0.560000,0.000000,171.649994,1.031000,0.000000,228.740997,0.000003,0.003008,0.000003,0.999995,0.000000,-0.000310,0.000000
56,False,False,0.000000,0.000000,0.000000,0.000000,0.570000,0.000000,173.509995,1.031000,0.000000,223.320999,0.000003,0.003008,0.000003,0.999995,0.000000,-0.000310,0.000000
57,False,False,0.000000,0.000000,0.000000,0.000000,0.580000,0.000000,175.330002,1.031000,0.000000,217.901001,0.000003,0.003008,0.000003,0.999995,0.000000,-0.000310,0.000000
58,False,False,0.000000,0.000000,0.000000,0.000000,0.590000,0.000000,177.099991,1.031000,0.000000,212.481003,0.000003,0.003008,0.000003,0.999995,0.000000,-0.000310,0.000000
59,False,False,0.000000,0.000000,0.000000,0.000000,0.600000,0.000000,178.830002,1.031000,0.000000,207.061005,0.000003,0.003008,0.000003,0.999995,0.000000,-0.000310,0.000000
60,False,False,0.000000,0.000000,0.000000,0.000000,0.610000,0.000000,180.509995,1.031000,0.000000,201.641006,0.000003,0.003008,0.000003,0.999995,0.000000,-0.000310,0.000000
61,False,False,0.000000,0.000000,0.000000,0.000000,0.620000,0.000000,182.149994,1.031000,0.000000,196.221008,0.000003,0.003008,0.000003,0.999995,0.000000,-0.000310,0.000000
62,False,False,0.000000,0.000000,0.000000,0.000000,0.630000,0.000000,183.739990,1.031000,0.000000,190.801010,0.000003,0.003008,0.000003,0.999995,0.000000,-0.000310,0.000000
63,False,False,0.000000,0.000000,0.000000,0.000000,0.640000,0.000000,185.279999,1.031000,0.000000,185.380997,0.000003,0.003008,0.000003,0.999995,0.000000,-0.000310,0.000000
64,False,False,0.000000,0.000000,0.000000,0.000000,0.650000,0.000000,186.779999,1.031000,0.000000,179.960999,0.000003,0.003008,0.000003,0.999995,0.000000,-0.000310,0.000000
65,False,False,0.000000,0.000000,0.000000,0.000000,0.660000,0.000000,188.229996,1.031000,0.000000,174.541000,0.000003,0.003008,0.000003,0.999995,0.000000,-0.000310,0.000000
66,False,False,0.000000,0.000000,0.000000,0.000000,0.670000,0.000000,189.639999,1.031000,0.000000,169.121002,0.000003,0.003008,0.000003,0.999995,0.000000,-0.000310,0.000000
67,False,False,0.000000,0.000000,0.000000,0.000000,0.680000,0.000000,191.000000,1.031000,0.000000,163.701004,0.000003,0.003008,0.000003,0.999995,0.000000,-0.000310,0.000000
68,False,False,0.000000,0.000000,0.000000,0.000000,0.690000,0.000000,192.319992,1.031000,0.000000,158.281006,0.000003,0.003008,0.000003,0.999995,0.000000,-0.000310,0.000000
69,False,False,0.000000,0.000000,0.000000,0.000000,0.700000,0.000000,193.589996,1.031000,0.000000,152.861008,0.000003,0.003008,0.000003,0.999995,0.000000,-0.000310,0.000000
70,False,False,0.000000,0.000000,0.000000,0.000000,0.710000,0.000000,194.819992,1.031000,0.000000,147.441010,0.000003,0.003008,0.000003,0.999995,0.000000,-0.000310,0.000000
71,True,True,-1.000000,1.000000,0.090000,0.090000,4.870000,0.000000,196.000000,499.161011,0.000000,142.021011,-0.000763,0.010749,0.000035,0.999942,-0.183310,1.858010,0.007610
72,False,False,1.000000,1.000000,0.000000,0.090000,9.030000,0.000000,197.139999,499.161011,0.000000,136.600998,-0.002263,0.026043,0.000067,0.999658,-0.359410,3.671710,0.008510
73,False,False,1.000000,1.000000,0.000000,0.090000,13.190000,0.000000,198.229996,499.161011,0.000000,131.181000,-0.004464,0.048702,0.000100,0.998803,-0.528610,5.442010,0.009210
74,False,False,1.000000,1.000000,0.000000,0.090000,17.350000,0.000000,199.279999,499.161011,0.000000,125.760994,-0.007340,0.078514,0.000132,0.996886,-0.527710,5.474610,0.007210
75,False,False,1.000000,1.000000,0.000000,0.090000,21.510000,0.000000,200.279999,499.161011,0.000000,120.340996,-0.010204,0.108385,0.000159,0.994057,-0.524810,5.474810,0.005510
76,False,False,1.000000,1.000000,0.000000,0.090000,25.670000,0.000000,201.239990,499.161011,0.000000,114.920998,-0.013047,0.138159,0.000175,0.990324,-0.522810,5.475010,0.004110
77,False,False,1.000000,1.000000,0.000000,0.090000,29.830000,0.000000,202.149994,499.161011,0.000000,109.500999,-0.015869,0.167809,0.000186,0.985692,-0.521410,5.475210,0.003010
78,False,False,1.000000,1.000000,0.000000,0.090000,33.989998,0.000000,203.019989,499.161011,0.000000,104.080994,-0.018669,0.197307,0.000197,0.980164,-0.520410,5.475310,0.002110
79,False,False,1.000000,1.000000,0.000000,0.090000,38.149998,0.000000,203.839996,499.161011,0.000000,98.660995,-0.021447,0.226628,0.000202,0.973745,-0.519810,5.475310,0.001410
80,False,False,1.000000,1.000000,0.000000,0.090000,42.309998,0.000000,204.619995,499.161011,0.000000,93.240997,-0.024204,0.255744,0.000208,0.966441,-0.519410,5.475410,0.000910
81,False,False,1.000000,1.000000,0.000000,0.090000,46.469997,0.000000,205.349991,499.161011,0.000000,87.820999,-0.026939,0.284628,0.000208,0.958259,-0.519110,5.475410,0.000510
82,False,False,1.000000,1.000000,0.000000,0.090000,50.629997,0.000000,206.039993,499.161011,0.000000,82.401001,-0.029647,0.313253,0.000208,0.949207,-0.518910,5.475410,0.000210
83,False,False,1.000000,1.000000,0.000000,0.090000,54.789997,0.000000,206.679993,499.161011,0.000000,76.980995,-0.032328,0.341592,0.000208,0.939292,-0.518810,5.475410,0.000000
84,False,False,1.000000,1.000000,0.000000,0.090000,58.949997,0.000000,207.279999,499.161011,0.000000,71.560997,-0.034977,0.369623,0.000208,0.928523,-0.518710,5.475410,-0.000110
85,False,False,1.000000,1.000000,0.000000,0.090000,63.109997,0.000000,207.830002,499.161011,0.000000,66.140999,-0.037594,0.397315,0.000208,0.916912,-0.518610,5.475410,-0.000210
86,False,False,1.000000,1.000000,0.000000,0.090000,67.269997,0.000000,208.339996,499.161011,0.000000,60.720997,-0.040178,0.424645,0.000202,0.904468,-0.518610,5.475410,-0.000310
87,False,False,1.000000,1.000000,0.000000,0.090000,71.430000,0.000000,208.799988,499.161011,0.000000,55.300999,-0.042724,0.451592,0.000197,0.891201,-0.518610,5.475410,-0.000410
88,False,False,1.000000,1.000000,0.000000,0.090000,75.589996,0.000000,209.220001,499.161011,0.000000,49.880997,-0.045233,0.478129,0.000192,0.877124,-0.518610,5.475410,-0.000410
89,False,False,1.000000,1.000000,0.000000,0.090000,79.750000,0.000000,209.449997,499.161011,0.000000,27.000999,-0.047698,0.504229,0.000186,0.862251,-0.518610,5.475410,-0.000510
90,False,False,1.000000,1.000000,0.000000,0.090000,83.909996,0.000000,209.549988,499.161011,0.000000,12.131001,-0.050121,0.529871,0.000181,0.846596,-0.518610,5.475410,-0.000510
91,False,False,1.000000,1.000000,0.000000,0.090000,88.070000,0.000000,209.569992,499.161011,0.000000,2.461000,-0.052494,0.555032,0.000175,0.830171,-0.518610,5.475410,-0.000510
92,False,False,1.000000,1.000000,0.000000,0.090000,92.229996,0.000000,209.539993,499.161011,0.000000,-3.811000,-0.054825,0.579692,0.000170,0.812989,-0.518610,5.475410,-0.000510
93,False,False,1.000000,1.000000,0.000000,0.090000,96.389999,0.000000,209.470001,499.161011,0.000000,-7.891000,-0.057101,0.603823,0.000165,0.795071,-0.518610,5.475410,-0.000510
94,False,False,1.000000,1.000000,0.000000,0.090000,100.549995,0.000000,209.379990,499.161011,0.000000,-10.541000,-0.059329,0.627404,0.000159,0.776431,-0.518610,5.475410,-0.000510
95,False,False,1.000000,1.000000,0.000000,0.090000,104.709999,0.000000,209.279999,499.161011,0.000000,-12.261000,-0.061504,0.650418,0.000154,0.757082,-0.518610,5.475410,-0.000510
96,False,False,1.000000,1.000000,0.000000,0.090000,108.869995,0.000000,209.169998,499.161011,0.000000,-13.381001,-0.063618,0.672839,0.000148,0.737048,-0.518610,5.475410,-0.000510
97,False,False,1.000000,1.000000,0.000000,0.090000,113.029999,0.000000,209.049988,499.161011,0.000000,-14.111000,-0.065679,0.694650,0.000143,0.716343,-0.518610,5.475410,-0.000510
98,False,False,1.000000,1.000000,0.000000,0.090000,117.189995,0.000000,208.929993,499.161011,0.000000,-14.581000,-0.067681,0.715827,0.000138,0.694990,-0.518610,5.475410,-0.000510
99,False,False,1.000000,1.000000,0.000000,0.090000,121.349998,0.000000,208.809998,499.161011,0.000000,-14.891000,-0.069617,0.736358,0.000132,0.673001,-0.518610,5.475410,-0.000510
100,False,False,1.000000,1.000000,0.000000,0.090000,125.509995,0.000000,208.679993,499.161011,0.000000,-15.091000,-0.071495,0.756218,0.000127,0.650402,-0.518610,5.475410,-0.000510
101,False,False,1.000000,1.000000,0.000000,0.090000,129.669998,0.000000,208.549988,499.161011,0.000000,-15.221000,-0.073307,0.775388,0.000121,0.627215,-0.518610,5.475410,-0.000510
102,False,False,1.000000,1.000000,0.000000,0.090000,133.830002,0.000000,208.419998,499.161011,0.000000,-15.311000,-0.075050,0.793856,0.000116,0.603456,-0.518610,5.475410,-0.000510
103,False,False,1.000000,1.000000,0.000000,0.090000,137.989990,0.000000,208.289993,499.161011,0.000000,-15.361000,-0.076728,0.811604,0.000111,0.579147,-0.518610,5.475410,-0.000510
104,False,False,1.000000,1.000000,0.000000,0.090000,142.149994,0.000000,208.159988,499.161011,0.000000,-15.401000,-0.078335,0.828613,0.000105,0.554315,-0.518610,5.475410,-0.000510
105,False,False,1.000000,1.000000,0.000000,0.090000,146.309998,0.000000,208.029999,499.161011,0.000000,-15.421000,-0.079868,0.844871,0.000100,0.528975,-0.518710,5.475410,-0.000510
106,False,False,1.000000,1.000000,0.000000,0.090000,150.470001,0.000000,207.899994,499.161011,0.000000,-15.441000,-0.081330,0.860360,0.000094,0.503156,-0.518710,5.475410,-0.000510
107,False,False,1.000000,1.000000,0.000000,0.090000,154.629990,0.000000,207.769989,499.161011,0.000000,-15.451000,-0.082716,0.875066,0.000089,0.476883,-0.518710,5.475410,-0.000510
108,False,False,1.000000,1.000000,0.000000,0.090000,158.789993,0.000000,207.639999,499.161011,0.000000,-15.451000,-0.084027,0.888979,0.000084,0.450173,-0.518710,5.475410,-0.000510
109,False,False,1.000000,1.000000,0.000000,0.090000,162.949997,0.000000,207.509995,499.161011,0.000000,-15.451000,-0.085262,0.902084,0.000078,0.423053,-0.518710,5.475410,-0.000510
110,False,False,1.000000,1.000000,0.000000,0.090000,167.110001,0.000000,207.379990,499.161011,0.000000,-15.451000,-0.086422,0.914369,0.000073,0.395551,-0.518710,5.475410,-0.000510
111,False,False,1.000000,1.000000,0.000000,0.090000,171.269989,0.000000,207.250000,499.161011,0.000000,-15.451000,-0.087501,0.925824,0.000067,0.367686,-0.518710,5.475410,-0.000410
112,False,False,1.000000,1.000000,0.000000,0.090000,175.429993,0.000000,207.119995,499.161011,0.000000,-15.451000,-0.088505,0.936435,0.000062,0.339493,-0.518710,5.475410,-0.000410
113,False,False,1.000000,1.000000,0.000000,0.090000,179.589996,0.000000,206.989990,499.161011,0.000000,-15.451000,-0.089427,0.946198,0.000057,0.310987,-0.518710,5.475410,-0.000410
114,False,False,1.000000,1.000000,0.000000,0.090000,183.750000,0.000000,206.860001,499.161011,0.000000,-15.451000,-0.090269,0.955099,0.000051,0.282200,-0.518710,5.475410,-0.000310
115,False,False,1.000000,1.000000,0.000000,0.090000,187.909988,0.000000,206.729996,499.161011,0.000000,-15.451000,-0.091029,0.963132,0.000046,0.253160,-0.518710,5.475410,-0.000310
116,False,False,1.000000,1.000000,0.000000,0.090000,192.069992,0.000000,206.599991,499.161011,0.000000,-15.451000,-0.091704,0.970291,0.000040,0.223888,-0.518810,5.475410,-0.000310
117,False,False,1.000000,1.000000,0.000000,0.090000,196.229996,0.000000,206.470001,499.161011,0.000000,-15.451000,-0.092297,0.976568,0.000035,0.194410,-0.518810,5.475410,-0.000210
118,False,False,1.000000,1.000000,0.000000,0.090000,200.389999,0.000000,206.339996,499.161011,0.000000,-15.451000,-0.092804,0.981959,0.000030,0.164755,-0.518810,5.475410,-0.000210
119,False,False,1.000000,1.000000,0.000000,0.090000,204.550003,0.000000,206.209991,499.161011,0.000000,-15.451000,-0.093231,0.986456,0.000024,0.134954,-0.518810,5.475410,-0.000210
120,False,False,1.000000,1.000000,0.000000,0.090000,208.709991,0.000000,206.080002,499.161011,0.000000,-15.451000,-0.093570,0.990057,0.000019,0.105029,-0.518810,5.475410,-0.000110
121,False,False,1.000000,1.000000,0.000000,0.090000,212.869995,0.000000,205.949997,499.161011,0.000000,-15.451000,-0.093824,0.992759,0.000013,0.075007,-0.518810,5.475410,-0.000110
122,False,False,1.000000,1.000000,0.000000,0.090000,217.029999,0.000000,205.819992,499.161011,0.000000,-15.451000,-0.093991,0.994559,0.000008,0.044920,-0.518810,5.475410,-0.000110
123,False,False,1.000000,1.000000,0.000000,0.090000,221.190002,0.000000,205.690002,499.161011,0.000000,-15.451000,-0.094078,0.995455,0.000003,0.014790,-0.518810,5.475410,0.000000
124,False,False,1.000000,1.000000,0.000000,0.090000,225.349991,0.000000,205.559998,499.161011,0.000000,-15.451000,-0.094078,0.995446,-0.000003,-0.015351,-0.518810,5.475410,0.000000
125,False,False,1.000000,1.000000,0.000000,0.090000,229.509995,0.000000,205.429993,499.161011,0.000000,-15.451000,-0.093991,0.994534,-0.000008,-0.045481,-0.518810,5.475410,0.000000
126,False,False,1.000000,1.000000,0.000000,0.090000,233.669998,0.000000,205.299988,499.161011,0.000000,-15.451000,-0.093819,0.992717,-0.000013,-0.075568,-0.518810,5.475410,0.000000
127,False,False,1.000000,1.000000,0.000000,0.090000,237.830002,0.000000,205.169998,499.161011,0.000000,-15.451000,-0.093560,0.989999,-0.000019,-0.105585,-0.518810,5.475410,0.000000
128,False,False,1.000000,1.000000,0.000000,0.090000,241.989990,0.000000,205.039993,499.161011,0.000000,-15.451000,-0.093220,0.986381,-0.000024,-0.135510,-0.518810,5.475410,0.000000
129,False,False,1.000000,1.000000,0.000000,0.090000,246.149994,0.000000,204.909988,499.161011,0.000000,-15.451000,-0.092794,0.981866,-0.000030,-0.165311,-0.518810,5.475410,0.000000
130,False,False,1.000000,1.000000,0.000000,0.090000,250.309998,0.000000,204.779999,499.161011,0.000000,-15.451000,-0.092281,0.976460,-0.000035,-0.194961,-0.518810,5.475410,0.000000
131,False,False,1.000000,1.000000,0.000000,0.090000,254.470001,0.000000,204.649994,499.161011,0.000000,-15.451000,-0.091688,0.970167,-0.000040,-0.224432,-0.518810,5.475410,0.000000
132,False,False,1.000000,1.000000,0.000000,0.090000,258.630005,0.000000,204.519989,499.161011,0.000000,-15.451000,-0.091008,0.962992,-0.000046,-0.253699,-0.518810,5.475410,0.000000
133,False,False,1.000000,1.000000,0.000000,0.090000,262.790009,0.000000,204.389999,499.161011,0.000000,-15.451000,-0.090247,0.954942,-0.000051,-0.282740,-0.518810,5.475410,0.000000
134,False,False,1.000000,1.000000,0.000000,0.090000,266.949982,0.000000,204.259995,499.161011,0.000000,-15.451000,-0.089406,0.946024,-0.000057,-0.311521,-0.518810,5.475410,0.000000
135,False,False,1.000000,1.000000,0.000000,0.090000,271.109985,0.000000,204.129990,499.161011,0.000000,-15.451000,-0.088483,0.936246,-0.000062,-0.340022,-0.518810,5.475410,0.000000
136,False,False,1.000000,1.000000,0.000000,0.090000,275.269989,0.000000,204.000000,499.161011,0.000000,-15.451000,-0.087480,0.925618,-0.000067,-0.368210,-0.518810,5.475410,0.000000
137,False,False,1.000000,1.000000,0.000000,0.090000,279.429993,0.000000,203.869995,499.161011,0.000000,-15.451000,-0.086395,0.914150,-0.000073,-0.396063,-0.518810,5.475410,0.000110
138,False,False,1.000000,1.000000,0.000000,0.090000,283.589996,0.000000,203.739990,499.161011,0.000000,-15.451000,-0.085235,0.901849,-0.000078,-0.423561,-0.518810,5.475410,0.000110
139,False,False,1.000000,1.000000,0.000000,0.090000,287.750000,0.000000,203.610001,499.161011,0.000000,-15.451000,-0.083995,0.888730,-0.000084,-0.450670,-0.518810,5.475410,0.000110
140,False,False,1.000000,1.000000,0.000000,0.090000,291.910004,0.000000,203.479996,499.161011,0.000000,-15.451000,-0.082678,0.874805,-0.000089,-0.477368,-0.518810,5.475410,0.000210
141,False,False,1.000000,1.000000,0.000000,0.090000,296.070007,0.000000,203.349991,499.161011,0.000000,-15.451000,-0.081286,0.860083,-0.000094,-0.503636,-0.518810,5.475410,0.000210
142,False,False,1.000000,1.000000,0.000000,0.090000,300.229980,0.000000,203.220001,499.161011,0.000000,-15.451000,-0.079824,0.844581,-0.000100,-0.529445,-0.518810,5.475410,0.000210
143,False,False,1.000000,1.000000,0.000000,0.090000,304.389984,0.000000,203.089996,499.161011,0.000000,-15.451000,-0.078287,0.828310,-0.000105,-0.554773,-0.518810,5.475410,0.000210
144,False,False,1.000000,1.000000,0.000000,0.090000,308.549988,0.000000,202.959991,499.161011,0.000000,-15.451000,-0.076679,0.811285,-0.000111,-0.579600,-0.518810,5.475410,0.000210
145,False,False,1.000000,1.000000,0.000000,0.090000,312.709991,0.000000,202.830002,499.161011,0.000000,-15.451000,-0.075001,0.793525,-0.000116,-0.603898,-0.518810,5.475410,0.000210
146,False,False,1.000000,1.000000,0.000000,0.090000,316.869995,0.000000,202.699997,499.161011,0.000000,-15.451000,-0.073254,0.775044,-0.000121,-0.627646,-0.518710,5.475410,0.000310
147,False,False,1.000000,1.000000,0.000000,0.090000,321.029999,0.000000,202.569992,499.161011,0.000000,-15.451000,-0.071441,0.755861,-0.000127,-0.650823,-0.518710,5.475410,0.000310
148,False,False,1.000000,1.000000,0.000000,0.090000,325.190002,0.000000,202.440002,499.161011,0.000000,-15.451000,-0.069563,0.735988,-0.000132,-0.673411,-0.518710,5.475410,0.000310
149,False,False,1.000000,1.000000,0.000000,0.090000,329.350006,0.000000,202.309998,499.161011,0.000000,-15.451000,-0.067621,0.715450,-0.000138,-0.695384,-0.518710,5.475410,0.000310
150,False,False,1.000000,1.000000,0.000000,0.090000,333.509979,0.000000,202.139999,499.161011,0.000000,-20.860998,0.066165,-0.699786,0.000165,0.711282,-0.506410,5.343310,0.008510
151,False,False,1.000000,1.000000,0.000000,0.090000,337.669983,0.000000,201.919998,499.161011,0.000000,-26.270998,0.064735,-0.684163,0.000213,0.726451,-0.494110,5.214510,0.016110
152,False,False,1.000000,1.000000,0.000000,0.090000,341.829987,0.000000,201.659988,499.161011,0.000000,-31.680998,0.063332,-0.668598,0.000283,0.740922,-0.481710,5.088810,0.023210
153,False,False,1.000000,1.000000,0.000000,0.090000,345.989990,0.000000,201.349991,499.161011,0.000000,-37.091000,0.061957,-0.653115,0.000375,0.754719,-0.469310,4.966210,0.029810
154,False,False,1.000000,1.000000,0.000000,0.090000,350.149994,0.000000,201.000000,499.161011,0.000000,-42.500999,0.060613,-0.637729,0.000483,0.767872,-0.457010,4.846610,0.036010
155,False,False,1.000000,1.000000,0.000000,0.090000,354.309998,0.000000,200.599991,499.161011,0.000000,-47.910999,0.059297,-0.622462,0.000602,0.780400,-0.444710,4.729910,0.041710
156,False,False,1.000000,1.000000,0.000000,0.090000,358.470001,0.000000,200.159988,499.161011,0.000000,-53.320999,0.058013,-0.607324,0.000736,0.792333,-0.432510,4.616010,0.046910
157,False,False,1.000000,1.000000,0.000000,0.090000,362.630005,0.000000,199.669998,499.161011,0.000000,-58.730999,0.056762,-0.592332,0.000882,0.803691,-0.420510,4.504910,0.051710
158,False,False,1.000000,1.000000,0.000000,0.090000,366.789978,0.000000,199.139999,499.161011,0.000000,-64.140999,0.055537,-0.577496,0.001038,0.814501,-0.408610,4.396510,0.056110
159,False,False,1.000000,1.000000,0.000000,0.090000,370.949982,0.000000,198.559998,499.161011,0.000000,-69.550995,0.054345,-0.562828,0.001206,0.824785,-0.396910,4.290710,0.060110
160,False,False,1.000000,1.000000,0.000000,0.090000,375.109985,0.000000,197.940002,499.161011,0.000000,-74.960999,0.053185,-0.548337,0.001378,0.834563,-0.385310,4.187510,0.063710
161,False,False,1.000000,1.000000,0.000000,0.090000,379.269989,0.000000,197.269989,499.161011,0.000000,-80.370995,0.052052,-0.534030,0.001562,0.843860,-0.373910,4.086810,0.067010
162,False,False,1.000000,1.000000,0.000000,0.090000,383.429993,0.000000,196.559998,499.161011,0.000000,-85.780998,0.050951,-0.519917,0.001751,0.852694,-0.362710,3.988510,0.069910
163,False,False,1.000000,1.000000,0.000000,0.090000,387.589996,0.000000,195.800003,499.161011,0.000000,-91.190994,0.049878,-0.505999,0.001945,0.861089,-0.351710,3.892610,0.072510
164,False,False,1.000000,1.000000,0.000000,0.090000,391.750000,0.000000,194.989990,499.161011,0.000000,-96.600998,0.048837,-0.492285,0.002144,0.869060,-0.341010,3.799010,0.074810
165,False,False,1.000000,1.000000,0.000000,0.090000,395.910004,0.000000,194.139999,499.161011,0.000000,-102.010994,0.047822,-0.478782,0.002344,0.876627,-0.330510,3.707710,0.076810
166,False,False,1.000000,1.000000,0.000000,0.090000,400.069977,0.000000,193.239990,499.161011,0.000000,-107.420998,0.046840,-0.465489,0.002549,0.883810,-0.320210,3.618610,0.078510
167,False,False,1.000000,1.000000,0.000000,0.090000,404.229980,0.000000,192.300003,499.161011,0.000000,-112.830994,0.045886,-0.452412,0.002754,0.890624,-0.310110,3.531710,0.080010
168,False,False,1.000000,1.000000,0.000000,0.090000,408.389984,0.000000,191.309998,499.161011,0.000000,-118.240997,0.044958,-0.439556,0.002964,0.897084,-0.300310,3.446910,0.081210
169,False,False,1.000000,1.000000,0.000000,0.090000,412.549988,0.000000,190.279999,499.161011,0.000000,-123.650993,0.044057,-0.426922,0.003175,0.903209,-0.290710,3.364110,0.082210
170,False,False,1.000000,1.000000,0.000000,0.090000,416.709991,0.000000,189.199997,499.161011,0.000000,-129.061005,0.043183,-0.414508,0.003385,0.909014,-0.281410,3.283310,0.083010
171,False,False,1.000000,1.000000,0.000000,0.090000,420.869995,0.000000,188.080002,499.161011,0.000000,-134.471008,0.042336,-0.402316,0.003596,0.914514,-0.272310,3.204510,0.083610
172,False,False,1.000000,1.000000,0.000000,0.090000,425.029999,0.000000,186.909988,499.161011,0.000000,-139.880997,0.041516,-0.390345,0.003806,0.919724,-0.263510,3.127610,0.084010
173,False,False,1.000000,1.000000,0.000000,0.090000,429.190002,0.000000,185.699997,499.161011,0.000000,-145.291000,0.040723,-0.378595,0.004016,0.924657,-0.254910,3.052510,0.084310
174,False,False,1.000000,1.000000,0.000000,0.090000,433.349976,0.000000,184.440002,499.161011,0.000000,-150.701004,0.039951,-0.367071,0.004227,0.929325,-0.246510,2.979210,0.084410
175,False,False,1.000000,1.000000,0.000000,0.090000,437.509979,0.000000,183.139999,499.161011,0.000000,-156.111008,0.039207,-0.355769,0.004432,0.933740,-0.238410,2.907710,0.084410
176,False,False,1.000000,1.000000,0.000000,0.090000,441.669983,0.000000,181.789993,499.161011,0.000000,-161.520996,0.038484,-0.344683,0.004637,0.937918,-0.230510,2.837910,0.084210
177,False,False,1.000000,1.000000,0.000000,0.090000,445.829987,0.000000,180.399994,499.161011,0.000000,-166.931000,0.037783,-0.333818,0.004842,0.941868,-0.222810,2.769810,0.083910
178,False,False,1.000000,1.000000,0.000000,0.090000,449.989990,0.000000,178.959991,499.161011,0.000000,-172.341003,0.037108,-0.323168,0.005041,0.945600,-0.215410,2.703310,0.083510
179,False,False,1.000000,1.000000,0.000000,0.090000,454.149994,0.000000,177.479996,499.161011,0.000000,-177.751007,0.036455,-0.312735,0.005241,0.949126,-0.208210,2.638410,0.083010
180,False,False,1.000000,1.000000,0.000000,0.090000,458.309998,0.000000,175.949997,499.161011,0.000000,-183.160995,0.035819,-0.302517,0.005441,0.952455,-0.201210,2.575110,0.082410
181,False,False,1.000000,1.000000,0.000000,0.090000,462.470001,0.000000,174.379990,499.161011,0.000000,-188.570999,0.035204,-0.292510,0.005635,0.955598,-0.194410,2.513310,0.081710
182,False,False,1.000000,1.000000,0.000000,0.090000,466.629974,0.000000,172.759995,499.161011,0.000000,-193.981003,0.034610,-0.282713,0.005824,0.958562,-0.187810,2.453010,0.080910
183,False,False,1.000000,1.000000,0.000000,0.090000,470.789978,0.000000,171.099991,499.161011,0.000000,-199.391006,0.034039,-0.273121,0.006013,0.961358,-0.181410,2.394110,0.080110
184,False,False,1.000000,1.000000,0.000000,0.090000,474.949982,0.000000,169.389999,499.161011,0.000000,-204.800995,0.033483,-0.263734,0.006196,0.963994,-0.175310,2.336710,0.079210
185,False,False,1.000000,1.000000,0.000000,0.090000,479.109985,0.000000,167.639999,499.161011,0.000000,-210.210999,0.032943,-0.254546,0.006379,0.966478,-0.169310,2.280610,0.078310
186,False,False,1.000000,1.000000,0.000000,0.090000,483.269989,0.000000,165.839996,499.161011,0.000000,-215.621002,0.032426,-0.245753,0.006552,0.968768,-0.162110,2.176910,0.074310
187,False,False,1.000000,1.000000,0.000000,0.090000,487.429993,0.000000,164.000000,499.161011,0.000000,-221.031006,0.031929,-0.237364,0.006714,0.970873,-0.155110,2.073210,0.070310
188,False,False,1.000000,1.000000,0.000000,0.090000,491.589996,0.000000,162.110001,499.161011,0.000000,-226.441010,0.031449,-0.229374,0.006865,0.972806,-0.148310,1.969510,0.066210
189,False,False,1.000000,1.000000,0.000000,0.090000,495.750000,0.000000,160.179993,499.161011,0.000000,-231.850998,0.030985,-0.221794,0.007005,0.974576,-0.141610,1.865810,0.062010
190,False,False,1.000000,1.000000,0.000000,0.090000,499.910004,0.000000,158.199997,499.161011,0.000000,-237.261002,0.030543,-0.214619,0.007135,0.976194,-0.135110,1.762110,0.057810
191,False,False,1.000000,1.000000,0.000000,0.090000,504.069977,0.000000,156.179993,499.161011,0.000000,-242.671005,0.030117,-0.207860,0.007259,0.977668,-0.128710,1.658410,0.053510
192,False,False,1.000000,1.000000,0.000000,0.090000,508.229980,0.000000,154.110001,499.161011,0.000000,-248.081009,0.029707,-0.201510,0.007372,0.979008,-0.122510,1.554710,0.049210
193,False,False,1.000000,1.000000,0.000000,0.090000,512.390015,0.000000,152.000000,499.161011,0.000000,-253.490997,0.029313,-0.195576,0.007474,0.980222,-0.116510,1.451010,0.044910
194,False,False,1.000000,1.000000,0.000000,0.090000,516.549988,0.000000,149.839996,499.161011,0.000000,-258.901001,0.028935,-0.190062,0.007566,0.981316,-0.110610,1.347310,0.040510
195,False,False,1.000000,1.000000,0.000000,0.090000,520.709961,0.000000,147.639999,499.161011,0.000000,-264.311005,0.028574,-0.184969,0.007647,0.982299,-0.104810,1.243610,0.036110
196,False,False,1.000000,1.000000,0.000000,0.090000,524.869995,0.000000,145.389999,499.161011,0.000000,-269.721008,0.028228,-0.180292,0.007717,0.983178,-0.099210,1.139910,0.031710
197,False,False,1.000000,1.000000,0.000000,0.090000,529.029968,0.000000,143.099991,499.161011,0.000000,-275.131012,0.027899,-0.176041,0.007777,0.983957,-0.093710,1.036210,0.027310
198,False,False,1.000000,1.000000,0.000000,0.090000,533.190002,0.000000,140.759995,499.161011,0.000000,-280.541016,0.027586,-0.172211,0.007825,0.984643,-0.088310,0.932510,0.022910
199,False,False,1.000000,1.000000,0.000000,0.090000,537.349976,0.000000,138.379990,499.161011,0.000000,-285.950989,0.027284,-0.168806,0.007863,0.985240,-0.083110,0.828810,0.018510
200,False,False,1.000000,1.000000,0.000000,0.090000,541.510010,0.000000,135.949997,499.161011,0.000000,-291.360992,0.026998,-0.165823,0.007895,0.985754,-0.078010,0.725110,0.014110
201,False,False,1.000000,1.000000,0.000000,0.090000,545.669983,0.000000,133.479996,499.161011,0.000000,-296.770996,0.026723,-0.163266,0.007917,0.986188,-0.073010,0.621410,0.009710
202,False,False,1.000000,1.000000,0.000000,0.090000,549.830017,0.000000,130.959991,499.161011,0.000000,-302.181000,0.026464,-0.161135,0.007928,0.986546,-0.068110,0.517710,0.005310
203,False,False,1.000000,1.000000,0.000000,0.090000,553.989990,0.000000,128.399994,499.161011,0.000000,-307.591003,0.026216,-0.159430,0.007928,0.986829,-0.063310,0.414010,0.000910
204,False,False,1.000000,1.000000,0.000000,0.090000,558.149963,0.000000,125.790001,499.161011,0.000000,-313.001007,0.025984,-0.158152,0.007917,0.987041,-0.058610,0.310310,-0.003410
205,False,False,1.000000,1.000000,0.000000,0.090000,562.309998,0.000000,123.139999,499.161011,0.000000,-318.411011,0.025763,-0.157299,0.007901,0.987183,-0.054010,0.206610,-0.007710
206,False,False,1.000000,1.000000,0.000000,0.090000,566.469971,0.000000,120.439995,499.161011,0.000000,-323.821014,0.025553,-0.156873,0.007874,0.987257,-0.049510,0.102910,-0.012010
207,False,False,1.000000,1.000000,0.000000,0.090000,570.630005,0.000000,117.699997,499.161011,0.000000,-329.230988,0.025358,-0.156879,0.007836,0.987261,-0.045110,-0.000710,-0.016310
208,False,False,1.000000,1.000000,0.000000,0.090000,574.789978,0.000000,114.909996,499.161011,0.000000,-334.640991,0.025175,-0.157310,0.007787,0.987197,-0.040810,-0.104410,-0.020610
209,False,False,1.000000,1.000000,0.000000,0.090000,578.950012,0.000000,112.079994,499.161011,0.000000,-340.050995,0.025002,-0.158168,0.007733,0.987065,-0.036610,-0.208110,-0.024910
210,False,False,1.000000,1.000000,0.000000,0.090000,583.109985,0.000000,109.199997,499.161011,0.000000,-345.460999,0.024840,-0.159452,0.007669,0.986863,-0.032510,-0.311810,-0.029210
211,False,False,1.000000,1.000000,0.000000,0.090000,587.269958,0.000000,106.279999,499.161011,0.000000,-350.871002,0.024689,-0.161162,0.007593,0.986590,-0.028510,-0.415510,-0.033410
212,False,False,1.000000,1.000000,0.000000,0.090000,591.429993,0.000000,103.309998,499.161011,0.000000,-356.281006,0.024549,-0.163298,0.007507,0.986243,-0.024510,-0.519210,-0.037610
213,False,False,1.000000,1.000000,0.000000,0.090000,595.589966,0.000000,100.299995,499.161011,0.000000,-361.691010,0.024414,-0.165861,0.007415,0.985819,-0.020610,-0.622910,-0.041810
214,False,False,1.000000,1.000000,0.000000,0.090000,599.750000,0.000000,97.239998,499.161011,0.000000,-367.101013,0.024290,-0.168850,0.007313,0.985315,-0.016810,-0.726610,-0.046010
215,False,False,1.000000,1.000000,0.000000,0.090000,603.909973,0.000000,94.139999,499.161011,0.000000,-372.510986,0.024177,-0.172265,0.007199,0.984728,-0.013110,-0.830310,-0.050210
216,False,False,1.000000,1.000000,0.000000,0.090000,608.070007,0.000000,90.989998,499.161011,0.000000,-377.920990,0.024069,-0.176100,0.007075,0.984052,-0.009410,-0.934010,-0.054410
217,False,False,1.000000,1.000000,0.000000,0.090000,612.229980,0.000000,87.799995,499.161011,0.000000,-383.330994,0.023972,-0.180357,0.006946,0.983284,-0.005810,-1.037710,-0.058510
218,False,False,1.000000,1.000000,0.000000,0.090000,616.390015,0.000000,84.559998,499.161011,0.000000,-388.740997,0.023880,-0.185040,0.006806,0.982417,-0.002310,-1.141410,-0.062610
219,False,False,1.000000,1.000000,0.000000,0.090000,620.549988,0.000000,81.279999,499.161011,0.000000,-394.151001,0.023799,-0.190143,0.006654,0.981445,0.001110,-1.245110,-0.066710
220,False,False,1.000000,1.000000,0.000000,0.090000,624.709961,0.000000,77.949997,499.161011,0.000000,-399.561005,0.023724,-0.195662,0.006493,0.980363,0.004410,-1.348810,-0.070810
221,False,False,1.000000,1.000000,0.000000,0.090000,628.869995,0.000000,74.580002,499.161011,0.000000,-404.971008,0.023654,-0.201602,0.006325,0.979162,0.007710,-1.452510,-0.074910
222,False,False,1.000000,1.000000,0.000000,0.090000,633.029968,0.000000,71.159996,499.161011,0.000000,-410.381012,0.023589,-0.207957,0.006147,0.977834,0.010910,-1.556210,-0.079010
223,False,False,1.000000,1.000000,0.000000,0.090000,637.190002,0.000000,67.699997,499.161011,0.000000,-415.790985,0.023529,-0.214722,0.005959,0.976374,0.014110,-1.659910,-0.083110
224,False,False,1.000000,1.000000,0.000000,0.090000,641.349976,0.000000,64.189995,499.161011,0.000000,-421.200989,0.023476,-0.221902,0.005759,0.974769,0.017210,-1.763610,-0.087110
225,False,False,1.000000,1.000000,0.000000,0.090000,645.510010,0.000000,60.629997,499.161011,0.000000,-426.610992,0.023427,-0.229487,0.005554,0.973014,0.020310,-1.867310,-0.091110
226,False,False,1.000000,1.000000,0.000000,0.090000,649.669983,0.000000,57.029999,499.161011,0.000000,-432.020996,0.023384,-0.237482,0.005338,0.971096,0.023310,-1.971010,-0.095110
227,False,False,1.000000,1.000000,0.000000,0.090000,653.829956,0.000000,53.379997,499.161011,0.000000,-437.431000,0.023346,-0.245877,0.005112,0.969006,0.026310,-2.074710,-0.099110
228,False,False,1.000000,1.000000,0.000000,0.090000,657.989990,0.000000,49.689999,499.161011,0.000000,-442.841003,0.023314,-0.254670,0.004874,0.966734,0.029210,-2.178410,-0.103110
229,False,False,1.000000,1.000000,0.000000,0.090000,662.149963,0.000000,45.950001,498.031006,1.431000,-429.191010,0.023281,-0.263863,0.004631,0.964268,-0.375810,-2.089910,-0.283610
230,False,False,1.000000,1.000000,0.000000,0.090000,666.299988,0.010000,42.309998,495.790985,3.981000,-390.101013,0.021420,-0.272268,0.004108,0.961974,-0.322210,-1.579910,-0.304110
231,False,False,1.000000,1.000000,0.000000,0.090000,670.429993,0.040000,38.989998,493.561005,5.981000,-345.050995,0.019759,-0.278618,0.003396,0.960193,-0.279810,-0.950310,-0.318010
232,False,False,1.000000,1.000000,0.000000,0.090000,674.539978,0.090000,36.049999,491.350983,7.361000,-297.001007,0.018259,-0.282438,0.002527,0.959109,-0.251210,-0.224810,-0.325510
233,False,False,1.000000,1.000000,0.000000,0.090000,678.440002,0.150000,34.160000,465.570984,12.341001,-156.850998,-0.002759,-0.271842,-0.002204,0.962335,-3.299810,3.629610,-2.132910
234,False,False,1.000000,1.000000,0.000000,0.090000,682.229980,0.250000,33.079998,452.640991,11.801001,-111.600998,-0.009427,-0.251962,-0.005295,0.967677,-1.029110,5.220510,-1.054410
235,False,False,1.000000,1.000000,0.000000,0.090000,686.000000,0.350000,32.079998,450.420990,10.491000,-109.910995,-0.014795,-0.230831,-0.008257,0.972846,-0.806210,5.355110,-0.960410
236,False,False,1.000000,1.000000,0.000000,0.090000,689.750000,0.440000,31.099998,448.181000,8.731000,-111.640999,-0.019165,-0.209036,-0.011040,0.977658,-0.651510,5.390410,-0.876810
237,False,False,1.000000,1.000000,0.000000,0.090000,693.479980,0.510000,30.099998,445.920990,6.731000,-115.520996,-0.022823,-0.186987,-0.013614,0.982003,-0.552210,5.411910,-0.809810
238,False,False,1.000000,1.000000,0.000000,0.090000,697.200012,0.570000,29.070000,443.640991,4.621000,-120.510994,-0.026016,-0.164750,-0.015977,0.985863,-0.480910,5.427110,-0.751510
239,False,False,1.000000,1.000000,0.000000,0.090000,700.899963,0.610000,28.000000,441.350983,2.481000,-125.960999,-0.028860,-0.142367,-0.018140,0.989227,-0.420310,5.439310,-0.697510
240,False,False,1.000000,1.000000,0.000000,0.090000,704.579956,0.630000,26.879999,439.061005,0.351000,-131.781006,-0.031411,-0.119859,-0.020109,0.992090,-0.368210,5.449310,-0.647610
241,False,False,1.000000,1.000000,0.000000,0.090000,708.239990,0.630000,25.709999,436.760986,-1.721000,-137.891006,-0.033704,-0.097250,-0.021884,0.994448,-0.322410,5.457410,-0.601410
242,False,False,1.000000,1.000000,0.000000,0.090000,711.880005,0.620000,24.490000,433.311005,-4.781000,-133.151001,-0.035770,-0.074559,-0.023476,0.996298,0.089810,5.088910,-0.499310
243,False,False,1.000000,1.000000,0.000000,0.090000,715.489990,0.580000,23.309999,428.740997,-8.151000,-119.570999,-0.036040,-0.053336,-0.024813,0.997617,0.160610,4.386110,-0.454410
244,False,False,1.000000,1.000000,0.000000,0.090000,719.059998,0.510000,22.250000,424.181000,-11.381001,-105.420998,-0.035921,-0.035010,-0.026076,0.998401,0.234310,3.692210,-0.413210
245,False,False,1.000000,1.000000,0.000000,0.090000,722.589966,0.420000,21.299999,419.621002,-14.441000,-91.151001,-0.035403,-0.019559,-0.027273,0.998809,0.313310,3.024510,-0.374710
246,False,False,1.000000,1.000000,0.000000,0.090000,726.089966,0.300000,20.469999,415.070984,-17.320999,-77.140999,-0.034470,-0.006881,-0.028412,0.998978,0.398110,2.395610,-0.338110
247,False,False,1.000000,1.000000,0.000000,0.090000,729.549988,0.160000,19.760000,410.441010,-21.511000,-49.820999,-0.033105,0.003186,-0.029485,0.999012,0.971410,1.333110,-0.295310
248,False,False,1.000000,1.000000,0.000000,0.090000,732.969971,-0.020000,19.279999,405.790985,-25.841000,-32.400997,-0.029221,0.008893,-0.030516,0.999067,1.238910,0.668510,-0.258010
249,False,False,1.000000,1.000000,0.000000,0.090000,736.349976,-0.240000,18.939999,401.170990,-29.580999,-20.940998,-0.024139,0.011866,-0.031460,0.999143,1.309010,0.263810,-0.224610
250,False,False,1.000000,1.000000,0.000000,0.090000,739.690002,-0.490000,18.699999,396.591003,-32.521000,-13.151000,-0.018712,0.013161,-0.032301,0.999216,1.260010,0.023610,-0.194310
251,False,False,1.000000,1.000000,0.000000,0.090000,742.989990,-0.760000,18.520000,392.061005,-34.600998,-7.841000,-0.013457,0.013441,-0.033041,0.999273,1.135710,-0.105510,-0.166810
252,False,False,1.000000,1.000000,0.000000,0.090000,746.260010,-1.050000,18.389999,387.610992,-35.480999,-0.601000,-0.008705,0.013166,-0.033677,0.999308,0.840510,-0.268810,-0.139110
253,False,False,1.000000,1.000000,0.000000,0.090000,749.489990,-1.350000,18.320000,383.210999,-35.620998,3.841000,-0.005160,0.012168,-0.034222,0.999327,0.632910,-0.326010,-0.116410
254,False,False,1.000000,1.000000,0.000000,0.090000,752.679993,-1.650000,18.279999,378.841003,-35.291000,6.581000,-0.002474,0.010906,-0.034681,0.999336,0.478510,-0.327710,-0.097510
255,False,False,1.000000,1.000000,0.000000,0.090000,755.839966,-1.940000,18.270000,374.490997,-34.660999,8.331000,-0.000429,0.009611,-0.035069,0.999339,0.359210,-0.301710,-0.081710
256,False,False,1.000000,1.000000,0.000000,0.090000,758.959961,-2.230000,18.270000,370.161011,-33.850998,9.351000,0.001114,0.008408,-0.035393,0.999337,0.269010,-0.260310,-0.068510
257,False,False,1.000000,1.000000,0.000000,0.090000,762.039978,-2.510000,18.279999,365.830994,-32.940998,10.031000,0.002274,0.007361,-0.035668,0.999334,0.197110,-0.216210,-0.057310
258,False,False,1.000000,1.000000,0.000000,0.090000,765.089966,-2.780000,18.299999,361.510986,-31.960999,10.561000,0.003126,0.006487,-0.035900,0.999329,0.135910,-0.176510,-0.047810
259,False,False,1.000000,1.000000,0.000000,0.090000,768.099976,-3.050000,18.320000,357.191010,-30.960999,10.941000,0.003720,0.005770,-0.036094,0.999325,0.084610,-0.141610,-0.039810
260,False,False,1.000000,1.000000,0.000000,0.090000,771.079956,-3.310000,18.340000,352.871002,-29.960999,11.211000,0.004092,0.005192,-0.036256,0.999321,0.042210,-0.111510,-0.033110
261,False,False,1.000000,1.000000,0.000000,0.090000,774.019958,-3.560000,18.369999,348.550995,-28.980999,11.381001,0.004286,0.004734,-0.036391,0.999317,0.007710,-0.086310,-0.027410
262,False,False,1.000000,1.000000,0.000000,0.090000,776.919983,-3.800000,18.400000,344.230988,-28.030998,11.421000,0.004329,0.004378,-0.036504,0.999314,-0.019810,-0.065610,-0.022610
263,False,False,1.000000,1.000000,0.000000,0.090000,779.789978,-4.030000,18.430000,339.901001,-27.130999,11.321000,0.004259,0.004103,-0.036596,0.999313,-0.039810,-0.050010,-0.018510
264,False,False,1.000000,1.000000,0.000000,0.090000,782.619995,-4.260000,18.459999,335.571014,-26.290998,11.141000,0.004103,0.003887,-0.036671,0.999311,-0.053710,-0.038310,-0.015110
265,False,False,1.000000,1.000000,0.000000,0.090000,785.419983,-4.480000,18.490000,331.240997,-25.520998,10.901000,0.003887,0.003720,-0.036736,0.999310,-0.062710,-0.029410,-0.012310
266,False,False,1.000000,1.000000,0.000000,0.090000,788.179993,-4.690000,18.510000,326.901001,-24.810999,10.621000,0.003628,0.003585,-0.036790,0.999310,-0.067810,-0.022610,-0.010010
267,False,False,1.000000,1.000000,0.000000,0.090000,790.899963,-4.900000,18.529999,322.561005,-24.160999,10.361000,0.003347,0.003482,-0.036833,0.999310,-0.069810,-0.017410,-0.008110
268,False,False,1.000000,1.000000,0.000000,0.090000,793.589966,-5.100000,18.549999,318.210999,-23.570999,10.111000,0.003062,0.003401,-0.036865,0.999310,-0.069610,-0.013510,-0.006610
269,False,False,1.000000,1.000000,0.000000,0.090000,796.239990,-5.300000,18.570000,313.860992,-23.030998,9.871000,0.002776,0.003337,-0.036892,0.999310,-0.067810,-0.010510,-0.005410
270,False,False,1.000000,1.000000,0.000000,0.090000,798.859985,-5.490000,18.580000,309.510986,-22.540998,9.631001,0.002495,0.003283,-0.036914,0.999310,-0.064810,-0.008310,-0.004410
271,False,False,1.000000,1.000000,0.000000,0.090000,801.440002,-5.680000,18.590000,305.151001,-22.091000,9.431000,0.002225,0.003240,-0.036936,0.999310,-0.061110,-0.006710,-0.003610
272,False,False,1.000000,1.000000,0.000000,0.090000,803.979980,-5.860000,18.600000,300.790985,-21.681000,9.261001,0.001972,0.003202,-0.036952,0.999310,-0.056810,-0.005510,-0.003010
273,False,False,1.000000,1.000000,0.000000,0.090000,806.489990,-6.040000,18.609999,296.431000,-21.300999,9.111000,0.001734,0.003169,-0.036963,0.999310,-0.052310,-0.004510,-0.002510
274,False,False,1.000000,1.000000,0.000000,0.090000,808.959961,-6.220000,18.619999,292.071014,-20.940998,8.971001,0.001519,0.003142,-0.036973,0.999310,-0.047610,-0.003710,-0.002110
275,False,False,1.000000,1.000000,0.000000,0.090000,811.389954,-6.390000,18.629999,287.700989,-20.601000,8.841001,0.001319,0.003121,-0.036984,0.999310,-0.043010,-0.003010,-0.001810
276,False,False,1.000000,1.000000,0.000000,0.090000,813.789978,-6.560000,18.639999,283.330994,-20.280998,8.711000,0.001141,0.003099,-0.036990,0.999310,-0.038610,-0.002410,-0.001510
277,False,False,1.000000,1.000000,0.000000,0.090000,816.149963,-6.730000,18.639999,278.960999,-19.970999,8.591001,0.000979,0.003083,-0.036995,0.999310,-0.034410,-0.001910,-0.001310
278,False,False,1.000000,1.000000,0.000000,0.090000,818.469971,-6.900000,18.639999,274.591003,-19.671000,8.511001,0.000839,0.003072,-0.037000,0.999310,-0.030510,-0.001410,-0.001110
279,False,False,1.000000,1.000000,0.000000,0.090000,820.760010,-7.060000,18.639999,270.221008,-19.380999,8.461000,0.000715,0.003062,-0.037006,0.999310,-0.026810,-0.001110,-0.000910
280,False,False,1.000000,1.000000,0.000000,0.090000,823.010010,-7.220000,18.639999,265.851013,-19.091000,8.431000,0.000602,0.003051,-0.037011,0.999310,-0.023410,-0.000810,-0.000810
281,False,False,1.000000,1.000000,0.000000,0.090000,825.229980,-7.380000,18.639999,261.480988,-18.810999,8.411000,0.000504,0.003045,-0.037017,0.999310,-0.020110,-0.000610,-0.000710
282,False,False,1.000000,1.000000,0.000000,0.090000,827.409973,-7.540000,18.639999,257.110992,-18.530998,8.411000,0.000423,0.003040,-0.037022,0.999310,-0.017110,-0.000510,-0.000610
283,False,False,1.000000,1.000000,0.000000,0.090000,829.549988,-7.690000,18.639999,252.740997,-18.250999,8.411000,0.000353,0.003035,-0.037027,0.999310,-0.014310,-0.000410,-0.000510
284,False,False,1.000000,1.000000,0.000000,0.090000,831.659973,-7.840000,18.639999,248.371002,-17.970999,8.411000,0.000294,0.003029,-0.037027,0.999309,-0.011710,-0.000310,-0.000410
285,False,False,1.000000,1.000000,0.000000,0.090000,833.729980,-7.990000,18.639999,244.001007,-17.691000,8.421000,0.000245,0.003024,-0.037027,0.999310,-0.009410,-0.000310,-0.000410
286,False,False,1.000000,1.000000,0.000000,0.090000,835.760010,-8.139999,18.639999,239.630997,-17.410999,8.421000,0.000208,0.003018,-0.037027,0.999310,-0.007510,-0.000210,-0.000410
287,False,False,1.000000,1.000000,0.000000,0.090000,837.760010,-8.290000,18.639999,235.261002,-17.130999,8.421000,0.000175,0.003018,-0.037027,0.999310,-0.005910,-0.000210,-0.000410
288,False,False,1.000000,1.000000,0.000000,0.090000,839.719971,-8.429999,18.639999,230.891006,-16.841000,8.421000,0.000148,0.003018,-0.037027,0.999310,-0.004610,-0.000210,-0.000310
289,False,False,1.000000,1.000000,0.000000,0.090000,841.639954,-8.570000,18.639999,226.520996,-16.550999,8.421000,0.000127,0.003018,-0.037027,0.999310,-0.003510,-0.000210,-0.000310
290,False,False,1.000000,1.000000,0.000000,0.090000,843.529968,-8.710000,18.639999,222.151001,-16.261000,8.421000,0.000111,0.003018,-0.037027,0.999310,-0.002610,-0.000210,-0.000310
291,False,False,1.000000,1.000000,0.000000,0.090000,845.380005,-8.849999,18.639999,217.781006,-15.961000,8.421000,0.000100,0.003018,-0.037027,0.999310,-0.001810,-0.000210,-0.000310
292,False,False,1.000000,1.000000,0.000000,0.090000,847.190002,-8.980000,18.639999,213.410995,-15.661000,8.421000,0.000094,0.003018,-0.037027,0.999310,-0.001210,-0.000210,-0.000210
293,False,False,1.000000,1.000000,0.000000,0.090000,848.969971,-9.110000,18.639999,209.041000,-15.361000,8.421000,0.000089,0.003018,-0.037027,0.999310,-0.000710,-0.000210,-0.000210
294,False,False,1.000000,1.000000,0.000000,0.090000,850.709961,-9.240000,18.639999,204.671005,-15.061000,8.421000,0.000084,0.003018,-0.037027,0.999310,-0.000310,-0.000210,-0.000210
295,False,False,1.000000,1.000000,0.000000,0.090000,852.419983,-9.370000,18.639999,200.301010,-14.751000,8.421000,0.000084,0.003018,-0.037027,0.999310,0.000000,-0.000210,-0.000210
296,False,False,1.000000,1.000000,0.000000,0.090000,854.089966,-9.490000,18.639999,195.931000,-14.441000,8.421000,0.000084,0.003018,-0.037027,0.999310,0.000110,-0.000210,-0.000110
297,False,False,1.000000,1.000000,0.000000,0.090000,855.719971,-9.610000,18.639999,191.561005,-14.131001,8.421000,0.000084,0.003018,-0.037027,0.999310,0.000210,-0.000210,-0.000110
298,False,False,1.000000,1.000000,0.000000,0.090000,857.320007,-9.730000,18.639999,187.191010,-13.821000,8.421000,0.000084,0.003018,-0.037027,0.999310,0.000310,-0.000210,-0.000110
299,False,False,1.000000,1.000000,0.000000,0.090000,858.880005,-9.849999,18.639999,182.820999,-13.511000,8.421000,0.000084,0.003018,-0.037027,0.999310,0.000310,-0.000310,-0.000110
300,False,False,1.000000,1.000000,0.000000,0.090000,860.399963,-9.960000,18.639999,178.451004,-13.191000,8.421000,0.000084,0.003018,-0.037027,0.999310,0.000310,-0.000310,-0.000110
301,False,False,1.000000,1.000000,0.000000,0.090000,861.889954,-10.070000,18.639999,174.081009,-12.871000,8.421000,0.000084,0.003018,-0.037027,0.999310,0.000310,-0.000310,-0.000110
302,False,False,1.000000,1.000000,0.000000,0.090000,863.339966,-10.179999,18.639999,169.710999,-12.551001,8.421000,0.000084,0.003018,-0.037027,0.999310,0.000310,-0.000310,-0.000110
303,False,False,1.000000,1.000000,0.000000,0.090000,864.750000,-10.280000,18.639999,165.341003,-12.231000,8.421000,0.000084,0.003018,-0.037027,0.999310,0.000310,-0.000310,-0.000110
304,False,False,1.000000,1.000000,0.000000,0.090000,866.130005,-10.380000,18.639999,160.971008,-11.911000,8.421000,0.000084,0.003018,-0.037027,0.999310,0.000310,-0.000310,-0.000110
305,False,False,1.000000,1.000000,0.000000,0.090000,867.469971,-10.480000,18.639999,156.600998,-11.591001,8.421000,0.000084,0.003018,-0.037027,0.999310,0.000310,-0.000310,-0.000110
306,False,False,1.000000,1.000000,0.000000,0.090000,868.779968,-10.580000,18.639999,152.231003,-11.271000,8.421000,0.000084,0.003018,-0.037027,0.999310,0.000310,-0.000310,-0.000110
307,False,False,1.000000,1.000000,0.000000,0.090000,870.049988,-10.670000,18.639999,147.861008,-10.951000,8.421000,0.000084,0.003018,-0.037027,0.999310,0.000310,-0.000310,0.000000
308,False,False,1.000000,1.000000,0.000000,0.090000,871.279968,-10.760000,18.639999,143.490997,-10.631001,8.421000,0.000084,0.003018,-0.037027,0.999310,0.000310,-0.000310,0.000000
309,False,False,1.000000,1.000000,0.000000,0.090000,872.479980,-10.849999,18.639999,139.121002,-10.311000,8.421000,0.000084,0.003018,-0.037027,0.999310,0.000310,-0.000310,0.000000
310,False,False,1.000000,1.000000,0.000000,0.090000,873.639954,-10.940000,18.639999,134.751007,-9.991000,8.421000,0.000084,0.003018,-0.037027,0.999310,0.000310,-0.000310,0.000000
311,False,False,1.000000,1.000000,0.000000,0.090000,874.760010,-11.020000,18.639999,130.380997,-9.661000,8.421000,0.000084,0.003018,-0.037027,0.999310,0.000310,-0.000310,0.000000
312,False,False,1.000000,1.000000,0.000000,0.090000,875.849976,-11.099999,18.639999,126.010994,-9.341001,8.421000,0.000084,0.003018,-0.037027,0.999310,0.000310,-0.000310,0.000000
313,False,False,1.000000,1.000000,0.000000,0.090000,876.899963,-11.179999,18.639999,121.640999,-9.021000,8.421000,0.000084,0.003018,-0.037027,0.999310,0.000310,-0.000310,0.000000
314,False,False,1.000000,1.000000,0.000000,0.090000,877.909973,-11.259999,18.639999,117.270996,-8.691000,8.421000,0.000084,0.003018,-0.037027,0.999310,0.000310,-0.000310,0.000000
315,False,False,1.000000,1.000000,0.000000,0.090000,878.889954,-11.330000,18.639999,112.900993,-8.371000,8.421000,0.000084,0.003018,-0.037027,0.999310,0.000310,-0.000310,0.000000
316,False,False,1.000000,1.000000,0.000000,0.090000,879.829956,-11.400000,18.639999,108.530998,-8.041000,8.421000,0.000084,0.003018,-0.037027,0.999310,0.000310,-0.000310,0.000000
317,False,False,1.000000,1.000000,0.000000,0.090000,880.729980,-11.469999,18.639999,104.160995,-7.721000,8.421000,0.000084,0.003018,-0.037027,0.999310,0.000310,-0.000310,0.000000
318,False,False,1.000000,1.000000,0.000000,0.090000,881.599976,-11.530000,18.639999,99.791000,-7.391000,8.421000,0.000084,0.003018,-0.037027,0.999310,0.000310,-0.000310,0.000000
319,False,False,1.000000,1.000000,0.000000,0.090000,882.429993,-11.590000,18.639999,95.420998,-7.071000,8.421000,0.000084,0.003018,-0.037027,0.999310,0.000310,-0.000310,0.000000
320,False,False,1.000000,1.000000,0.000000,0.090000,883.229980,-11.650000,18.639999,91.050995,-6.751000,8.421000,0.000084,0.003018,-0.037027,0.999310,0.000310,-0.000310,0.000000
321,False,False,1.000000,1.000000,0.000000,0.090000,883.989990,-11.710000,18.639999,86.681000,-6.421000,8.421000,0.000084,0.003018,-0.037027,0.999310,0.000310,-0.000310,0.000000
322,False,False,1.000000,1.000000,0.000000,0.090000,884.709961,-11.759999,18.639999,82.310997,-6.101000,8.421000,0.000084,0.003018,-0.037027,0.999310,0.000310,-0.000310,0.000000
323,False,False,1.000000,1.000000,0.000000,0.090000,885.399963,-11.809999,18.639999,77.940994,-5.771000,8.421000,0.000084,0.003018,-0.037027,0.999310,0.000310,-0.000310,0.000000
324,False,False,1.000000,1.000000,0.000000,0.090000,886.049988,-11.860000,18.639999,73.570999,-5.451000,8.421000,0.000084,0.003018,-0.037027,0.999310,0.000310,-0.000310,0.000000
325,False,False,1.000000,1.000000,0.000000,0.090000,886.659973,-11.910000,18.639999,69.200996,-5.121000,8.421000,0.000084,0.003018,-0.037027,0.999310,0.000310,-0.000310,0.000000
326,False,False,1.000000,1.000000,0.000000,0.090000,887.239990,-11.950000,18.639999,64.831001,-4.801000,8.421000,0.000084,0.003018,-0.037027,0.999310,0.000310,-0.000310,0.000000
327,False,False,1.000000,1.000000,0.000000,0.090000,887.779968,-11.990000,18.639999,60.460999,-4.481000,8.421000,0.000084,0.003018,-0.037027,0.999310,0.000310,-0.000310,0.000000
328,False,False,1.000000,1.000000,0.000000,0.090000,888.279968,-12.030000,18.639999,56.091000,-4.151000,8.421000,0.000084,0.003018,-0.037027,0.999310,0.000310,-0.000310,0.000000
329,False,False,1.000000,1.000000,0.000000,0.090000,888.750000,-12.059999,18.639999,51.720997,-3.831000,8.421000,0.000084,0.003018,-0.037027,0.999310,0.000310,-0.000310,0.000000
330,False,False,1.000000,1.000000,0.000000,0.090000,889.179993,-12.090000,18.639999,47.350998,-3.501000,8.421000,0.000084,0.003018,-0.037027,0.999310,0.000310,-0.000310,0.000000
331,False,False,1.000000,1.000000,0.000000,0.090000,889.570007,-12.120000,18.639999,42.980999,-3.181000,8.421000,0.000084,0.003018,-0.037027,0.999310,0.000310,-0.000310,0.000000
332,False,False,1.000000,1.000000,0.000000,0.090000,889.929993,-12.150000,18.639999,38.611000,-2.851000,8.421000,0.000084,0.003018,-0.037027,0.999310,0.000310,-0.000310,0.000000
333,False,False,1.000000,1.000000,0.000000,0.090000,890.250000,-12.170000,18.639999,34.240997,-2.531000,8.421000,0.000084,0.003018,-0.037027,0.999310,0.000310,-0.000310,0.000000
334,False,False,1.000000,1.000000,0.000000,0.090000,890.539978,-12.190000,18.639999,29.870998,-2.211000,8.421000,0.000084,0.003018,-0.037027,0.999310,0.000310,-0.000310,0.000000
335,False,False,1.000000,1.000000,0.000000,0.090000,890.789978,-12.210000,18.639999,25.500999,-1.881000,8.421000,0.000084,0.003018,-0.037027,0.999310,0.000310,-0.000310,0.000000
336,False,False,1.000000,1.000000,0.000000,0.090000,891.000000,-12.230000,18.639999,21.130999,-1.561000,8.421000,0.000084,0.003018,-0.037027,0.999310,0.000310,-0.000310,0.000000
337,False,False,1.000000,1.000000,0.000000,0.090000,891.179993,-12.240000,18.639999,-5.581000,0.411000,8.421000,0.000084,0.003018,-0.037027,0.999310,0.000410,0.000210,0.000000
338,False,False,1.000000,1.000000,0.000000,0.090000,891.130005,-12.240000,18.639999,1.471000,-0.111000,8.421000,0.000084,0.003018,-0.037027,0.999310,0.000410,-0.000310,0.000000
339,False,False,1.000000,1.000000,0.000000,0.090000,891.139954,-12.240000,18.639999,-0.391000,0.021000,8.421000,0.000084,0.003018,-0.037027,0.999310,0.000410,-0.000410,0.000000
340,False,False,1.000000,1.000000,0.000000,0.090000,891.139954,-12.240000,18.639999,0.091000,-0.011000,8.421000,0.000084,0.003018,-0.037027,0.999310,0.000410,-0.000510,0.000000
341,False,False,1.000000,1.000000,0.000000,0.090000,891.139954,-12.240000,18.639999,-0.031000,0.000000,8.421000,0.000084,0.003018,-0.037027,0.999310,0.000410,-0.000510,0.000000
342,False,False,1.000000,1.000000,0.000000,0.090000,891.139954,-12.240000,18.639999,0.000000,0.000000,8.421000,0.000084,0.003018,-0.037027,0.999310,0.000410,-0.000610,0.000000
343,False,False,1.000000,1.000000,0.000000,0.090000,891.139954,-12.240000,18.639999,-0.011000,0.000000,8.421000,0.000084,0.003018,-0.037027,0.999310,0.000410,-0.000610,0.000000
344,False,False,1.000000,1.000000,0.000000,0.090000,891.139954,-12.240000,18.639999,-0.011000,0.000000,8.421000,0.000084,0.003018,-0.037027,0.999310,0.000410,-0.000610,0.000000
345,False,False,1.000000,1.000000,0.000000,0.090000,891.139954,-12.240000,18.639999,-0.011000,0.000000,8.421000,0.000084,0.003018,-0.037027,0.999310,0.000410,-0.000610,0.000000
346,False,False,1.000000,1.000000,0.000000,0.090000,891.139954,-12.240000,18.639999,-0.011000,0.000000,8.421000,0.000084,0.003018,-0.037027,0.999310,0.000410,-0.000610,0.000000
347,False,False,1.000000,1.000000,0.000000,0.090000,891.139954,-12.240000,18.639999,-0.011000,0.000000,8.421000,0.000084,0.003018,-0.037027,0.999310,0.000410,-0.000610,0.000000
348,False,False,1.000000,1.000000,0.000000,0.090000,891.139954,-12.240000,18.639999,-0.011000,0.000000,8.421000,0.000084,0.003018,-0.037027,0.999310,0.000410,-0.000610,0.000000
349,False,False,1.000000,1.000000,0.000000,0.090000,891.139954,-12.240000,18.639999,-0.011000,0.000000,8.421000,0.000084,0.003018,-0.037027,0.999310,0.000410,-0.000610,0.000000
350,False,False,1.000000,1.000000,0.000000,0.090000,891.139954,-12.240000,18.639999,-0.011000,0.000000,8.421000,0.000084,0.003018,-0.037027,0.999310,0.000410,-0.000610,0.000000
351,False,False,1.000000,1.000000,0.000000,0.090000,891.139954,-12.240000,18.639999,-0.011000,0.000000,8.421000,0.000084,0.003018,-0.037027,0.999310,0.000410,-0.000610,0.000000
352,False,False,1.000000,1.000000,0.000000,0.090000,891.139954,-12.240000,18.639999,-0.011000,0.000000,8.421000,0.000084,0.003018,-0.037027,0.999310,0.000410,-0.000610,0.000000
353,False,False,1.000000,1.000000,0.000000,0.090000,891.139954,-12.240000,18.639999,-0.011000,0.000000,8.421000,0.000084,0.003018,-0.037027,0.999310,0.000410,-0.000610,0.000000
354,False,False,1.000000,1.000000,0.000000,0.090000,891.139954,-12.240000,18.639999,-0.011000,0.000000,8.421000,0.000084,0.003018,-0.037027,0.999310,0.000410,-0.000610,0.000000
355,False,False,1.000000,1.000000,0.000000,0.090000,891.139954,-12.240000,18.639999,-0.011000,0.000000,8.421000,0.000084,0.003018,-0.037027,0.999310,0.000410,-0.000610,0.000000
356,False,False,1.000000,1.000000,0.000000,0.090000,891.139954,-12.240000,18.639999,-0.011000,0.000000,8.421000,0.000084,0.003018,-0.037027,0.999310,0.000410,-0.000610,0.000000
357,False,False,1.000000,1.000000,0.000000,0.090000,891.139954,-12.240000,18.639999,-0.011000,0.000000,8.421000,0.000084,0.003018,-0.037027,0.999310,0.000410,-0.000610,0.000000
358,False,False,1.000000,1.000000,0.000000,0.090000,891.139954,-12.240000,18.639999,-0.011000,0.000000,8.421000,0.000084,0.003018,-0.037027,0.999310,0.000410,-0.000610,0.000000
359,False,False,1.000000,1.000000,0.000000,0.090000,891.139954,-12.240000,18.639999,-0.011000,0.000000,8.421000,0.000084,0.003018,-0.037027,0.999310,0.000410,-0.000610,0.000000
360,False,False,1.000000,1.000000,0.000000,0.090000,891.139954,-12.240000,18.639999,-0.011000,0.000000,8.421000,0.000084,0.003018,-0.037027,0.999310,0.000410,-0.000610,0.000000
361,False,False,1.000000,1.000000,0.000000,0.090000,891.139954,-12.240000,18.639999,-0.011000,0.000000,8.421000,0.000084,0.003018,-0.037027,0.999310,0.000410,-0.000610,0.000000
362,False,False,1.000000,1.000000,0.000000,0.090000,891.139954,-12.240000,18.639999,-0.011000,0.000000,8.421000,0.000084,0.003018,-0.037027,0.999310,0.000410,-0.000610,0.000000
363,False,False,1.000000,1.000000,0.000000,0.090000,891.139954,-12.240000,18.639999,-0.011000,0.000000,8.421000,0.000084,0.003018,-0.037027,0.999310,0.000410,-0.000610,0.000000
364,False,False,1.000000,1.000000,0.000000,0.090000,891.139954,-12.240000,18.639999,-0.011000,0.000000,8.421000,0.000084,0.003018,-0.037027,0.999310,0.000410,-0.000610,0.000000
365,False,False,1.000000,1.000000,0.000000,0.090000,891.139954,-12.240000,18.639999,-0.011000,0.000000,8.421000,0.000084,0.003018,-0.037027,0.999310,0.000410,-0.000610,0.000000
366,False,False,1.000000,1.000000,0.000000,0.090000,891.139954,-12.240000,18.639999,-0.011000,0.000000,8.421000,0.000084,0.003018,-0.037027,0.999310,0.000410,-0.000610,0.000000
367,False,False,1.000000,1.000000,0.000000,0.090000,891.139954,-12.240000,18.639999,-0.011000,0.000000,8.421000,0.000084,0.003018,-0.037027,0.999310,0.000410,-0.000610,0.000000
368,False,False,1.000000,1.000000,0.000000,0.090000,891.139954,-12.240000,18.639999,-0.011000,0.000000,8.421000,0.000084,0.003018,-0.037027,0.999310,0.000410,-0.000610,0.000000
369,False,False,1.000000,1.000000,0.000000,0.090000,891.139954,-12.240000,18.639999,-0.011000,0.000000,8.421000,0.000084,0.003018,-0.037027,0.999310,0.000410,-0.000610,0.000000
370,False,False,1.000000,1.000000,0.000000,0.090000,891.139954,-12.240000,18.639999,-0.011000,0.000000,8.421000,0.000084,0.003018,-0.037027,0.999310,0.000410,-0.000610,0.000000
