frame,input.bActivateBoost,input.bHoldingBoost,input.Throttle,input.Steer,input.bHandbrake,input.Yaw,car.Location.X,car.Location.Y,car.Location.Z,car.LinearVelocity.X,car.LinearVelocity.Y,car.LinearVelocity.Z,car.Quaternion.X,car.Quaternion.Y,car.Quaternion.Z,car.Quaternion.W,car.AngularVelocity.X,car.AngularVelocity.Y,car.AngularVelocity.Z
0,False,False,0.000000,0.000000,False,0.000000,3500.339844,0.000000,18.330000,0.000000,0.000000,0.311000,0.000003,0.008548,0.000003,0.999963,0.000000,-0.000410,0.000000
1,False,False,0.000000,0.000000,False,0.000000,3500.339844,0.000000,18.330000,0.000000,0.000000,0.311000,0.000003,0.008548,0.000003,0.999963,0.000000,-0.000410,0.000000
2,False,False,0.000000,0.000000,False,0.000000,3500.339844,0.000000,18.330000,0.000000,0.000000,0.311000,0.000003,0.008548,0.000003,0.999963,0.000000,-0.000410,0.000000
3,False,False,0.000000,0.000000,False,0.000000,3500.339844,0.000000,18.330000,0.000000,0.000000,0.311000,0.000003,0.008548,0.000003,0.999963,0.000000,-0.000410,0.000000
4,True,True,1.000000,0.000000,False,0.000000,3500.520020,0.000000,18.330000,21.591000,0.000000,0.171000,0.000003,0.008543,0.000003,0.999963,0.000000,-0.001510,0.000000
5,True,True,1.000000,0.000000,False,0.000000,3500.879883,0.000000,18.330000,43.000999,0.000000,0.071000,0.000003,0.008532,0.000003,0.999964,0.000000,-0.002110,0.000000
6,True,True,1.000000,0.000000,False,0.000000,3501.409912,0.000000,18.330000,64.221001,0.000000,0.011000,0.000003,0.008521,0.000003,0.999964,0.000000,-0.002310,0.000000
7,True,True,1.000000,0.000000,False,0.000000,3502.119873,0.000000,18.330000,85.260994,0.000000,-0.031000,0.000003,0.008510,0.000003,0.999964,0.000000,-0.002510,0.000000
8,True,True,1.000000,0.000000,False,0.000000,3503.000000,0.000000,18.330000,106.120995,0.000000,-0.061000,0.000003,0.008500,0.000003,0.999964,0.000000,-0.002510,0.000000
9,True,True,1.000000,0.000000,False,0.000000,3504.059814,0.000000,18.330000,126.800995,0.000000,-0.081000,0.000003,0.008489,0.000003,0.999964,0.000000,-0.002510,0.000000
10,True,True,1.000000,0.000000,False,0.000000,3505.290039,0.000000,18.330000,147.311005,0.000000,-0.101000,0.000003,0.008478,0.000003,0.999964,0.000000,-0.002410,0.000000
11,True,True,1.000000,0.000000,False,0.000000,3506.689941,0.000000,18.330000,167.641006,0.000000,-0.111000,0.000003,0.008467,0.000003,0.999964,0.000000,-0.002210,0.000000
12,True,True,1.000000,0.000000,False,0.000000,3508.260010,0.000000,18.330000,187.801010,0.000000,-0.121000,0.000003,0.008456,0.000003,0.999964,0.000000,-0.002010,0.000000
13,True,True,1.000000,0.000000,False,0.000000,3509.989990,0.000000,18.330000,207.781006,0.000000,-0.131000,0.000003,0.008451,0.000003,0.999964,0.000000,-0.001710,0.000000
14,True,True,1.000000,0.000000,False,0.000000,3511.889893,0.000000,18.330000,227.591003,0.000000,-0.131000,0.000003,0.008446,0.000003,0.999964,0.000000,-0.001410,0.000000
15,True,True,1.000000,0.000000,False,0.000000,3513.949951,0.000000,18.330000,247.231003,0.000000,-0.131000,0.000003,0.008440,0.000003,0.999964,0.000000,-0.001110,0.000000
16,True,True,1.000000,0.000000,False,0.000000,3516.169922,0.000000,18.330000,266.700989,0.000000,-0.131000,0.000003,0.008435,0.000003,0.999964,0.000000,-0.000810,0.000000
17,True,True,1.000000,0.000000,False,0.000000,3518.549805,0.000000,18.330000,286.010986,0.000000,-0.131000,0.000003,0.008435,0.000003,0.999964,0.000000,-0.000510,0.000000
18,True,True,1.000000,0.000000,False,0.000000,3521.089844,0.000000,18.330000,305.151001,0.000000,-0.131000,0.000003,0.008435,0.000003,0.999964,0.000000,-0.000310,0.000000
19,True,True,1.000000,0.000000,False,0.000000,3523.790039,0.000000,18.330000,324.131012,0.000000,-0.131000,0.000003,0.008435,0.000003,0.999964,0.000000,-0.000110,0.000000
20,True,True,1.000000,0.000000,False,0.000000,3526.649902,0.000000,18.330000,342.941010,0.000000,-0.131000,0.000003,0.008435,0.000003,0.999964,0.000000,0.000000,0.000000
21,True,True,1.000000,0.000000,False,0.000000,3529.659912,0.000000,18.330000,361.591003,0.000000,-0.131000,0.000003,0.008435,0.000003,0.999964,0.000000,0.000000,0.000000
22,True,True,1.000000,0.000000,False,0.000000,3532.829834,0.000000,18.330000,380.080994,0.000000,-0.131000,0.000003,0.008435,0.000003,0.999964,0.000000,0.000000,0.000000
23,True,True,1.000000,0.000000,False,0.000000,3536.149902,0.000000,18.330000,398.411011,0.000000,-0.131000,0.000003,0.008435,0.000003,0.999964,0.000000,0.000000,0.000000
24,True,True,1.000000,0.000000,False,0.000000,3539.619873,0.000000,18.330000,416.591003,0.000000,-0.131000,0.000003,0.008435,0.000003,0.999964,0.000000,0.000110,0.000000
25,True,True,1.000000,0.000000,False,0.000000,3543.239990,0.000000,18.330000,434.610992,0.000000,-0.131000,0.000003,0.008435,0.000003,0.999964,0.000000,0.000210,0.000000
26,True,True,1.000000,0.000000,False,0.000000,3547.010010,0.000000,18.330000,452.480988,0.000000,-0.131000,0.000003,0.008435,0.000003,0.999964,0.000000,0.000210,0.000000
27,True,True,1.000000,0.000000,False,0.000000,3550.929932,0.000000,18.330000,470.191010,0.000000,-0.131000,0.000003,0.008435,0.000003,0.999964,0.000000,0.000310,0.000000
28,True,True,1.000000,0.000000,False,0.000000,3554.989990,0.000000,18.330000,487.751007,0.000000,-0.131000,0.000003,0.008435,0.000003,0.999964,0.000000,0.000310,0.000000
29,True,True,1.000000,0.000000,False,0.000000,3559.199951,0.000000,18.330000,505.161011,0.000000,-0.131000,0.000003,0.008435,0.000003,0.999964,0.000000,0.000410,0.000000
30,True,True,1.000000,0.000000,False,0.000000,3563.549805,0.000000,18.330000,522.420959,0.000000,-0.131000,0.000003,0.008435,0.000003,0.999964,0.000000,0.000410,0.000000
31,True,True,1.000000,0.000000,False,0.000000,3568.049805,0.000000,18.330000,539.530945,0.000000,-0.131000,0.000003,0.008435,0.000003,0.999964,0.000000,0.000510,0.000000
32,True,True,1.000000,0.000000,False,0.000000,3572.689941,0.000000,18.330000,556.500977,0.000000,-0.131000,0.000003,0.008435,0.000003,0.999964,0.000000,0.000610,0.000000
33,True,True,1.000000,0.000000,False,0.000000,3577.469971,0.000000,18.330000,573.320984,0.000000,-0.131000,0.000003,0.008440,0.000003,0.999964,0.000000,0.000610,0.000000
34,True,True,1.000000,0.000000,False,0.000000,3582.389893,0.000000,18.330000,590.000977,0.000000,-0.131000,0.000003,0.008446,0.000003,0.999964,0.000000,0.000610,0.000000
35,True,True,1.000000,0.000000,False,0.000000,3587.439941,0.000000,18.330000,606.540955,0.000000,-0.131000,0.000003,0.008446,0.000003,0.999964,0.000000,0.000610,0.000000
36,True,True,1.000000,0.000000,False,0.000000,3592.629883,0.000000,18.330000,622.930969,0.000000,-0.131000,0.000003,0.008446,0.000003,0.999964,0.000000,0.000610,0.000000
37,True,True,1.000000,0.000000,False,0.000000,3597.959961,0.000000,18.330000,639.180969,0.000000,-0.131000,0.000003,0.008446,0.000003,0.999964,0.000000,0.000610,0.000000
38,True,True,1.000000,0.000000,False,0.000000,3603.419922,0.000000,18.330000,655.290955,0.000000,-0.131000,0.000003,0.008451,0.000003,0.999964,0.000000,0.000610,0.000000
39,True,True,1.000000,0.000000,False,0.000000,3609.010010,0.000000,18.330000,671.270935,0.000000,-0.131000,0.000003,0.008451,0.000003,0.999964,0.000000,0.000610,0.000000
40,True,True,1.000000,0.000000,False,0.000000,3614.739990,0.000000,18.330000,687.110962,0.000000,-0.131000,0.000003,0.008451,0.000003,0.999964,0.000000,0.000610,0.000000
41,True,True,1.000000,0.000000,False,0.000000,3620.599854,0.000000,18.330000,702.810974,0.000000,-0.131000,0.000003,0.008451,0.000003,0.999964,0.000000,0.000610,0.000000
42,True,True,1.000000,0.000000,False,0.000000,3626.589844,0.000000,18.330000,718.380981,0.000000,-0.131000,0.000003,0.008456,0.000003,0.999964,0.000000,0.000610,0.000000
43,True,True,1.000000,0.000000,False,0.000000,3632.699951,0.000000,18.330000,733.820984,0.000000,-0.131000,0.000003,0.008456,0.000003,0.999964,0.000000,0.000510,0.000000
44,True,True,1.000000,0.000000,False,0.000000,3638.939941,0.000000,18.330000,749.120972,0.000000,-0.131000,0.000003,0.008456,0.000003,0.999964,0.000000,0.000510,0.000000
45,True,True,1.000000,0.000000,False,0.000000,3645.309814,0.000000,18.330000,764.290955,0.000000,-0.131000,0.000003,0.008456,0.000003,0.999964,0.000000,0.000510,0.000000
46,True,True,1.000000,0.000000,False,0.000000,3651.799805,0.000000,18.330000,779.330933,0.000000,-0.131000,0.000003,0.008456,0.000003,0.999964,0.000000,0.000510,0.000000
47,True,True,1.000000,0.000000,False,0.000000,3658.419922,0.000000,18.330000,794.240967,0.000000,-0.131000,0.000003,0.008456,0.000003,0.999964,0.000000,0.000510,0.000000
48,True,True,1.000000,0.000000,False,0.000000,3665.159912,0.000000,18.330000,809.030945,0.000000,-0.131000,0.000003,0.008456,0.000003,0.999964,0.000000,0.000510,0.000000
49,True,True,1.000000,0.000000,False,0.000000,3672.020020,0.000000,18.330000,823.690979,0.000000,-0.131000,0.000003,0.008456,0.000003,0.999964,0.000000,0.000510,0.000000
50,True,True,1.000000,0.000000,False,0.000000,3679.010010,0.000000,18.330000,838.220947,0.000000,-0.131000,0.000003,0.008456,0.000003,0.999964,0.000000,0.000510,0.000000
51,True,True,1.000000,0.000000,False,0.000000,3686.119873,0.000000,18.330000,852.630981,0.000000,-0.131000,0.000003,0.008456,0.000003,0.999964,0.000000,0.000610,0.000000
52,True,True,1.000000,0.000000,False,0.000000,3693.339844,0.000000,18.330000,866.910950,0.000000,-0.131000,0.000003,0.008462,0.000003,0.999964,0.000000,0.000610,0.000000
53,True,True,1.000000,0.000000,False,0.000000,3700.679932,0.000000,18.330000,881.070984,0.000000,-0.131000,0.000003,0.008467,0.000003,0.999964,0.000000,0.000610,0.000000
54,True,True,1.000000,0.000000,False,0.000000,3708.139893,0.000000,18.330000,895.110962,0.000000,-0.131000,0.000003,0.008467,0.000003,0.999964,0.000000,0.000610,0.000000
55,True,True,1.000000,0.000000,False,0.000000,3715.719971,0.000000,18.330000,909.030945,0.000000,-0.131000,0.000003,0.008467,0.000003,0.999964,0.000000,0.000610,0.000000
56,True,True,1.000000,0.000000,False,0.000000,3723.409912,0.000000,18.330000,922.830933,0.000000,-0.131000,0.000003,0.008467,0.000003,0.999964,0.000000,0.000610,0.000000
57,True,True,1.000000,0.000000,False,0.000000,3731.209961,0.000000,18.330000,936.510925,0.000000,-0.131000,0.000003,0.008473,0.000003,0.999964,0.000000,0.000610,0.000000
58,True,True,1.000000,0.000000,False,0.000000,3739.129883,0.000000,18.330000,950.080933,0.000000,-0.131000,0.000003,0.008473,0.000003,0.999964,0.000000,0.000610,0.000000
59,True,True,1.000000,0.000000,False,0.000000,3747.159912,0.000000,18.330000,963.530945,0.000000,-0.131000,0.000003,0.008473,0.000003,0.999964,0.000000,0.000610,0.000000
60,True,True,1.000000,0.000000,False,0.000000,3755.299805,0.000000,18.330000,976.860962,0.000000,-0.131000,0.000003,0.008473,0.000003,0.999964,0.000000,0.000610,0.000000
61,True,True,1.000000,0.000000,False,0.000000,3763.549805,0.000000,18.330000,990.080933,0.000000,-0.131000,0.000003,0.008473,0.000003,0.999964,0.000000,0.000610,0.000000
62,True,True,1.000000,0.000000,False,0.000000,3771.909912,0.000000,18.330000,1003.190979,0.000000,-0.131000,0.000003,0.008478,0.000003,0.999964,0.000000,0.000610,0.000000
63,True,True,1.000000,0.000000,False,0.000000,3780.379883,0.000000,18.330000,1016.180969,0.000000,-0.131000,0.000003,0.008478,0.000003,0.999964,0.000000,0.000510,0.000000
64,True,True,1.000000,0.000000,False,0.000000,3788.959961,0.000000,18.330000,1029.060913,0.000000,-0.131000,0.000003,0.008478,0.000003,0.999964,0.000000,0.000510,0.000000
65,True,True,1.000000,0.000000,False,0.000000,3797.629883,0.000000,18.400000,1040.580933,0.000000,8.961000,0.000003,0.007318,0.000003,0.999973,0.000000,-0.278910,0.000000
66,True,True,1.000000,0.000000,False,0.000000,3806.389893,0.000000,18.639999,1051.031006,0.000000,29.210999,0.000003,0.003574,0.000003,0.999994,0.000000,-0.899110,0.000000
67,True,True,1.000000,0.000000,False,0.000000,3815.239990,0.000000,18.969999,1062.430908,0.000000,39.570999,0.000003,-0.001400,0.000003,0.999999,0.000000,-1.193710,0.000000
68,True,True,1.000000,0.000000,False,0.000000,3824.189941,0.000000,19.340000,1074.250977,0.000000,44.920998,0.000003,-0.006930,0.000003,0.999976,0.000000,-1.327110,0.000000
69,True,True,1.000000,0.000000,False,0.000000,3833.239990,0.000000,19.740000,1086.230957,0.000000,47.620998,0.000003,-0.012670,0.000003,0.999920,0.000000,-1.378010,0.000000
70,True,True,1.000000,0.000000,False,0.000000,3842.389893,0.000000,20.150000,1098.220947,0.000000,49.140999,0.000003,-0.018491,0.000003,0.999829,0.000000,-1.396610,0.000000
71,True,True,1.000000,0.000000,False,0.000000,3851.500000,0.000000,21.010000,1092.820923,0.000000,103.590996,0.000003,-0.031018,0.000003,0.999519,0.000000,-3.007510,0.000000
72,True,True,1.000000,0.000000,False,0.000000,3860.639893,0.000000,22.100000,1096.200928,0.000000,131.001007,0.000003,-0.046889,0.000003,0.998900,0.000000,-3.812710,0.000000
73,True,True,1.000000,0.000000,False,0.000000,3869.839844,0.000000,23.299999,1103.970947,0.000000,143.891006,0.000003,-0.064352,0.000003,0.997927,0.000000,-4.197010,0.000000
74,True,True,1.000000,0.000000,False,0.000000,3879.119873,0.000000,24.539999,1114.100952,0.000000,148.380997,0.000003,-0.082435,0.000003,0.996596,0.000000,-4.352310,0.000000
75,True,True,1.000000,0.000000,False,0.000000,3888.469971,0.000000,26.059999,1121.420898,0.000000,182.751007,0.000003,-0.097692,0.000003,0.995217,0.000000,-3.677010,0.000000
76,True,True,1.000000,0.000000,False,0.000000,3897.649902,0.000000,28.189999,1101.220947,0.000000,255.671005,0.000003,-0.118236,0.000003,0.992986,0.000000,-4.958910,0.000000
77,True,True,1.000000,0.000000,False,0.000000,3906.789795,0.000000,30.629999,1097.240967,0.000000,292.651001,0.000003,-0.141223,0.000003,0.989978,0.000000,-5.500010,0.000000
78,True,True,1.000000,0.000000,False,0.000000,3915.969971,0.000000,33.209999,1101.330933,0.000000,309.181000,0.000003,-0.165149,0.000003,0.986269,0.000000,-5.500010,0.000000
79,True,True,1.000000,0.000000,False,0.000000,3925.209961,0.000000,35.840000,1108.590942,0.000000,315.401001,0.000003,-0.188757,0.000003,0.982024,0.000000,-5.500010,0.000000
80,True,True,1.000000,0.000000,False,0.000000,3934.349854,0.000000,39.049999,1096.230957,0.000000,384.980988,0.000003,-0.205793,0.000003,0.978595,0.000000,-4.170910,0.000000
81,True,True,1.000000,0.000000,False,0.000000,3943.129883,0.000000,43.000000,1053.411011,0.000000,473.640991,0.000003,-0.226736,0.000003,0.973956,0.000000,-5.148310,0.000000
82,True,True,1.000000,0.000000,False,0.000000,3951.770020,0.000000,47.340000,1037.230957,0.000000,520.580994,0.000003,-0.249211,0.000003,0.968449,0.000000,-5.500010,0.000000
83,True,True,1.000000,0.000000,False,0.000000,3960.399902,0.000000,51.860001,1035.370972,0.000000,542.540955,0.000003,-0.272106,0.000003,0.962267,0.000000,-5.499910,0.000000
84,True,True,1.000000,0.000000,False,0.000000,3969.069824,0.000000,56.439999,1040.960938,0.000000,549.940979,0.000003,-0.294684,0.000003,0.955595,0.000000,-5.500010,0.000000
85,True,True,1.000000,0.000000,False,0.000000,3977.510010,0.000000,61.590000,1012.990967,0.000000,618.370972,0.000003,-0.310571,0.000003,0.950550,0.000000,-4.000810,0.000000
86,True,True,1.000000,0.000000,False,0.000000,3985.429932,0.000000,67.419998,950.890930,0.000000,699.420959,0.000003,-0.330360,0.000003,0.943855,0.000000,-5.013710,0.000000
87,True,True,1.000000,0.000000,False,0.000000,3993.139893,0.000000,73.610001,924.660950,0.000000,742.470947,0.000003,-0.351610,0.000003,0.936147,0.000000,-5.425010,0.000000
88,True,True,1.000000,0.000000,False,0.000000,4000.689941,0.000000,79.970001,906.030945,0.000000,763.240967,0.000003,-0.375439,0.000003,0.926847,0.000000,-5.500010,0.000000
89,True,True,1.000000,0.000000,False,0.000000,4007.729980,0.000000,86.839996,844.490967,0.000000,824.690979,0.000003,-0.394768,0.000003,0.918781,0.000000,-5.026210,0.000000
90,True,True,1.000000,0.000000,False,0.000000,4014.299805,0.000000,94.180000,787.790955,0.000000,881.070984,0.000003,-0.414983,0.000003,0.909829,0.000000,-5.306010,0.000000
91,True,True,1.000000,0.000000,False,0.000000,4020.659912,0.000000,101.779999,763.510986,0.000000,911.930969,0.000003,-0.435289,0.000003,0.900291,0.000000,-5.383810,0.000000
92,True,True,1.000000,0.000000,False,0.000000,4026.989990,0.000000,109.489998,759.950989,0.000000,924.850952,0.000003,-0.455530,0.000003,0.890220,0.000000,-5.425410,0.000000
93,True,True,1.000000,0.000000,False,0.000000,4033.359863,0.000000,117.250000,764.280945,0.000000,930.760925,0.000003,-0.475658,0.000003,0.879630,0.000000,-5.458110,0.000000
94,True,True,1.000000,0.000000,False,0.000000,4039.309814,0.000000,125.419998,714.350952,0.000000,980.610962,0.000003,-0.489965,0.000003,0.871742,0.000000,-3.921110,0.000000
95,True,True,1.000000,0.000000,False,0.000000,4044.539795,0.000000,134.000000,627.760986,0.000000,1029.610962,0.000003,-0.507703,0.000003,0.861532,0.000000,-4.911410,0.000000
96,True,True,1.000000,0.000000,False,0.000000,4049.439941,0.000000,142.809998,588.400940,0.000000,1056.890991,0.000003,-0.526780,0.000003,0.850002,0.000000,-5.349510,0.000000
97,True,True,1.000000,0.000000,False,0.000000,4054.250000,0.000000,151.720001,577.080994,0.000000,1069.600952,0.000003,-0.546379,0.000003,0.837538,0.000000,-5.499910,0.000000
98,True,True,1.000000,0.000000,False,0.000000,4058.559814,0.000000,160.959991,516.590942,0.000000,1108.630981,0.000003,-0.560459,0.000003,0.828182,0.000000,-4.056910,-0.000110
99,True,True,1.000000,0.000000,False,0.000000,4062.250000,0.000000,170.339996,443.080994,0.000000,1125.560913,0.000003,-0.577275,0.000003,0.816550,0.000000,-4.908010,0.000000
100,True,True,1.000000,0.000000,False,0.000000,4065.449951,0.000000,179.909988,383.450989,0.000000,1147.870972,0.000003,-0.595666,0.000003,0.803232,0.000000,-5.449010,0.000000
101,True,True,1.000000,0.000000,False,0.000000,4068.459961,0.000000,189.580002,360.770996,0.000000,1160.411011,0.000003,-0.614645,0.000003,0.788804,0.000000,-5.499910,0.000000
102,True,True,1.000000,0.000000,False,0.000000,4071.429932,0.000000,199.300003,356.990997,0.000000,1166.870972,0.000003,-0.633214,0.000003,0.773977,0.000000,-5.499910,0.000000
103,True,True,1.000000,0.000000,False,0.000000,4073.839844,0.000000,209.239990,288.621002,0.000000,1193.290894,0.000003,-0.646172,0.000003,0.763192,0.000000,-4.046610,-0.000110
104,True,True,1.000000,0.000000,False,0.000000,4075.659912,0.000000,219.330002,218.781006,0.000000,1210.610962,0.000003,-0.659470,0.000003,0.751730,0.000000,-4.213110,-0.000110
105,True,True,1.000000,0.000000,False,0.000000,4077.209961,0.000000,229.519989,185.731003,0.000000,1222.510986,0.000003,-0.672672,0.000003,0.739941,0.000000,-4.248510,-0.000110
106,True,True,1.000000,0.000000,False,0.000000,4078.679932,0.000000,239.769989,176.661011,0.000000,1230.140991,0.000003,-0.685700,0.000003,0.727884,0.000000,-4.260710,-0.000110
107,True,True,1.000000,0.000000,False,0.000000,4080.149902,0.000000,250.069992,176.421005,0.000000,1236.020996,0.000003,-0.698583,0.000003,0.715529,0.000000,-4.284110,0.000000
108,True,True,1.000000,0.000000,False,0.000000,4080.969971,0.000000,260.479980,98.810997,0.000000,1248.820923,0.000003,-0.706136,0.000003,0.708076,0.000000,-2.546210,0.000000
109,True,True,1.000000,0.000000,False,0.000000,4081.429932,0.000000,270.970001,54.861000,0.000000,1258.790894,-0.000003,0.710842,-0.000003,-0.703352,0.000000,-1.600210,0.000000
110,True,True,1.000000,0.000000,False,0.000000,4081.699951,0.000000,281.519989,32.701000,0.000000,1266.450928,-0.000003,0.714199,-0.000003,-0.699942,0.000000,-1.147510,0.000000
111,True,True,1.000000,0.000000,False,0.000000,4081.909912,0.000000,292.119995,25.580999,0.000000,1272.540894,-0.000003,0.717142,-0.000003,-0.696927,0.000000,-1.011210,0.000000
112,True,True,1.000000,0.000000,False,0.000000,4081.789795,0.000000,302.769989,-13.851000,0.000000,1277.420898,-0.000003,0.717504,-0.000003,-0.696554,0.000000,-0.124310,0.000000
113,True,True,1.000000,0.000000,False,0.000000,4081.510010,0.000000,313.459991,-34.120998,0.000000,1282.640991,-0.000003,0.716612,-0.000003,-0.697472,0.000000,0.307610,-0.000110
114,True,True,1.000000,0.000000,False,0.000000,4081.169922,0.000000,324.190002,-40.990997,0.000000,1287.820923,-0.000003,0.715334,-0.000003,-0.698783,0.000000,0.439410,-0.000110
115,True,True,1.000000,0.000000,False,0.000000,4080.819824,0.000000,334.959991,-42.271000,0.000000,1292.950928,-0.000003,0.713988,-0.000003,-0.700158,0.000000,0.461810,-0.000110
116,True,True,1.000000,0.000000,False,0.000000,4080.469971,0.000000,345.779999,-41.630997,0.000000,1298.040894,-0.000003,0.712652,-0.000003,-0.701518,0.000000,0.457410,-0.000110
117,True,True,1.000000,0.000000,False,0.000000,4080.139893,0.000000,356.639984,-39.710999,0.000000,1303.090942,-0.000003,0.711375,-0.000003,-0.702812,0.000000,0.436710,-0.000110
118,True,True,1.000000,0.000000,False,0.000000,4079.829834,0.000000,367.539978,-37.021000,0.000000,1308.090942,-0.000003,0.710185,-0.000003,-0.704015,0.000000,0.406710,-0.000110
119,True,True,1.000000,0.000000,False,0.000000,4079.549805,0.000000,378.479980,-33.900997,0.000000,1313.050903,-0.000003,0.709092,-0.000003,-0.705116,0.000000,0.372110,-0.000110
120,True,True,1.000000,0.000000,False,0.000000,4079.289795,0.000000,389.459991,-30.620998,0.000000,1317.970947,-0.000003,0.708103,-0.000003,-0.706109,0.000000,0.336010,0.000000
121,True,True,1.000000,0.000000,False,0.000000,4079.059814,0.000000,400.479980,-27.320999,0.000000,1322.850952,-0.000003,0.707220,-0.000003,-0.706993,0.000000,0.300410,0.000000
122,True,True,1.000000,0.000000,False,0.000000,4078.859863,0.000000,411.539978,-24.140999,0.000000,1327.690918,0.000003,-0.706432,0.000003,0.707780,0.000000,0.266610,0.000000
123,True,True,1.000000,0.000000,False,0.000000,4078.679932,0.000000,422.639984,-21.160999,0.000000,1332.490967,0.000003,-0.705736,0.000003,0.708474,0.000000,0.235210,0.000000
124,True,True,1.000000,0.000000,False,0.000000,4078.530029,0.000000,433.779999,-18.410999,0.000000,1337.250977,0.000003,-0.705127,0.000003,0.709081,0.000000,0.206510,0.000000
125,True,True,1.000000,0.000000,False,0.000000,4078.399902,0.000000,444.959991,-15.931000,0.000000,1341.970947,0.000003,-0.704593,0.000003,0.709612,0.000000,0.180710,0.000000
126,True,True,1.000000,0.000000,False,0.000000,4078.289795,0.000000,456.179993,-13.721000,0.000000,1346.640991,0.000003,-0.704123,0.000003,0.710078,0.000000,0.157710,0.000000
127,True,True,1.000000,0.000000,False,0.000000,4078.189941,0.000000,467.440002,-11.781000,0.000000,1351.281006,0.000003,-0.703719,0.000003,0.710478,0.000000,0.137410,0.000000
128,True,True,1.000000,0.000000,False,0.000000,4078.109863,0.000000,478.739990,-10.061000,0.000000,1355.880981,0.000003,-0.703363,0.000003,0.710831,0.000000,0.119510,0.000000
129,True,True,1.000000,0.000000,False,0.000000,4078.039795,0.000000,490.079987,-8.571000,0.000000,1360.440918,0.000003,-0.703055,0.000003,0.711135,0.000000,0.103810,0.000000
130,True,True,1.000000,0.000000,False,0.000000,4077.979980,0.000000,501.449982,-7.281000,0.000000,1364.960938,0.000003,-0.702785,0.000003,0.711402,0.000000,0.090110,0.000000
131,True,True,1.000000,0.000000,False,0.000000,4077.929932,0.000000,512.859985,-6.161000,0.000000,1369.440918,0.000003,-0.702554,0.000003,0.711631,0.000000,0.078110,0.000000
132,True,True,1.000000,0.000000,False,0.000000,4077.889893,0.000000,524.309998,-5.201000,0.000000,1373.880981,0.000003,-0.702354,0.000003,0.711828,0.000000,0.067610,0.000000
133,True,True,1.000000,0.000000,False,0.000000,4077.849854,0.000000,535.799988,-4.391000,0.000000,1378.281006,0.000003,-0.702181,0.000003,0.711998,0.000000,0.058610,0.000000
134,True,True,1.000000,0.000000,False,0.000000,4077.819824,0.000000,547.320007,-3.681000,0.000000,1382.640991,0.000003,-0.702030,0.000003,0.712147,0.000000,0.050710,0.000000
135,True,True,1.000000,0.000000,False,0.000000,4077.789795,0.000000,558.880005,-3.081000,0.000000,1386.970947,0.000003,-0.701901,0.000003,0.712275,0.000000,0.043910,0.000000
136,True,True,1.000000,0.000000,False,0.000000,4077.770020,0.000000,570.469971,-2.551000,0.000000,1391.260986,0.000003,-0.701787,0.000003,0.712386,0.000000,0.038010,0.000000
137,True,True,1.000000,0.000000,False,0.000000,4077.750000,0.000000,582.099976,-2.111000,0.000000,1395.510986,0.000003,-0.701690,0.000003,0.712482,0.000000,0.032910,0.000000
138,True,True,1.000000,0.000000,False,0.000000,4077.739990,0.000000,593.760010,-1.731000,0.000000,1399.730957,0.000003,-0.701604,0.000003,0.712567,0.000000,0.028510,0.000000
139,True,True,1.000000,0.000000,False,0.000000,4077.729980,0.000000,605.459961,-1.441000,0.000000,1403.910889,0.000003,-0.701528,0.000003,0.712641,0.000000,0.024710,0.000000
140,True,True,1.000000,0.000000,False,0.000000,4077.719971,0.000000,617.190002,-1.201000,0.000000,1407.590942,0.000003,-0.701464,0.000003,0.712705,0.000000,0.021410,0.000000
141,True,True,1.000000,0.000000,False,0.000000,4077.709961,0.000000,628.950012,-1.001000,0.000000,1410.781006,0.000003,-0.701410,0.000003,0.712758,0.000000,0.018510,0.000000
142,True,True,1.000000,0.000000,False,0.000000,4077.699951,0.000000,640.729980,-0.821000,0.000000,1413.620972,0.000003,-0.701361,0.000003,0.712806,0.000000,0.016110,0.000000
143,True,True,1.000000,0.000000,False,0.000000,4077.689941,0.000000,652.529968,-0.661000,0.000000,1416.460938,0.000003,-0.701318,0.000003,0.712848,0.000000,0.014010,0.000000
144,True,True,1.000000,0.000000,False,0.000000,4077.689941,0.000000,664.359985,-0.501000,0.000000,1419.300903,0.000003,-0.701280,0.000003,0.712886,0.000000,0.012210,0.000000
145,True,True,1.000000,0.000000,False,0.000000,4077.689941,0.000000,676.209961,-0.391000,0.000000,1422.140991,0.000003,-0.701248,0.000003,0.712917,0.000000,0.010710,0.000000
146,True,True,1.000000,0.000000,False,0.000000,4077.689941,0.000000,688.079956,-0.321000,0.000000,1424.980957,0.000003,-0.701221,0.000003,0.712944,0.000000,0.009410,0.000000
147,True,True,1.000000,0.000000,False,0.000000,4077.689941,0.000000,699.979980,-0.271000,0.000000,1427.820923,0.000003,-0.701194,0.000003,0.712970,0.000000,0.008310,0.000000
148,True,True,1.000000,0.000000,False,0.000000,4077.689941,0.000000,711.899963,-0.241000,0.000000,1430.660889,0.000003,-0.701172,0.000003,0.712992,0.000000,0.007310,0.000000
149,True,True,1.000000,0.000000,False,0.000000,4077.689941,0.000000,723.849976,-0.221000,0.000000,1433.500977,0.000003,-0.701151,0.000003,0.713013,0.000000,0.006310,0.000000
150,True,True,1.000000,0.000000,False,0.000000,4077.689941,0.000000,735.820007,-0.211000,0.000000,1436.340942,0.000003,-0.701135,0.000003,0.713029,0.000000,0.005410,0.000000
151,True,True,1.000000,0.000000,False,0.000000,4077.689941,0.000000,747.809998,-0.201000,0.000000,1439.180908,0.000003,-0.701118,0.000003,0.713045,0.000000,0.004510,0.000000
152,True,True,1.000000,0.000000,False,0.000000,4077.689941,0.000000,759.829956,-0.191000,0.000000,1442.020996,0.000003,-0.701108,0.000003,0.713055,0.000000,0.003710,0.000000
153,True,True,1.000000,0.000000,False,0.000000,4077.689941,0.000000,771.869995,-0.191000,0.000000,1444.860962,0.000003,-0.701097,0.000003,0.713066,0.000000,0.003010,0.000000
154,True,True,1.000000,0.000000,False,0.000000,4077.689941,0.000000,783.929993,-0.191000,0.000000,1447.700928,0.000003,-0.701091,0.000003,0.713071,0.000000,0.002510,0.000000
155,True,True,1.000000,0.000000,False,0.000000,4077.689941,0.000000,796.019958,-0.191000,0.000000,1450.540894,0.000003,-0.701086,0.000003,0.713076,0.000000,0.002110,0.000000
156,True,True,1.000000,0.000000,False,0.000000,4077.689941,0.000000,808.130005,-0.191000,0.000000,1453.380981,0.000003,-0.701081,0.000003,0.713082,0.000000,0.001810,0.000000
157,True,True,1.000000,0.000000,False,0.000000,4077.689941,0.000000,820.269958,-0.191000,0.000000,1456.220947,0.000003,-0.701075,0.000003,0.713087,0.000000,0.001510,0.000000
158,True,True,1.000000,0.000000,False,0.000000,4077.689941,0.000000,832.429993,-0.191000,0.000000,1459.060913,0.000003,-0.701070,0.000003,0.713092,0.000000,0.001310,0.000000
159,True,True,1.000000,0.000000,False,0.000000,4077.689941,0.000000,844.609985,-0.191000,0.000000,1461.901001,0.000003,-0.701064,0.000003,0.713098,0.000000,0.001110,0.000000
160,True,True,1.000000,0.000000,False,0.000000,4077.689941,0.000000,856.820007,-0.191000,0.000000,1464.740967,0.000003,-0.701059,0.000003,0.713103,0.000000,0.000910,0.000000
161,True,True,1.000000,0.000000,False,0.000000,4077.689941,0.000000,869.049988,-0.191000,0.000000,1467.580933,0.000003,-0.701059,0.000003,0.713103,0.000000,0.000710,0.000000
162,True,True,1.000000,0.000000,False,0.000000,4077.689941,0.000000,881.299988,-0.191000,0.000000,1470.420898,0.000003,-0.701059,0.000003,0.713103,0.000000,0.000610,0.000000
163,True,True,1.000000,0.000000,False,0.000000,4077.689941,0.000000,893.579956,-0.191000,0.000000,1473.260986,0.000003,-0.701059,0.000003,0.713103,0.000000,0.000510,0.000000
164,True,True,1.000000,0.000000,False,0.000000,4077.689941,0.000000,905.880005,-0.191000,0.000000,1476.100952,0.000003,-0.701059,0.000003,0.713103,0.000000,0.000410,0.000000
165,True,True,1.000000,0.000000,False,0.000000,4077.689941,0.000000,918.199951,-0.191000,0.000000,1478.940918,0.000003,-0.701059,0.000003,0.713103,0.000000,0.000410,0.000000
166,True,True,1.000000,0.000000,False,0.000000,4077.689941,0.000000,930.549988,-0.191000,0.000000,1481.780884,0.000003,-0.701059,0.000003,0.713103,0.000000,0.000410,0.000000
167,True,True,1.000000,0.000000,False,0.000000,4077.689941,0.000000,942.919983,-0.191000,0.000000,1484.620972,0.000003,-0.701059,0.000003,0.713103,0.000000,0.000410,0.000000
168,True,True,1.000000,0.000000,False,0.000000,4077.689941,0.000000,955.320007,-0.191000,0.000000,1487.460938,0.000003,-0.701059,0.000003,0.713103,0.000000,0.000410,0.000000
169,True,True,1.000000,0.000000,False,0.000000,4077.689941,0.000000,967.739990,-0.191000,0.000000,1490.300903,0.000003,-0.701059,0.000003,0.713103,0.000000,0.000410,0.000000
170,True,True,1.000000,0.000000,False,0.000000,4077.689941,0.000000,980.179993,-0.191000,0.000000,1493.140991,0.000003,-0.701059,0.000003,0.713103,0.000000,0.000410,0.000000
171,True,True,1.000000,0.000000,False,0.000000,4077.689941,0.000000,992.649963,-0.191000,0.000000,1495.980957,0.000003,-0.701059,0.000003,0.713103,0.000000,0.000410,0.000000
172,True,True,1.000000,0.000000,False,0.000000,4077.689941,0.000000,1005.139954,-0.191000,0.000000,1498.820923,0.000003,-0.701059,0.000003,0.713103,0.000000,0.000410,0.000000
173,True,True,1.000000,0.000000,False,0.000000,4077.689941,0.000000,1017.649963,-0.191000,0.000000,1501.660889,0.000003,-0.701059,0.000003,0.713103,0.000000,0.000410,0.000000
174,True,True,1.000000,0.000000,False,0.000000,4077.689941,0.000000,1030.189941,-0.191000,0.000000,1504.500977,0.000003,-0.701059,0.000003,0.713103,0.000000,0.000410,0.000000
175,True,True,1.000000,0.000000,False,0.000000,4077.689941,0.000000,1042.750000,-0.191000,0.000000,1507.340942,0.000003,-0.701059,0.000003,0.713103,0.000000,0.000410,0.000000
176,True,True,1.000000,0.000000,False,0.000000,4077.689941,0.000000,1055.329956,-0.191000,0.000000,1510.180908,0.000003,-0.701059,0.000003,0.713103,0.000000,0.000410,0.000000
177,True,True,1.000000,0.000000,False,0.000000,4077.689941,0.000000,1067.939941,-0.191000,0.000000,1513.020996,0.000003,-0.701059,0.000003,0.713103,0.000000,0.000410,0.000000
178,True,True,1.000000,0.000000,False,0.000000,4077.689941,0.000000,1080.569946,-0.191000,0.000000,1515.860962,0.000003,-0.701059,0.000003,0.713103,0.000000,0.000410,0.000000
179,True,True,1.000000,0.000000,False,0.000000,4077.689941,0.000000,1093.229980,-0.191000,0.000000,1518.700928,0.000003,-0.701059,0.000003,0.713103,0.000000,0.000410,0.000000
180,True,True,1.000000,0.000000,False,0.000000,4077.689941,0.000000,1105.910034,-0.191000,0.000000,1521.540894,0.000003,-0.701059,0.000003,0.713103,0.000000,0.000410,0.000000
181,True,True,1.000000,0.000000,False,0.000000,4077.689941,0.000000,1118.609985,-0.191000,0.000000,1524.380981,0.000003,-0.701059,0.000003,0.713103,0.000000,0.000410,0.000000
182,True,True,1.000000,0.000000,False,0.000000,4077.689941,0.000000,1131.339966,-0.191000,0.000000,1527.220947,0.000003,-0.701059,0.000003,0.713103,0.000000,0.000410,0.000000
183,True,True,1.000000,0.000000,False,0.000000,4077.689941,0.000000,1144.089966,-0.191000,0.000000,1530.060913,0.000003,-0.701059,0.000003,0.713103,0.000000,0.000410,0.000000
184,True,True,1.000000,0.000000,False,0.000000,4077.689941,0.000000,1156.859985,-0.191000,0.000000,1532.901001,0.000003,-0.701059,0.000003,0.713103,0.000000,0.000410,0.000000
185,True,True,1.000000,0.000000,False,0.000000,4077.689941,0.000000,1169.660034,-0.191000,0.000000,1535.740967,0.000003,-0.701059,0.000003,0.713103,0.000000,0.000410,0.000000
186,True,True,1.000000,0.000000,False,0.000000,4077.689941,0.000000,1182.479980,-0.191000,0.000000,1538.580933,0.000003,-0.701059,0.000003,0.713103,0.000000,0.000410,0.000000
187,True,True,1.000000,0.000000,False,0.000000,4077.689941,0.000000,1195.329956,-0.191000,0.000000,1541.420898,0.000003,-0.701059,0.000003,0.713103,0.000000,0.000410,0.000000
188,True,True,1.000000,0.000000,False,0.000000,4077.689941,0.000000,1208.199951,-0.191000,0.000000,1544.260986,0.000003,-0.701059,0.000003,0.713103,0.000000,0.000410,0.000000
189,True,True,1.000000,0.000000,False,0.000000,4077.689941,0.000000,1221.089966,-0.191000,0.000000,1547.100952,0.000003,-0.701059,0.000003,0.713103,0.000000,0.000410,0.000000
190,True,True,1.000000,0.000000,False,0.000000,4077.689941,0.000000,1234.010010,-0.191000,0.000000,1549.940918,0.000003,-0.701059,0.000003,0.713103,0.000000,0.000410,0.000000
191,True,True,1.000000,0.000000,False,0.000000,4077.689941,0.000000,1246.949951,-0.191000,0.000000,1552.780884,0.000003,-0.701059,0.000003,0.713103,0.000000,0.000410,0.000000
192,True,True,1.000000,0.000000,False,0.000000,4077.689941,0.000000,1259.909912,-0.191000,0.000000,1555.620972,0.000003,-0.701059,0.000003,0.713103,0.000000,0.000410,0.000000
193,True,True,1.000000,0.000000,False,0.000000,4077.689941,0.000000,1272.900024,-0.191000,0.000000,1558.460938,0.000003,-0.701059,0.000003,0.713103,0.000000,0.000410,0.000000
194,False,False,1.000000,1.000000,False,0.000000,4077.689941,0.100000,1285.829956,-0.351000,11.471000,1551.880981,-0.000828,-0.701059,0.000850,0.713102,-0.284710,0.000410,0.004810
195,False,False,1.000000,1.000000,False,0.000000,4077.689941,0.270000,1298.709961,-0.451000,20.940998,1545.500977,-0.002328,-0.701054,0.002360,0.713101,-0.510210,0.000410,0.005810
196,False,False,1.000000,1.000000,False,0.000000,4077.689941,0.520000,1311.539917,-0.521000,29.990999,1539.170898,-0.004405,-0.701043,0.004437,0.713092,-0.704810,0.000310,0.005510
197,False,False,1.000000,1.000000,False,0.000000,4077.689941,0.850000,1324.309937,-0.561000,39.041000,1532.840942,-0.006984,-0.701021,0.007000,0.713072,-0.872510,0.000310,0.004610
198,False,False,1.000000,1.000000,False,0.000000,4077.679932,1.250000,1337.030029,-0.591000,48.410999,1526.480957,-0.009994,-0.700984,0.009983,0.713037,-1.017210,0.000210,0.003510
199,False,False,1.000000,1.000000,False,0.000000,4077.669922,1.740000,1349.699951,-0.571000,58.320999,1520.050903,-0.013382,-0.700930,0.013328,0.712980,-1.142110,0.000110,0.002410
200,False,False,1.000000,1.000000,False,0.000000,4077.669922,2.310000,1362.309937,-0.511000,68.910995,1513.500977,-0.017093,-0.700849,0.016986,0.712903,-1.250210,0.000110,0.001510
201,False,False,1.000000,1.000000,False,0.000000,4077.669922,2.980000,1374.869995,-0.471000,80.250999,1506.810913,-0.021086,-0.700741,0.020913,0.712797,-1.343910,0.000000,0.000710
202,False,False,1.000000,1.000000,False,0.000000,4077.669922,3.750000,1387.369995,-0.451000,92.390999,1499.930908,-0.025321,-0.700606,0.025072,0.712658,-1.425410,0.000000,0.000110
203,False,False,1.000000,1.000000,False,0.000000,4077.669922,4.630000,1399.809937,-0.441000,105.320999,1492.840942,-0.029766,-0.700433,0.029442,0.712489,-1.496510,0.000000,-0.000310
204,False,False,1.000000,1.000000,False,0.000000,4077.669922,5.620000,1412.189941,-0.431000,119.060997,1485.500977,-0.034395,-0.700228,0.033990,0.712279,-1.559410,0.000000,-0.000610
205,False,False,1.000000,1.000000,False,0.000000,4077.669922,6.730000,1424.510010,-0.421000,133.570999,1477.870972,-0.039191,-0.699986,0.038700,0.712030,-1.615710,0.000000,-0.000810
206,False,False,1.000000,1.000000,False,0.000000,4077.669922,7.970000,1436.760010,-0.421000,148.811005,1469.940918,-0.044138,-0.699700,0.043555,0.711741,-1.666210,0.000000,-0.001010
207,False,False,1.000000,1.000000,False,0.000000,4077.669922,9.340000,1448.939941,-0.421000,164.721008,1461.680908,-0.049214,-0.699371,0.048540,0.711409,-1.711810,0.000000,-0.001110
208,False,False,1.000000,1.000000,False,0.000000,4077.669922,10.849999,1461.049927,-0.421000,181.240997,1453.080933,-0.054415,-0.698998,0.053643,0.711029,-1.753110,0.000000,-0.001110
209,False,False,1.000000,1.000000,False,0.000000,4077.669922,12.500000,1473.079956,-0.421000,198.320999,1444.120972,-0.059723,-0.698578,0.058855,0.710604,-1.790710,0.000000,-0.001210
210,False,False,1.000000,1.000000,False,0.000000,4077.669922,14.299999,1485.039917,-0.421000,215.891006,1434.780884,-0.065129,-0.698108,0.064163,0.710131,-1.825010,0.000000,-0.001210
211,False,False,1.000000,1.000000,False,0.000000,4077.609863,16.260000,1496.909912,-7.101000,234.660995,1424.030884,-0.071333,-0.698270,0.068830,0.708938,-1.855410,-0.250710,-0.222810
212,False,False,1.000000,1.000000,False,0.000000,4077.369873,18.379999,1508.669922,-28.610998,254.671005,1411.160889,-0.078319,-0.700466,0.072924,0.705617,-1.894810,-0.974610,-0.381610
213,False,False,1.000000,1.000000,False,0.000000,4076.969971,20.670000,1520.319946,-48.210999,274.270996,1398.450928,0.084529,0.704323,-0.078060,-0.700493,-1.943610,-1.527210,-0.012110
214,False,False,1.000000,-1.000000,False,-1.000000,4076.489990,22.920000,1531.919922,-57.570999,269.791016,1391.420898,0.088586,0.709018,-0.082020,-0.694780,-1.379910,-1.750610,0.182510
215,False,False,1.000000,-1.000000,False,-1.000000,4075.979980,25.160000,1543.459961,-61.420998,268.811005,1384.600952,0.090927,0.714018,-0.084955,-0.688980,-0.914210,-1.804910,0.311710
216,False,False,1.000000,-1.000000,False,-1.000000,4075.449951,27.400000,1554.939941,-63.410999,269.061005,1378.031006,0.091731,0.719068,-0.087043,-0.683337,-0.510810,-1.772710,0.431910
217,False,False,1.000000,-1.000000,False,-1.000000,4074.919922,29.650000,1566.380005,-64.100998,270.020996,1372.410889,0.091342,0.724171,-0.088251,-0.677824,-0.159510,-1.753810,0.492810
218,False,False,1.000000,-1.000000,False,-1.000000,4074.309814,31.920000,1577.760010,-73.490997,272.460999,1365.910889,0.091439,0.728881,-0.087016,-0.672904,0.190610,-1.649810,-0.010710
219,False,False,1.000000,-1.000000,False,-1.000000,4073.559814,34.219997,1589.079956,-89.410995,276.371002,1358.800903,0.092988,0.732880,-0.082538,-0.668901,0.529210,-1.476310,-0.823010
220,False,False,1.000000,-1.000000,False,-1.000000,4072.299805,36.549999,1600.250000,-151.721008,279.770996,1340.480957,0.094881,0.738071,-0.076021,-0.663678,0.828610,-1.935810,-1.160110
221,False,False,1.000000,-1.000000,False,-1.000000,4070.479980,38.860001,1611.250000,-218.001007,277.321014,1319.401001,0.092502,0.745921,-0.073388,-0.655484,0.802110,-2.719110,0.330710
222,False,False,1.000000,-1.000000,False,-1.000000,4068.379883,41.129997,1622.150024,-251.541000,272.191010,1308.090942,0.088413,0.754874,-0.071624,-0.645924,0.904010,-3.087510,0.821810
223,False,False,1.000000,-1.000000,False,-1.000000,4066.159912,43.340000,1633.000000,-265.851013,265.480988,1301.901001,0.083493,0.764173,-0.069785,-0.635766,1.040210,-3.236110,0.978910
224,False,False,1.000000,-1.000000,False,-1.000000,4063.919922,45.489998,1643.819946,-269.360992,257.541016,1298.540894,0.078152,0.773430,-0.067503,-0.625413,1.181710,-3.266810,0.990310
225,False,False,1.000000,-1.000000,False,-1.000000,4061.669922,47.559998,1654.619995,-269.710999,248.391006,1296.060913,0.072460,0.782561,-0.064811,-0.614936,1.305510,-3.273010,0.994010
226,False,False,1.000000,-1.000000,False,-1.000000,4059.439941,49.539997,1665.399902,-268.101013,238.100998,1294.100952,0.066510,0.791539,-0.061703,-0.604346,1.417510,-3.275910,0.979210
227,False,False,1.000000,-1.000000,False,-1.000000,4056.949951,51.469997,1676.079956,-299.020996,231.761002,1281.040894,0.065156,0.798782,-0.051755,-0.595839,2.057510,-2.804810,-0.943610
228,False,False,1.000000,-1.000000,False,-1.000000,4053.979980,53.309998,1686.579956,-356.841003,220.210999,1260.450928,0.061040,0.802708,-0.045033,-0.591528,1.858310,-1.442110,-0.056610
229,False,False,1.000000,-1.000000,False,-1.000000,4050.289795,55.020000,1696.739990,-442.431000,205.001007,1218.840942,0.055224,0.809098,-0.040523,-0.583668,1.649110,-2.424410,0.658610
230,False,False,1.000000,-1.000000,False,-1.000000,4046.229980,56.590000,1706.719971,-487.330994,188.121002,1197.100952,0.048783,0.816403,-0.036509,-0.574259,1.628110,-2.840410,0.876810
231,False,False,1.000000,-1.000000,False,-1.000000,4042.000000,58.009998,1716.599976,-507.890991,170.501007,1186.180908,0.042061,0.823946,-0.032469,-0.564171,1.666510,-3.004510,0.936610
232,False,False,1.000000,-1.000000,False,-1.000000,4037.719971,59.279999,1726.449951,-513.380981,152.431000,1181.710938,0.035155,0.831378,-0.028272,-0.553872,1.718210,-3.030910,0.952210
233,False,False,1.000000,-1.000000,False,-1.000000,4033.429932,60.399998,1736.270020,-514.840942,134.031006,1178.680908,0.028158,0.838655,-0.023837,-0.543412,1.776310,-3.043810,0.938210
234,False,False,1.000000,-1.000000,False,-1.000000,4029.149902,61.359997,1746.069946,-513.620972,115.340996,1176.480957,0.021113,0.845754,-0.019138,-0.532811,1.833810,-3.051010,0.914510
235,False,False,1.000000,-1.000000,False,-1.000000,4024.899902,62.160000,1755.859985,-510.501007,96.390999,1174.770996,0.014040,0.852663,-0.014169,-0.522081,1.890210,-3.053610,0.884410
236,False,False,1.000000,-1.000000,False,-1.000000,4020.679932,62.799999,1765.640015,-506.630981,77.140999,1173.090942,0.006930,0.859358,-0.008980,-0.511248,1.939310,-3.048710,0.864310
237,False,False,1.000000,-1.000000,False,-1.000000,4015.959961,63.279999,1775.109985,-565.990967,57.070999,1136.600952,-0.000348,0.862399,-0.003887,-0.506214,1.941510,-1.403110,0.892510
238,False,False,1.000000,-1.000000,False,-1.000000,4010.569824,63.579998,1784.069946,-646.520935,35.670998,1075.540894,-0.007949,0.867185,0.000736,-0.497923,1.886310,-2.290310,1.019110
239,False,False,1.000000,-1.000000,False,-1.000000,4004.829834,63.689999,1792.760010,-688.350952,13.701000,1042.510986,-0.015648,0.872508,0.005365,-0.488320,1.900510,-2.627310,1.037410
240,False,False,1.000000,-1.000000,False,-1.000000,3998.939941,63.619999,1801.309937,-706.370972,-8.281000,1025.570923,-0.023346,0.877900,0.010161,-0.478167,1.937510,-2.749410,1.016010
241,False,False,1.000000,-1.000000,False,-1.000000,3993.020020,63.369999,1809.789917,-710.910950,-30.160999,1017.450928,-0.031061,0.883141,0.015081,-0.467836,1.966610,-2.769110,1.006010
242,False,False,1.000000,-1.000000,False,-1.000000,3987.099854,62.939999,1818.219971,-710.810974,-51.861000,1012.010925,-0.038748,0.888191,0.020190,-0.457391,2.005210,-2.770210,0.980410
243,False,False,1.000000,-1.000000,False,-1.000000,3981.199951,62.329998,1826.619995,-708.430969,-73.380997,1007.640930,-0.046404,0.893046,0.025493,-0.446839,2.044910,-2.770110,0.953010
244,False,False,1.000000,-1.000000,False,-1.000000,3975.329834,61.539997,1834.979980,-704.990967,-94.770996,1003.570984,-0.054043,0.897700,0.030947,-0.436184,2.078410,-2.768010,0.936010
245,False,False,1.000000,-1.000000,False,-1.000000,3969.489990,60.570000,1843.309937,-700.620972,-116.050995,999.710938,-0.061687,0.902138,0.036526,-0.425449,2.108010,-2.762110,0.925310
246,False,False,1.000000,-1.000000,False,-1.000000,3963.280029,59.419998,1851.260010,-745.550964,-137.811005,954.500977,-0.069866,0.903868,0.040955,-0.420076,1.859010,-1.345710,1.246010
247,False,False,1.000000,-1.000000,False,-1.000000,3956.709961,58.059998,1858.789917,-788.040955,-162.731003,903.280945,-0.080062,0.905782,0.040717,-0.414114,1.058010,-1.590210,2.145410
248,False,False,1.000000,-1.000000,False,-1.000000,3949.849854,56.509998,1865.919922,-823.720947,-185.570999,855.670959,-0.089044,0.908705,0.043501,-0.405504,1.634710,-2.197010,1.535710
249,False,False,1.000000,-1.000000,False,-1.000000,3942.859863,54.779999,1872.839966,-839.090942,-207.541000,830.140930,-0.097606,0.911920,0.047364,-0.395766,1.850110,-2.442810,1.320610
250,False,False,1.000000,-1.000000,False,-1.000000,3935.839844,52.869999,1879.649902,-842.310974,-229.191010,816.980957,-0.106070,0.915098,0.051491,-0.385608,1.909110,-2.524110,1.271010
251,False,False,1.000000,-1.000000,False,-1.000000,3928.839844,50.779999,1886.390015,-840.540955,-250.511002,808.600952,-0.114443,0.918102,0.055871,-0.375326,1.961210,-2.528510,1.229810
252,False,False,1.000000,-1.000000,False,-1.000000,3921.859863,48.520000,1893.069946,-837.250977,-271.561005,801.290955,-0.122762,0.920920,0.060419,-0.364946,1.998310,-2.528210,1.206510
253,False,False,1.000000,-1.000000,False,-1.000000,3914.919922,46.079998,1899.689941,-832.710938,-292.371002,794.770935,-0.131043,0.923540,0.065097,-0.354491,2.028710,-2.522910,1.192110
254,False,False,1.000000,-1.000000,True,-1.000000,3907.889893,43.450001,1906.079956,-843.480957,-315.710999,767.180969,-0.141444,0.925433,0.064136,-0.345622,0.921810,-2.319810,2.188610
255,False,False,1.000000,-1.000000,True,-1.000000,3900.839844,40.619999,1912.309937,-846.200928,-339.971008,747.990967,-0.153054,0.926876,0.060090,-0.337438,0.320010,-2.253310,2.739110
256,False,False,1.000000,-1.000000,True,-1.000000,3893.729980,37.579998,1918.289917,-852.690979,-365.260986,717.120972,-0.166028,0.928903,0.052413,-0.326842,-0.297410,-2.990310,3.281610
257,False,False,1.000000,-1.000000,True,-1.000000,3886.469971,34.360001,1923.929932,-871.100952,-386.510986,676.530945,-0.177395,0.929800,0.049489,-0.318675,0.554610,-2.150210,2.625210
258,False,False,1.000000,-1.000000,True,-1.000000,3879.089844,30.980000,1929.260010,-885.850952,-405.001007,639.040955,-0.187672,0.930466,0.050266,-0.310620,1.293610,-1.937310,2.109510
259,False,False,1.000000,-1.000000,True,-1.000000,3871.649902,27.459999,1934.359985,-893.330933,-422.191010,612.280945,-0.197431,0.931057,0.053045,-0.302226,1.719110,-1.911210,1.844710
260,False,False,1.000000,-1.000000,True,-1.000000,3864.189941,23.799999,1939.299927,-895.720947,-438.610992,592.510986,-0.206942,0.931615,0.057096,-0.293270,2.012710,-1.970310,1.690710
261,False,False,1.000000,-1.000000,True,-1.000000,3856.750000,20.010000,1944.140015,-892.430969,-454.610992,581.130981,-0.216470,0.932021,0.061536,-0.284061,2.114910,-1.998110,1.672010
262,False,False,1.000000,-1.000000,True,-1.000000,3849.359863,16.090000,1948.909912,-887.100952,-470.210999,572.480957,-0.226078,0.932211,0.066170,-0.274761,2.171510,-1.995010,1.686110
263,False,False,1.000000,-1.000000,True,-1.000000,3842.020020,12.050000,1953.619995,-880.710938,-485.371002,564.950989,-0.235783,0.932173,0.070945,-0.265379,2.217510,-1.991910,1.709710
264,False,False,1.000000,-1.000000,True,-1.000000,3834.699951,7.880000,1958.189941,-878.310974,-500.850983,548.310974,-0.246244,0.931804,0.073313,-0.256381,1.712010,-2.033110,2.057510
265,False,False,1.000000,-1.000000,True,-1.000000,3827.409912,3.580000,1962.630005,-874.360962,-516.450989,533.380981,-0.257379,0.931138,0.073545,-0.247646,1.265310,-2.094210,2.361910
266,False,False,1.000000,-1.000000,True,-1.000000,3820.149902,-0.850000,1966.919922,-871.730957,-532.130981,514.670959,-0.269382,0.930151,0.070820,-0.239241,0.641610,-2.200210,2.756510
267,False,False,1.000000,-1.000000,True,-1.000000,3812.889893,-5.420000,1970.959961,-870.810974,-547.880981,484.661011,-0.282292,0.929518,0.065037,-0.228203,0.174110,-3.021510,3.067110
268,False,False,1.000000,-1.000000,True,-1.000000,3805.569824,-10.099999,1974.659912,-878.340942,-561.770935,444.550995,-0.294344,0.927940,0.063106,-0.219788,0.824210,-2.109510,2.769410
269,False,False,1.000000,-1.000000,True,-1.000000,3798.229980,-14.889999,1978.109985,-881.220947,-574.340942,414.100983,-0.306018,0.925901,0.063154,-0.212300,1.185810,-1.733310,2.628210
270,False,False,1.000000,-1.000000,True,-1.000000,3790.889893,-19.770000,1981.359985,-881.200928,-585.890991,390.230988,-0.317542,0.923587,0.064228,-0.205011,1.395710,-1.597610,2.565910
271,False,False,1.000000,-1.000000,True,-1.000000,3783.559814,-24.740000,1984.439941,-879.770935,-596.480957,369.631012,-0.328946,0.921079,0.066321,-0.197507,1.635510,-1.557010,2.500510
272,False,False,1.000000,-1.000000,True,-1.000000,3776.260010,-29.789999,1987.409912,-875.930969,-606.160950,356.151001,-0.340346,0.918395,0.068797,-0.189690,1.747210,-1.586710,2.490210
273,False,False,1.000000,-1.000000,True,-1.000000,3769.000000,-34.910000,1990.299927,-870.940979,-614.910950,347.121002,-0.351750,0.915483,0.071500,-0.181797,1.807610,-1.574510,2.498110
274,False,False,1.000000,-1.000000,True,-1.000000,3761.770020,-40.099998,1993.069946,-867.950928,-622.840942,332.591003,-0.363462,0.912350,0.072493,-0.173948,1.445310,-1.704610,2.659410
275,False,False,1.000000,-1.000000,True,-1.000000,3754.569824,-45.349998,1995.750000,-864.560974,-629.890991,321.411011,-0.375417,0.908988,0.072013,-0.166185,1.129310,-1.809810,2.796510
276,False,False,1.000000,-1.000000,True,-1.000000,3747.389893,-50.649998,1998.349976,-861.570984,-635.950989,311.580994,-0.387556,0.905411,0.070335,-0.158378,0.884010,-1.921210,2.902810
277,False,False,1.000000,-1.000000,True,-1.000000,3740.229980,-55.989998,2000.869995,-859.390930,-640.930969,302.901001,-0.399807,0.901617,0.067783,-0.150486,0.709510,-2.015410,2.979410
278,False,False,1.000000,-1.000000,True,-1.000000,3733.089844,-61.369999,2003.329956,-856.690979,-646.010986,294.931000,-0.412118,0.897597,0.064643,-0.142474,0.599010,-2.090310,3.033010
279,False,False,1.000000,-1.000000,True,-1.000000,3725.979980,-66.799995,2005.729980,-853.490967,-651.160950,287.681000,-0.424440,0.893345,0.061164,-0.134328,0.543610,-2.144910,3.067710
280,False,False,1.000000,-1.000000,True,-1.000000,3718.869873,-72.269997,2007.949951,-853.460938,-656.330933,265.860992,-0.436589,0.888714,0.058849,-0.126937,0.716810,-1.849310,3.043110
281,False,False,1.000000,-1.000000,True,-1.000000,3711.750000,-77.779999,2009.959961,-854.410950,-661.490967,241.341003,-0.448468,0.883587,0.058558,-0.121332,0.958910,-1.237810,3.000310
282,False,False,1.000000,-1.000000,True,-1.000000,3704.629883,-83.339996,2011.760010,-853.910950,-666.680969,216.141006,-0.460342,0.878272,0.058785,-0.115187,1.130010,-1.290210,2.996910
283,False,False,1.000000,-1.000000,True,-1.000000,3697.530029,-88.939995,2013.399902,-852.140930,-671.890991,196.361008,-0.472195,0.872752,0.059416,-0.108654,1.260310,-1.322010,2.999310
284,False,False,1.000000,-1.000000,True,-1.000000,3690.449951,-94.579994,2014.909912,-849.260986,-677.100952,181.191010,-0.484020,0.867013,0.060338,-0.101846,1.355210,-1.340410,3.006210
285,False,False,1.000000,-1.000000,True,-1.000000,3683.399902,-100.269997,2016.260010,-846.100952,-682.340942,161.501007,-0.495943,0.861132,0.059427,-0.094660,1.022210,-1.630110,3.081910
286,False,False,1.000000,-1.000000,True,-1.000000,3676.379883,-106.000000,2017.489990,-841.990967,-687.610962,147.100998,-0.507903,0.855067,0.057064,-0.087399,0.733910,-1.814310,3.143410
287,False,False,1.000000,-1.000000,True,-1.000000,3669.399902,-111.769997,2018.630005,-837.070984,-692.890991,136.401001,-0.519869,0.848804,0.053460,-0.080062,0.492110,-1.977810,3.193810
288,False,False,1.000000,-1.000000,True,-1.000000,3662.469971,-117.589996,2019.689941,-831.490967,-698.150940,127.650993,-0.531808,0.842331,0.048934,-0.072558,0.326510,-2.122410,3.230810
289,False,False,1.000000,-1.000000,True,-1.000000,3655.589844,-123.449997,2020.689941,-825.560974,-703.370972,119.630997,-0.543687,0.835625,0.043868,-0.064897,0.239410,-2.217810,3.256210
290,False,False,1.000000,-1.000000,True,-1.000000,3648.760010,-129.349991,2021.630005,-819.310974,-708.530945,112.541000,-0.555480,0.828667,0.038624,-0.057107,0.222310,-2.262210,3.272310
291,False,False,1.000000,-1.000000,True,-1.000000,3641.989990,-135.300003,2022.519897,-812.750977,-713.610962,106.611000,-0.567160,0.821450,0.033553,-0.049230,0.268910,-2.251910,3.280910
292,False,False,1.000000,-1.000000,True,-1.000000,3635.270020,-141.289993,2023.369995,-805.950989,-718.600952,101.460999,-0.578710,0.813976,0.028843,-0.041300,0.347810,-2.209110,3.286510
293,False,False,1.000000,-1.000000,True,-1.000000,3628.599854,-147.319992,2024.099976,-799.990967,-723.500977,87.221001,-0.590082,0.806167,0.025644,-0.035215,0.387510,-1.634710,3.295310
294,False,False,1.000000,-1.000000,True,-1.000000,3621.979980,-153.389999,2024.729980,-793.840942,-728.310974,75.320999,-0.601314,0.798076,0.023589,-0.030656,0.391910,-1.173910,3.307710
295,False,False,1.000000,-1.000000,True,-1.000000,3615.419922,-159.500000,2025.250000,-787.750977,-733.030945,62.200996,-0.612417,0.789710,0.022742,-0.028029,0.345610,-0.627110,3.325110
296,False,False,1.000000,-1.000000,True,-1.000000,3608.909912,-165.649994,2025.699951,-781.070984,-737.660950,53.830997,-0.623422,0.781123,0.022407,-0.026265,0.316010,-0.385610,3.341110
297,False,False,1.000000,-1.000000,True,-1.000000,3602.459961,-171.830002,2026.099976,-774.000977,-742.190979,47.620998,-0.634341,0.772333,0.022289,-0.024813,0.310910,-0.292410,3.355110
298,False,False,1.000000,-1.000000,True,-1.000000,3596.069824,-178.050003,2026.419922,-766.580933,-746.640930,38.091000,-0.645185,0.763379,0.021274,-0.023157,0.176710,-0.465610,3.370510
299,False,False,1.000000,-1.000000,True,-1.000000,3589.750000,-184.309998,2026.679932,-758.920959,-750.990967,30.620998,-0.655942,0.754261,0.019494,-0.021221,0.079810,-0.635410,3.383610
300,False,False,1.000000,-1.000000,True,-1.000000,3583.489990,-190.599991,2026.890015,-751.030945,-755.230957,24.620998,-0.666608,0.744968,0.017120,-0.019052,0.009510,-0.769010,3.395510
301,False,False,1.000000,-1.000000,True,-1.000000,3577.299805,-196.929993,2027.049927,-742.970947,-759.360962,19.700998,-0.677171,0.735495,0.014342,-0.016748,-0.040710,-0.856010,3.406910
302,False,False,1.000000,-1.000000,True,-1.000000,3571.179932,-203.289993,2027.179932,-734.770935,-763.380981,15.871000,-0.687621,0.725838,0.011397,-0.014385,-0.060310,-0.892910,3.417810
303,False,False,1.000000,-1.000000,True,-1.000000,3565.129883,-209.679993,2027.289917,-726.450989,-767.280945,12.851000,-0.697952,0.715994,0.008456,-0.012017,-0.059410,-0.892010,3.428510
304,False,False,1.000000,-1.000000,True,-1.000000,3559.149902,-216.110001,2027.369995,-718.030945,-771.070984,9.881001,0.708167,-0.705958,-0.005516,0.009649,-0.058410,-0.890710,3.439410
305,False,False,1.000000,-1.000000,True,-1.000000,3553.239990,-222.569992,2027.429932,-709.520935,-774.750977,6.961000,0.718257,-0.695734,-0.002587,0.007280,-0.057310,-0.889010,3.450510
306,False,False,1.000000,-1.000000,True,-1.000000,3547.399902,-229.059998,2027.459961,-700.930969,-778.320984,3.621000,0.728223,-0.685323,0.000235,0.004928,-0.041510,-0.867310,3.462010
307,False,False,1.000000,-1.000000,True,-1.000000,3541.629883,-235.569992,2027.449951,-692.330933,-781.780945,-1.451000,0.738061,-0.674722,0.002792,0.002981,-0.068910,-0.753610,3.473310
308,False,False,1.000000,-1.000000,True,-1.000000,3535.929932,-242.110001,2027.399902,-683.710938,-785.140930,-5.931000,0.747769,-0.663937,0.005139,0.001335,-0.089410,-0.667910,3.484510
309,False,False,1.000000,-1.000000,True,-1.000000,3530.299805,-248.679993,2027.319946,-675.000977,-788.400940,-9.851000,0.757344,-0.652975,0.007334,-0.000105,-0.102310,-0.608410,3.495810
310,False,False,1.000000,-1.000000,True,-1.000000,3524.750000,-255.279999,2027.209961,-666.220947,-791.560974,-13.261000,0.766784,-0.641835,0.009427,-0.001432,-0.107210,-0.572310,3.507310
311,False,False,1.000000,-1.000000,True,-1.000000,3519.270020,-261.899994,2027.079956,-657.370972,-794.620972,-16.140999,0.776091,-0.630511,0.011467,-0.002743,-0.101810,-0.559810,3.519110
312,False,False,1.000000,-1.000000,True,-1.000000,3513.869873,-268.549988,2026.919922,-648.450989,-797.590942,-18.900999,0.785253,-0.619015,0.013463,-0.004049,-0.097110,-0.551510,3.531010
313,False,False,1.000000,-1.000000,True,-1.000000,3508.540039,-275.220001,2026.739990,-639.470947,-800.470947,-21.550999,0.794274,-0.607340,0.015432,-0.005349,-0.094210,-0.546610,3.543110
314,False,False,1.000000,-1.000000,True,-1.000000,3503.290039,-281.910004,2026.539917,-630.440979,-803.260986,-24.091000,0.803148,-0.595488,0.017390,-0.006649,-0.092910,-0.545310,3.555410
315,False,False,1.000000,-1.000000,True,-1.000000,3498.109863,-288.630005,2026.319946,-621.360962,-805.980957,-26.600998,0.811874,-0.583458,0.019338,-0.007949,-0.091810,-0.544510,3.567910
316,False,False,1.000000,-1.000000,True,-1.000000,3493.010010,-295.369995,2026.079956,-612.230957,-808.630981,-29.091000,0.820445,-0.571254,0.021274,-0.009249,-0.090510,-0.543510,3.580610
317,False,False,1.000000,-1.000000,True,-1.000000,3487.979980,-302.130005,2025.819946,-603.060974,-811.220947,-31.560999,0.828861,-0.558873,0.023200,-0.010555,-0.089110,-0.542410,3.593510
318,False,False,1.000000,-1.000000,True,-1.000000,3483.030029,-308.910004,2025.539917,-593.850952,-813.750977,-34.010998,0.837116,-0.546320,0.025110,-0.011861,-0.087510,-0.541110,3.606610
319,False,False,1.000000,-1.000000,True,-1.000000,3478.159912,-315.709991,2025.239990,-584.600952,-816.230957,-36.440998,0.845207,-0.533593,0.027004,-0.013166,-0.085810,-0.539510,3.619910
320,False,False,1.000000,-1.000000,True,-1.000000,3473.369873,-322.529999,2024.919922,-575.310974,-818.670959,-38.861000,0.853132,-0.520694,0.028881,-0.014472,-0.083910,-0.537710,3.633510
321,False,False,1.000000,-1.000000,True,-1.000000,3468.649902,-329.369995,2024.579956,-565.980957,-821.080933,-41.271000,0.860883,-0.507628,0.030737,-0.015777,-0.081910,-0.535610,3.647310
322,False,False,1.000000,-1.000000,True,-1.000000,3464.010010,-336.229980,2024.219971,-556.600952,-823.460938,-43.670998,0.868462,-0.494389,0.032577,-0.017088,-0.079710,-0.533210,3.661310
323,False,False,1.000000,-1.000000,True,-1.000000,3459.449951,-343.109985,2023.839966,-547.170959,-825.820984,-46.060997,0.875862,-0.480983,0.034389,-0.018399,-0.077310,-0.530510,3.675610
324,False,False,1.000000,-1.000000,True,-1.000000,3454.969971,-350.009979,2023.439941,-537.680969,-828.170959,-48.451000,0.883080,-0.467410,0.036175,-0.019710,-0.074810,-0.527410,3.690110
325,False,False,1.000000,-1.000000,True,-1.000000,3450.569824,-356.929993,2023.019897,-528.130981,-830.510986,-50.830997,0.890114,-0.453669,0.037934,-0.021021,-0.072210,-0.523910,3.704810
326,False,False,1.000000,-1.000000,True,-1.000000,3446.250000,-363.869995,2022.579956,-518.510986,-832.850952,-53.210999,0.896960,-0.439761,0.039665,-0.022332,-0.069410,-0.519910,3.719710
327,False,False,1.000000,-1.000000,True,-1.000000,3442.010010,-370.829987,2022.119995,-508.811005,-835.180969,-55.591000,0.903613,-0.425691,0.041359,-0.023643,-0.066610,-0.515510,3.735010
328,False,False,1.000000,-1.000000,True,-1.000000,3437.849854,-377.809998,2021.640015,-499.010986,-837.390930,-57.970997,0.910077,-0.411444,0.043021,-0.024954,-0.064010,-0.510810,3.753810
329,False,False,1.000000,-1.000000,True,-1.000000,3433.770020,-384.809998,2021.140015,-489.121002,-839.480957,-60.350998,0.916353,-0.397007,0.044645,-0.026259,-0.061610,-0.505910,3.776110
330,False,False,1.000000,-1.000000,True,-1.000000,3429.780029,-391.819977,2020.619995,-479.130981,-841.450928,-62.730999,0.922437,-0.382376,0.046236,-0.027565,-0.059510,-0.500810,3.801810
331,False,False,1.000000,-1.000000,True,-1.000000,3425.869873,-398.850006,2020.079956,-469.040985,-843.300964,-65.120995,0.928332,-0.367535,0.047785,-0.028865,-0.057710,-0.495510,3.830810
332,False,False,1.000000,-1.000000,True,-1.000000,3422.020020,-405.889984,2019.519897,-461.420990,-844.520935,-67.630997,0.934016,-0.352532,0.049268,-0.030138,-0.058110,-0.481810,3.849010
333,False,False,1.000000,-1.000000,True,-1.000000,3418.239990,-412.940002,2018.939941,-453.700989,-845.650940,-69.320999,0.939487,-0.337362,0.050660,-0.031374,-0.060210,-0.462010,3.868710
334,False,False,1.000000,-1.000000,True,-1.000000,3414.520020,-420.000000,2018.349976,-445.871002,-846.690979,-71.011002,0.944745,-0.322019,0.051960,-0.032566,-0.063110,-0.441110,3.889910
335,False,False,1.000000,-1.000000,True,-1.000000,3410.869873,-427.059998,2017.739990,-437.931000,-847.640930,-72.710999,0.949786,-0.306504,0.053163,-0.033710,-0.066910,-0.419110,3.912410
336,False,False,1.000000,-1.000000,True,-1.000000,3407.290039,-434.130005,2017.119995,-429.901001,-848.380981,-74.410995,0.954607,-0.290810,0.054264,-0.034799,-0.072110,-0.396210,3.936910
337,False,False,1.000000,-1.000000,True,-1.000000,3403.780029,-441.199982,2016.489990,-421.800995,-848.890930,-76.120995,0.959205,-0.274933,0.055256,-0.035830,-0.078810,-0.372410,3.963410
338,False,False,1.000000,-1.000000,True,-1.000000,3400.329834,-448.279999,2015.839966,-413.621002,-849.090942,-77.820999,0.963576,-0.258873,0.056141,-0.036795,-0.086810,-0.347810,3.990710
339,False,False,1.000000,-1.000000,True,-1.000000,3396.949951,-455.349976,2015.179932,-405.371002,-848.930969,-79.520996,0.967713,-0.242635,0.056918,-0.037691,-0.096010,-0.322510,4.018310
340,False,False,1.000000,-1.000000,True,-1.000000,3393.639893,-462.419983,2014.500000,-397.070984,-848.420959,-81.210999,0.971612,-0.226213,0.057576,-0.038516,-0.106410,-0.296510,4.046110
341,False,False,1.000000,-1.000000,True,-1.000000,3390.339844,-469.479980,2013.809937,-396.381012,-847.590942,-83.030998,0.975256,-0.209634,0.058180,-0.039293,-0.114110,-0.285710,4.068610
342,False,False,1.000000,-1.000000,True,-1.000000,3387.040039,-476.539978,2013.099976,-395.730988,-846.730957,-84.850998,0.978640,-0.192905,0.058725,-0.040021,-0.122310,-0.274810,4.091310
343,False,False,1.000000,-1.000000,True,-1.000000,3383.750000,-483.589996,2012.380005,-395.131012,-845.850952,-86.670998,0.981760,-0.176025,0.059211,-0.040701,-0.130910,-0.263810,4.114010
344,False,False,1.000000,-1.000000,True,-1.000000,3380.459961,-490.629974,2011.640015,-394.570984,-844.950928,-88.490997,0.984609,-0.158999,0.059637,-0.041327,-0.139910,-0.252810,4.136610
345,False,False,1.000000,-1.000000,True,-1.000000,3377.179932,-497.660004,2010.890015,-394.061005,-844.050964,-90.310997,0.987181,-0.141832,0.060004,-0.041904,-0.149310,-0.241810,4.158910
346,False,False,1.000000,-1.000000,True,-1.000000,3373.899902,-504.690002,2010.119995,-393.601013,-843.140930,-92.140999,0.989471,-0.124537,0.060306,-0.042428,-0.159110,-0.230810,4.180910
347,False,False,1.000000,-1.000000,True,-1.000000,3370.619873,-511.709991,2009.339966,-393.181000,-842.230957,-93.971001,0.991474,-0.107111,0.060549,-0.042891,-0.169210,-0.219810,4.202510
348,False,False,1.000000,-1.000000,True,-1.000000,3367.349854,-518.719971,2008.539917,-392.811005,-841.330933,-95.800995,0.993185,-0.089562,0.060727,-0.043302,-0.179610,-0.208910,4.223610
349,False,False,1.000000,-1.000000,True,-1.000000,3364.079834,-525.719971,2007.729980,-392.480988,-840.440979,-97.630997,0.994597,-0.071899,0.060840,-0.043652,-0.190310,-0.198110,4.244110
350,False,False,1.000000,-1.000000,True,-1.000000,3360.809814,-532.719971,2006.899902,-392.480988,-840.440979,-99.500999,0.995700,-0.054215,0.060899,-0.043965,-0.196410,-0.188310,4.244010
351,False,False,1.000000,-1.000000,True,-1.000000,3357.540039,-539.719971,2006.029907,-391.931000,-840.500977,-104.850998,0.996504,-0.036207,0.060970,-0.044186,-0.219110,-0.197510,4.317110
352,False,False,1.000000,-1.000000,True,-1.000000,3354.280029,-546.719971,2005.109985,-391.381012,-840.540955,-110.200996,0.996990,-0.017876,0.061050,-0.044327,-0.241110,-0.207310,4.390210
353,False,False,1.000000,-1.000000,True,-1.000000,3351.020020,-553.719971,2004.149902,-390.820984,-840.560974,-115.550995,0.997142,0.000774,0.061142,-0.044380,-0.262310,-0.217710,4.463410
354,False,False,1.000000,-1.000000,True,-1.000000,3347.770020,-560.719971,2003.140015,-390.260986,-840.560974,-120.890999,0.996942,0.019737,0.061239,-0.044353,-0.282810,-0.228610,4.536610
355,False,False,1.000000,-1.000000,True,-1.000000,3344.520020,-567.719971,2002.089966,-389.710999,-840.540955,-126.230995,0.996372,0.039002,0.061347,-0.044246,-0.302510,-0.240010,4.609910
356,False,False,1.000000,-1.000000,True,-1.000000,3341.280029,-574.719971,2000.989990,-389.161011,-840.500977,-131.570999,0.995415,0.058563,0.061466,-0.044057,-0.321510,-0.251810,4.683210
357,False,False,1.000000,-1.000000,True,-1.000000,3338.040039,-581.719971,1999.849976,-388.610992,-840.430969,-136.911011,0.994052,0.078416,0.061595,-0.043792,-0.339810,-0.264010,4.756610
358,False,False,1.000000,-1.000000,True,-1.000000,3334.809814,-588.719971,1998.659912,-388.061005,-840.340942,-142.251007,0.992265,0.098544,0.061730,-0.043453,-0.357410,-0.276610,4.830010
359,False,False,1.000000,-1.000000,True,-1.000000,3331.579834,-595.719971,1997.429932,-387.520996,-840.230957,-147.591003,0.990037,0.118942,0.061870,-0.043037,-0.374310,-0.289510,4.903510
360,False,False,1.000000,-1.000000,True,-1.000000,3328.349854,-602.719971,1996.159912,-386.980988,-840.100952,-152.931000,0.987347,0.139599,0.062022,-0.042552,-0.390510,-0.302710,4.977110
361,False,False,1.000000,-1.000000,True,-1.000000,3325.129883,-609.719971,1994.839966,-386.450989,-839.950928,-158.270996,0.984179,0.160504,0.062178,-0.041991,-0.406010,-0.316210,5.050710
362,False,False,1.000000,-1.000000,True,-1.000000,3321.909912,-616.719971,1993.479980,-385.920990,-839.770935,-163.611008,0.980514,0.181646,0.062340,-0.041359,-0.420810,-0.329910,5.124410
363,False,False,1.000000,-1.000000,True,-1.000000,3318.699951,-623.719971,1992.069946,-385.401001,-839.570984,-168.951004,0.976333,0.203010,0.062507,-0.040663,-0.435010,-0.343710,5.198110
364,False,False,1.000000,-1.000000,True,-1.000000,3315.489990,-630.709961,1990.619995,-384.890991,-839.350952,-174.291000,0.971618,0.224584,0.062674,-0.039897,-0.448510,-0.357710,5.271910
365,False,False,1.000000,-1.000000,True,-1.000000,3312.290039,-637.700012,1989.119995,-384.390991,-839.110962,-179.630997,0.966352,0.246352,0.062842,-0.039067,-0.461410,-0.371810,5.345710
366,False,False,1.000000,-1.000000,True,-1.000000,3309.089844,-644.690002,1987.579956,-383.901001,-838.840942,-184.960999,0.960515,0.268298,0.063009,-0.038171,-0.473710,-0.386010,5.419610
367,False,False,1.000000,-1.000000,True,-1.000000,3305.889893,-651.679993,1985.989990,-383.420990,-838.550964,-190.291000,0.954092,0.290400,0.063176,-0.037211,-0.482810,-0.398110,5.464210
368,False,False,1.000000,-1.000000,True,-1.000000,3302.699951,-658.669983,1984.359985,-382.960999,-838.240967,-195.621002,0.947102,0.312530,0.063343,-0.036197,-0.487210,-0.406710,5.463210
369,False,False,1.000000,-1.000000,True,-1.000000,3299.510010,-665.649963,1982.689941,-382.510986,-837.910950,-200.951004,0.939600,0.334492,0.063505,-0.035134,-0.490910,-0.415110,5.462210
370,False,False,1.000000,-1.000000,True,-1.000000,3296.329834,-672.630005,1980.969971,-382.080994,-837.560974,-206.281006,0.931590,0.356271,0.063662,-0.034033,-0.494010,-0.423310,5.461310
371,False,False,1.000000,-1.000000,True,-1.000000,3293.149902,-679.609985,1979.209961,-381.670990,-837.190979,-211.611008,0.923077,0.377856,0.063807,-0.032890,-0.496510,-0.431210,5.460510
372,False,False,1.000000,-1.000000,True,-1.000000,3289.969971,-686.579956,1977.399902,-381.270996,-836.800964,-216.941010,0.914066,0.399235,0.063947,-0.031708,-0.498510,-0.438810,5.459710
373,False,False,1.000000,-1.000000,True,-1.000000,3286.799805,-693.549988,1975.549927,-380.890991,-836.390930,-222.270996,0.904560,0.420399,0.064077,-0.030489,-0.500010,-0.446210,5.459010
374,False,False,1.000000,-1.000000,True,-1.000000,3283.629883,-700.519958,1973.649902,-380.531006,-835.970947,-227.600998,0.894567,0.441331,0.064201,-0.029237,-0.501010,-0.453310,5.458310
375,False,False,1.000000,-1.000000,True,-1.000000,3280.459961,-707.479980,1971.709961,-380.191010,-835.530945,-232.931000,0.884089,0.462026,0.064314,-0.027959,-0.501610,-0.460110,5.457710
376,False,False,1.000000,-1.000000,True,-1.000000,3277.290039,-714.440002,1969.719971,-379.871002,-835.070984,-238.270996,0.873133,0.482472,0.064417,-0.026648,-0.501810,-0.466610,5.457110
377,False,False,1.000000,-1.000000,True,-1.000000,3274.129883,-721.389954,1967.689941,-379.570984,-834.600952,-243.611008,0.861706,0.502654,0.064509,-0.025310,-0.501710,-0.472810,5.456610
378,False,False,1.000000,-1.000000,True,-1.000000,3270.969971,-728.339966,1965.619995,-379.300995,-834.120972,-248.951004,0.849812,0.522566,0.064584,-0.023950,-0.501310,-0.478610,5.456110
379,False,False,1.000000,-1.000000,True,-1.000000,3267.809814,-735.289978,1963.500000,-379.050995,-833.620972,-254.291000,0.837460,0.542193,0.064649,-0.022564,-0.500610,-0.484110,5.455710
380,False,False,1.000000,-1.000000,True,-1.000000,3264.649902,-742.229980,1961.339966,-378.820984,-833.110962,-259.631012,0.824653,0.561528,0.064697,-0.021161,-0.499610,-0.489310,5.455310
381,False,False,1.000000,-1.000000,True,-1.000000,3261.500000,-749.169983,1959.130005,-378.621002,-832.590942,-264.971008,0.811404,0.580555,0.064730,-0.019737,-0.498410,-0.494210,5.455010
382,False,False,1.000000,-1.000000,True,-1.000000,3258.349854,-756.099976,1956.880005,-378.441010,-832.060974,-270.311005,0.797715,0.599270,0.064746,-0.018297,-0.497010,-0.498810,5.454710
383,False,False,1.000000,-1.000000,True,-1.000000,3255.199951,-763.029968,1954.579956,-378.281006,-831.530945,-275.651001,0.783594,0.617661,0.064746,-0.016840,-0.495410,-0.503110,5.454410
384,False,False,1.000000,-1.000000,True,-1.000000,3252.050049,-769.950012,1952.239990,-378.151001,-830.990967,-280.990997,0.769050,0.635717,0.064730,-0.015367,-0.493710,-0.507210,5.454210
385,False,False,1.000000,-1.000000,True,-1.000000,3248.899902,-776.869995,1949.849976,-378.040985,-830.440979,-286.341003,0.754091,0.653428,0.064697,-0.013884,-0.491910,-0.511010,5.454010
386,False,False,1.000000,-1.000000,True,-1.000000,3245.750000,-783.789978,1947.419922,-377.960999,-829.890930,-291.691010,0.738721,0.670789,0.064649,-0.012389,-0.490010,-0.514510,5.453910
387,False,False,1.000000,-1.000000,True,-1.000000,3242.599854,-790.700012,1944.939941,-377.911011,-829.340942,-297.041016,0.722957,0.687782,0.064579,-0.010884,-0.488010,-0.517710,5.453710
388,False,False,1.000000,-1.000000,True,-1.000000,3239.449951,-797.609985,1942.419922,-377.881012,-828.780945,-302.390991,0.706802,0.704404,0.064487,-0.009374,-0.485910,-0.520710,5.453610
389,False,False,1.000000,-1.000000,True,-1.000000,3236.300049,-804.510010,1939.859985,-377.881012,-828.220947,-307.740997,0.690264,0.720645,0.064379,-0.007852,-0.483710,-0.523410,5.453610
390,False,False,1.000000,-1.000000,True,-1.000000,3233.149902,-811.409973,1937.250000,-377.901001,-827.660950,-313.101013,0.673351,0.736498,0.064250,-0.006331,-0.481510,-0.525910,5.453510
391,False,False,1.000000,-1.000000,True,-1.000000,3230.000000,-818.299988,1934.599976,-377.950989,-827.110962,-318.460999,0.656072,0.751956,0.064099,-0.004804,-0.479310,-0.528110,5.453510
392,False,False,1.000000,-1.000000,True,-1.000000,3226.849854,-825.190002,1931.899902,-378.020996,-826.560974,-323.821014,0.638442,0.767004,0.063926,-0.003272,-0.477110,-0.530110,5.453510
393,False,False,1.000000,-1.000000,True,-1.000000,3223.699951,-832.070007,1929.159912,-378.121002,-826.010986,-329.181000,0.620466,0.781637,0.063732,-0.001740,-0.474910,-0.531910,5.453510
394,False,False,1.000000,-1.000000,True,-1.000000,3220.550049,-838.949951,1926.369995,-378.240997,-825.470947,-334.550995,0.602156,0.795848,0.063510,-0.000208,-0.472710,-0.533510,5.453610
395,False,False,1.000000,-1.000000,True,-1.000000,3217.399902,-845.820007,1923.539917,-378.390991,-824.930969,-339.920990,0.583517,0.809632,0.063268,0.001324,-0.470510,-0.534910,5.453610
396,False,False,1.000000,-1.000000,True,-1.000000,3214.250000,-852.690002,1920.659912,-378.561005,-824.400940,-345.290985,0.564565,0.822976,0.063003,0.002857,-0.468310,-0.536110,5.453710
397,False,False,1.000000,-1.000000,True,-1.000000,3211.089844,-859.559998,1917.739990,-378.760986,-823.880981,-350.670990,0.545305,0.835877,0.062712,0.004383,-0.466210,-0.537210,5.453810
398,False,False,1.000000,-1.000000,True,-1.000000,3207.929932,-866.419983,1914.769897,-378.980988,-823.370972,-356.050995,0.525749,0.848327,0.062399,0.005905,-0.464110,-0.538110,5.453810
399,False,False,1.000000,-1.000000,True,-1.000000,3204.770020,-873.279968,1911.760010,-379.221008,-822.870972,-361.431000,0.505912,0.860317,0.062059,0.007421,-0.462110,-0.538910,5.453910
400,False,False,1.000000,-1.000000,True,-1.000000,3201.609863,-880.130005,1908.699951,-379.490997,-822.380981,-366.811005,0.485801,0.871844,0.061692,0.008931,-0.460110,-0.539510,5.454010
401,False,False,1.000000,-1.000000,True,-1.000000,3198.439941,-886.979980,1905.599976,-379.781006,-821.900940,-372.200989,0.465424,0.882900,0.061304,0.010436,-0.458210,-0.540010,5.454210
402,False,False,1.000000,-1.000000,True,-1.000000,3195.270020,-893.829956,1902.449951,-380.091003,-821.440979,-377.591003,0.444800,0.893478,0.060889,0.011936,-0.456310,-0.540410,5.454310
