frame,input.bJump,input.bJumped,input.Pitch,input.Yaw,car.Location.X,car.Location.Y,car.Location.Z,car.LinearVelocity.X,car.LinearVelocity.Y,car.LinearVelocity.Z,car.Quaternion.X,car.Quaternion.Y,car.Quaternion.Z,car.Quaternion.W,car.AngularVelocity.X,car.AngularVelocity.Y,car.AngularVelocity.Z
0,False,False,0.000000,0.000000,0.120000,0.000000,18.639999,0.000000,0.000000,8.441000,0.000003,0.003008,0.000003,0.999995,0.000000,-0.000410,0.000000
1,True,True,0.000000,0.000000,0.140000,0.000000,21.170000,-0.491000,0.000000,304.121002,0.000003,0.003008,0.000003,0.999995,0.000000,-0.000310,0.000000
2,True,True,0.000000,0.000000,0.140000,0.000000,23.740000,0.101000,0.000000,308.140991,0.000003,0.003008,0.000003,0.999995,0.000000,-0.000310,0.000000
3,True,True,0.000000,0.000000,0.140000,0.000000,26.340000,-0.051000,0.000000,312.161011,0.000003,0.003008,0.000003,0.999995,0.000000,-0.000310,0.000000
4,True,True,0.000000,0.000000,0.140000,0.000000,28.969999,-0.011000,0.000000,316.181000,0.000003,0.003008,0.000003,0.999995,0.000000,-0.000310,0.000000
5,True,True,0.000000,0.000000,0.140000,0.000000,31.639999,-0.021000,0.000000,320.200989,0.000003,0.003008,0.000003,0.999995,0.000000,-0.000310,0.000000
6,True,True,0.000000,0.000000,0.140000,0.000000,34.340000,0.051000,0.000000,324.221008,0.000003,0.003008,0.000003,0.999995,0.000000,-0.000310,0.000000
7,True,True,0.000000,0.000000,0.140000,0.000000,37.099998,0.121000,0.000000,330.950989,0.000003,0.003008,0.000003,0.999995,0.000000,-0.000310,0.000000
8,True,True,0.000000,0.000000,0.140000,0.000000,39.910000,0.191000,0.000000,337.681000,0.000003,0.003008,0.000003,0.999995,0.000000,-0.000310,0.000000
9,True,True,0.000000,0.000000,0.140000,0.000000,42.779999,0.261000,0.000000,344.411011,0.000003,0.003008,0.000003,0.999995,0.000000,-0.000310,0.000000
10,True,True,0.000000,0.000000,0.140000,0.000000,45.709999,0.331000,0.000000,351.140991,0.000003,0.003008,0.000003,0.999995,0.000000,-0.000310,0.000000
11,True,True,0.000000,0.000000,0.140000,0.000000,48.689999,0.401000,0.000000,357.871002,0.000003,0.003008,0.000003,0.999995,0.000000,-0.000310,0.000000
12,True,True,0.000000,0.000000,0.140000,0.000000,51.730000,0.471000,0.000000,364.601013,0.000003,0.003008,0.000003,0.999995,0.000000,-0.000310,0.000000
13,True,True,0.000000,0.000000,0.140000,0.000000,54.820000,0.541000,0.000000,371.330994,0.000003,0.003008,0.000003,0.999995,0.000000,-0.000310,0.000000
14,True,True,0.000000,0.000000,0.150000,0.000000,57.969997,0.611000,0.000000,378.061005,0.000003,0.003008,0.000003,0.999995,0.000000,-0.000310,0.000000
15,True,True,0.000000,0.000000,0.160000,0.000000,61.180000,0.681000,0.000000,384.790985,0.000003,0.003008,0.000003,0.999995,0.000000,-0.000310,0.000000
16,True,True,0.000000,0.000000,0.170000,0.000000,64.439995,0.751000,0.000000,391.520996,0.000003,0.003008,0.000003,0.999995,0.000000,-0.000310,0.000000
17,True,True,0.000000,0.000000,0.180000,0.000000,67.760002,0.821000,0.000000,398.251007,0.000003,0.003008,0.000003,0.999995,0.000000,-0.000310,0.000000
18,True,True,0.000000,0.000000,0.190000,0.000000,71.129997,0.891000,0.000000,404.980988,0.000003,0.003008,0.000003,0.999995,0.000000,-0.000310,0.000000
19,True,True,0.000000,0.000000,0.200000,0.000000,74.559998,0.961000,0.000000,411.710999,0.000003,0.003008,0.000003,0.999995,0.000000,-0.000310,0.000000
20,True,True,0.000000,0.000000,0.210000,0.000000,78.049995,1.031000,0.000000,418.441010,0.000003,0.003008,0.000003,0.999995,0.000000,-0.000310,0.000000
21,False,False,0.000000,0.000000,0.220000,0.000000,81.489998,1.031000,0.000000,413.020996,0.000003,0.003008,0.000003,0.999995,0.000000,-0.000310,0.000000
22,False,False,0.000000,0.000000,0.230000,0.000000,84.889999,1.031000,0.000000,407.601013,0.000003,0.003008,0.000003,0.999995,0.000000,-0.000310,0.000000
23,False,False,0.000000,0.000000,0.240000,0.000000,88.239998,1.031000,0.000000,402.181000,0.000003,0.003008,0.000003,0.999995,0.000000,-0.000310,0.000000
24,False,False,0.000000,0.000000,0.250000,0.000000,91.549995,1.031000,0.000000,396.760986,0.000003,0.003008,0.000003,0.999995,0.000000,-0.000310,0.000000
25,False,False,0.000000,0.000000,0.260000,0.000000,94.809998,1.031000,0.000000,391.341003,0.000003,0.003008,0.000003,0.999995,0.000000,-0.000310,0.000000
26,False,False,0.000000,0.000000,0.270000,0.000000,98.029999,1.031000,0.000000,385.920990,0.000003,0.003008,0.000003,0.999995,0.000000,-0.000310,0.000000
27,False,False,0.000000,0.000000,0.280000,0.000000,101.199997,1.031000,0.000000,380.501007,0.000003,0.003008,0.000003,0.999995,0.000000,-0.000310,0.000000
28,False,False,0.000000,0.000000,0.290000,0.000000,104.329994,1.031000,0.000000,375.080994,0.000003,0.003008,0.000003,0.999995,0.000000,-0.000310,0.000000
29,False,False,0.000000,0.000000,0.300000,0.000000,107.409996,1.031000,0.000000,369.661011,0.000003,0.003008,0.000003,0.999995,0.000000,-0.000310,0.000000
30,False,False,0.000000,0.000000,0.310000,0.000000,110.449997,1.031000,0.000000,364.240997,0.000003,0.003008,0.000003,0.999995,0.000000,-0.000310,0.000000
31,False,False,0.000000,0.000000,0.320000,0.000000,113.439995,1.031000,0.000000,358.820984,0.000003,0.003008,0.000003,0.999995,0.000000,-0.000310,0.000000
32,False,False,0.000000,0.000000,0.330000,0.000000,116.389999,1.031000,0.000000,353.401001,0.000003,0.003008,0.000003,0.999995,0.000000,-0.000310,0.000000
33,False,False,0.000000,0.000000,0.340000,0.000000,119.290001,1.031000,0.000000,347.980988,0.000003,0.003008,0.000003,0.999995,0.000000,-0.000310,0.000000
34,False,False,0.000000,0.000000,0.350000,0.000000,122.139999,1.031000,0.000000,342.561005,0.000003,0.003008,0.000003,0.999995,0.000000,-0.000310,0.000000
35,False,False,0.000000,0.000000,0.360000,0.000000,124.949997,1.031000,0.000000,337.140991,0.000003,0.003008,0.000003,0.999995,0.000000,-0.000310,0.000000
36,False,False,0.000000,0.000000,0.370000,0.000000,127.709999,1.031000,0.000000,331.721008,0.000003,0.003008,0.000003,0.999995,0.000000,-0.000310,0.000000
37,False,False,0.000000,0.000000,0.380000,0.000000,130.429993,1.031000,0.000000,326.300995,0.000003,0.003008,0.000003,0.999995,0.000000,-0.000310,0.000000
38,False,False,0.000000,0.000000,0.390000,0.000000,133.099991,1.031000,0.000000,320.881012,0.000003,0.003008,0.000003,0.999995,0.000000,-0.000310,0.000000
39,False,False,0.000000,0.000000,0.400000,0.000000,135.729996,1.031000,0.000000,315.460999,0.000003,0.003008,0.000003,0.999995,0.000000,-0.000310,0.000000
40,False,False,0.000000,0.000000,0.410000,0.000000,138.309998,1.031000,0.000000,310.040985,0.000003,0.003008,0.000003,0.999995,0.000000,-0.000310,0.000000
41,False,False,0.000000,0.000000,0.420000,0.000000,140.849991,1.031000,0.000000,304.621002,0.000003,0.003008,0.000003,0.999995,0.000000,-0.000310,0.000000
42,False,False,0.000000,0.000000,0.430000,0.000000,143.339996,1.031000,0.000000,299.200989,0.000003,0.003008,0.000003,0.999995,0.000000,-0.000310,0.000000
43,False,False,0.000000,0.000000,0.440000,0.000000,145.789993,1.031000,0.000000,293.781006,0.000003,0.003008,0.000003,0.999995,0.000000,-0.000310,0.000000
44,False,False,0.000000,0.000000,0.450000,0.000000,148.190002,1.031000,0.000000,288.360992,0.000003,0.003008,0.000003,0.999995,0.000000,-0.000310,0.000000
45,False,False,0.000000,0.000000,0.460000,0.000000,150.550003,1.031000,0.000000,282.941010,0.000003,0.003008,0.000003,0.999995,0.000000,-0.000310,0.000000
46,False,False,0.000000,0.000000,0.470000,0.000000,152.860001,1.031000,0.000000,277.520996,0.000003,0.003008,0.000003,0.999995,0.000000,-0.000310,0.000000
47,False,False,0.000000,0.000000,0.480000,0.000000,155.129990,1.031000,0.000000,272.101013,0.000003,0.003008,0.000003,0.999995,0.000000,-0.000310,0.000000
48,False,False,0.000000,0.000000,0.490000,0.000000,157.349991,1.031000,0.000000,266.681000,0.000003,0.003008,0.000003,0.999995,0.000000,-0.000310,0.000000
49,False,False,0.000000,0.000000,0.500000,0.000000,159.529999,1.031000,0.000000,261.260986,0.000003,0.003008,0.000003,0.999995,0.000000,-0.000310,0.000000
50,False,False,0.000000,0.000000,0.510000,0.000000,161.660004,1.031000,0.000000,255.841003,0.000003,0.003008,0.000003,0.999995,0.000000,-0.000310,0.000000
51,False,False,0.000000,0.000000,0.520000,0.000000,163.750000,1.031000,0.000000,250.421005,0.000003,0.003008,0.000003,0.999995,0.000000,-0.000310,0.000000
52,False,False,0.000000,0.000000,0.530000,0.000000,165.789993,1.031000,0.000000,245.001007,0.000003,0.003008,0.000003,0.999995,0.000000,-0.000310,0.000000
53,False,False,0.000000,0.000000,0.540000,0.000000,167.789993,1.031000,0.000000,239.581009,0.000003,0.003008,0.000003,0.999995,0.000000,-0.000310,0.000000
54,False,False,0.000000,0.000000,0.550000,0.000000,169.739990,1.031000,0.000000,234.160995,0.000003,0.003008,0.000003,0.999995,0.000000,-0.000310,0.000000
55,False,False,0.000000,0.000000,0.560000,0.000000,171.649994,1.031000,0.000000,228.740997,0.000003,0.003008,0.000003,0.999995,0.000000,-0.000310,0.000000
56,False,False,0.000000,0.000000,0.570000,0.000000,173.509995,1.031000,0.000000,223.320999,0.000003,0.003008,0.000003,0.999995,0.000000,-0.000310,0.000000
57,False,False,0.000000,0.000000,0.580000,0.000000,175.330002,1.031000,0.000000,217.901001,0.000003,0.003008,0.000003,0.999995,0.000000,-0.000310,0.000000
58,False,False,0.000000,0.000000,0.590000,0.000000,177.099991,1.031000,0.000000,212.481003,0.000003,0.003008,0.000003,0.999995,0.000000,-0.000310,0.000000
59,False,False,0.000000,0.000000,0.600000,0.000000,178.830002,1.031000,0.000000,207.061005,0.000003,0.003008,0.000003,0.999995,0.000000,-0.000310,0.000000
60,False,False,0.000000,0.000000,0.610000,0.000000,180.509995,1.031000,0.000000,201.641006,0.000003,0.003008,0.000003,0.999995,0.000000,-0.000310,0.000000
61,False,False,0.000000,0.000000,0.620000,0.000000,182.149994,1.031000,0.000000,196.221008,0.000003,0.003008,0.000003,0.999995,0.000000,-0.000310,0.000000
62,False,False,0.000000,0.000000,0.630000,0.000000,183.739990,1.031000,0.000000,190.801010,0.000003,0.003008,0.000003,0.999995,0.000000,-0.000310,0.000000
63,False,False,0.000000,0.000000,0.640000,0.000000,185.279999,1.031000,0.000000,185.380997,0.000003,0.003008,0.000003,0.999995,0.000000,-0.000310,0.000000
64,False,False,0.000000,0.000000,0.650000,0.000000,186.779999,1.031000,0.000000,179.960999,0.000003,0.003008,0.000003,0.999995,0.000000,-0.000310,0.000000
65,False,False,0.000000,0.000000,0.660000,0.000000,188.229996,1.031000,0.000000,174.541000,0.000003,0.003008,0.000003,0.999995,0.000000,-0.000310,0.000000
66,False,False,0.000000,0.000000,0.670000,0.000000,189.639999,1.031000,0.000000,169.121002,0.000003,0.003008,0.000003,0.999995,0.000000,-0.000310,0.000000
67,False,False,0.000000,0.000000,0.680000,0.000000,191.000000,1.031000,0.000000,163.701004,0.000003,0.003008,0.000003,0.999995,0.000000,-0.000310,0.000000
68,False,False,0.000000,0.000000,0.690000,0.000000,192.319992,1.031000,0.000000,158.281006,0.000003,0.003008,0.000003,0.999995,0.000000,-0.000310,0.000000
69,False,False,0.000000,0.000000,0.700000,0.000000,193.589996,1.031000,0.000000,152.861008,0.000003,0.003008,0.000003,0.999995,0.000000,-0.000310,0.000000
70,False,False,0.000000,0.000000,0.710000,0.000000,194.819992,1.031000,0.000000,147.441010,0.000003,0.003008,0.000003,0.999995,0.000000,-0.000310,0.000000
71,True,True,-1.000000,0.090000,0.730000,0.000000,198.429993,2.781000,0.000000,433.681000,0.000003,0.003439,0.000030,0.999994,0.000000,0.103510,0.006510
72,True,True,0.000000,0.000000,0.750000,0.000000,202.000000,2.781000,0.000000,428.260986,0.000003,0.003860,0.000057,0.999992,0.000000,0.101010,0.006410
73,True,True,0.000000,0.000000,0.770000,0.000000,205.519989,2.781000,0.000000,422.841003,0.000003,0.004270,0.000084,0.999991,0.000000,0.098510,0.006310
74,True,True,0.000000,0.000000,0.790000,0.000000,209.000000,2.781000,0.000000,417.420990,0.000003,0.004669,0.000111,0.999989,0.000000,0.096110,0.006210
75,True,True,0.000000,0.000000,0.810000,0.000000,212.429993,2.781000,0.000000,412.001007,0.000003,0.005058,0.000138,0.999987,0.000000,0.093810,0.006110
76,True,True,0.000000,0.000000,0.830000,0.000000,215.819992,2.781000,0.000000,406.580994,0.000003,0.005441,0.000165,0.999985,0.000000,0.091510,0.006010
77,True,True,0.000000,0.000000,0.850000,0.000000,219.159988,2.781000,0.000000,401.161011,0.000003,0.005813,0.000192,0.999983,0.000000,0.089310,0.005910
78,True,True,0.000000,0.000000,0.870000,0.000000,222.459991,2.781000,0.000000,395.740997,0.000003,0.006174,0.000213,0.999981,0.000000,0.087110,0.005810
79,True,True,0.000000,0.000000,0.890000,0.000000,225.709991,2.781000,0.000000,390.320984,0.000003,0.006530,0.000235,0.999979,0.000000,0.085010,0.005710
80,True,True,0.000000,0.000000,0.910000,0.000000,228.919998,2.781000,0.000000,384.901001,0.000003,0.006876,0.000256,0.999976,0.000000,0.082910,0.005610
81,True,True,0.000000,0.000000,0.930000,0.000000,232.080002,2.781000,0.000000,379.480988,0.000003,0.007216,0.000278,0.999974,0.000000,0.080910,0.005510
82,True,True,0.000000,0.000000,0.950000,0.000000,235.199997,2.781000,0.000000,374.061005,0.000003,0.007545,0.000299,0.999971,0.000000,0.078910,0.005410
83,True,True,0.000000,0.000000,0.970000,0.000000,238.269989,2.781000,0.000000,368.640991,0.000003,0.007863,0.000321,0.999969,0.000000,0.077010,0.005310
84,True,True,0.000000,0.000000,0.990000,0.000000,241.299988,2.781000,0.000000,363.221008,0.000003,0.008176,0.000343,0.999967,0.000000,0.075110,0.005210
85,True,True,0.000000,0.000000,1.010000,0.000000,244.279999,2.781000,0.000000,357.800995,0.000003,0.008483,0.000364,0.999964,0.000000,0.073310,0.005110
86,True,True,0.000000,0.000000,1.030000,0.000000,247.220001,2.781000,0.000000,352.381012,0.000003,0.008780,0.000386,0.999961,0.000000,0.071510,0.005010
87,True,True,0.000000,0.000000,1.050000,0.000000,250.110001,2.781000,0.000000,346.960999,0.000003,0.009071,0.000407,0.999959,0.000000,0.069710,0.004910
88,True,True,0.000000,0.000000,1.070000,0.000000,252.959991,2.781000,0.000000,341.540985,0.000003,0.009357,0.000429,0.999956,0.000000,0.068010,0.004810
89,True,True,0.000000,0.000000,1.090000,0.000000,255.759995,2.781000,0.000000,336.121002,0.000003,0.009632,0.000450,0.999953,0.000000,0.066310,0.004710
90,True,True,0.000000,0.000000,1.110000,0.000000,258.519989,2.781000,0.000000,330.700989,0.000003,0.009902,0.000472,0.999951,0.000000,0.064710,0.004610
91,True,True,0.000000,0.000000,1.130000,0.000000,261.229980,2.781000,0.000000,325.281006,0.000003,0.010166,0.000494,0.999948,0.000000,0.063110,0.004510
92,True,True,0.000000,0.000000,1.150000,0.000000,263.899994,2.781000,0.000000,319.860992,0.000003,0.010425,0.000510,0.999945,0.000000,0.061510,0.004410
93,True,True,0.000000,0.000000,1.170000,0.000000,266.519989,2.781000,0.000000,314.441010,0.000003,0.010674,0.000526,0.999943,0.000000,0.060010,0.004310
94,True,True,0.000000,0.000000,1.190000,0.000000,269.100006,2.781000,0.000000,309.020996,0.000003,0.010916,0.000542,0.999940,0.000000,0.058510,0.004210
95,True,True,0.000000,0.000000,1.210000,0.000000,271.630005,2.781000,0.000000,303.601013,0.000003,0.011154,0.000558,0.999938,0.000000,0.057110,0.004110
96,True,True,0.000000,0.000000,1.230000,0.000000,274.109985,2.781000,0.000000,298.181000,0.000003,0.011386,0.000575,0.999935,0.000000,0.055710,0.004010
97,True,True,0.000000,0.000000,1.250000,0.000000,276.549988,2.781000,0.000000,292.760986,0.000003,0.011612,0.000591,0.999932,0.000000,0.054310,0.003910
98,True,True,0.000000,0.000000,1.270000,0.000000,278.940002,2.781000,0.000000,287.341003,0.000003,0.011834,0.000607,0.999930,0.000000,0.053010,0.003810
99,True,True,0.000000,0.000000,1.290000,0.000000,281.290009,2.781000,0.000000,281.920990,0.000003,0.012049,0.000623,0.999927,0.000000,0.051710,0.003710
100,True,True,0.000000,0.000000,1.310000,0.000000,283.589996,2.781000,0.000000,276.501007,0.000003,0.012260,0.000639,0.999925,0.000000,0.050410,0.003610
101,True,True,0.000000,0.000000,1.330000,0.000000,285.850006,2.781000,0.000000,271.080994,0.000003,0.012465,0.000655,0.999922,0.000000,0.049210,0.003510
102,True,True,0.000000,0.000000,1.350000,0.000000,288.059998,2.781000,0.000000,265.661011,0.000003,0.012664,0.000672,0.999920,0.000000,0.048010,0.003410
103,True,True,0.000000,0.000000,1.370000,0.000000,290.229980,2.781000,0.000000,260.240997,0.000003,0.012859,0.000688,0.999917,0.000000,0.046810,0.003310
104,True,True,0.000000,0.000000,1.390000,0.000000,292.350006,2.781000,0.000000,254.820999,0.000003,0.013047,0.000704,0.999915,0.000000,0.045610,0.003210
105,True,True,0.000000,0.000000,1.410000,0.000000,294.429993,2.781000,0.000000,249.401001,0.000003,0.013231,0.000715,0.999912,0.000000,0.044510,0.003110
106,True,True,0.000000,0.000000,1.430000,0.000000,296.459991,2.781000,0.000000,243.981003,0.000003,0.013414,0.000726,0.999910,0.000000,0.043410,0.003010
107,True,True,0.000000,0.000000,1.450000,0.000000,298.449982,2.781000,0.000000,238.561005,0.000003,0.013592,0.000736,0.999907,0.000000,0.042310,0.002910
108,True,True,0.000000,0.000000,1.470000,0.000000,300.389984,2.781000,0.000000,233.141006,0.000003,0.013765,0.000747,0.999905,0.000000,0.041210,0.002810
109,True,True,0.000000,0.000000,1.490000,0.000000,302.289978,2.781000,0.000000,227.721008,0.000003,0.013932,0.000758,0.999903,0.000000,0.040210,0.002710
110,True,True,0.000000,0.000000,1.510000,0.000000,304.139984,2.781000,0.000000,222.300995,0.000003,0.014094,0.000769,0.999900,0.000000,0.039210,0.002610
111,True,True,0.000000,0.000000,1.530000,0.000000,305.949982,2.781000,0.000000,216.880997,0.000003,0.014256,0.000780,0.999898,0.000000,0.038210,0.002510
112,True,True,0.000000,0.000000,1.550000,0.000000,307.709991,2.781000,0.000000,211.460999,0.000003,0.014412,0.000790,0.999896,0.000000,0.037210,0.002410
113,True,True,0.000000,0.000000,1.570000,0.000000,309.429993,2.781000,0.000000,206.041000,0.000003,0.014563,0.000801,0.999894,0.000000,0.036310,0.002310
114,True,True,0.000000,0.000000,1.590000,0.000000,311.100006,2.781000,0.000000,200.621002,0.000003,0.014709,0.000812,0.999891,0.000000,0.035410,0.002210
115,True,True,0.000000,0.000000,1.610000,0.000000,312.729980,2.781000,0.000000,195.201004,0.000003,0.014855,0.000823,0.999889,0.000000,0.034510,0.002110
116,True,True,0.000000,0.000000,1.630000,0.000000,314.309998,2.781000,0.000000,189.781006,0.000003,0.014995,0.000833,0.999887,0.000000,0.033610,0.002010
117,True,True,0.000000,0.000000,1.650000,0.000000,315.850006,2.781000,0.000000,184.361008,0.000003,0.015130,0.000844,0.999885,0.000000,0.032810,0.001910
118,True,True,0.000000,0.000000,1.670000,0.000000,317.339996,2.781000,0.000000,178.941010,0.000003,0.015265,0.000850,0.999883,0.000000,0.032010,0.001810
119,True,True,0.000000,0.000000,1.690000,0.000000,318.789978,2.781000,0.000000,173.520996,0.000003,0.015394,0.000855,0.999881,0.000000,0.031210,0.001710
120,True,True,0.000000,0.000000,1.710000,0.000000,320.190002,2.781000,0.000000,168.100998,0.000003,0.015524,0.000860,0.999879,0.000000,0.030410,0.001610
121,True,True,0.000000,0.000000,1.730000,0.000000,321.549988,2.781000,0.000000,162.681000,0.000003,0.015648,0.000866,0.999877,0.000000,0.029610,0.001510
122,True,True,0.000000,0.000000,1.750000,0.000000,322.859985,2.781000,0.000000,157.261002,0.000003,0.015766,0.000871,0.999875,0.000000,0.028910,0.001410
123,True,True,0.000000,0.000000,1.770000,0.000000,324.130005,2.781000,0.000000,151.841003,0.000003,0.015885,0.000877,0.999873,0.000000,0.028210,0.001310
124,True,True,0.000000,0.000000,1.790000,0.000000,325.350006,2.781000,0.000000,146.421005,0.000003,0.015998,0.000882,0.999872,0.000000,0.027510,0.001210
125,True,True,0.000000,0.000000,1.810000,0.000000,326.529999,2.781000,0.000000,141.001007,0.000003,0.016112,0.000887,0.999870,0.000000,0.026810,0.001110
126,True,True,0.000000,0.000000,1.830000,0.000000,327.660004,2.781000,0.000000,135.581009,0.000003,0.016220,0.000893,0.999868,0.000000,0.026110,0.001010
127,True,True,0.000000,0.000000,1.850000,0.000000,328.739990,2.781000,0.000000,130.161011,0.000003,0.016327,0.000898,0.999866,0.000000,0.025410,0.000910
128,True,True,0.000000,0.000000,1.870000,0.000000,329.779999,2.781000,0.000000,124.740997,0.000003,0.016430,0.000904,0.999865,0.000000,0.024810,0.000810
129,True,True,0.000000,0.000000,1.890000,0.000000,330.769989,2.781000,0.000000,119.320999,0.000003,0.016532,0.000909,0.999863,0.000000,0.024210,0.000710
130,True,True,0.000000,0.000000,1.910000,0.000000,331.720001,2.781000,0.000000,113.900993,0.000003,0.016630,0.000914,0.999861,0.000000,0.023610,0.000610
131,True,True,0.000000,0.000000,1.930000,0.000000,332.619995,2.781000,0.000000,108.480995,0.000003,0.016727,0.000914,0.999860,0.000000,0.023010,0.000610
132,True,True,0.000000,0.000000,1.950000,0.000000,333.479980,2.781000,0.000000,103.060997,0.000003,0.016818,0.000914,0.999858,0.000000,0.022410,0.000610
133,True,True,0.000000,0.000000,1.970000,0.000000,334.289978,2.781000,0.000000,97.640999,0.000003,0.016910,0.000914,0.999857,0.000000,0.021810,0.000610
134,True,True,0.000000,0.000000,1.990000,0.000000,335.059998,2.781000,0.000000,92.221001,0.000003,0.016996,0.000914,0.999855,0.000000,0.021210,0.000610
135,True,True,0.000000,0.000000,2.010000,0.000000,335.779999,2.781000,0.000000,86.800995,0.000003,0.017083,0.000914,0.999854,0.000000,0.020710,0.000610
136,True,True,0.000000,0.000000,2.030000,0.000000,336.459991,2.781000,0.000000,81.380997,0.000003,0.017169,0.000914,0.999852,0.000000,0.020210,0.000610
137,True,True,0.000000,0.000000,2.050000,0.000000,337.089996,2.781000,0.000000,75.960999,0.000003,0.017250,0.000914,0.999851,0.000000,0.019710,0.000610
138,True,True,0.000000,0.000000,2.070000,0.000000,337.679993,2.781000,0.000000,70.541000,0.000003,0.017331,0.000914,0.999849,0.000000,0.019210,0.000610
139,True,True,0.000000,0.000000,2.090000,0.000000,338.220001,2.781000,0.000000,65.120995,0.000003,0.017406,0.000914,0.999848,0.000000,0.018710,0.000610
140,True,True,0.000000,0.000000,2.110000,0.000000,338.720001,2.781000,0.000000,59.700996,0.000003,0.017482,0.000914,0.999847,0.000000,0.018210,0.000610
141,True,True,0.000000,0.000000,2.130000,0.000000,339.169983,2.781000,0.000000,54.280998,0.000003,0.017557,0.000914,0.999845,0.000000,0.017710,0.000610
142,True,True,0.000000,0.000000,2.150000,0.000000,339.579987,2.781000,0.000000,48.861000,0.000003,0.017628,0.000914,0.999844,0.000000,0.017210,0.000610
143,True,True,0.000000,0.000000,2.170000,0.000000,339.940002,2.781000,0.000000,43.440998,0.000003,0.017698,0.000914,0.999843,0.000000,0.016710,0.000610
144,True,True,0.000000,0.000000,2.190000,0.000000,340.259979,2.781000,0.000000,38.021000,0.000003,0.017768,0.000914,0.999842,0.000000,0.016310,0.000610
145,True,True,0.000000,0.000000,2.210000,0.000000,340.529999,2.781000,0.000000,32.600998,0.000003,0.017833,0.000914,0.999841,0.000000,0.015910,0.000610
146,True,True,0.000000,0.000000,2.230000,0.000000,340.759979,2.781000,0.000000,27.181000,0.000003,0.017897,0.000914,0.999839,0.000000,0.015510,0.000610
147,True,True,0.000000,0.000000,2.250000,0.000000,340.940002,2.781000,0.000000,21.761000,0.000003,0.017962,0.000914,0.999838,0.000000,0.015110,0.000610
148,True,True,0.000000,0.000000,2.270000,0.000000,341.079987,2.781000,0.000000,16.341000,0.000003,0.018021,0.000914,0.999837,0.000000,0.014710,0.000610
149,True,True,0.000000,0.000000,2.290000,0.000000,341.169983,2.781000,0.000000,10.921000,0.000003,0.018081,0.000914,0.999836,0.000000,0.014310,0.000610
150,True,True,0.000000,0.000000,2.310000,0.000000,341.220001,2.781000,0.000000,5.501000,0.000003,0.018140,0.000914,0.999835,0.000000,0.013910,0.000610
151,True,True,0.000000,0.000000,2.330000,0.000000,341.220001,2.781000,0.000000,0.081000,0.000003,0.018194,0.000914,0.999834,0.000000,0.013510,0.000610
152,True,True,0.000000,0.000000,2.350000,0.000000,341.179993,2.781000,0.000000,-5.331000,0.000003,0.018248,0.000914,0.999833,0.000000,0.013110,0.000610
153,True,True,0.000000,0.000000,2.370000,0.000000,341.089996,2.781000,0.000000,-10.741000,0.000003,0.018302,0.000914,0.999832,0.000000,0.012710,0.000610
154,True,True,0.000000,0.000000,2.390000,0.000000,340.959991,2.781000,0.000000,-16.150999,0.000003,0.018356,0.000914,0.999831,0.000000,0.012410,0.000610
155,True,True,0.000000,0.000000,2.410000,0.000000,340.779999,2.781000,0.000000,-21.560999,0.000003,0.018404,0.000914,0.999830,0.000000,0.012110,0.000610
156,True,True,0.000000,0.000000,2.430000,0.000000,340.559998,2.781000,0.000000,-26.970999,0.000003,0.018453,0.000914,0.999829,0.000000,0.011810,0.000610
157,True,True,0.000000,0.000000,2.450000,0.000000,340.289978,2.781000,0.000000,-32.381001,0.000003,0.018502,0.000914,0.999828,0.000000,0.011510,0.000610
158,True,True,0.000000,0.000000,2.470000,0.000000,339.979980,2.781000,0.000000,-37.791000,0.000003,0.018550,0.000914,0.999828,0.000000,0.011210,0.000610
159,True,True,0.000000,0.000000,2.490000,0.000000,339.619995,2.781000,0.000000,-43.201000,0.000003,0.018593,0.000914,0.999827,0.000000,0.010910,0.000610
160,True,True,0.000000,0.000000,2.510000,0.000000,339.209991,2.781000,0.000000,-48.611000,0.000003,0.018636,0.000914,0.999826,0.000000,0.010610,0.000610
161,True,True,0.000000,0.000000,2.530000,0.000000,338.759979,2.781000,0.000000,-54.021000,0.000003,0.018680,0.000914,0.999825,0.000000,0.010310,0.000610
162,True,True,0.000000,0.000000,2.550000,0.000000,338.259979,2.781000,0.000000,-59.431000,0.000003,0.018723,0.000914,0.999824,0.000000,0.010010,0.000610
163,True,True,0.000000,0.000000,2.570000,0.000000,337.720001,2.781000,0.000000,-64.840996,0.000003,0.018766,0.000914,0.999823,0.000000,0.009710,0.000610
164,True,True,0.000000,0.000000,2.590000,0.000000,337.130005,2.781000,0.000000,-70.250999,0.000003,0.018804,0.000914,0.999823,0.000000,0.009410,0.000610
165,True,True,0.000000,0.000000,2.610000,0.000000,336.500000,2.781000,0.000000,-75.660995,0.000003,0.018841,0.000914,0.999822,0.000000,0.009110,0.000610
166,True,True,0.000000,0.000000,2.630000,0.000000,335.820007,2.781000,0.000000,-81.070999,0.000003,0.018879,0.000914,0.999821,0.000000,0.008810,0.000610
167,True,True,0.000000,0.000000,2.650000,0.000000,335.100006,2.781000,0.000000,-86.480995,0.000003,0.018917,0.000914,0.999821,0.000000,0.008510,0.000610
168,True,True,0.000000,0.000000,2.670000,0.000000,334.329987,2.781000,0.000000,-91.890999,0.000003,0.018949,0.000914,0.999820,0.000000,0.008310,0.000610
169,True,True,0.000000,0.000000,2.690000,0.000000,333.519989,2.781000,0.000000,-97.300995,0.000003,0.018982,0.000914,0.999819,0.000000,0.008110,0.000610
170,True,True,0.000000,0.000000,2.710000,0.000000,332.660004,2.781000,0.000000,-102.710999,0.000003,0.019014,0.000914,0.999819,0.000000,0.007910,0.000610
171,True,True,0.000000,0.000000,2.730000,0.000000,331.759979,2.781000,0.000000,-108.120995,0.000003,0.019046,0.000914,0.999818,0.000000,0.007710,0.000610
172,True,True,0.000000,0.000000,2.750000,0.000000,330.809998,2.781000,0.000000,-113.530998,0.000003,0.019079,0.000914,0.999817,0.000000,0.007510,0.000610
173,True,True,0.000000,0.000000,2.770000,0.000000,329.820007,2.781000,0.000000,-118.940994,0.000003,0.019111,0.000914,0.999817,0.000000,0.007310,0.000610
174,True,True,0.000000,0.000000,2.790000,0.000000,328.779999,2.781000,0.000000,-124.350998,0.000003,0.019144,0.000914,0.999816,0.000000,0.007110,0.000610
175,True,True,0.000000,0.000000,2.810000,0.000000,327.699982,2.781000,0.000000,-129.761002,0.000003,0.019170,0.000914,0.999816,0.000000,0.006910,0.000610
176,True,True,0.000000,0.000000,2.830000,0.000000,326.570007,2.781000,0.000000,-135.171005,0.000003,0.019197,0.000914,0.999815,0.000000,0.006710,0.000610
177,True,True,0.000000,0.000000,2.850000,0.000000,325.399994,2.781000,0.000000,-140.581009,0.000003,0.019224,0.000914,0.999815,0.000000,0.006510,0.000610
178,True,True,0.000000,0.000000,2.870000,0.000000,324.179993,2.781000,0.000000,-145.990997,0.000003,0.019251,0.000914,0.999814,0.000000,0.006310,0.000610
179,True,True,0.000000,0.000000,2.890000,0.000000,322.919983,2.781000,0.000000,-151.401001,0.000003,0.019278,0.000914,0.999814,0.000000,0.006110,0.000610
180,True,True,0.000000,0.000000,2.910000,0.000000,321.609985,2.781000,0.000000,-156.811005,0.000003,0.019305,0.000914,0.999813,0.000000,0.005910,0.000610
181,True,True,0.000000,0.000000,2.930000,0.000000,320.259979,2.781000,0.000000,-162.221008,0.000003,0.019327,0.000914,0.999813,0.000000,0.005710,0.000610
182,True,True,0.000000,0.000000,2.950000,0.000000,318.859985,2.781000,0.000000,-167.630997,0.000003,0.019349,0.000914,0.999812,0.000000,0.005510,0.000610
183,True,True,0.000000,0.000000,2.970000,0.000000,317.419983,2.781000,0.000000,-173.041000,0.000003,0.019370,0.000914,0.999812,0.000000,0.005310,0.000610
184,True,True,0.000000,0.000000,2.990000,0.000000,315.929993,2.781000,0.000000,-178.451004,0.000003,0.019392,0.000914,0.999811,0.000000,0.005110,0.000610
185,True,True,0.000000,0.000000,3.010000,0.000000,314.399994,2.781000,0.000000,-183.861008,0.000003,0.019413,0.000914,0.999811,0.000000,0.004910,0.000610
186,True,True,0.000000,0.000000,3.030000,0.000000,312.820007,2.781000,0.000000,-189.270996,0.000003,0.019435,0.000914,0.999811,0.000000,0.004710,0.000610
187,True,True,0.000000,0.000000,3.050000,0.000000,311.199982,2.781000,0.000000,-194.681000,0.000003,0.019456,0.000914,0.999810,0.000000,0.004510,0.000610
188,True,True,0.000000,0.000000,3.070000,0.000000,309.529999,2.781000,0.000000,-200.091003,0.000003,0.019473,0.000914,0.999810,0.000000,0.004410,0.000610
189,True,True,0.000000,0.000000,3.090000,0.000000,307.820007,2.781000,0.000000,-205.501007,0.000003,0.019489,0.000914,0.999810,0.000000,0.004310,0.000610
190,True,True,0.000000,0.000000,3.110000,0.000000,306.059998,2.781000,0.000000,-210.910995,0.000003,0.019505,0.000914,0.999809,0.000000,0.004210,0.000610
191,True,True,0.000000,0.000000,3.130000,0.000000,304.259979,2.781000,0.000000,-216.320999,0.000003,0.019521,0.000914,0.999809,0.000000,0.004110,0.000610
192,True,True,0.000000,0.000000,3.150000,0.000000,302.410004,2.781000,0.000000,-221.731003,0.000003,0.019537,0.000914,0.999809,0.000000,0.004010,0.000610
193,True,True,0.000000,0.000000,3.170000,0.000000,300.519989,2.781000,0.000000,-227.141006,0.000003,0.019554,0.000914,0.999808,0.000000,0.003910,0.000610
194,True,True,0.000000,0.000000,3.190000,0.000000,298.579987,2.781000,0.000000,-232.550995,0.000003,0.019570,0.000914,0.999808,0.000000,0.003810,0.000610
195,True,True,0.000000,0.000000,3.210000,0.000000,296.600006,2.781000,0.000000,-237.960999,0.000003,0.019586,0.000914,0.999808,0.000000,0.003710,0.000610
196,True,True,0.000000,0.000000,3.230000,0.000000,294.570007,2.781000,0.000000,-243.371002,0.000003,0.019602,0.000914,0.999807,0.000000,0.003610,0.000610
197,True,True,0.000000,0.000000,3.250000,0.000000,292.500000,2.781000,0.000000,-248.781006,0.000003,0.019618,0.000914,0.999807,0.000000,0.003510,0.000610
198,True,True,0.000000,0.000000,3.270000,0.000000,290.380005,2.781000,0.000000,-254.190994,0.000003,0.019634,0.000914,0.999807,0.000000,0.003410,0.000610
199,True,True,0.000000,0.000000,3.290000,0.000000,288.220001,2.781000,0.000000,-259.601013,0.000003,0.019651,0.000914,0.999806,0.000000,0.003310,0.000610
200,True,True,0.000000,0.000000,3.310000,0.000000,286.009979,2.781000,0.000000,-265.010986,0.000003,0.019667,0.000914,0.999806,0.000000,0.003210,0.000610
201,True,True,0.000000,0.000000,3.330000,0.000000,283.759979,2.781000,0.000000,-270.420990,0.000003,0.019678,0.000914,0.999806,0.000000,0.003110,0.000610
202,True,True,0.000000,0.000000,3.350000,0.000000,281.459991,2.781000,0.000000,-275.830994,0.000003,0.019688,0.000914,0.999806,0.000000,0.003010,0.000610
203,True,True,0.000000,0.000000,3.370000,0.000000,279.119995,2.781000,0.000000,-281.240997,0.000003,0.019699,0.000914,0.999805,0.000000,0.002910,0.000610
204,True,True,0.000000,0.000000,3.390000,0.000000,276.729980,2.781000,0.000000,-286.651001,0.000003,0.019710,0.000914,0.999805,0.000000,0.002810,0.000610
205,True,True,0.000000,0.000000,3.410000,0.000000,274.299988,2.781000,0.000000,-292.061005,0.000003,0.019721,0.000914,0.999805,0.000000,0.002710,0.000610
206,True,True,0.000000,0.000000,3.430000,0.000000,271.820007,2.781000,0.000000,-297.471008,0.000003,0.019732,0.000914,0.999805,0.000000,0.002610,0.000610
207,True,True,0.000000,0.000000,3.450000,0.000000,269.299988,2.781000,0.000000,-302.881012,0.000003,0.019742,0.000914,0.999805,0.000000,0.002510,0.000610
208,True,True,0.000000,0.000000,3.470000,0.000000,266.729980,2.781000,0.000000,-308.290985,0.000003,0.019753,0.000914,0.999804,0.000000,0.002410,0.000610
209,True,True,0.000000,0.000000,3.490000,0.000000,264.119995,2.781000,0.000000,-313.700989,0.000003,0.019764,0.000914,0.999804,0.000000,0.002310,0.000610
210,True,True,0.000000,0.000000,3.510000,0.000000,261.459991,2.781000,0.000000,-319.110992,0.000003,0.019775,0.000914,0.999804,0.000000,0.002210,0.000610
211,True,True,0.000000,0.000000,3.530000,0.000000,258.759979,2.781000,0.000000,-324.520996,0.000003,0.019785,0.000914,0.999804,0.000000,0.002110,0.000610
212,True,True,0.000000,0.000000,3.550000,0.000000,256.009979,2.781000,0.000000,-329.931000,0.000003,0.019796,0.000914,0.999804,0.000000,0.002010,0.000610
213,True,True,0.000000,0.000000,3.570000,0.000000,253.220001,2.781000,0.000000,-335.341003,0.000003,0.019807,0.000914,0.999803,0.000000,0.001910,0.000610
214,True,True,0.000000,0.000000,3.590000,0.000000,250.379990,2.781000,0.000000,-340.751007,0.000003,0.019812,0.000914,0.999803,0.000000,0.001810,0.000610
215,True,True,0.000000,0.000000,3.610000,0.000000,247.500000,2.781000,0.000000,-346.161011,0.000003,0.019818,0.000914,0.999803,0.000000,0.001710,0.000610
216,True,True,0.000000,0.000000,3.630000,0.000000,244.569992,2.781000,0.000000,-351.571014,0.000003,0.019823,0.000914,0.999803,0.000000,0.001610,0.000610
217,True,True,0.000000,0.000000,3.650000,0.000000,241.599991,2.781000,0.000000,-356.980988,0.000003,0.019829,0.000914,0.999803,0.000000,0.001510,0.000610
218,True,True,0.000000,0.000000,3.670000,0.000000,238.580002,2.781000,0.000000,-362.390991,0.000003,0.019834,0.000914,0.999803,0.000000,0.001410,0.000610
219,True,True,0.000000,0.000000,3.690000,0.000000,235.509995,2.781000,0.000000,-367.800995,0.000003,0.019839,0.000914,0.999803,0.000000,0.001310,0.000610
220,True,True,0.000000,0.000000,3.710000,0.000000,232.399994,2.781000,0.000000,-373.210999,0.000003,0.019845,0.000914,0.999803,0.000000,0.001210,0.000610
221,True,True,0.000000,0.000000,3.730000,0.000000,229.239990,2.781000,0.000000,-378.621002,0.000003,0.019850,0.000914,0.999802,0.000000,0.001110,0.000610
222,True,True,0.000000,0.000000,3.750000,0.000000,226.039993,2.781000,0.000000,-384.031006,0.000003,0.019856,0.000914,0.999802,0.000000,0.001010,0.000610
223,True,True,0.000000,0.000000,3.770000,0.000000,222.789993,2.781000,0.000000,-389.441010,0.000003,0.019861,0.000914,0.999802,0.000000,0.000910,0.000610
224,True,True,0.000000,0.000000,3.790000,0.000000,219.500000,2.781000,0.000000,-394.851013,0.000003,0.019866,0.000914,0.999802,0.000000,0.000810,0.000610
225,True,True,0.000000,0.000000,3.810000,0.000000,216.159988,2.781000,0.000000,-400.260986,0.000003,0.019872,0.000914,0.999802,0.000000,0.000710,0.000610
226,True,True,0.000000,0.000000,3.830000,0.000000,212.779999,2.781000,0.000000,-405.670990,0.000003,0.019877,0.000914,0.999802,0.000000,0.000610,0.000610
227,True,True,0.000000,0.000000,3.850000,0.000000,209.349991,2.781000,0.000000,-411.080994,0.000003,0.019877,0.000914,0.999802,0.000000,0.000510,0.000610
228,True,True,0.000000,0.000000,3.870000,0.000000,205.879990,2.781000,0.000000,-416.490997,0.000003,0.019877,0.000914,0.999802,0.000000,0.000410,0.000610
229,True,True,0.000000,0.000000,3.890000,0.000000,202.360001,2.781000,0.000000,-421.901001,0.000003,0.019877,0.000914,0.999802,0.000000,0.000410,0.000610
230,True,True,0.000000,0.000000,3.910000,0.000000,198.800003,2.781000,0.000000,-427.311005,0.000003,0.019877,0.000914,0.999802,0.000000,0.000410,0.000610
231,True,True,0.000000,0.000000,3.930000,0.000000,195.190002,2.781000,0.000000,-432.721008,0.000003,0.019877,0.000914,0.999802,0.000000,0.000410,0.000610
232,True,True,0.000000,0.000000,3.950000,0.000000,191.539993,2.781000,0.000000,-438.131012,0.000003,0.019877,0.000914,0.999802,0.000000,0.000410,0.000610
233,True,True,0.000000,0.000000,3.970000,0.000000,187.839996,2.781000,0.000000,-443.540985,0.000003,0.019877,0.000914,0.999802,0.000000,0.000410,0.000610
234,True,True,0.000000,0.000000,3.990000,0.000000,184.099991,2.781000,0.000000,-448.950989,0.000003,0.019877,0.000914,0.999802,0.000000,0.000410,0.000610
235,True,True,0.000000,0.000000,4.010000,0.000000,180.309998,2.781000,0.000000,-454.360992,0.000003,0.019877,0.000914,0.999802,0.000000,0.000410,0.000610
236,True,True,0.000000,0.000000,4.030000,0.000000,176.479996,2.781000,0.000000,-459.770996,0.000003,0.019877,0.000914,0.999802,0.000000,0.000410,0.000610
237,True,True,0.000000,0.000000,4.050000,0.000000,172.599991,2.781000,0.000000,-465.181000,0.000003,0.019877,0.000914,0.999802,0.000000,0.000410,0.000610
238,True,True,0.000000,0.000000,4.070000,0.000000,168.679993,2.781000,0.000000,-470.591003,0.000003,0.019877,0.000914,0.999802,0.000000,0.000410,0.000610
239,True,True,0.000000,0.000000,4.090000,0.000000,164.709991,2.781000,0.000000,-476.001007,0.000003,0.019877,0.000914,0.999802,0.000000,0.000410,0.000610
240,True,True,0.000000,0.000000,4.110000,0.000000,160.699997,2.781000,0.000000,-481.411011,0.000003,0.019877,0.000914,0.999802,0.000000,0.000410,0.000610
241,True,True,0.000000,0.000000,4.130000,0.000000,156.639999,2.781000,0.000000,-486.820984,0.000003,0.019877,0.000914,0.999802,0.000000,0.000410,0.000610
242,True,True,0.000000,0.000000,4.150000,0.000000,152.539993,2.781000,0.000000,-492.230988,0.000003,0.019877,0.000914,0.999802,0.000000,0.000410,0.000610
243,True,True,0.000000,0.000000,4.170000,0.000000,148.389999,2.781000,0.000000,-497.640991,0.000003,0.019877,0.000914,0.999802,0.000000,0.000410,0.000610
244,True,True,0.000000,0.000000,4.190000,0.000000,144.199997,2.781000,0.000000,-503.050995,0.000003,0.019877,0.000914,0.999802,0.000000,0.000410,0.000610
245,True,True,0.000000,0.000000,4.210000,0.000000,139.959991,2.781000,0.000000,-508.460999,0.000003,0.019877,0.000914,0.999802,0.000000,0.000410,0.000610
246,True,True,0.000000,0.000000,4.230000,0.000000,135.679993,2.781000,0.000000,-513.870972,0.000003,0.019877,0.000914,0.999802,0.000000,0.000410,0.000610
247,True,True,0.000000,0.000000,4.250000,0.000000,131.349991,2.781000,0.000000,-519.280945,0.000003,0.019877,0.000914,0.999802,0.000000,0.000410,0.000610
248,True,True,0.000000,0.000000,4.270000,0.000000,126.979996,2.781000,0.000000,-524.690979,0.000003,0.019877,0.000914,0.999802,0.000000,0.000410,0.000610
249,True,True,0.000000,0.000000,4.290000,0.000000,122.559998,2.781000,0.000000,-530.100952,0.000003,0.019877,0.000914,0.999802,0.000000,0.000410,0.000610
250,True,True,0.000000,0.000000,4.310000,0.000000,118.099998,2.781000,0.000000,-535.510986,0.000003,0.019877,0.000914,0.999802,0.000000,0.000410,0.000610
251,True,True,0.000000,0.000000,4.330000,0.000000,113.589996,2.781000,0.000000,-540.920959,0.000003,0.019877,0.000914,0.999802,0.000000,0.000410,0.000610
252,True,True,0.000000,0.000000,4.350000,0.000000,109.040001,2.781000,0.000000,-546.330994,0.000003,0.019877,0.000914,0.999802,0.000000,0.000410,0.000610
253,True,True,0.000000,0.000000,4.370000,0.000000,104.439995,2.781000,0.000000,-551.740967,0.000003,0.019877,0.000914,0.999802,0.000000,0.000410,0.000610
254,True,True,0.000000,0.000000,4.390000,0.000000,99.799995,2.781000,0.000000,-557.150940,0.000003,0.019877,0.000914,0.999802,0.000000,0.000410,0.000610
255,True,True,0.000000,0.000000,4.410000,0.000000,95.110001,2.781000,0.000000,-562.560974,0.000003,0.019877,0.000914,0.999802,0.000000,0.000410,0.000610
256,True,True,0.000000,0.000000,4.430000,0.000000,90.379997,2.781000,0.000000,-567.970947,0.000003,0.019877,0.000914,0.999802,0.000000,0.000410,0.000610
257,True,True,0.000000,0.000000,4.450000,0.000000,85.599998,2.781000,0.000000,-573.380981,0.000003,0.019877,0.000914,0.999802,0.000000,0.000410,0.000610
258,True,True,0.000000,0.000000,4.470000,0.000000,80.779999,2.781000,0.000000,-578.790955,0.000003,0.019877,0.000914,0.999802,0.000000,0.000410,0.000610
259,True,True,0.000000,0.000000,4.490000,0.000000,75.909996,2.781000,0.000000,-584.200989,0.000003,0.019877,0.000914,0.999802,0.000000,0.000410,0.000610
260,True,True,0.000000,0.000000,4.510000,0.000000,71.000000,2.781000,0.000000,-589.610962,0.000003,0.019877,0.000914,0.999802,0.000000,0.000410,0.000610
261,True,True,0.000000,0.000000,4.530000,0.000000,66.040001,2.781000,0.000000,-595.020935,0.000003,0.019877,0.000914,0.999802,0.000000,0.000410,0.000610
262,True,True,0.000000,0.000000,4.550000,0.000000,61.039997,2.781000,0.000000,-600.430969,0.000003,0.019877,0.000914,0.999802,0.000000,0.000410,0.000610
263,True,True,0.000000,0.000000,4.570000,0.000000,55.989998,2.781000,0.000000,-605.840942,0.000003,0.019877,0.000914,0.999802,0.000000,0.000410,0.000610
264,True,True,0.000000,0.000000,4.590000,0.000000,50.899998,2.781000,0.000000,-611.250977,0.000003,0.019877,0.000914,0.999802,0.000000,0.000410,0.000610
265,True,True,0.000000,0.000000,4.610000,0.000000,45.759998,2.781000,0.000000,-616.660950,0.000003,0.019877,0.000914,0.999802,0.000000,0.000410,0.000610
266,True,True,0.000000,0.000000,4.630000,0.000000,40.579998,2.781000,0.000000,-622.070984,0.000003,0.019877,0.000914,0.999802,0.000000,0.000410,0.000610
267,True,True,0.000000,0.000000,4.650000,0.000000,35.349998,2.781000,0.000000,-627.480957,0.000003,0.019877,0.000914,0.999802,0.000000,0.000410,0.000610
268,True,True,0.000000,0.000000,4.670000,0.000000,30.080000,-0.711000,0.000000,-540.470947,0.000003,0.019877,0.000914,0.999802,0.000210,-0.091010,0.000310
269,True,True,0.000000,0.000000,4.660000,0.000000,25.510000,-2.741000,0.000000,-454.670990,0.000003,0.019500,0.000914,0.999809,0.000310,-0.168010,0.000110
270,True,True,0.000000,0.000000,4.640000,0.000000,21.650000,-3.871000,0.000000,-370.661011,0.000003,0.018798,0.000914,0.999823,0.000410,-0.231810,0.000000
271,True,True,0.000000,0.000000,4.610000,0.000000,18.490000,-4.391000,0.000000,-239.201004,0.000003,0.017833,0.000914,0.999841,0.003410,-1.960810,0.000000
272,True,True,0.000000,0.000000,4.570000,0.000000,16.430000,-33.550999,-0.051000,-85.310997,0.000008,0.009665,0.000914,0.999953,0.001010,-0.704110,0.000000
273,True,True,0.000000,0.000000,4.290000,0.000000,15.650000,-29.171000,-0.041000,-10.661000,0.000008,0.006730,0.000914,0.999977,0.000110,-0.268810,0.000000
274,True,True,0.000000,0.000000,4.050000,0.000000,15.490000,-24.790998,-0.031000,23.860998,0.000008,0.005608,0.000914,0.999984,-0.000110,-0.124110,0.000000
275,True,True,0.000000,0.000000,3.840000,0.000000,15.620000,4.081000,0.011000,36.240997,0.000008,0.005090,0.000914,0.999987,-0.000110,-0.062010,0.000000
276,True,True,0.000000,0.000000,3.870000,0.000000,15.849999,-2.311000,0.000000,38.591000,0.000008,0.004831,0.000914,0.999988,-0.000110,-0.055010,0.000000
277,True,True,0.000000,0.000000,3.850000,0.000000,16.100000,-0.511000,0.000000,39.120998,0.000008,0.004604,0.000914,0.999989,-0.000110,-0.049110,0.000000
278,True,True,0.000000,0.000000,3.850000,0.000000,16.359999,-0.881000,0.000000,38.410999,0.000008,0.004399,0.000914,0.999990,-0.000110,-0.043610,0.000000
279,True,True,0.000000,0.000000,3.840000,0.000000,16.609999,-0.681000,0.000000,36.881001,0.000008,0.004216,0.000914,0.999991,-0.000110,-0.038610,0.000000
280,True,True,0.000000,0.000000,3.830000,0.000000,16.850000,-0.641000,0.000000,34.870998,0.000008,0.004054,0.000914,0.999991,-0.000110,-0.034010,0.000000
281,True,True,0.000000,0.000000,3.820000,0.000000,17.070000,-0.561000,0.000000,32.600998,0.000008,0.003914,0.000914,0.999992,-0.000110,-0.029810,0.000000
282,True,True,0.000000,0.000000,3.820000,0.000000,17.270000,-0.501000,0.000000,30.250999,0.000008,0.003790,0.000914,0.999992,-0.000110,-0.026110,0.000000
283,True,True,0.000000,0.000000,3.820000,0.000000,17.449999,-0.441000,0.000000,27.931000,0.000008,0.003682,0.000914,0.999993,-0.000110,-0.022810,0.000000
284,True,True,0.000000,0.000000,3.820000,0.000000,17.619999,-0.391000,0.000000,25.710999,0.000008,0.003585,0.000914,0.999993,-0.000110,-0.019810,0.000000
285,True,True,0.000000,0.000000,3.820000,0.000000,17.770000,-0.341000,0.000000,23.601000,0.000008,0.003504,0.000914,0.999993,-0.000110,-0.017210,0.000000
286,True,True,0.000000,0.000000,3.820000,0.000000,17.900000,-0.291000,0.000000,21.640999,0.000008,0.003434,0.000914,0.999994,-0.000110,-0.014910,0.000000
287,True,True,0.000000,0.000000,3.820000,0.000000,18.010000,-0.261000,0.000000,19.860998,0.000008,0.003369,0.000914,0.999994,-0.000110,-0.012910,0.000000
288,True,True,0.000000,0.000000,3.820000,0.000000,18.109999,-0.221000,0.000000,18.280998,0.000008,0.003315,0.000914,0.999994,-0.000110,-0.011110,0.000000
289,True,True,0.000000,0.000000,3.820000,0.000000,18.190001,-0.191000,0.000000,16.860998,0.000008,0.003267,0.000914,0.999994,-0.000110,-0.009510,0.000000
290,True,True,0.000000,0.000000,3.820000,0.000000,18.260000,-0.161000,0.000000,15.631001,0.000008,0.003229,0.000914,0.999994,-0.000110,-0.008110,0.000000
291,True,True,0.000000,0.000000,3.820000,0.000000,18.320000,-0.141000,0.000000,14.561000,0.000008,0.003196,0.000914,0.999994,-0.000110,-0.007010,0.000000
292,True,True,0.000000,0.000000,3.820000,0.000000,18.369999,-0.121000,0.000000,13.641000,0.000008,0.003169,0.000914,0.999995,-0.000110,-0.006010,0.000000
293,True,True,0.000000,0.000000,3.820000,0.000000,18.420000,-0.101000,0.000000,12.851000,0.000008,0.003142,0.000914,0.999995,-0.000110,-0.005210,0.000000
294,True,True,0.000000,0.000000,3.820000,0.000000,18.459999,-0.091000,0.000000,12.141000,0.000008,0.003121,0.000914,0.999995,-0.000110,-0.004510,0.000000
295,True,True,0.000000,0.000000,3.820000,0.000000,18.490000,-0.081000,0.000000,11.521000,0.000008,0.003105,0.000914,0.999995,-0.000110,-0.003810,0.000000
296,True,True,0.000000,0.000000,3.820000,0.000000,18.520000,-0.061000,0.000000,11.011001,0.000008,0.003089,0.000914,0.999995,-0.000110,-0.003310,0.000000
297,True,True,0.000000,0.000000,3.820000,0.000000,18.539999,-0.061000,0.000000,10.561000,0.000008,0.003072,0.000914,0.999995,-0.000110,-0.002810,0.000000
298,True,True,0.000000,0.000000,3.820000,0.000000,18.559999,-0.041000,0.000000,10.191000,0.000008,0.003062,0.000914,0.999995,-0.000110,-0.002410,0.000000
299,True,True,0.000000,0.000000,3.820000,0.000000,18.580000,-0.041000,0.000000,9.881001,0.000008,0.003051,0.000914,0.999995,-0.000110,-0.002010,0.000000
300,True,True,0.000000,0.000000,3.820000,0.000000,18.590000,-0.031000,0.000000,9.601000,0.000008,0.003040,0.000914,0.999995,-0.000110,-0.001710,0.000000
301,True,True,0.000000,0.000000,3.820000,0.000000,18.600000,-0.031000,0.000000,9.381001,0.000008,0.003035,0.000914,0.999995,-0.000110,-0.001410,0.000000
302,True,True,0.000000,0.000000,3.820000,0.000000,18.609999,-0.021000,0.000000,9.201000,0.000008,0.003029,0.000914,0.999995,-0.000110,-0.001210,0.000000
303,True,True,0.000000,0.000000,3.820000,0.000000,18.619999,-0.021000,0.000000,9.041000,0.000008,0.003024,0.000914,0.999995,-0.000110,-0.001010,0.000000
304,True,True,0.000000,0.000000,3.820000,0.000000,18.629999,-0.011000,0.000000,8.901000,0.000008,0.003018,0.000914,0.999995,-0.000110,-0.000910,0.000000
305,True,True,0.000000,0.000000,3.820000,0.000000,18.639999,-0.011000,0.000000,8.771000,0.000008,0.003013,0.000914,0.999995,-0.000110,-0.000810,0.000000
306,True,True,0.000000,0.000000,3.820000,0.000000,18.650000,-0.011000,0.000000,8.641000,0.000008,0.003008,0.000914,0.999995,-0.000110,-0.000710,0.000000
307,True,True,0.000000,0.000000,3.820000,0.000000,18.650000,-0.011000,0.000000,8.521000,0.000008,0.003002,0.000914,0.999995,-0.000110,-0.000510,0.000000
308,True,True,0.000000,0.000000,3.820000,0.000000,18.650000,0.000000,0.000000,8.441000,0.000008,0.003002,0.000914,0.999995,-0.000110,-0.000410,0.000000
309,True,True,0.000000,0.000000,3.820000,0.000000,18.650000,0.000000,0.000000,8.391000,0.000008,0.003002,0.000914,0.999995,-0.000110,-0.000310,0.000000
310,True,True,0.000000,0.000000,3.820000,0.000000,18.650000,0.000000,0.000000,8.361000,0.000008,0.003002,0.000914,0.999995,-0.000110,-0.000310,0.000000
311,True,True,0.000000,0.000000,3.820000,0.000000,18.650000,0.000000,0.000000,8.341001,0.000008,0.003002,0.000914,0.999995,-0.000110,-0.000310,0.000000
312,True,True,0.000000,0.000000,3.820000,0.000000,18.650000,0.000000,0.000000,8.331000,0.000008,0.003002,0.000914,0.999995,-0.000110,-0.000310,0.000000
313,True,True,0.000000,0.000000,3.820000,0.000000,18.650000,0.000000,0.000000,8.321000,0.000008,0.003002,0.000914,0.999995,-0.000110,-0.000310,0.000000
314,True,True,0.000000,0.000000,3.820000,0.000000,18.650000,0.000000,0.000000,8.321000,0.000008,0.003002,0.000914,0.999995,-0.000110,-0.000310,0.000000
315,True,True,0.000000,0.000000,3.820000,0.000000,18.650000,0.000000,0.000000,8.321000,0.000008,0.003002,0.000914,0.999995,-0.000110,-0.000310,0.000000
316,True,True,0.000000,0.000000,3.820000,0.000000,18.650000,0.000000,0.000000,8.321000,0.000008,0.003002,0.000914,0.999995,-0.000110,-0.000310,0.000000
317,True,True,0.000000,0.000000,3.820000,0.000000,18.650000,0.000000,0.000000,8.321000,0.000008,0.003002,0.000914,0.999995,-0.000110,-0.000310,0.000000
318,True,True,0.000000,0.000000,3.820000,0.000000,18.650000,0.000000,0.000000,8.321000,0.000008,0.003002,0.000914,0.999995,-0.000110,-0.000310,0.000000
319,True,True,0.000000,0.000000,3.820000,0.000000,18.650000,0.000000,0.000000,8.321000,0.000008,0.003002,0.000914,0.999995,-0.000110,-0.000310,0.000000
320,True,True,0.000000,0.000000,3.820000,0.000000,18.650000,0.000000,0.000000,8.321000,0.000008,0.003002,0.000914,0.999995,-0.000110,-0.000310,0.000000
321,True,True,0.000000,0.000000,3.820000,0.000000,18.650000,0.000000,0.000000,8.321000,0.000008,0.003002,0.000914,0.999995,-0.000110,-0.000310,0.000000
322,True,True,0.000000,0.000000,3.820000,0.000000,18.650000,0.000000,0.000000,8.321000,0.000008,0.003002,0.000914,0.999995,-0.000110,-0.000310,0.000000
323,True,True,0.000000,0.000000,3.820000,0.000000,18.650000,0.000000,0.000000,8.321000,0.000008,0.003002,0.000914,0.999995,-0.000110,-0.000310,0.000000
324,True,True,0.000000,0.000000,3.820000,0.000000,18.650000,0.000000,0.000000,8.321000,0.000008,0.003002,0.000914,0.999995,-0.000110,-0.000310,0.000000
325,True,True,0.000000,0.000000,3.820000,0.000000,18.650000,0.000000,0.000000,8.321000,0.000008,0.003002,0.000914,0.999995,-0.000110,-0.000310,0.000000
326,True,True,0.000000,0.000000,3.820000,0.000000,18.650000,0.000000,0.000000,8.321000,0.000008,0.003002,0.000914,0.999995,-0.000110,-0.000310,0.000000
327,True,True,0.000000,0.000000,3.820000,0.000000,18.650000,0.000000,0.000000,8.321000,0.000008,0.003002,0.000914,0.999995,-0.000110,-0.000310,0.000000
328,True,True,0.000000,0.000000,3.820000,0.000000,18.650000,0.000000,0.000000,8.321000,0.000008,0.003002,0.000914,0.999995,-0.000110,-0.000310,0.000000
329,True,True,0.000000,0.000000,3.820000,0.000000,18.650000,0.000000,0.000000,8.321000,0.000008,0.003002,0.000914,0.999995,-0.000110,-0.000310,0.000000
330,True,True,0.000000,0.000000,3.820000,0.000000,18.650000,0.000000,0.000000,8.321000,0.000008,0.003002,0.000914,0.999995,-0.000110,-0.000310,0.000000
331,True,True,0.000000,0.000000,3.820000,0.000000,18.650000,0.000000,0.000000,8.321000,0.000008,0.003002,0.000914,0.999995,-0.000110,-0.000310,0.000000
332,True,True,0.000000,0.000000,3.820000,0.000000,18.650000,0.000000,0.000000,8.321000,0.000008,0.003002,0.000914,0.999995,-0.000110,-0.000310,0.000000
333,True,True,0.000000,0.000000,3.820000,0.000000,18.650000,0.000000,0.000000,8.321000,0.000008,0.003002,0.000914,0.999995,-0.000110,-0.000310,0.000000
334,True,True,0.000000,0.000000,3.820000,0.000000,18.650000,0.000000,0.000000,8.321000,0.000008,0.003002,0.000914,0.999995,-0.000110,-0.000310,0.000000
335,True,True,0.000000,0.000000,3.820000,0.000000,18.650000,0.000000,0.000000,8.321000,0.000008,0.003002,0.000914,0.999995,-0.000110,-0.000310,0.000000
336,True,True,0.000000,0.000000,3.820000,0.000000,18.650000,0.000000,0.000000,8.321000,0.000008,0.003002,0.000914,0.999995,-0.000110,-0.000310,0.000000
337,True,True,0.000000,0.000000,3.820000,0.000000,18.650000,0.000000,0.000000,8.321000,0.000008,0.003002,0.000914,0.999995,-0.000110,-0.000310,0.000000
338,True,True,0.000000,0.000000,3.820000,0.000000,18.650000,0.000000,0.000000,8.321000,0.000008,0.003002,0.000914,0.999995,-0.000110,-0.000310,0.000000
339,True,True,0.000000,0.000000,3.820000,0.000000,18.650000,0.000000,0.000000,8.321000,0.000008,0.003002,0.000914,0.999995,-0.000110,-0.000310,0.000000
340,True,True,0.000000,0.000000,3.820000,0.000000,18.650000,0.000000,0.000000,8.321000,0.000008,0.003002,0.000914,0.999995,-0.000110,-0.000310,0.000000
341,True,True,0.000000,0.000000,3.820000,0.000000,18.650000,0.000000,0.000000,8.321000,0.000008,0.003002,0.000914,0.999995,-0.000110,-0.000310,0.000000
342,True,True,0.000000,0.000000,3.820000,0.000000,18.650000,0.000000,0.000000,8.321000,0.000008,0.003002,0.000914,0.999995,-0.000110,-0.000310,0.000000
343,True,True,0.000000,0.000000,3.820000,0.000000,18.650000,0.000000,0.000000,8.321000,0.000008,0.003002,0.000914,0.999995,-0.000110,-0.000310,0.000000
344,True,True,0.000000,0.000000,3.820000,0.000000,18.650000,0.000000,0.000000,8.321000,0.000008,0.003002,0.000914,0.999995,-0.000110,-0.000310,0.000000
345,True,True,0.000000,0.000000,3.820000,0.000000,18.650000,0.000000,0.000000,8.321000,0.000008,0.003002,0.000914,0.999995,-0.000110,-0.000310,0.000000
346,True,True,0.000000,0.000000,3.820000,0.000000,18.650000,0.000000,0.000000,8.321000,0.000008,0.003002,0.000914,0.999995,-0.000110,-0.000310,0.000000
347,True,True,0.000000,0.000000,3.820000,0.000000,18.650000,0.000000,0.000000,8.321000,0.000008,0.003002,0.000914,0.999995,-0.000110,-0.000310,0.000000
348,True,True,0.000000,0.000000,3.820000,0.000000,18.650000,0.000000,0.000000,8.321000,0.000008,0.003002,0.000914,0.999995,-0.000110,-0.000310,0.000000
349,True,True,0.000000,0.000000,3.820000,0.000000,18.650000,0.000000,0.000000,8.321000,0.000008,0.003002,0.000914,0.999995,-0.000110,-0.000310,0.000000
350,True,True,0.000000,0.000000,3.820000,0.000000,18.650000,0.000000,0.000000,8.321000,0.000008,0.003002,0.000914,0.999995,-0.000110,-0.000310,0.000000
351,True,True,0.000000,0.000000,3.820000,0.000000,18.650000,0.000000,0.000000,8.321000,0.000008,0.003002,0.000914,0.999995,-0.000110,-0.000310,0.000000
352,True,True,0.000000,0.000000,3.820000,0.000000,18.650000,0.000000,0.000000,8.321000,0.000008,0.003002,0.000914,0.999995,-0.000110,-0.000310,0.000000
353,True,True,0.000000,0.000000,3.820000,0.000000,18.650000,0.000000,0.000000,8.321000,0.000008,0.003002,0.000914,0.999995,-0.000110,-0.000310,0.000000
354,True,True,0.000000,0.000000,3.820000,0.000000,18.650000,0.000000,0.000000,8.321000,0.000008,0.003002,0.000914,0.999995,-0.000110,-0.000310,0.000000
355,True,True,0.000000,0.000000,3.820000,0.000000,18.650000,0.000000,0.000000,8.321000,0.000008,0.003002,0.000914,0.999995,-0.000110,-0.000310,0.000000
356,True,True,0.000000,0.000000,3.820000,0.000000,18.650000,0.000000,0.000000,8.321000,0.000008,0.003002,0.000914,0.999995,-0.000110,-0.000310,0.000000
357,True,True,0.000000,0.000000,3.820000,0.000000,18.650000,0.000000,0.000000,8.321000,0.000008,0.003002,0.000914,0.999995,-0.000110,-0.000310,0.000000
358,True,True,0.000000,0.000000,3.820000,0.000000,18.650000,0.000000,0.000000,8.321000,0.000008,0.003002,0.000914,0.999995,-0.000110,-0.000310,0.000000
359,True,True,0.000000,0.000000,3.820000,0.000000,18.650000,0.000000,0.000000,8.321000,0.000008,0.003002,0.000914,0.999995,-0.000110,-0.000310,0.000000
360,True,True,0.000000,0.000000,3.820000,0.000000,18.650000,0.000000,0.000000,8.321000,0.000008,0.003002,0.000914,0.999995,-0.000110,-0.000310,0.000000
361,True,True,0.000000,0.000000,3.820000,0.000000,18.650000,0.000000,0.000000,8.321000,0.000008,0.003002,0.000914,0.999995,-0.000110,-0.000310,0.000000
362,True,True,0.000000,0.000000,3.820000,0.000000,18.650000,0.000000,0.000000,8.321000,0.000008,0.003002,0.000914,0.999995,-0.000110,-0.000310,0.000000
363,True,True,0.000000,0.000000,3.820000,0.000000,18.650000,0.000000,0.000000,8.321000,0.000008,0.003002,0.000914,0.999995,-0.000110,-0.000310,0.000000
364,True,True,0.000000,0.000000,3.820000,0.000000,18.650000,0.000000,0.000000,8.321000,0.000008,0.003002,0.000914,0.999995,-0.000110,-0.000310,0.000000
365,True,True,0.000000,0.000000,3.820000,0.000000,18.650000,0.000000,0.000000,8.321000,0.000008,0.003002,0.000914,0.999995,-0.000110,-0.000310,0.000000
366,True,True,0.000000,0.000000,3.820000,0.000000,18.650000,0.000000,0.000000,8.321000,0.000008,0.003002,0.000914,0.999995,-0.000110,-0.000310,0.000000
367,True,True,0.000000,0.000000,3.820000,0.000000,18.650000,0.000000,0.000000,8.321000,0.000008,0.003002,0.000914,0.999995,-0.000110,-0.000310,0.000000
368,True,True,0.000000,0.000000,3.820000,0.000000,18.650000,0.000000,0.000000,8.321000,0.000008,0.003002,0.000914,0.999995,-0.000110,-0.000310,0.000000
369,True,True,0.000000,0.000000,3.820000,0.000000,18.650000,0.000000,0.000000,8.321000,0.000008,0.003002,0.000914,0.999995,-0.000110,-0.000310,0.000000
370,True,True,0.000000,0.000000,3.820000,0.000000,18.650000,0.000000,0.000000,8.321000,0.000008,0.003002,0.000914,0.999995,-0.000110,-0.000310,0.000000
